date,region,temperature,precipitation,humidity,wind
2025-01-01,UA-05,3.2,0.0,70,4.29
2025-01-01,UA-07,3.0,0.0,63,7.23
2025-01-01,UA-09,2.4,0.0,91,5.34
2025-01-01,UA-12,2.7,0.0,87,4.44
2025-01-01,UA-14,1.5,0.1,94,4.16
2025-01-01,UA-18,3.7,0.0,66,5.71
2025-01-01,UA-21,-0.2,0.2,90,3.58
2025-01-01,UA-23,3.3,0.0,88,4.8
2025-01-01,UA-26,6.2,0.0,52,6.45
2025-01-01,UA-30,3.7,0.0,70,5.35
2025-01-01,UA-32,4.0,0.0,68,4.66
2025-01-01,UA-35,3.1,0.0,79,4.01
2025-01-01,UA-40,8.5,0.0,87,4.74
2025-01-01,UA-43,6.7,0.0,87,4.39
2025-01-01,UA-46,4.2,0.0,60,6.99
2025-01-01,UA-48,2.5,0.0,88,3.54
2025-01-01,UA-51,1.7,0.0,87,3.81
2025-01-01,UA-53,2.1,0.0,86,4.72
2025-01-01,UA-56,3.7,0.0,63,6.76
2025-01-01,UA-59,2.5,0.4,85,5.9
2025-01-01,UA-61,4.6,0.0,61,5.87
2025-01-01,UA-63,2.1,0.2,90,5.4
2025-01-01,UA-65,3.1,0.0,90,3.59
2025-01-01,UA-68,3.6,0.0,67,5.03
2025-01-01,UA-71,4.2,0.0,74,4.52
2025-01-01,UA-74,3.3,0.0,74,6.22
2025-01-01,UA-77,4.2,0.0,65,3.08
2025-01-02,UA-05,5.8,0.0,61,5.1
2025-01-02,UA-07,4.8,0.9,61,7.59
2025-01-02,UA-09,6.2,0.0,82,7.59
2025-01-02,UA-12,4.0,0.0,80,5.88
2025-01-02,UA-14,5.3,0.0,87,5.71
2025-01-02,UA-18,6.6,0.0,54,6.82
2025-01-02,UA-21,0.4,5.0,92,3.59
2025-01-02,UA-23,5.2,0.0,87,6.4
2025-01-02,UA-26,7.2,0.0,56,8.06
2025-01-02,UA-30,6.7,0.0,53,6.35
2025-01-02,UA-32,6.5,0.0,57,5.41
2025-01-02,UA-35,4.2,0.0,72,4.97
2025-01-02,UA-40,9.6,0.0,83,5.89
2025-01-02,UA-43,8.5,0.0,76,5.42
2025-01-02,UA-46,4.8,0.8,60,8.07
2025-01-02,UA-48,4.0,0.0,86,4.09
2025-01-02,UA-51,3.9,0.0,81,4.41
2025-01-02,UA-53,3.9,0.0,71,5.65
2025-01-02,UA-56,5.9,0.4,57,7.35
2025-01-02,UA-59,4.9,0.0,64,7.08
2025-01-02,UA-61,6.2,0.0,59,7.12
2025-01-02,UA-63,4.3,0.0,72,6.48
2025-01-02,UA-65,5.5,0.0,86,4.53
2025-01-02,UA-68,6.2,0.0,59,6.39
2025-01-02,UA-71,5.7,0.0,64,5.52
2025-01-02,UA-74,6.2,0.2,54,7.63
2025-01-02,UA-77,8.1,0.0,51,6.32
2025-01-03,UA-05,0.4,2.6,84,2.78
2025-01-03,UA-07,-0.1,0.9,91,4.69
2025-01-03,UA-09,6.1,0.0,85,6.28
2025-01-03,UA-12,3.0,3.2,89,3.9
2025-01-03,UA-14,5.3,0.1,88,4.82
2025-01-03,UA-18,0.0,1.5,86,3.45
2025-01-03,UA-21,0.6,4.6,89,2.31
2025-01-03,UA-23,5.6,1.7,87,5.43
2025-01-03,UA-26,0.2,4.9,86,3.34
2025-01-03,UA-30,0.2,1.6,84,3.02
2025-01-03,UA-32,0.6,1.6,82,2.59
2025-01-03,UA-35,1.3,3.4,89,2.94
2025-01-03,UA-40,10.4,1.3,87,7.98
2025-01-03,UA-43,8.8,0.0,87,5.94
2025-01-03,UA-46,-0.1,2.3,88,4.31
2025-01-03,UA-48,3.6,1.3,86,3.7
2025-01-03,UA-51,3.8,0.1,81,4.52
2025-01-03,UA-53,0.6,4.7,91,2.92
2025-01-03,UA-56,0.3,0.6,88,4.31
2025-01-03,UA-59,0.6,2.3,89,2.68
2025-01-03,UA-61,-0.1,2.9,89,3.8
2025-01-03,UA-63,1.4,4.7,90,3.21
2025-01-03,UA-65,4.9,0.3,85,4.11
2025-01-03,UA-68,0.1,2.2,87,3.32
2025-01-03,UA-71,0.8,4.2,90,2.81
2025-01-03,UA-74,-0.0,0.9,81,3.31
2025-01-03,UA-77,1.7,1.3,81,3.16
2025-01-04,UA-05,-2.1,0.4,74,5.42
2025-01-04,UA-07,-2.9,0.7,75,5.99
2025-01-04,UA-09,1.9,5.1,86,5.0
2025-01-04,UA-12,-0.7,0.4,82,4.61
2025-01-04,UA-14,0.5,4.3,86,4.2
2025-01-04,UA-18,-2.4,0.3,76,6.54
2025-01-04,UA-21,-1.0,0.0,80,1.96
2025-01-04,UA-23,0.7,0.6,79,5.49
2025-01-04,UA-26,-1.7,0.3,71,4.73
2025-01-04,UA-30,-2.0,0.3,76,6.51
2025-01-04,UA-32,-1.6,0.2,72,5.69
2025-01-04,UA-35,-1.9,0.0,77,4.58
2025-01-04,UA-40,6.4,2.0,77,5.37
2025-01-04,UA-43,2.5,3.8,88,2.6
2025-01-04,UA-46,-4.2,0.7,85,5.44
2025-01-04,UA-48,0.1,0.0,77,3.81
2025-01-04,UA-51,0.6,0.0,72,4.02
2025-01-04,UA-53,-2.5,0.0,84,5.0
2025-01-04,UA-56,-2.6,1.0,76,6.13
2025-01-04,UA-59,-2.8,0.5,83,5.57
2025-01-04,UA-61,-3.1,1.1,81,5.65
2025-01-04,UA-63,-1.6,0.5,86,4.73
2025-01-04,UA-65,0.6,0.0,75,3.67
2025-01-04,UA-68,-3.5,0.7,82,5.51
2025-01-04,UA-71,-1.6,0.2,77,5.33
2025-01-04,UA-74,-2.1,0.5,77,6.96
2025-01-04,UA-77,-0.5,0.2,62,4.04
2025-01-05,UA-05,-3.6,0.0,76,3.25
2025-01-05,UA-07,-4.1,0.0,79,3.69
2025-01-05,UA-09,-3.9,0.0,76,3.85
2025-01-05,UA-12,-3.8,0.0,78,3.15
2025-01-05,UA-14,-4.9,0.0,77,3.07
2025-01-05,UA-18,-4.2,0.0,76,3.85
2025-01-05,UA-21,-1.0,3.5,85,3.68
2025-01-05,UA-23,-2.3,0.0,74,3.39
2025-01-05,UA-26,-2.6,0.0,67,2.86
2025-01-05,UA-30,-4.0,0.0,74,3.97
2025-01-05,UA-32,-3.6,0.0,72,3.28
2025-01-05,UA-35,-3.8,0.0,75,2.8
2025-01-05,UA-40,3.5,0.2,61,3.5
2025-01-05,UA-43,-2.4,0.0,76,1.42
2025-01-05,UA-46,-4.2,0.1,80,3.56
2025-01-05,UA-48,-2.6,0.0,79,2.45
2025-01-05,UA-51,-1.1,0.0,71,2.68
2025-01-05,UA-53,-5.0,0.0,79,3.51
2025-01-05,UA-56,-4.0,0.0,79,3.74
2025-01-05,UA-59,-4.5,0.0,80,4.72
2025-01-05,UA-61,-3.8,0.0,75,3.48
2025-01-05,UA-63,-4.4,0.0,81,3.98
2025-01-05,UA-65,-2.8,0.0,74,2.1
2025-01-05,UA-68,-5.2,0.0,84,3.6
2025-01-05,UA-71,-3.2,0.0,73,3.35
2025-01-05,UA-74,-4.3,0.0,77,4.61
2025-01-05,UA-77,-1.9,0.0,65,2.27
2025-01-06,UA-05,0.1,2.3,84,3.53
2025-01-06,UA-07,1.9,5.2,87,4.75
2025-01-06,UA-09,-3.1,0.4,75,3.99
2025-01-06,UA-12,-0.5,4.7,89,5.6
2025-01-06,UA-14,-3.8,1.6,84,3.91
2025-01-06,UA-18,-0.5,1.5,84,4.09
2025-01-06,UA-21,4.1,7.4,87,4.62
2025-01-06,UA-23,0.9,3.7,87,6.51
2025-01-06,UA-26,5.1,4.8,75,4.42
2025-01-06,UA-30,-1.1,1.1,85,4.03
2025-01-06,UA-32,-0.2,1.1,84,3.7
2025-01-06,UA-35,1.0,0.9,82,4.79
2025-01-06,UA-40,7.5,2.0,74,6.33
2025-01-06,UA-43,3.6,0.2,83,3.2
2025-01-06,UA-46,4.7,5.6,80,5.56
2025-01-06,UA-48,4.3,0.1,81,4.91
2025-01-06,UA-51,4.9,0.0,78,5.17
2025-01-06,UA-53,-2.0,3.8,88,5.23
2025-01-06,UA-56,1.1,4.1,87,4.32
2025-01-06,UA-59,-3.1,3.1,87,5.14
2025-01-06,UA-61,2.1,5.8,85,3.95
2025-01-06,UA-63,-3.5,4.5,89,4.57
2025-01-06,UA-65,4.2,0.1,81,4.8
2025-01-06,UA-68,0.5,4.6,86,4.09
2025-01-06,UA-71,0.3,0.8,82,4.19
2025-01-06,UA-74,-2.4,1.6,86,4.54
2025-01-06,UA-77,3.6,1.1,76,2.89
2025-01-07,UA-05,4.5,0.0,81,3.7
2025-01-07,UA-07,7.2,0.5,81,4.78
2025-01-07,UA-09,4.3,1.9,83,5.84
2025-01-07,UA-12,6.6,0.0,91,5.51
2025-01-07,UA-14,3.9,0.0,94,4.6
2025-01-07,UA-18,5.2,0.0,79,4.78
2025-01-07,UA-21,8.3,3.5,82,3.1
2025-01-07,UA-23,6.1,0.5,90,5.76
2025-01-07,UA-26,8.9,0.0,71,3.35
2025-01-07,UA-30,4.3,0.0,82,4.23
2025-01-07,UA-32,4.4,0.0,82,3.87
2025-01-07,UA-35,5.8,0.0,91,4.1
2025-01-07,UA-40,10.4,0.0,80,6.49
2025-01-07,UA-43,8.9,0.0,77,4.86
2025-01-07,UA-46,9.1,2.4,71,5.58
2025-01-07,UA-48,8.4,0.0,92,4.71
2025-01-07,UA-51,7.3,0.0,85,4.24
2025-01-07,UA-53,5.5,0.0,94,4.98
2025-01-07,UA-56,6.0,0.0,82,4.62
2025-01-07,UA-59,3.8,0.0,96,5.26
2025-01-07,UA-61,7.0,0.0,76,4.37
2025-01-07,UA-63,4.7,0.2,95,5.03
2025-01-07,UA-65,9.2,0.0,92,4.9
2025-01-07,UA-68,5.3,0.0,79,4.51
2025-01-07,UA-71,4.0,0.2,86,3.69
2025-01-07,UA-74,3.0,0.0,88,4.28
2025-01-07,UA-77,6.9,0.0,74,2.8
2025-01-08,UA-05,5.3,0.6,84,3.25
2025-01-08,UA-07,2.5,6.0,92,3.95
2025-01-08,UA-09,5.9,0.4,79,5.94
2025-01-08,UA-12,9.3,1.8,91,5.55
2025-01-08,UA-14,5.9,0.0,89,4.96
2025-01-08,UA-18,4.4,4.1,84,3.65
2025-01-08,UA-21,6.9,0.5,86,2.67
2025-01-08,UA-23,8.4,1.3,90,6.46
2025-01-08,UA-26,7.3,0.7,77,2.9
2025-01-08,UA-30,4.5,3.7,86,3.62
2025-01-08,UA-32,5.2,2.7,85,3.38
2025-01-08,UA-35,7.4,0.0,91,3.77
2025-01-08,UA-40,11.4,0.0,84,6.17
2025-01-08,UA-43,11.1,0.0,80,5.53
2025-01-08,UA-46,4.2,3.4,84,3.5
2025-01-08,UA-48,8.8,0.0,88,4.52
2025-01-08,UA-51,9.1,0.0,82,4.57
2025-01-08,UA-53,7.6,0.3,93,4.38
2025-01-08,UA-56,3.6,7.1,89,3.66
2025-01-08,UA-59,6.0,4.6,95,3.86
2025-01-08,UA-61,5.2,2.1,85,3.7
2025-01-08,UA-63,8.2,1.2,94,5.04
2025-01-08,UA-65,9.7,0.1,89,5.04
2025-01-08,UA-68,5.2,1.7,85,3.67
2025-01-08,UA-71,5.5,1.5,90,3.12
2025-01-08,UA-74,3.6,5.8,89,3.33
2025-01-08,UA-77,7.8,0.0,76,2.59
2025-01-09,UA-05,4.6,0.1,85,3.01
2025-01-09,UA-07,4.4,0.7,89,4.37
2025-01-09,UA-09,7.3,0.0,86,4.13
2025-01-09,UA-12,6.9,0.0,87,3.17
2025-01-09,UA-14,7.1,0.0,89,3.08
2025-01-09,UA-18,3.8,0.1,87,3.71
2025-01-09,UA-21,8.8,6.3,85,3.64
2025-01-09,UA-23,7.2,0.0,91,3.2
2025-01-09,UA-26,8.3,0.0,72,3.34
2025-01-09,UA-30,3.1,0.0,87,3.81
2025-01-09,UA-32,4.5,0.0,84,3.18
2025-01-09,UA-35,6.8,0.0,87,2.99
2025-01-09,UA-40,11.1,0.0,91,4.69
2025-01-09,UA-43,10.9,0.0,86,3.89
2025-01-09,UA-46,7.3,0.8,78,4.97
2025-01-09,UA-48,8.3,0.0,87,2.92
2025-01-09,UA-51,7.9,0.0,84,3.2
2025-01-09,UA-53,4.8,0.0,86,3.44
2025-01-09,UA-56,4.3,0.4,87,4.25
2025-01-09,UA-59,3.0,1.2,88,4.4
2025-01-09,UA-61,5.7,0.0,82,3.94
2025-01-09,UA-63,5.0,0.3,85,3.67
2025-01-09,UA-65,8.7,0.0,87,2.7
2025-01-09,UA-68,4.9,0.0,85,3.74
2025-01-09,UA-71,4.6,0.0,86,3.35
2025-01-09,UA-74,2.4,0.3,88,4.25
2025-01-09,UA-77,7.1,0.2,76,2.66
2025-01-10,UA-05,3.8,6.2,93,3.93
2025-01-10,UA-07,3.6,3.5,90,5.09
2025-01-10,UA-09,8.2,0.0,87,4.17
2025-01-10,UA-12,8.2,0.0,88,4.71
2025-01-10,UA-14,7.2,0.0,89,3.82
2025-01-10,UA-18,3.8,6.6,93,4.45
2025-01-10,UA-21,3.7,12.1,94,3.15
2025-01-10,UA-23,7.1,0.0,88,4.74
2025-01-10,UA-26,3.9,5.9,82,4.27
2025-01-10,UA-30,5.1,4.4,95,4.54
2025-01-10,UA-32,5.3,5.6,95,4.29
2025-01-10,UA-35,9.5,0.1,90,5.6
2025-01-10,UA-40,10.6,0.0,80,5.05
2025-01-10,UA-43,9.5,0.0,75,2.54
2025-01-10,UA-46,3.5,5.1,86,5.25
2025-01-10,UA-48,9.9,0.0,88,5.31
2025-01-10,UA-51,8.8,0.0,94,6.1
2025-01-10,UA-53,7.6,0.1,91,5.38
2025-01-10,UA-56,3.7,4.6,89,4.96
2025-01-10,UA-59,6.7,0.0,95,6.13
2025-01-10,UA-61,3.0,3.8,87,4.75
2025-01-10,UA-63,6.5,0.2,96,4.67
2025-01-10,UA-65,10.5,0.0,85,4.67
2025-01-10,UA-68,3.3,6.6,92,4.34
2025-01-10,UA-71,8.3,2.3,91,4.77
2025-01-10,UA-74,5.3,3.2,96,5.01
2025-01-10,UA-77,4.1,3.6,86,3.55
2025-01-11,UA-05,-0.9,0.2,86,3.37
2025-01-11,UA-07,0.1,1.4,87,5.41
2025-01-11,UA-09,5.3,1.1,87,3.8
2025-01-11,UA-12,3.0,3.6,91,3.87
2025-01-11,UA-14,3.9,2.4,93,3.42
2025-01-11,UA-18,-0.8,0.5,91,4.27
2025-01-11,UA-21,0.2,0.6,85,2.78
2025-01-11,UA-23,3.7,3.1,89,4.61
2025-01-11,UA-26,-0.1,0.0,75,3.38
2025-01-11,UA-30,-0.2,2.5,90,3.9
2025-01-11,UA-32,-0.5,1.9,88,3.5
2025-01-11,UA-35,1.3,2.0,88,3.33
2025-01-11,UA-40,7.6,3.0,88,5.49
2025-01-11,UA-43,5.8,3.1,90,2.92
2025-01-11,UA-46,-0.0,2.0,81,4.79
2025-01-11,UA-48,2.9,0.6,84,3.53
2025-01-11,UA-51,1.8,0.7,80,4.03
2025-01-11,UA-53,2.1,2.0,89,3.99
2025-01-11,UA-56,-0.0,0.5,87,4.83
2025-01-11,UA-59,2.4,2.0,89,4.37
2025-01-11,UA-61,-0.8,0.1,81,4.21
2025-01-11,UA-63,3.0,3.1,93,4.19
2025-01-11,UA-65,3.2,1.3,81,3.45
2025-01-11,UA-68,-1.6,0.0,88,3.72
2025-01-11,UA-71,1.1,4.4,86,3.48
2025-01-11,UA-74,0.0,3.5,93,4.23
2025-01-11,UA-77,-0.4,0.0,76,2.3
2025-01-12,UA-05,-1.3,0.3,81,2.77
2025-01-12,UA-07,-0.9,1.3,90,3.19
2025-01-12,UA-09,2.0,5.6,91,2.69
2025-01-12,UA-12,-0.9,0.3,88,1.42
2025-01-12,UA-14,0.1,2.7,91,2.29
2025-01-12,UA-18,-1.6,1.6,87,2.3
2025-01-12,UA-21,1.0,1.3,81,2.35
2025-01-12,UA-23,-0.1,0.7,80,2.14
2025-01-12,UA-26,-0.2,3.0,78,4.55
2025-01-12,UA-30,-2.2,0.0,91,2.3
2025-01-12,UA-32,-2.0,0.1,86,2.13
2025-01-12,UA-35,-1.4,0.5,86,2.59
2025-01-12,UA-40,4.9,6.9,83,4.1
2025-01-12,UA-43,1.7,4.1,90,2.32
2025-01-12,UA-46,-0.6,3.2,88,5.03
2025-01-12,UA-48,0.1,0.4,89,2.28
2025-01-12,UA-51,-0.2,0.0,80,2.39
2025-01-12,UA-53,-1.5,0.4,88,1.62
2025-01-12,UA-56,-1.4,1.6,92,2.85
2025-01-12,UA-59,-1.1,0.4,88,1.72
2025-01-12,UA-61,-1.4,2.5,88,4.14
2025-01-12,UA-63,-0.9,0.0,86,1.58
2025-01-12,UA-65,-0.4,0.7,83,1.88
2025-01-12,UA-68,-2.4,1.2,89,3.51
2025-01-12,UA-71,-1.0,0.6,88,2.17
2025-01-12,UA-74,-2.0,1.0,93,2.27
2025-01-12,UA-77,0.5,0.8,66,3.27
2025-01-13,UA-05,-2.1,0.5,88,3.51
2025-01-13,UA-07,-1.2,0.0,86,3.09
2025-01-13,UA-09,-0.8,2.4,87,2.19
2025-01-13,UA-12,-1.5,0.0,94,2.34
2025-01-13,UA-14,-1.9,1.2,83,2.09
2025-01-13,UA-18,-2.0,0.0,85,3.5
2025-01-13,UA-21,1.4,0.0,75,3.22
2025-01-13,UA-23,-0.1,0.0,86,2.29
2025-01-13,UA-26,-0.6,0.7,87,3.07
2025-01-13,UA-30,-1.8,0.0,90,3.35
2025-01-13,UA-32,-1.7,0.3,86,3.17
2025-01-13,UA-35,-1.5,0.1,87,2.77
2025-01-13,UA-40,2.7,0.9,78,5.25
2025-01-13,UA-43,-1.0,1.0,94,2.2
2025-01-13,UA-46,-1.3,0.3,90,2.99
2025-01-13,UA-48,-0.9,0.0,90,2.41
2025-01-13,UA-51,-0.6,0.0,79,3.78
2025-01-13,UA-53,-2.0,0.1,90,2.22
2025-01-13,UA-56,-1.9,0.0,90,2.98
2025-01-13,UA-59,-1.2,0.0,89,2.66
2025-01-13,UA-61,-1.3,0.0,86,3.3
2025-01-13,UA-63,-1.4,0.0,88,2.21
2025-01-13,UA-65,-1.3,0.0,90,2.0
2025-01-13,UA-68,-2.3,0.0,90,3.29
2025-01-13,UA-71,-1.4,0.0,91,2.95
2025-01-13,UA-74,-1.9,0.0,90,3.43
2025-01-13,UA-77,-0.4,0.7,84,3.62
2025-01-14,UA-05,-2.9,0.0,82,3.89
2025-01-14,UA-07,-1.2,0.0,75,5.38
2025-01-14,UA-09,-2.5,0.0,85,3.62
2025-01-14,UA-12,-1.8,0.0,78,3.87
2025-01-14,UA-14,-2.8,0.0,82,3.01
2025-01-14,UA-18,-2.3,0.0,79,4.91
2025-01-14,UA-21,-1.1,0.0,76,1.76
2025-01-14,UA-23,-1.2,0.0,75,4.13
2025-01-14,UA-26,-1.2,0.0,75,2.39
2025-01-14,UA-30,-1.6,0.0,74,4.97
2025-01-14,UA-32,-1.9,0.0,76,4.36
2025-01-14,UA-35,-2.3,0.0,78,3.77
2025-01-14,UA-40,1.2,0.0,72,4.05
2025-01-14,UA-43,-2.7,0.0,87,2.04
2025-01-14,UA-46,-1.5,0.0,80,4.14
2025-01-14,UA-48,-1.9,0.0,82,2.59
2025-01-14,UA-51,-1.6,0.0,74,2.85
2025-01-14,UA-53,-2.4,0.0,80,4.64
2025-01-14,UA-56,-1.6,0.0,78,5.16
2025-01-14,UA-59,-2.2,0.4,80,5.5
2025-01-14,UA-61,-1.3,0.0,74,3.98
2025-01-14,UA-63,-2.0,0.1,80,4.97
2025-01-14,UA-65,-1.9,0.0,76,2.19
2025-01-14,UA-68,-2.7,0.0,82,3.95
2025-01-14,UA-71,-1.6,0.0,76,4.45
2025-01-14,UA-74,-2.0,0.4,79,5.53
2025-01-14,UA-77,-1.4,0.0,73,2.33
2025-01-15,UA-05,-0.7,0.0,79,3.07
2025-01-15,UA-07,0.4,4.1,93,3.69
2025-01-15,UA-09,-1.5,0.1,78,4.18
2025-01-15,UA-12,-1.4,0.0,77,3.39
2025-01-15,UA-14,-3.0,0.0,82,3.3
2025-01-15,UA-18,0.1,1.0,84,3.54
2025-01-15,UA-21,-1.0,4.3,87,2.24
2025-01-15,UA-23,-1.1,0.0,81,4.32
2025-01-15,UA-26,0.2,0.9,72,2.96
2025-01-15,UA-30,0.4,0.5,81,3.01
2025-01-15,UA-32,0.3,0.4,77,3.0
2025-01-15,UA-35,-1.2,0.0,75,3.04
2025-01-15,UA-40,2.7,0.0,73,2.12
2025-01-15,UA-43,-2.1,0.0,84,1.2
2025-01-15,UA-46,-0.7,5.5,90,4.24
2025-01-15,UA-48,-2.2,0.0,81,2.85
2025-01-15,UA-51,-2.3,0.0,74,2.64
2025-01-15,UA-53,-0.4,0.0,73,3.34
2025-01-15,UA-56,0.2,3.6,91,3.92
2025-01-15,UA-59,-0.3,1.3,88,3.31
2025-01-15,UA-61,-0.3,1.8,82,4.03
2025-01-15,UA-63,-0.1,0.4,79,3.71
2025-01-15,UA-65,-2.1,0.0,80,2.51
2025-01-15,UA-68,-0.9,0.6,84,3.53
2025-01-15,UA-71,0.2,0.0,75,2.99
2025-01-15,UA-74,0.0,1.2,89,2.79
2025-01-15,UA-77,-1.2,0.0,70,1.86
2025-01-16,UA-05,0.2,0.0,91,3.09
2025-01-16,UA-07,0.7,0.1,95,3.71
2025-01-16,UA-09,0.1,0.5,89,3.68
2025-01-16,UA-12,0.2,0.0,89,3.41
2025-01-16,UA-14,-1.3,0.0,89,3.16
2025-01-16,UA-18,0.2,0.0,92,3.8
2025-01-16,UA-21,-0.6,0.0,90,1.26
2025-01-16,UA-23,0.6,0.0,86,3.73
2025-01-16,UA-26,1.2,0.8,90,3.34
2025-01-16,UA-30,0.4,0.1,90,3.84
2025-01-16,UA-32,0.5,0.1,90,3.3
2025-01-16,UA-35,0.5,0.0,88,3.06
2025-01-16,UA-40,3.5,0.1,75,4.76
2025-01-16,UA-43,-0.7,0.0,83,1.33
2025-01-16,UA-46,0.4,0.4,97,3.66
2025-01-16,UA-48,-0.1,0.0,84,2.89
2025-01-16,UA-51,-0.2,0.0,80,3.78
2025-01-16,UA-53,-0.0,0.0,89,3.64
2025-01-16,UA-56,0.6,0.1,95,3.7
2025-01-16,UA-59,-0.1,0.1,93,4.21
2025-01-16,UA-61,0.6,0.2,93,3.69
2025-01-16,UA-63,0.3,0.0,89,3.92
2025-01-16,UA-65,-0.6,0.0,83,2.73
2025-01-16,UA-68,0.2,0.0,93,3.31
2025-01-16,UA-71,0.6,0.0,90,3.31
2025-01-16,UA-74,0.3,0.6,93,4.24
2025-01-16,UA-77,0.7,0.1,87,3.25
2025-01-17,UA-05,1.1,0.4,89,4.84
2025-01-17,UA-07,1.7,0.6,90,5.39
2025-01-17,UA-09,0.9,1.2,92,5.34
2025-01-17,UA-12,1.1,1.2,93,4.53
2025-01-17,UA-14,-0.2,1.3,96,4.42
2025-01-17,UA-18,1.0,0.8,92,5.23
2025-01-17,UA-21,0.7,0.0,91,1.85
2025-01-17,UA-23,1.5,2.0,91,5.29
2025-01-17,UA-26,3.7,0.0,72,5.46
2025-01-17,UA-30,1.3,1.2,94,4.86
2025-01-17,UA-32,1.2,0.8,92,4.51
2025-01-17,UA-35,1.4,1.1,92,4.27
2025-01-17,UA-40,5.7,3.3,81,6.73
2025-01-17,UA-43,2.6,2.6,91,3.82
2025-01-17,UA-46,1.5,0.0,89,6.17
2025-01-17,UA-48,2.1,0.9,88,3.92
2025-01-17,UA-51,2.9,0.6,81,5.11
2025-01-17,UA-53,0.8,1.4,94,4.66
2025-01-17,UA-56,1.7,0.2,91,5.6
2025-01-17,UA-59,1.3,0.6,95,4.93
2025-01-17,UA-61,1.7,0.0,88,6.59
2025-01-17,UA-63,1.1,1.5,93,4.95
2025-01-17,UA-65,1.7,1.9,89,3.6
2025-01-17,UA-68,1.2,0.4,90,5.63
2025-01-17,UA-71,1.5,0.7,92,4.32
2025-01-17,UA-74,2.0,1.1,96,4.77
2025-01-17,UA-77,4.2,0.0,71,4.99
2025-01-18,UA-05,3.0,0.0,83,5.05
2025-01-18,UA-07,3.1,0.0,82,4.96
2025-01-18,UA-09,1.5,1.1,91,4.41
2025-01-18,UA-12,1.8,0.7,93,4.26
2025-01-18,UA-14,0.2,1.1,93,3.79
2025-01-18,UA-18,2.8,0.1,85,5.63
2025-01-18,UA-21,0.5,0.0,91,1.22
2025-01-18,UA-23,2.1,2.0,90,4.6
2025-01-18,UA-26,5.0,0.0,68,5.33
2025-01-18,UA-30,2.8,0.4,87,5.49
2025-01-18,UA-32,3.1,0.0,85,4.99
2025-01-18,UA-35,2.4,0.3,91,4.39
2025-01-18,UA-40,5.8,0.9,83,5.87
2025-01-18,UA-43,2.2,1.2,94,2.47
2025-01-18,UA-46,2.1,0.0,80,5.19
2025-01-18,UA-48,3.0,0.0,87,3.84
2025-01-18,UA-51,3.8,0.0,80,4.81
2025-01-18,UA-53,1.9,1.3,91,4.45
2025-01-18,UA-56,3.2,0.0,82,5.27
2025-01-18,UA-59,2.1,0.8,92,4.98
2025-01-18,UA-61,2.9,0.0,77,5.95
2025-01-18,UA-63,1.6,2.2,93,4.34
2025-01-18,UA-65,2.5,0.1,88,3.58
2025-01-18,UA-68,3.0,0.0,81,5.35
2025-01-18,UA-71,2.8,0.6,89,4.61
2025-01-18,UA-74,3.0,0.5,89,5.77
2025-01-18,UA-77,6.3,0.0,64,5.7
2025-01-19,UA-05,1.8,0.0,82,4.2
2025-01-19,UA-07,0.8,0.0,92,3.25
2025-01-19,UA-09,2.1,1.5,83,5.36
2025-01-19,UA-12,1.9,0.4,78,5.02
2025-01-19,UA-14,1.3,0.7,82,4.8
2025-01-19,UA-18,1.9,0.0,84,4.63
2025-01-19,UA-21,-0.7,0.0,92,1.0
2025-01-19,UA-23,2.2,0.7,78,5.9
2025-01-19,UA-26,1.4,0.0,84,2.94
2025-01-19,UA-30,2.4,0.0,80,4.78
2025-01-19,UA-32,2.6,0.0,79,4.44
2025-01-19,UA-35,2.2,0.1,77,4.73
2025-01-19,UA-40,4.9,0.0,75,7.56
2025-01-19,UA-43,2.0,0.2,81,2.79
2025-01-19,UA-46,-0.2,0.0,91,2.54
2025-01-19,UA-48,2.5,0.0,76,4.19
2025-01-19,UA-51,2.7,0.0,74,4.89
2025-01-19,UA-53,1.3,0.2,75,4.86
2025-01-19,UA-56,1.1,0.0,91,3.84
2025-01-19,UA-59,1.1,0.0,76,4.86
2025-01-19,UA-61,0.5,0.0,89,3.51
2025-01-19,UA-63,1.5,0.0,78,4.88
2025-01-19,UA-65,2.3,0.0,76,3.96
2025-01-19,UA-68,0.9,0.0,87,3.95
2025-01-19,UA-71,2.5,0.0,76,4.38
2025-01-19,UA-74,1.9,0.0,78,4.69
2025-01-19,UA-77,2.5,0.0,80,3.92
2025-01-20,UA-05,1.9,0.0,79,2.57
2025-01-20,UA-07,0.8,0.0,89,1.89
2025-01-20,UA-09,1.7,0.0,80,3.95
2025-01-20,UA-12,0.4,0.0,87,3.15
2025-01-20,UA-14,0.6,0.0,83,3.08
2025-01-20,UA-18,0.3,0.0,88,3.07
2025-01-20,UA-21,-1.0,0.8,93,0.98
2025-01-20,UA-23,1.3,0.0,85,3.55
2025-01-20,UA-26,2.4,0.0,83,1.11
2025-01-20,UA-30,0.6,0.1,90,3.1
2025-01-20,UA-32,1.0,0.0,86,2.79
2025-01-20,UA-35,1.2,0.1,85,3.04
2025-01-20,UA-40,5.4,0.0,74,3.37
2025-01-20,UA-43,1.8,0.0,80,2.19
2025-01-20,UA-46,0.8,0.0,86,1.82
2025-01-20,UA-48,2.0,0.0,79,2.64
2025-01-20,UA-51,2.8,0.0,73,3.11
2025-01-20,UA-53,-0.5,0.3,89,3.15
2025-01-20,UA-56,1.4,0.0,89,2.27
2025-01-20,UA-59,0.1,0.0,91,3.51
2025-01-20,UA-61,2.6,0.0,81,1.97
2025-01-20,UA-63,-0.1,0.0,88,3.49
2025-01-20,UA-65,1.6,0.0,79,2.63
2025-01-20,UA-68,2.0,0.0,83,2.43
2025-01-20,UA-71,0.8,0.0,89,2.91
2025-01-20,UA-74,1.2,0.3,91,3.12
2025-01-20,UA-77,3.5,0.0,79,1.32
2025-01-21,UA-05,-1.4,0.0,95,3.25
2025-01-21,UA-07,0.5,0.0,94,2.71
2025-01-21,UA-09,0.1,0.0,80,1.68
2025-01-21,UA-12,-0.2,0.0,89,2.33
2025-01-21,UA-14,-0.6,0.0,82,1.65
2025-01-21,UA-18,-1.3,0.0,95,3.43
2025-01-21,UA-21,-0.6,0.0,96,0.86
2025-01-21,UA-23,0.6,0.1,86,3.16
2025-01-21,UA-26,0.5,0.0,93,2.42
2025-01-21,UA-30,-0.8,0.0,97,3.25
2025-01-21,UA-32,-1.0,0.0,97,3.12
2025-01-21,UA-35,-0.7,0.2,95,2.53
2025-01-21,UA-40,7.2,0.0,81,4.0
2025-01-21,UA-43,2.9,0.0,91,1.64
2025-01-21,UA-46,0.5,0.0,93,1.76
2025-01-21,UA-48,1.1,0.2,93,3.02
2025-01-21,UA-51,1.5,0.0,92,3.59
2025-01-21,UA-53,-0.8,0.0,88,2.28
2025-01-21,UA-56,0.7,0.0,93,3.26
2025-01-21,UA-59,-0.1,0.0,84,2.3
2025-01-21,UA-61,0.9,0.0,92,3.29
2025-01-21,UA-63,-0.0,0.0,83,1.84
2025-01-21,UA-65,1.2,0.1,93,2.96
2025-01-21,UA-68,-0.0,0.0,92,3.54
2025-01-21,UA-71,-0.5,0.0,95,2.61
2025-01-21,UA-74,-0.1,0.2,92,3.22
2025-01-21,UA-77,1.4,0.0,90,3.57
2025-01-22,UA-05,0.3,1.2,98,2.78
2025-01-22,UA-07,0.4,0.0,97,1.87
2025-01-22,UA-09,-2.0,0.0,64,5.9
2025-01-22,UA-12,0.6,0.3,85,4.29
2025-01-22,UA-14,-1.4,0.0,73,5.2
2025-01-22,UA-18,-0.0,1.1,95,3.21
2025-01-22,UA-21,0.9,0.6,95,1.68
2025-01-22,UA-23,1.6,0.1,83,5.14
2025-01-22,UA-26,1.3,0.6,96,0.91
2025-01-22,UA-30,0.1,1.2,97,3.79
2025-01-22,UA-32,0.7,2.1,96,3.18
2025-01-22,UA-35,1.3,3.3,99,3.63
2025-01-22,UA-40,8.1,0.2,82,4.64
2025-01-22,UA-43,4.7,0.3,88,1.79
2025-01-22,UA-46,1.0,0.0,94,1.61
2025-01-22,UA-48,3.3,3.0,95,4.24
2025-01-22,UA-51,4.8,5.9,94,5.78
2025-01-22,UA-53,-0.3,0.0,85,4.39
2025-01-22,UA-56,0.6,0.3,95,2.55
2025-01-22,UA-59,-0.8,0.0,84,5.38
2025-01-22,UA-61,0.7,1.0,97,1.57
2025-01-22,UA-63,-1.3,0.0,76,5.18
2025-01-22,UA-65,3.0,1.0,94,3.99
2025-01-22,UA-68,0.0,1.0,96,2.11
2025-01-22,UA-71,0.8,1.9,97,3.79
2025-01-22,UA-74,-0.1,0.5,93,4.51
2025-01-22,UA-77,1.6,0.2,94,1.35
2025-01-23,UA-05,1.4,0.2,98,1.98
2025-01-23,UA-07,2.7,0.0,89,3.46
2025-01-23,UA-09,-1.8,0.8,84,4.3
2025-01-23,UA-12,0.7,0.9,86,3.25
2025-01-23,UA-14,-1.9,1.5,88,3.38
2025-01-23,UA-18,1.1,0.3,98,2.75
2025-01-23,UA-21,2.9,4.3,94,2.7
2025-01-23,UA-23,1.8,1.0,85,3.75
2025-01-23,UA-26,2.2,0.2,90,2.56
2025-01-23,UA-30,0.5,0.7,97,3.25
2025-01-23,UA-32,1.1,0.8,97,2.49
2025-01-23,UA-35,1.0,1.8,100,2.62
2025-01-23,UA-40,8.0,0.1,85,3.41
2025-01-23,UA-43,5.3,0.2,93,2.28
2025-01-23,UA-46,2.6,0.0,86,2.9
2025-01-23,UA-48,4.3,2.6,99,2.45
2025-01-23,UA-51,5.1,0.0,94,1.94
2025-01-23,UA-53,-0.7,0.6,83,3.37
2025-01-23,UA-56,2.4,0.0,92,3.14
2025-01-23,UA-59,-1.7,0.0,77,3.48
2025-01-23,UA-61,1.7,0.1,95,2.93
2025-01-23,UA-63,-1.9,0.0,80,3.52
2025-01-23,UA-65,4.3,2.7,99,2.74
2025-01-23,UA-68,1.3,0.0,97,2.28
2025-01-23,UA-71,0.2,2.1,98,3.01
2025-01-23,UA-74,0.3,0.5,93,3.81
2025-01-23,UA-77,2.5,0.0,92,1.99
2025-01-24,UA-05,1.9,1.3,99,1.53
2025-01-24,UA-07,2.3,0.6,91,2.21
2025-01-24,UA-09,-0.1,1.0,95,2.1
2025-01-24,UA-12,2.4,0.6,100,2.01
2025-01-24,UA-14,-0.2,0.6,98,1.93
2025-01-24,UA-18,1.7,1.7,98,2.04
2025-01-24,UA-21,3.8,0.4,95,1.36
2025-01-24,UA-23,3.6,1.0,95,2.03
2025-01-24,UA-26,2.4,2.3,95,1.38
2025-01-24,UA-30,1.7,0.7,95,2.18
2025-01-24,UA-32,2.5,0.9,95,1.67
2025-01-24,UA-35,3.1,0.5,98,1.29
2025-01-24,UA-40,8.7,0.1,89,4.12
2025-01-24,UA-43,6.3,0.2,89,2.36
2025-01-24,UA-46,2.0,0.7,92,1.79
2025-01-24,UA-48,5.5,0.0,95,2.02
2025-01-24,UA-51,4.6,0.0,98,2.85
2025-01-24,UA-53,0.7,0.3,99,2.34
2025-01-24,UA-56,2.5,0.6,93,1.91
2025-01-24,UA-59,-0.5,0.0,93,2.72
2025-01-24,UA-61,2.1,2.0,96,1.45
2025-01-24,UA-63,-0.5,2.2,95,2.38
2025-01-24,UA-65,5.2,1.1,97,2.07
2025-01-24,UA-68,2.2,3.0,98,1.34
2025-01-24,UA-71,1.6,0.1,99,1.5
2025-01-24,UA-74,0.9,0.3,95,2.83
2025-01-24,UA-77,3.0,5.2,93,1.07
2025-01-25,UA-05,2.5,0.0,96,2.32
2025-01-25,UA-07,2.3,0.0,89,4.41
2025-01-25,UA-09,1.4,0.8,97,1.55
2025-01-25,UA-12,3.8,0.8,97,2.09
2025-01-25,UA-14,1.8,0.0,98,1.98
2025-01-25,UA-18,2.4,0.0,93,3.01
2025-01-25,UA-21,3.2,0.0,90,2.67
2025-01-25,UA-23,4.8,1.7,95,2.61
2025-01-25,UA-26,3.0,0.0,89,2.45
2025-01-25,UA-30,2.9,0.0,92,2.8
2025-01-25,UA-32,3.1,0.0,92,2.43
2025-01-25,UA-35,4.4,0.1,96,1.87
2025-01-25,UA-40,9.2,0.0,87,3.9
2025-01-25,UA-43,6.7,0.0,89,1.71
2025-01-25,UA-46,3.1,0.0,84,3.57
2025-01-25,UA-48,6.6,0.4,97,2.19
2025-01-25,UA-51,6.1,0.3,98,3.45
2025-01-25,UA-53,2.7,0.0,96,1.91
2025-01-25,UA-56,2.6,0.0,91,4.17
2025-01-25,UA-59,1.3,0.0,96,2.39
2025-01-25,UA-61,2.5,0.0,94,3.53
2025-01-25,UA-63,1.2,0.2,97,1.81
2025-01-25,UA-65,6.7,0.1,96,2.19
2025-01-25,UA-68,2.5,0.0,95,3.24
2025-01-25,UA-71,3.0,0.0,98,1.66
2025-01-25,UA-74,2.7,0.0,93,3.55
2025-01-25,UA-77,3.4,0.0,95,2.52
2025-01-26,UA-05,5.6,0.0,93,4.68
2025-01-26,UA-07,5.2,0.0,81,4.55
2025-01-26,UA-09,2.3,0.1,95,2.34
2025-01-26,UA-12,4.2,0.0,96,3.86
2025-01-26,UA-14,1.9,0.0,98,2.36
2025-01-26,UA-18,5.4,0.0,90,4.99
2025-01-26,UA-21,4.3,0.0,81,3.11
2025-01-26,UA-23,3.8,0.2,95,4.07
2025-01-26,UA-26,4.3,0.0,82,3.23
2025-01-26,UA-30,5.7,0.0,89,4.79
2025-01-26,UA-32,6.2,0.1,90,4.63
2025-01-26,UA-35,5.4,0.0,95,4.12
2025-01-26,UA-40,8.2,0.0,89,3.67
2025-01-26,UA-43,5.2,0.0,90,1.55
2025-01-26,UA-46,5.3,0.0,75,4.18
2025-01-26,UA-48,5.7,0.0,96,3.61
2025-01-26,UA-51,5.5,0.0,95,4.4
2025-01-26,UA-53,4.1,0.2,95,3.69
2025-01-26,UA-56,4.5,0.0,90,4.74
2025-01-26,UA-59,3.7,0.0,94,4.72
2025-01-26,UA-61,3.5,0.0,92,3.81
2025-01-26,UA-63,4.1,0.1,96,3.55
2025-01-26,UA-65,5.5,0.0,97,3.31
2025-01-26,UA-68,4.4,0.0,94,4.88
2025-01-26,UA-71,5.3,0.6,91,3.92
2025-01-26,UA-74,5.0,0.1,90,4.97
2025-01-26,UA-77,3.6,0.0,89,2.62
2025-01-27,UA-05,4.6,0.0,95,3.3
2025-01-27,UA-07,6.3,0.0,78,4.16
2025-01-27,UA-09,1.4,0.0,93,3.53
2025-01-27,UA-12,2.8,0.0,95,4.36
2025-01-27,UA-14,0.6,0.0,96,3.14
2025-01-27,UA-18,4.8,0.0,91,3.9
2025-01-27,UA-21,6.7,0.4,77,3.59
2025-01-27,UA-23,3.6,0.1,92,4.77
2025-01-27,UA-26,6.4,0.0,75,2.99
2025-01-27,UA-30,5.9,0.0,87,4.04
2025-01-27,UA-32,5.9,0.0,89,3.7
2025-01-27,UA-35,6.2,0.4,94,4.63
2025-01-27,UA-40,8.7,0.0,84,6.19
2025-01-27,UA-43,5.3,0.0,82,2.56
2025-01-27,UA-46,7.4,0.0,69,4.05
2025-01-27,UA-48,7.3,0.0,92,4.84
2025-01-27,UA-51,7.0,0.1,92,5.21
2025-01-27,UA-53,3.2,0.3,95,5.03
2025-01-27,UA-56,4.8,0.0,85,3.95
2025-01-27,UA-59,4.6,0.5,95,5.05
2025-01-27,UA-61,4.3,0.0,87,3.42
2025-01-27,UA-63,3.0,0.2,94,4.55
2025-01-27,UA-65,6.8,0.0,91,3.94
2025-01-27,UA-68,3.2,0.0,96,3.68
2025-01-27,UA-71,5.9,0.3,89,3.84
2025-01-27,UA-74,5.8,0.0,88,4.62
2025-01-27,UA-77,4.6,0.0,87,2.14
2025-01-28,UA-05,4.1,0.0,95,3.52
2025-01-28,UA-07,7.4,0.5,75,4.88
2025-01-28,UA-09,1.4,0.0,91,2.71
2025-01-28,UA-12,5.3,0.0,93,3.98
2025-01-28,UA-14,1.4,0.0,93,2.9
2025-01-28,UA-18,4.3,0.0,92,4.12
2025-01-28,UA-21,11.1,0.0,67,3.47
2025-01-28,UA-23,5.4,0.2,94,4.37
2025-01-28,UA-26,7.7,0.0,75,4.05
2025-01-28,UA-30,6.3,0.1,89,4.02
2025-01-28,UA-32,6.2,0.0,90,3.67
2025-01-28,UA-35,6.6,0.1,92,4.41
2025-01-28,UA-40,8.6,0.0,90,5.07
2025-01-28,UA-43,6.3,0.0,87,2.3
2025-01-28,UA-46,8.7,0.9,71,4.7
2025-01-28,UA-48,7.6,0.0,90,4.57
2025-01-28,UA-51,7.3,0.0,97,4.92
2025-01-28,UA-53,4.4,0.0,93,4.24
2025-01-28,UA-56,6.0,0.0,83,4.63
2025-01-28,UA-59,4.5,0.4,93,4.47
2025-01-28,UA-61,6.2,0.0,82,4.39
2025-01-28,UA-63,3.7,0.1,93,3.9
2025-01-28,UA-65,7.5,0.0,89,3.81
2025-01-28,UA-68,4.1,0.1,92,4.02
2025-01-28,UA-71,6.1,0.2,91,3.71
2025-01-28,UA-74,6.5,0.2,87,4.45
2025-01-28,UA-77,6.7,0.1,79,2.95
2025-01-29,UA-05,6.0,0.0,89,2.94
2025-01-29,UA-07,8.0,2.2,80,4.6
2025-01-29,UA-09,2.0,0.0,86,3.49
2025-01-29,UA-12,6.0,0.0,92,4.02
2025-01-29,UA-14,1.7,0.0,89,3.52
2025-01-29,UA-18,6.4,0.0,87,3.72
2025-01-29,UA-21,9.3,5.1,79,3.13
2025-01-29,UA-23,5.8,0.1,93,4.39
2025-01-29,UA-26,7.7,0.7,74,2.94
2025-01-29,UA-30,6.4,0.0,88,3.9
2025-01-29,UA-32,6.7,0.0,88,3.44
2025-01-29,UA-35,7.8,0.0,93,3.69
2025-01-29,UA-40,10.2,0.0,82,5.54
2025-01-29,UA-43,9.6,0.0,77,4.26
2025-01-29,UA-46,8.9,1.7,71,4.77
2025-01-29,UA-48,9.0,0.0,92,3.94
2025-01-29,UA-51,7.5,0.0,95,3.32
2025-01-29,UA-53,5.6,0.1,93,4.25
2025-01-29,UA-56,7.2,1.5,82,4.01
2025-01-29,UA-59,5.4,0.3,95,4.95
2025-01-29,UA-61,7.1,0.3,78,3.6
2025-01-29,UA-63,4.3,0.0,93,3.84
2025-01-29,UA-65,9.2,0.0,90,3.95
2025-01-29,UA-68,6.1,0.0,88,3.27
2025-01-29,UA-71,6.8,0.0,92,3.31
2025-01-29,UA-74,6.3,0.1,88,4.58
2025-01-29,UA-77,7.4,0.6,76,1.91
2025-01-30,UA-05,3.7,0.1,93,1.93
2025-01-30,UA-07,6.3,0.0,77,2.7
2025-01-30,UA-09,4.0,0.0,86,2.37
2025-01-30,UA-12,6.8,0.2,93,1.36
2025-01-30,UA-14,3.9,0.0,92,2.16
2025-01-30,UA-18,4.5,0.0,88,2.22
2025-01-30,UA-21,6.6,0.0,79,1.51
2025-01-30,UA-23,6.3,0.2,94,1.79
2025-01-30,UA-26,4.9,0.0,79,2.25
2025-01-30,UA-30,4.6,0.0,92,2.06
2025-01-30,UA-32,4.1,0.0,94,1.74
2025-01-30,UA-35,6.8,0.0,94,1.72
2025-01-30,UA-40,10.3,0.0,82,2.71
2025-01-30,UA-43,9.6,0.0,82,2.43
2025-01-30,UA-46,6.0,0.0,76,2.54
2025-01-30,UA-48,7.9,0.1,90,2.12
2025-01-30,UA-51,5.5,0.0,97,2.64
2025-01-30,UA-53,6.4,0.0,93,1.13
2025-01-30,UA-56,5.9,0.0,80,2.57
2025-01-30,UA-59,6.2,0.0,93,1.89
2025-01-30,UA-61,5.2,0.0,81,2.28
2025-01-30,UA-63,5.8,0.2,94,1.41
2025-01-30,UA-65,8.0,0.0,90,1.74
2025-01-30,UA-68,4.4,0.0,88,2.34
2025-01-30,UA-71,4.3,0.0,97,1.56
2025-01-30,UA-74,3.7,0.0,93,2.4
2025-01-30,UA-77,4.8,0.0,84,1.68
2025-01-31,UA-05,5.8,0.4,97,2.92
2025-01-31,UA-07,4.1,0.5,89,3.69
2025-01-31,UA-09,3.6,0.0,87,2.39
2025-01-31,UA-12,6.4,0.1,93,1.92
2025-01-31,UA-14,4.4,0.0,85,2.53
2025-01-31,UA-18,5.4,0.8,95,3.76
2025-01-31,UA-21,6.5,0.5,84,2.59
2025-01-31,UA-23,6.5,0.5,92,2.16
2025-01-31,UA-26,5.8,0.1,83,2.83
2025-01-31,UA-30,5.0,0.5,94,3.52
2025-01-31,UA-32,5.1,0.3,96,2.82
2025-01-31,UA-35,5.7,0.1,95,2.03
2025-01-31,UA-40,9.9,0.0,87,1.38
2025-01-31,UA-43,8.3,0.0,86,1.27
2025-01-31,UA-46,5.0,1.8,83,3.58
2025-01-31,UA-48,8.3,1.6,94,2.49
2025-01-31,UA-51,6.0,0.9,99,2.8
2025-01-31,UA-53,5.3,0.0,93,2.08
2025-01-31,UA-56,5.5,0.7,90,3.85
2025-01-31,UA-59,4.3,0.1,95,2.56
2025-01-31,UA-61,5.7,0.1,90,3.53
2025-01-31,UA-63,5.3,0.0,95,2.36
2025-01-31,UA-65,8.6,0.5,93,2.35
2025-01-31,UA-68,5.3,0.0,95,3.67
2025-01-31,UA-71,5.0,0.0,94,2.44
2025-01-31,UA-74,4.5,0.8,95,4.19
2025-01-31,UA-77,6.4,0.1,91,2.47
2025-02-01,UA-05,3.0,0.0,75,3.96
2025-02-01,UA-07,2.0,0.5,75,4.72
2025-02-01,UA-09,3.6,0.8,87,3.02
2025-02-01,UA-12,5.0,9.6,96,2.72
2025-02-01,UA-14,1.9,1.7,91,2.44
2025-02-01,UA-18,2.6,0.0,75,4.97
2025-02-01,UA-21,2.4,0.0,70,2.75
2025-02-01,UA-23,4.4,9.9,91,3.3
2025-02-01,UA-26,2.3,0.0,72,3.71
2025-02-01,UA-30,3.4,0.1,76,4.64
2025-02-01,UA-32,3.6,0.5,75,4.02
2025-02-01,UA-35,4.7,2.6,91,2.74
2025-02-01,UA-40,8.7,0.4,92,2.51
2025-02-01,UA-43,7.3,0.6,90,1.86
2025-02-01,UA-46,1.8,0.2,79,3.88
2025-02-01,UA-48,6.0,4.4,92,3.09
2025-02-01,UA-51,5.3,3.5,91,3.66
2025-02-01,UA-53,4.4,5.5,93,2.74
2025-02-01,UA-56,2.1,0.4,76,4.75
2025-02-01,UA-59,4.2,2.8,90,3.27
2025-02-01,UA-61,1.7,0.3,78,4.26
2025-02-01,UA-63,4.0,4.6,94,2.76
2025-02-01,UA-65,6.0,4.5,94,2.84
2025-02-01,UA-68,2.0,0.0,78,4.16
2025-02-01,UA-71,4.2,1.1,83,3.36
2025-02-01,UA-74,3.4,0.5,80,5.15
2025-02-01,UA-77,2.9,0.4,73,3.44
2025-02-02,UA-05,0.9,0.2,74,2.34
2025-02-02,UA-07,0.9,0.8,79,2.55
2025-02-02,UA-09,2.3,0.9,83,2.96
2025-02-02,UA-12,1.9,0.2,83,2.61
2025-02-02,UA-14,1.0,0.5,85,2.45
2025-02-02,UA-18,0.4,0.1,74,3.21
2025-02-02,UA-21,0.6,0.4,87,1.09
2025-02-02,UA-23,2.2,0.3,79,2.94
2025-02-02,UA-26,1.0,0.9,79,1.09
2025-02-02,UA-30,0.5,0.3,76,3.48
2025-02-02,UA-32,0.8,0.0,73,2.9
2025-02-02,UA-35,1.1,0.0,76,2.39
2025-02-02,UA-40,5.9,0.0,80,4.21
2025-02-02,UA-43,3.3,0.3,86,1.81
2025-02-02,UA-46,0.9,0.1,79,2.06
2025-02-02,UA-48,1.8,1.4,81,1.97
2025-02-02,UA-51,0.9,3.7,83,1.98
2025-02-02,UA-53,0.8,0.0,79,3.24
2025-02-02,UA-56,0.9,0.3,76,2.6
2025-02-02,UA-59,0.5,0.4,78,4.06
2025-02-02,UA-61,0.8,0.4,79,2.01
2025-02-02,UA-63,1.0,0.5,84,3.37
2025-02-02,UA-65,1.4,1.6,81,1.82
2025-02-02,UA-68,0.6,0.5,78,2.22
2025-02-02,UA-71,1.5,0.0,75,3.15
2025-02-02,UA-74,0.2,0.3,79,4.11
2025-02-02,UA-77,0.6,0.6,83,1.35
2025-02-03,UA-05,-0.2,2.1,79,3.71
2025-02-03,UA-07,-0.8,0.0,78,4.27
2025-02-03,UA-09,0.6,7.0,92,1.69
2025-02-03,UA-12,0.5,1.7,91,1.83
2025-02-03,UA-14,0.1,7.1,94,1.39
2025-02-03,UA-18,-1.0,1.3,80,4.21
2025-02-03,UA-21,1.0,0.0,72,2.73
2025-02-03,UA-23,1.0,2.0,87,2.52
2025-02-03,UA-26,-0.1,0.1,71,4.09
2025-02-03,UA-30,-0.4,0.4,80,3.62
2025-02-03,UA-32,-0.3,0.3,79,3.48
2025-02-03,UA-35,-0.0,0.3,82,2.15
2025-02-03,UA-40,5.4,9.4,82,5.35
2025-02-03,UA-43,1.8,11.7,95,2.37
2025-02-03,UA-46,-0.9,0.1,74,3.84
2025-02-03,UA-48,0.7,2.9,92,3.22
2025-02-03,UA-51,0.1,6.1,92,4.2
2025-02-03,UA-53,-0.4,0.5,82,1.65
2025-02-03,UA-56,-0.6,0.4,79,4.32
2025-02-03,UA-59,-0.3,0.0,78,2.38
2025-02-03,UA-61,-1.1,0.2,75,4.31
2025-02-03,UA-63,-0.2,0.8,81,1.62
2025-02-03,UA-65,-0.0,4.7,96,2.81
2025-02-03,UA-68,-0.8,1.6,79,4.17
2025-02-03,UA-71,0.6,0.9,81,2.58
2025-02-03,UA-74,-0.4,1.2,82,3.5
2025-02-03,UA-77,0.3,0.5,73,4.04
2025-02-04,UA-05,-0.6,0.8,78,3.86
2025-02-04,UA-07,0.2,0.0,82,2.98
2025-02-04,UA-09,-1.4,7.0,92,5.77
2025-02-04,UA-12,-1.9,0.2,91,3.33
2025-02-04,UA-14,-1.8,1.1,87,4.01
2025-02-04,UA-18,-0.9,1.8,86,4.12
2025-02-04,UA-21,-0.3,0.0,78,1.82
2025-02-04,UA-23,-0.9,0.2,84,4.51
2025-02-04,UA-26,0.2,0.7,76,3.17
2025-02-04,UA-30,-1.0,1.5,89,3.68
2025-02-04,UA-32,-0.4,1.6,84,3.87
2025-02-04,UA-35,-0.5,1.0,85,3.69
2025-02-04,UA-40,2.2,0.0,70,5.77
2025-02-04,UA-43,-1.4,0.0,86,1.84
2025-02-04,UA-46,0.0,0.6,83,3.17
2025-02-04,UA-48,-0.3,0.2,83,3.78
2025-02-04,UA-51,-0.6,0.0,81,4.61
2025-02-04,UA-53,-2.4,1.2,89,3.01
2025-02-04,UA-56,-0.1,0.3,80,3.29
2025-02-04,UA-59,-2.1,0.6,87,2.64
2025-02-04,UA-61,-0.4,0.6,79,3.43
2025-02-04,UA-63,-1.5,0.0,84,3.42
2025-02-04,UA-65,-0.9,0.1,83,3.28
2025-02-04,UA-68,-0.8,1.0,79,3.71
2025-02-04,UA-71,-0.3,1.3,89,3.69
2025-02-04,UA-74,-1.4,0.8,84,3.53
2025-02-04,UA-77,-0.2,0.2,71,3.35
2025-02-05,UA-05,-2.0,0.9,76,4.01
2025-02-05,UA-07,-0.1,2.3,87,1.53
2025-02-05,UA-09,-4.5,0.0,93,2.98
2025-02-05,UA-12,-2.3,0.4,91,2.77
2025-02-05,UA-14,-2.4,0.0,79,1.88
2025-02-05,UA-18,-2.5,0.6,80,3.82
2025-02-05,UA-21,0.9,0.0,81,1.47
2025-02-05,UA-23,-1.6,0.4,80,2.72
2025-02-05,UA-26,1.6,3.9,89,2.61
2025-02-05,UA-30,-1.8,0.2,82,4.7
2025-02-05,UA-32,-1.8,0.2,79,4.12
2025-02-05,UA-35,-1.3,0.5,86,3.87
2025-02-05,UA-40,1.8,0.0,68,4.36
2025-02-05,UA-43,-1.8,0.2,87,1.92
2025-02-05,UA-46,1.3,0.6,88,1.58
2025-02-05,UA-48,-0.5,0.7,83,3.37
2025-02-05,UA-51,-0.8,0.3,81,4.42
2025-02-05,UA-53,-2.2,1.1,88,3.75
2025-02-05,UA-56,-1.0,0.7,78,1.91
2025-02-05,UA-59,-2.0,2.4,87,5.59
2025-02-05,UA-61,0.1,3.7,88,2.48
2025-02-05,UA-63,-1.8,2.4,87,4.02
2025-02-05,UA-65,-0.9,0.7,80,2.68
2025-02-05,UA-68,-1.8,0.1,76,3.09
2025-02-05,UA-71,-1.2,1.3,88,4.45
2025-02-05,UA-74,-1.6,0.3,80,4.91
2025-02-05,UA-77,0.4,4.6,90,2.94
2025-02-06,UA-05,-1.9,0.7,77,2.97
2025-02-06,UA-07,-1.3,0.1,75,1.73
2025-02-06,UA-09,-6.2,0.2,94,4.56
2025-02-06,UA-12,-3.2,0.0,88,4.29
2025-02-06,UA-14,-4.6,0.0,80,4.84
2025-02-06,UA-18,-2.3,0.2,82,2.69
2025-02-06,UA-21,2.5,0.0,71,3.24
2025-02-06,UA-23,-2.2,0.0,78,6.19
2025-02-06,UA-26,-0.1,2.5,79,2.26
2025-02-06,UA-30,-1.7,0.0,80,3.1
2025-02-06,UA-32,-1.8,0.1,83,3.08
2025-02-06,UA-35,-2.2,0.0,86,3.68
2025-02-06,UA-40,0.9,1.7,76,8.81
2025-02-06,UA-43,-2.9,3.6,91,5.38
2025-02-06,UA-46,0.3,1.2,85,1.83
2025-02-06,UA-48,-1.7,0.2,84,4.43
2025-02-06,UA-51,-1.2,0.0,81,5.47
2025-02-06,UA-53,-3.3,0.0,85,3.88
2025-02-06,UA-56,-1.8,0.0,76,1.48
2025-02-06,UA-59,-2.9,0.0,82,3.59
2025-02-06,UA-61,-1.6,0.1,74,1.75
2025-02-06,UA-63,-4.2,0.0,85,4.06
2025-02-06,UA-65,-2.0,0.0,80,4.26
2025-02-06,UA-68,-2.3,0.0,75,2.12
2025-02-06,UA-71,-1.9,0.0,86,3.46
2025-02-06,UA-74,-1.7,0.0,75,2.89
2025-02-06,UA-77,-1.1,0.0,73,1.25
2025-02-07,UA-05,-2.4,0.0,73,3.46
2025-02-07,UA-07,-1.7,0.0,67,3.87
2025-02-07,UA-09,-6.1,0.0,92,5.04
2025-02-07,UA-12,-4.6,0.0,78,5.55
2025-02-07,UA-14,-5.8,0.0,79,5.11
2025-02-07,UA-18,-2.6,0.0,76,3.48
2025-02-07,UA-21,0.2,0.0,73,2.3
2025-02-07,UA-23,-3.6,0.0,75,7.11
2025-02-07,UA-26,-2.5,0.0,71,4.62
2025-02-07,UA-30,-3.3,0.0,76,3.75
2025-02-07,UA-32,-3.0,0.0,76,3.7
2025-02-07,UA-35,-4.0,0.0,81,4.87
2025-02-07,UA-40,0.4,0.1,80,7.96
2025-02-07,UA-43,-3.6,2.1,94,6.11
2025-02-07,UA-46,-2.2,0.0,70,4.91
2025-02-07,UA-48,-2.9,0.0,78,5.73
2025-02-07,UA-51,-2.8,0.0,77,6.5
2025-02-07,UA-53,-5.3,0.0,79,4.92
2025-02-07,UA-56,-1.6,0.0,68,3.45
2025-02-07,UA-59,-5.8,0.0,79,5.01
2025-02-07,UA-61,-2.4,0.0,71,3.57
2025-02-07,UA-63,-6.0,0.0,80,5.17
2025-02-07,UA-65,-3.1,0.0,76,5.43
2025-02-07,UA-68,-2.1,0.0,70,2.89
2025-02-07,UA-71,-3.6,0.0,81,4.35
2025-02-07,UA-74,-3.2,0.0,74,3.96
2025-02-07,UA-77,-2.2,0.0,73,2.08
2025-02-08,UA-05,-5.1,0.0,77,2.85
2025-02-08,UA-07,-3.6,0.0,77,4.51
2025-02-08,UA-09,-8.3,0.0,88,4.67
2025-02-08,UA-12,-4.6,0.0,75,5.02
2025-02-08,UA-14,-6.3,0.0,74,4.77
2025-02-08,UA-18,-5.5,0.0,79,3.3
2025-02-08,UA-21,0.2,0.0,69,1.8
2025-02-08,UA-23,-3.6,0.0,72,6.94
2025-02-08,UA-26,-4.1,0.0,79,5.71
2025-02-08,UA-30,-5.6,0.0,81,2.98
2025-02-08,UA-32,-5.2,0.0,80,2.89
2025-02-08,UA-35,-4.9,0.0,82,4.13
2025-02-08,UA-40,0.5,0.0,77,7.07
2025-02-08,UA-43,-3.6,0.0,91,6.9
2025-02-08,UA-46,-3.9,0.0,77,5.83
2025-02-08,UA-48,-3.0,0.0,74,5.63
2025-02-08,UA-51,-3.2,0.0,76,6.05
2025-02-08,UA-53,-5.7,0.0,79,4.05
2025-02-08,UA-56,-4.1,0.0,77,4.12
2025-02-08,UA-59,-6.9,0.0,85,3.96
2025-02-08,UA-61,-4.4,0.0,80,4.66
2025-02-08,UA-63,-5.9,0.0,81,4.28
2025-02-08,UA-65,-2.9,0.0,71,5.59
2025-02-08,UA-68,-4.8,0.0,78,3.28
2025-02-08,UA-71,-5.1,0.0,84,3.56
2025-02-08,UA-74,-6.1,0.0,81,3.33
2025-02-08,UA-77,-3.9,0.0,76,4.06
2025-02-09,UA-05,-5.6,0.0,77,1.97
2025-02-09,UA-07,-4.4,0.0,76,3.77
2025-02-09,UA-09,-9.7,0.0,89,4.71
2025-02-09,UA-12,-6.2,0.0,81,4.64
2025-02-09,UA-14,-7.7,0.0,76,4.32
2025-02-09,UA-18,-6.5,0.0,81,2.16
2025-02-09,UA-21,-0.2,0.0,70,1.49
2025-02-09,UA-23,-4.9,0.0,78,6.46
2025-02-09,UA-26,-4.6,0.0,74,4.91
2025-02-09,UA-30,-7.2,0.0,84,2.37
2025-02-09,UA-32,-6.5,0.0,83,2.41
2025-02-09,UA-35,-6.6,0.0,87,4.1
2025-02-09,UA-40,-0.1,0.0,74,7.09
2025-02-09,UA-43,-4.4,0.0,89,6.19
2025-02-09,UA-46,-4.5,0.0,72,4.9
2025-02-09,UA-48,-4.7,0.0,78,5.1
2025-02-09,UA-51,-4.4,0.0,76,5.47
2025-02-09,UA-53,-7.1,0.0,81,3.93
2025-02-09,UA-56,-4.6,0.0,76,3.35
2025-02-09,UA-59,-8.1,0.0,85,3.71
2025-02-09,UA-61,-5.1,0.0,76,4.04
2025-02-09,UA-63,-7.7,0.0,82,4.11
2025-02-09,UA-65,-4.6,0.0,76,5.03
2025-02-09,UA-68,-5.5,0.0,78,2.55
2025-02-09,UA-71,-6.8,0.0,86,3.14
2025-02-09,UA-74,-7.5,0.0,85,2.59
2025-02-09,UA-77,-4.6,0.0,74,3.56
2025-02-10,UA-05,-6.8,0.0,84,2.0
2025-02-10,UA-07,-6.1,0.0,80,2.54
2025-02-10,UA-09,-9.3,0.0,88,3.13
2025-02-10,UA-12,-7.5,0.0,79,3.63
2025-02-10,UA-14,-8.1,0.0,78,3.32
2025-02-10,UA-18,-7.7,0.0,88,2.41
2025-02-10,UA-21,-1.0,0.0,71,1.17
2025-02-10,UA-23,-6.0,0.0,78,4.72
2025-02-10,UA-26,-5.2,0.0,79,3.3
2025-02-10,UA-30,-7.5,0.0,87,2.62
2025-02-10,UA-32,-6.7,0.0,85,2.55
2025-02-10,UA-35,-6.3,0.0,83,3.79
2025-02-10,UA-40,-0.2,0.0,77,4.89
2025-02-10,UA-43,-4.6,0.4,91,3.86
2025-02-10,UA-46,-4.5,0.0,74,3.5
2025-02-10,UA-48,-5.3,0.0,80,4.09
2025-02-10,UA-51,-4.8,0.0,78,4.63
2025-02-10,UA-53,-8.9,0.0,81,3.27
2025-02-10,UA-56,-7.0,0.0,86,2.13
2025-02-10,UA-59,-9.3,0.0,87,3.23
2025-02-10,UA-61,-6.2,0.0,82,2.32
2025-02-10,UA-63,-9.4,0.0,82,3.15
2025-02-10,UA-65,-5.3,0.0,79,3.88
2025-02-10,UA-68,-7.8,0.0,88,1.76
2025-02-10,UA-71,-6.7,0.0,83,2.88
2025-02-10,UA-74,-7.6,0.0,84,2.71
2025-02-10,UA-77,-5.9,0.0,84,1.97
2025-02-11,UA-05,-7.3,0.0,86,2.42
2025-02-11,UA-07,-7.8,0.0,90,3.48
2025-02-11,UA-09,-10.0,0.0,85,3.03
2025-02-11,UA-12,-6.7,0.0,76,3.93
2025-02-11,UA-14,-7.6,0.0,72,3.29
2025-02-11,UA-18,-8.0,0.0,88,2.63
2025-02-11,UA-21,-1.7,0.0,72,1.69
2025-02-11,UA-23,-5.3,0.0,77,5.17
2025-02-11,UA-26,-6.1,0.0,85,4.25
2025-02-11,UA-30,-7.7,0.0,83,2.41
2025-02-11,UA-32,-7.3,0.0,85,2.57
2025-02-11,UA-35,-6.7,0.0,82,3.89
2025-02-11,UA-40,1.9,0.0,77,4.03
2025-02-11,UA-43,-3.4,0.0,92,3.87
2025-02-11,UA-46,-6.2,0.0,84,4.22
2025-02-11,UA-48,-4.2,0.0,76,4.51
2025-02-11,UA-51,-3.9,0.0,74,5.34
2025-02-11,UA-53,-8.1,0.0,75,3.64
2025-02-11,UA-56,-7.6,0.0,90,3.06
2025-02-11,UA-59,-9.4,0.0,79,2.86
2025-02-11,UA-61,-7.6,0.0,89,3.22
2025-02-11,UA-63,-8.9,0.0,77,3.51
2025-02-11,UA-65,-4.2,0.0,76,4.26
2025-02-11,UA-68,-7.9,0.0,90,2.38
2025-02-11,UA-71,-7.0,0.0,81,3.0
2025-02-11,UA-74,-7.4,0.0,83,2.33
2025-02-11,UA-77,-6.6,0.0,86,2.69
2025-02-12,UA-05,-6.7,0.0,80,1.43
2025-02-12,UA-07,-6.5,0.0,83,3.52
2025-02-12,UA-09,-10.0,0.0,87,2.55
2025-02-12,UA-12,-6.0,0.0,77,2.56
2025-02-12,UA-14,-6.8,0.0,72,2.28
2025-02-12,UA-18,-8.2,0.0,86,1.72
2025-02-12,UA-21,-1.2,0.0,64,2.31
2025-02-12,UA-23,-4.1,0.0,74,3.7
2025-02-12,UA-26,-5.6,0.0,79,4.54
2025-02-12,UA-30,-8.5,0.0,86,1.65
2025-02-12,UA-32,-7.7,0.0,83,1.58
2025-02-12,UA-35,-6.2,0.0,80,2.44
2025-02-12,UA-40,2.5,0.0,70,3.14
2025-02-12,UA-43,-3.8,0.0,87,3.55
2025-02-12,UA-46,-5.4,0.0,77,4.72
2025-02-12,UA-48,-4.0,0.0,74,3.02
2025-02-12,UA-51,-4.0,0.0,73,3.48
2025-02-12,UA-53,-7.4,0.0,76,2.02
2025-02-12,UA-56,-6.7,0.0,85,2.98
2025-02-12,UA-59,-8.7,0.0,83,1.27
2025-02-12,UA-61,-6.5,0.0,83,3.87
2025-02-12,UA-63,-8.2,0.0,79,2.06
2025-02-12,UA-65,-3.7,0.0,72,2.86
2025-02-12,UA-68,-7.0,0.0,85,2.22
2025-02-12,UA-71,-7.2,0.0,80,1.89
2025-02-12,UA-74,-7.9,0.0,84,0.98
2025-02-12,UA-77,-5.8,0.0,80,3.55
2025-02-13,UA-05,-3.8,0.0,71,2.24
2025-02-13,UA-07,-2.6,0.0,71,2.84
2025-02-13,UA-09,-11.8,0.0,90,1.45
2025-02-13,UA-12,-4.1,0.0,73,1.48
2025-02-13,UA-14,-6.7,0.0,75,1.15
2025-02-13,UA-18,-4.8,0.0,74,2.34
2025-02-13,UA-21,0.2,0.1,71,1.87
2025-02-13,UA-23,-2.8,0.0,74,1.53
2025-02-13,UA-26,-2.7,0.0,73,2.81
2025-02-13,UA-30,-6.1,0.0,79,2.18
2025-02-13,UA-32,-4.9,0.0,74,2.1
2025-02-13,UA-35,-3.6,0.0,73,1.59
2025-02-13,UA-40,2.6,0.0,69,2.73
2025-02-13,UA-43,-3.3,0.0,84,1.76
2025-02-13,UA-46,-1.7,0.0,69,3.02
2025-02-13,UA-48,-3.0,0.0,78,1.72
2025-02-13,UA-51,-1.6,0.0,78,2.29
2025-02-13,UA-53,-6.1,0.0,75,1.36
2025-02-13,UA-56,-3.3,0.0,74,2.98
2025-02-13,UA-59,-8.4,0.0,83,1.66
2025-02-13,UA-61,-3.9,0.0,78,2.95
2025-02-13,UA-63,-6.7,0.0,78,1.14
2025-02-13,UA-65,-3.0,0.0,77,1.64
2025-02-13,UA-68,-4.0,0.0,77,2.84
2025-02-13,UA-71,-5.2,0.0,80,1.48
2025-02-13,UA-74,-6.7,0.0,81,1.9
2025-02-13,UA-77,-3.8,0.0,79,2.35
2025-02-14,UA-05,0.0,2.6,79,3.01
2025-02-14,UA-07,-1.4,4.3,87,3.94
2025-02-14,UA-09,-7.6,0.0,84,3.9
2025-02-14,UA-12,-0.9,0.5,80,4.88
2025-02-14,UA-14,-5.4,0.0,81,3.19
2025-02-14,UA-18,-1.9,3.5,85,3.56
2025-02-14,UA-21,2.0,3.3,83,2.99
2025-02-14,UA-23,-0.7,0.1,83,4.95
2025-02-14,UA-26,0.9,1.9,83,3.0
2025-02-14,UA-30,-2.8,4.6,87,3.22
2025-02-14,UA-32,-0.8,2.8,82,3.2
2025-02-14,UA-35,1.9,0.3,85,4.96
2025-02-14,UA-40,5.5,0.0,66,4.42
2025-02-14,UA-43,0.5,0.0,77,2.69
2025-02-14,UA-46,-0.0,1.9,86,3.98
2025-02-14,UA-48,3.3,0.4,83,4.78
2025-02-14,UA-51,4.3,0.2,85,5.21
2025-02-14,UA-53,-0.6,1.8,80,5.17
2025-02-14,UA-56,-1.1,4.0,87,3.91
2025-02-14,UA-59,-3.4,6.3,89,3.75
2025-02-14,UA-61,0.2,1.6,82,3.82
2025-02-14,UA-63,-2.2,1.1,79,4.92
2025-02-14,UA-65,2.7,0.1,81,4.37
2025-02-14,UA-68,-0.2,2.4,83,3.62
2025-02-14,UA-71,0.3,2.2,82,3.72
2025-02-14,UA-74,-4.7,4.9,90,3.17
2025-02-14,UA-77,1.8,3.2,77,2.28
2025-02-15,UA-05,-5.0,0.2,69,4.45
2025-02-15,UA-07,-4.8,0.1,75,3.4
2025-02-15,UA-09,-2.9,7.7,92,6.08
2025-02-15,UA-12,-3.2,7.6,87,5.35
2025-02-15,UA-14,-3.3,10.5,94,4.84
2025-02-15,UA-18,-6.2,0.1,77,4.33
2025-02-15,UA-21,-1.2,0.0,57,3.46
2025-02-15,UA-23,-1.9,8.5,82,6.31
2025-02-15,UA-26,-3.6,0.0,65,3.37
2025-02-15,UA-30,-6.5,0.6,78,4.82
2025-02-15,UA-32,-5.6,0.2,74,4.57
2025-02-15,UA-35,-4.8,3.6,86,4.58
2025-02-15,UA-40,4.8,0.4,84,6.86
2025-02-15,UA-43,1.0,1.4,90,4.01
2025-02-15,UA-46,-4.0,0.0,72,2.98
2025-02-15,UA-48,-2.0,4.6,84,4.55
2025-02-15,UA-51,-2.6,2.7,82,4.8
2025-02-15,UA-53,-4.9,4.4,86,4.89
2025-02-15,UA-56,-5.0,0.0,73,3.72
2025-02-15,UA-59,-6.3,0.8,87,4.42
2025-02-15,UA-61,-4.9,0.0,70,3.69
2025-02-15,UA-63,-4.3,5.2,88,4.46
2025-02-15,UA-65,-1.5,4.6,82,4.51
2025-02-15,UA-68,-5.3,0.0,72,4.22
2025-02-15,UA-71,-4.9,1.3,78,4.91
2025-02-15,UA-74,-7.4,0.1,80,4.34
2025-02-15,UA-77,-3.3,0.4,66,3.75
2025-02-16,UA-05,-5.7,0.1,71,2.89
2025-02-16,UA-07,-5.1,0.8,84,3.1
2025-02-16,UA-09,-8.8,0.3,82,3.24
2025-02-16,UA-12,-7.1,0.6,81,3.63
2025-02-16,UA-14,-8.2,0.1,80,3.11
2025-02-16,UA-18,-5.9,0.7,76,3.34
2025-02-16,UA-21,-2.2,0.0,62,1.95
2025-02-16,UA-23,-5.1,0.0,66,4.22
2025-02-16,UA-26,-4.6,0.3,73,2.31
2025-02-16,UA-30,-7.3,0.5,74,2.79
2025-02-16,UA-32,-5.6,0.1,68,3.19
2025-02-16,UA-35,-8.6,0.3,79,2.91
2025-02-16,UA-40,-0.8,0.1,64,5.11
2025-02-16,UA-43,-5.2,0.0,68,2.18
2025-02-16,UA-46,-4.9,0.5,77,2.52
2025-02-16,UA-48,-5.6,0.0,74,2.11
2025-02-16,UA-51,-3.8,0.0,62,1.82
2025-02-16,UA-53,-9.0,0.5,78,3.57
2025-02-16,UA-56,-4.6,0.6,80,3.26
2025-02-16,UA-59,-10.6,0.0,83,3.46
2025-02-16,UA-61,-5.2,0.1,78,2.55
2025-02-16,UA-63,-10.2,0.0,79,3.41
2025-02-16,UA-65,-5.5,0.0,69,2.18
2025-02-16,UA-68,-5.7,0.0,76,2.72
2025-02-16,UA-71,-6.4,0.4,74,3.07
2025-02-16,UA-74,-11.7,0.0,81,3.11
2025-02-16,UA-77,-4.4,0.0,70,2.36
2025-02-17,UA-05,-6.6,0.0,66,2.1
2025-02-17,UA-07,-6.9,0.0,70,2.05
2025-02-17,UA-09,-13.0,0.0,82,2.55
2025-02-17,UA-12,-8.9,0.1,86,3.03
2025-02-17,UA-14,-9.6,0.0,70,1.63
2025-02-17,UA-18,-7.7,0.0,72,2.83
2025-02-17,UA-21,-3.9,0.0,63,1.92
2025-02-17,UA-23,-5.6,0.0,68,2.07
2025-02-17,UA-26,-6.3,0.0,71,1.73
2025-02-17,UA-30,-10.0,0.1,81,2.85
2025-02-17,UA-32,-6.5,0.0,66,2.74
2025-02-17,UA-35,-10.1,0.2,80,2.59
2025-02-17,UA-40,0.2,0.0,61,4.8
2025-02-17,UA-43,-4.3,0.0,70,3.68
2025-02-17,UA-46,-7.2,0.0,73,1.48
2025-02-17,UA-48,-5.4,0.0,77,1.99
2025-02-17,UA-51,-3.5,0.0,70,2.37
2025-02-17,UA-53,-11.0,0.8,80,2.89
2025-02-17,UA-56,-6.7,0.0,69,1.96
2025-02-17,UA-59,-12.1,0.0,77,2.8
2025-02-17,UA-61,-7.8,0.0,74,1.5
2025-02-17,UA-63,-10.7,0.8,79,2.41
2025-02-17,UA-65,-5.1,0.0,70,2.01
2025-02-17,UA-68,-8.1,0.0,75,1.91
2025-02-17,UA-71,-6.6,0.2,68,2.9
2025-02-17,UA-74,-10.3,0.0,78,3.79
2025-02-17,UA-77,-6.2,0.0,68,1.72
2025-02-18,UA-05,-7.0,0.0,66,1.78
2025-02-18,UA-07,-6.1,0.0,61,2.35
2025-02-18,UA-09,-12.9,0.0,76,2.08
2025-02-18,UA-12,-9.7,0.0,77,1.35
2025-02-18,UA-14,-10.9,0.0,73,1.73
2025-02-18,UA-18,-8.0,0.0,67,2.7
2025-02-18,UA-21,-4.4,0.0,59,2.1
2025-02-18,UA-23,-6.7,0.0,72,2.62
2025-02-18,UA-26,-6.7,0.0,65,1.72
2025-02-18,UA-30,-8.7,0.0,75,3.12
2025-02-18,UA-32,-6.8,0.0,60,2.28
2025-02-18,UA-35,-9.6,0.0,75,1.51
2025-02-18,UA-40,-0.3,0.0,62,3.99
2025-02-18,UA-43,-5.0,0.0,76,3.62
2025-02-18,UA-46,-7.3,0.0,67,1.84
2025-02-18,UA-48,-6.8,0.0,72,2.01
2025-02-18,UA-51,-5.2,0.0,67,2.53
2025-02-18,UA-53,-12.0,0.0,78,2.78
2025-02-18,UA-56,-6.3,0.0,61,2.12
2025-02-18,UA-59,-8.6,0.0,75,3.89
2025-02-18,UA-61,-7.8,0.0,68,1.78
2025-02-18,UA-63,-10.4,0.0,77,3.19
2025-02-18,UA-65,-5.6,0.0,65,2.18
2025-02-18,UA-68,-8.2,0.4,73,1.87
2025-02-18,UA-71,-6.4,0.0,61,2.45
2025-02-18,UA-74,-6.5,0.0,70,4.45
2025-02-18,UA-77,-5.6,0.0,70,1.62
2025-02-19,UA-05,-4.8,0.6,70,2.54
2025-02-19,UA-07,-3.9,0.7,83,3.2
2025-02-19,UA-09,-12.2,0.0,81,1.87
2025-02-19,UA-12,-8.3,0.0,73,1.34
2025-02-19,UA-14,-11.3,0.0,74,2.44
2025-02-19,UA-18,-4.8,0.4,74,3.24
2025-02-19,UA-21,-3.9,0.0,67,1.87
2025-02-19,UA-23,-6.4,0.0,66,2.09
2025-02-19,UA-26,-4.7,0.3,69,2.88
2025-02-19,UA-30,-5.9,0.6,79,3.42
2025-02-19,UA-32,-4.8,0.7,71,2.66
2025-02-19,UA-35,-8.4,0.0,73,2.68
2025-02-19,UA-40,-1.6,0.0,60,5.31
2025-02-19,UA-43,-6.0,0.0,71,2.53
2025-02-19,UA-46,-4.1,1.0,78,3.2
2025-02-19,UA-48,-6.6,0.0,73,2.17
2025-02-19,UA-51,-4.9,0.0,63,2.17
2025-02-19,UA-53,-9.2,0.0,75,2.85
2025-02-19,UA-56,-3.8,0.4,79,3.33
2025-02-19,UA-59,-7.0,0.6,78,3.76
2025-02-19,UA-61,-4.7,0.5,74,3.09
2025-02-19,UA-63,-9.0,0.0,76,3.2
2025-02-19,UA-65,-6.4,0.0,65,2.31
2025-02-19,UA-68,-4.8,0.8,71,2.87
2025-02-19,UA-71,-4.9,0.4,65,2.59
2025-02-19,UA-74,-4.4,1.4,75,3.9
2025-02-19,UA-77,-3.9,0.0,60,3.08
2025-02-20,UA-05,-4.9,0.0,70,2.85
2025-02-20,UA-07,-5.8,0.0,72,1.94
2025-02-20,UA-09,-13.7,0.0,77,2.78
2025-02-20,UA-12,-6.8,0.5,76,2.95
2025-02-20,UA-14,-10.4,0.0,66,1.73
2025-02-20,UA-18,-5.7,0.0,73,3.03
2025-02-20,UA-21,-4.2,0.0,72,1.25
2025-02-20,UA-23,-4.6,1.9,73,3.42
2025-02-20,UA-26,-4.0,0.2,70,2.19
2025-02-20,UA-30,-6.9,0.0,76,2.99
2025-02-20,UA-32,-4.7,0.0,69,3.28
2025-02-20,UA-35,-7.4,0.3,80,3.73
2025-02-20,UA-40,-1.4,0.2,56,4.3
2025-02-20,UA-43,-5.7,0.0,65,1.7
2025-02-20,UA-46,-4.6,0.0,75,1.67
2025-02-20,UA-48,-5.2,0.4,75,3.67
2025-02-20,UA-51,-3.4,0.5,65,4.34
2025-02-20,UA-53,-6.8,0.8,78,3.46
2025-02-20,UA-56,-5.8,0.0,71,2.12
2025-02-20,UA-59,-8.2,0.0,83,3.5
2025-02-20,UA-61,-5.0,0.0,72,2.01
2025-02-20,UA-63,-7.3,1.1,81,3.05
2025-02-20,UA-65,-5.4,0.8,75,3.52
2025-02-20,UA-68,-5.7,0.0,75,2.52
2025-02-20,UA-71,-4.7,0.3,70,3.71
2025-02-20,UA-74,-6.8,0.3,73,3.31
2025-02-20,UA-77,-3.6,0.4,67,2.89
2025-02-21,UA-05,-7.9,0.0,69,2.01
2025-02-21,UA-07,-5.8,0.0,64,3.24
2025-02-21,UA-09,-10.9,0.0,78,2.8
2025-02-21,UA-12,-7.2,0.4,75,3.23
2025-02-21,UA-14,-10.2,0.0,67,3.25
2025-02-21,UA-18,-7.5,0.0,68,2.09
2025-02-21,UA-21,-3.9,0.0,69,1.9
2025-02-21,UA-23,-5.6,1.1,69,4.93
2025-02-21,UA-26,-5.0,0.0,59,3.39
2025-02-21,UA-30,-8.0,0.0,68,2.4
2025-02-21,UA-32,-6.9,0.0,64,2.46
2025-02-21,UA-35,-7.8,0.3,85,3.58
2025-02-21,UA-40,-1.9,1.1,66,7.6
2025-02-21,UA-43,-6.3,0.3,75,4.67
2025-02-21,UA-46,-5.3,0.0,61,3.94
2025-02-21,UA-48,-6.1,0.0,75,4.69
2025-02-21,UA-51,-5.2,0.0,65,5.86
2025-02-21,UA-53,-7.9,0.0,81,3.4
2025-02-21,UA-56,-6.2,0.0,66,2.77
2025-02-21,UA-59,-10.5,0.0,83,3.22
2025-02-21,UA-61,-6.6,0.0,67,2.89
2025-02-21,UA-63,-9.1,0.0,80,2.54
2025-02-21,UA-65,-6.5,0.1,72,4.56
2025-02-21,UA-68,-6.8,0.0,67,1.85
2025-02-21,UA-71,-6.1,0.0,69,3.2
2025-02-21,UA-74,-8.6,0.0,68,2.25
2025-02-21,UA-77,-4.9,0.0,60,2.22
2025-02-22,UA-05,-8.1,0.0,69,2.15
2025-02-22,UA-07,-3.8,0.0,55,4.44
2025-02-22,UA-09,-9.1,0.0,79,3.05
2025-02-22,UA-12,-8.1,0.0,70,3.27
2025-02-22,UA-14,-8.5,0.0,71,3.37
2025-02-22,UA-18,-7.1,0.0,63,2.5
2025-02-22,UA-21,-2.3,0.0,61,2.3
2025-02-22,UA-23,-7.3,0.0,72,4.87
2025-02-22,UA-26,-4.0,0.0,57,4.61
2025-02-22,UA-30,-9.4,0.0,72,2.27
2025-02-22,UA-32,-8.6,0.0,70,1.75
2025-02-22,UA-35,-10.2,0.0,83,2.75
2025-02-22,UA-40,-3.0,0.3,68,8.36
2025-02-22,UA-43,-7.7,0.4,78,4.52
2025-02-22,UA-46,-3.4,0.0,55,4.81
2025-02-22,UA-48,-7.6,0.0,76,3.21
2025-02-22,UA-51,-6.5,0.0,69,3.83
2025-02-22,UA-53,-10.1,0.0,74,2.68
2025-02-22,UA-56,-4.6,0.0,59,4.24
2025-02-22,UA-59,-12.1,0.0,77,2.52
2025-02-22,UA-61,-5.2,0.0,61,4.62
2025-02-22,UA-63,-8.4,0.0,75,3.12
2025-02-22,UA-65,-7.6,0.0,72,3.36
2025-02-22,UA-68,-6.5,0.0,65,3.4
2025-02-22,UA-71,-7.3,0.0,68,1.76
2025-02-22,UA-74,-9.6,0.0,70,2.4
2025-02-22,UA-77,-4.8,0.0,59,4.18
2025-02-23,UA-05,-5.7,0.0,58,2.11
2025-02-23,UA-07,-2.5,0.0,57,3.15
2025-02-23,UA-09,-7.5,3.8,85,4.42
2025-02-23,UA-12,-6.1,0.0,67,4.93
2025-02-23,UA-14,-7.3,1.4,78,4.33
2025-02-23,UA-18,-5.1,0.0,56,2.38
2025-02-23,UA-21,0.1,0.0,58,2.04
2025-02-23,UA-23,-5.3,0.0,69,6.15
2025-02-23,UA-26,-2.6,0.0,57,3.18
2025-02-23,UA-30,-6.6,0.0,63,1.7
2025-02-23,UA-32,-5.8,0.0,61,1.82
2025-02-23,UA-35,-9.2,0.0,74,2.93
2025-02-23,UA-40,-2.0,0.0,64,7.53
2025-02-23,UA-43,-6.6,0.0,71,2.75
2025-02-23,UA-46,-1.8,0.0,58,3.03
2025-02-23,UA-48,-5.2,0.0,63,3.43
2025-02-23,UA-51,-5.0,0.0,59,3.16
2025-02-23,UA-53,-6.9,0.0,68,4.34
2025-02-23,UA-56,-3.0,0.0,54,3.34
2025-02-23,UA-59,-8.7,0.0,75,3.44
2025-02-23,UA-61,-3.8,0.0,57,3.49
2025-02-23,UA-63,-7.6,0.0,74,4.31
2025-02-23,UA-65,-5.2,0.0,61,3.67
2025-02-23,UA-68,-4.8,0.0,57,3.26
2025-02-23,UA-71,-5.6,0.0,65,2.59
2025-02-23,UA-74,-6.8,0.0,63,2.38
2025-02-23,UA-77,-3.4,0.0,56,3.58
2025-02-24,UA-05,-3.1,0.0,48,1.28
2025-02-24,UA-07,-0.7,0.0,68,1.67
2025-02-24,UA-09,-7.2,2.4,84,4.07
2025-02-24,UA-12,-4.2,0.0,61,4.6
2025-02-24,UA-14,-6.6,1.3,80,3.97
2025-02-24,UA-18,-3.5,0.0,53,1.68
2025-02-24,UA-21,0.5,0.1,70,1.27
2025-02-24,UA-23,-3.4,0.0,63,5.77
2025-02-24,UA-26,0.1,0.0,60,1.31
2025-02-24,UA-30,-6.4,0.0,67,1.8
2025-02-24,UA-32,-3.8,0.0,58,1.76
2025-02-24,UA-35,-6.8,0.0,64,2.85
2025-02-24,UA-40,2.3,0.4,59,8.2
2025-02-24,UA-43,-2.7,0.0,70,3.56
2025-02-24,UA-46,0.1,0.0,69,1.79
2025-02-24,UA-48,-2.5,0.0,55,2.61
2025-02-24,UA-51,-2.8,0.0,57,2.47
2025-02-24,UA-53,-5.1,0.0,61,4.09
2025-02-24,UA-56,-1.0,0.0,58,1.64
2025-02-24,UA-59,-8.1,0.0,69,3.39
2025-02-24,UA-61,-1.0,0.0,65,1.8
2025-02-24,UA-63,-6.5,0.0,67,4.05
2025-02-24,UA-65,-2.5,0.0,56,2.95
2025-02-24,UA-68,-2.1,0.0,55,1.26
2025-02-24,UA-71,-4.0,0.0,58,2.29
2025-02-24,UA-74,-5.5,0.0,58,2.24
2025-02-24,UA-77,-0.6,0.0,56,0.92
2025-02-25,UA-05,-2.6,0.0,47,1.43
2025-02-25,UA-07,0.2,0.0,75,2.22
2025-02-25,UA-09,-11.8,0.2,83,3.4
2025-02-25,UA-12,-7.5,0.0,68,2.49
2025-02-25,UA-14,-10.8,0.0,77,2.77
2025-02-25,UA-18,-3.6,0.0,54,1.52
2025-02-25,UA-21,2.0,0.0,77,1.43
2025-02-25,UA-23,-6.8,0.0,69,3.62
2025-02-25,UA-26,2.0,0.0,66,2.07
2025-02-25,UA-30,-5.3,0.0,61,1.66
2025-02-25,UA-32,-3.9,0.0,56,1.43
2025-02-25,UA-35,-6.6,0.0,71,2.26
2025-02-25,UA-40,2.1,0.4,58,4.4
2025-02-25,UA-43,-3.2,0.0,67,2.05
2025-02-25,UA-46,2.4,0.0,72,2.34
2025-02-25,UA-48,-4.1,0.0,64,2.71
2025-02-25,UA-51,-2.2,0.0,55,2.48
2025-02-25,UA-53,-7.9,0.0,68,2.03
2025-02-25,UA-56,-0.7,0.0,61,2.21
2025-02-25,UA-59,-9.9,0.0,75,1.71
2025-02-25,UA-61,0.8,0.0,69,1.91
2025-02-25,UA-63,-7.7,0.3,70,2.58
2025-02-25,UA-65,-4.4,0.0,62,2.61
2025-02-25,UA-68,-1.3,0.0,54,1.83
2025-02-25,UA-71,-4.6,0.0,63,1.65
2025-02-25,UA-74,-5.0,0.0,59,1.82
2025-02-25,UA-77,0.9,0.0,64,1.68
2025-02-26,UA-05,0.3,0.0,48,2.38
2025-02-26,UA-07,2.6,0.0,69,2.63
2025-02-26,UA-09,-14.0,0.0,88,1.23
2025-02-26,UA-12,-5.4,0.0,69,1.56
2025-02-26,UA-14,-9.4,0.0,70,1.12
2025-02-26,UA-18,-0.4,0.0,50,2.53
2025-02-26,UA-21,3.7,0.0,75,1.61
2025-02-26,UA-23,-5.0,0.0,67,1.43
2025-02-26,UA-26,2.3,0.0,68,2.09
2025-02-26,UA-30,-2.4,0.0,54,2.96
2025-02-26,UA-32,-0.9,0.0,49,2.49
2025-02-26,UA-35,-4.1,0.0,68,2.48
2025-02-26,UA-40,1.7,0.0,62,2.93
2025-02-26,UA-43,-2.6,0.0,68,1.52
2025-02-26,UA-46,3.2,0.0,71,1.99
2025-02-26,UA-48,-2.8,0.0,69,2.12
2025-02-26,UA-51,-0.1,0.0,68,3.27
2025-02-26,UA-53,-5.8,0.0,70,2.05
2025-02-26,UA-56,2.3,0.0,63,2.66
2025-02-26,UA-59,-7.3,0.0,77,2.48
2025-02-26,UA-61,1.8,0.0,63,2.45
2025-02-26,UA-63,-7.1,0.3,78,2.12
2025-02-26,UA-65,-3.3,0.0,63,1.85
2025-02-26,UA-68,0.6,0.0,59,2.47
2025-02-26,UA-71,-3.1,0.0,65,2.72
2025-02-26,UA-74,-3.3,0.0,57,2.79
2025-02-26,UA-77,1.2,0.0,65,2.05
2025-02-27,UA-05,0.7,0.0,73,3.52
2025-02-27,UA-07,3.4,0.0,68,3.35
2025-02-27,UA-09,-8.3,0.0,78,3.51
2025-02-27,UA-12,-3.8,0.0,69,1.3
2025-02-27,UA-14,-8.1,0.0,72,2.81
2025-02-27,UA-18,0.7,0.0,70,3.68
2025-02-27,UA-21,7.1,0.1,69,1.45
2025-02-27,UA-23,-3.2,0.0,68,1.2
2025-02-27,UA-26,2.8,0.0,72,3.62
2025-02-27,UA-30,-0.5,0.0,71,3.3
2025-02-27,UA-32,0.4,0.0,71,3.27
2025-02-27,UA-35,-2.8,0.0,66,2.37
2025-02-27,UA-40,3.3,0.0,70,4.34
2025-02-27,UA-43,-0.2,0.0,74,2.04
2025-02-27,UA-46,3.4,0.0,70,3.17
2025-02-27,UA-48,-1.5,0.0,68,2.72
2025-02-27,UA-51,0.9,0.0,79,4.05
2025-02-27,UA-53,-4.6,0.0,68,1.87
2025-02-27,UA-56,2.8,0.0,70,3.64
2025-02-27,UA-59,-5.6,0.0,72,2.69
2025-02-27,UA-61,2.1,0.0,74,3.84
2025-02-27,UA-63,-6.5,0.0,74,2.64
2025-02-27,UA-65,-1.7,0.0,70,2.59
2025-02-27,UA-68,1.4,0.0,76,3.97
2025-02-27,UA-71,-1.5,0.0,64,2.68
2025-02-27,UA-74,-1.6,0.0,71,3.38
2025-02-27,UA-77,2.2,0.0,81,3.74
2025-02-28,UA-05,2.1,1.1,75,4.09
2025-02-28,UA-07,2.8,4.7,93,3.43
2025-02-28,UA-09,-8.8,0.0,82,2.29
2025-02-28,UA-12,-2.4,0.0,67,2.23
2025-02-28,UA-14,-7.1,0.0,75,2.61
2025-02-28,UA-18,1.9,1.0,71,4.38
2025-02-28,UA-21,5.3,10.1,91,1.47
2025-02-28,UA-23,-2.1,0.0,69,3.06
2025-02-28,UA-26,3.7,3.6,92,2.71
2025-02-28,UA-30,0.7,0.0,66,3.78
2025-02-28,UA-32,1.5,0.0,65,3.47
2025-02-28,UA-35,-1.4,0.0,63,2.29
2025-02-28,UA-40,3.3,0.0,68,2.07
2025-02-28,UA-43,-1.0,0.0,70,2.67
2025-02-28,UA-46,2.5,6.6,95,2.92
2025-02-28,UA-48,-0.8,0.0,66,2.68
2025-02-28,UA-51,1.0,0.0,76,3.56
2025-02-28,UA-53,-3.2,0.0,68,1.77
2025-02-28,UA-56,3.6,2.8,87,4.16
2025-02-28,UA-59,-2.9,0.0,69,1.95
2025-02-28,UA-61,2.8,3.1,93,3.57
2025-02-28,UA-63,-5.3,0.0,76,2.57
2025-02-28,UA-65,-1.4,0.0,66,2.6
2025-02-28,UA-68,2.8,1.8,85,4.52
2025-02-28,UA-71,-0.8,0.0,66,2.82
2025-02-28,UA-74,-0.4,0.0,67,3.46
2025-02-28,UA-77,3.9,1.5,90,3.67
2025-03-01,UA-05,0.5,1.7,93,2.55
2025-03-01,UA-07,3.0,1.1,86,2.42
2025-03-01,UA-09,-12.1,0.0,84,2.02
2025-03-01,UA-12,-2.1,0.0,70,2.46
2025-03-01,UA-14,-6.0,0.0,66,2.26
2025-03-01,UA-18,0.9,2.7,98,2.84
2025-03-01,UA-21,4.2,0.1,87,1.74
2025-03-01,UA-23,-1.6,0.0,68,2.87
2025-03-01,UA-26,4.0,1.7,85,1.51
2025-03-01,UA-30,-0.3,2.2,87,3.4
2025-03-01,UA-32,0.1,1.3,85,3.18
2025-03-01,UA-35,-1.8,0.0,79,2.41
2025-03-01,UA-40,4.0,0.0,66,1.37
2025-03-01,UA-43,-0.2,0.0,66,1.84
2025-03-01,UA-46,2.7,0.9,88,2.07
2025-03-01,UA-48,-0.8,0.5,78,2.35
2025-03-01,UA-51,0.3,1.5,85,3.33
2025-03-01,UA-53,-2.7,0.0,77,2.53
2025-03-01,UA-56,3.1,0.7,90,2.18
2025-03-01,UA-59,-2.1,0.2,77,3.26
2025-03-01,UA-61,3.4,1.5,86,1.77
2025-03-01,UA-63,-5.2,0.0,80,2.54
2025-03-01,UA-65,-1.0,0.0,74,2.67
2025-03-01,UA-68,2.3,0.6,95,1.94
2025-03-01,UA-71,-1.2,0.1,76,2.93
2025-03-01,UA-74,-0.8,2.3,88,3.82
2025-03-01,UA-77,3.2,1.0,94,1.44
2025-03-02,UA-05,1.2,0.0,91,1.98
2025-03-02,UA-07,1.2,1.6,91,3.88
2025-03-02,UA-09,-6.3,0.0,77,2.63
2025-03-02,UA-12,-1.0,1.2,76,1.9
2025-03-02,UA-14,-3.4,0.0,61,2.16
2025-03-02,UA-18,1.2,0.2,92,2.67
2025-03-02,UA-21,3.4,0.0,75,3.15
2025-03-02,UA-23,-0.5,1.0,71,2.05
2025-03-02,UA-26,1.8,1.8,90,3.89
2025-03-02,UA-30,0.7,0.2,94,1.68
2025-03-02,UA-32,1.2,0.1,91,1.49
2025-03-02,UA-35,-0.2,2.7,89,1.35
2025-03-02,UA-40,4.7,2.5,71,1.62
2025-03-02,UA-43,1.8,2.1,73,1.09
2025-03-02,UA-46,1.2,2.0,90,4.06
2025-03-02,UA-48,-0.7,5.5,95,1.49
2025-03-02,UA-51,1.1,5.6,99,1.87
2025-03-02,UA-53,-0.9,0.0,77,1.86
2025-03-02,UA-56,1.0,1.4,92,3.32
2025-03-02,UA-59,-0.6,0.1,85,2.5
2025-03-02,UA-61,1.0,1.0,90,3.74
2025-03-02,UA-63,-1.0,0.0,75,2.19
2025-03-02,UA-65,-0.4,2.7,88,1.29
2025-03-02,UA-68,0.6,1.7,94,2.95
2025-03-02,UA-71,0.2,0.2,90,1.43
2025-03-02,UA-74,0.9,1.2,90,2.52
2025-03-02,UA-77,2.2,3.2,91,3.8
2025-03-03,UA-05,1.8,0.1,82,4.08
2025-03-03,UA-07,2.7,0.4,84,5.37
2025-03-03,UA-09,-2.1,0.0,78,2.68
2025-03-03,UA-12,1.0,0.2,81,3.18
2025-03-03,UA-14,-0.1,0.0,67,2.2
2025-03-03,UA-18,2.2,0.6,83,5.0
2025-03-03,UA-21,2.7,0.0,76,2.02
2025-03-03,UA-23,1.1,0.0,80,3.21
2025-03-03,UA-26,2.2,0.5,80,4.52
2025-03-03,UA-30,2.4,0.4,83,4.75
2025-03-03,UA-32,2.5,0.1,80,4.26
2025-03-03,UA-35,1.9,0.2,80,3.39
2025-03-03,UA-40,3.0,0.0,78,4.95
2025-03-03,UA-43,0.1,0.1,87,1.67
2025-03-03,UA-46,2.3,0.6,84,5.15
2025-03-03,UA-48,1.3,0.0,85,2.83
2025-03-03,UA-51,2.1,0.3,82,3.8
2025-03-03,UA-53,1.0,0.2,82,3.97
2025-03-03,UA-56,2.5,0.0,86,5.24
2025-03-03,UA-59,1.6,1.3,88,5.0
2025-03-03,UA-61,1.6,0.4,86,5.16
2025-03-03,UA-63,0.5,0.6,86,4.09
2025-03-03,UA-65,1.3,0.1,84,2.8
2025-03-03,UA-68,1.4,0.4,88,4.59
2025-03-03,UA-71,2.2,0.4,83,3.92
2025-03-03,UA-74,2.5,0.6,86,5.2
2025-03-03,UA-77,1.9,0.0,79,3.71
2025-03-04,UA-05,5.3,0.0,70,5.09
2025-03-04,UA-07,6.1,0.0,70,6.29
2025-03-04,UA-09,1.8,0.5,85,6.44
2025-03-04,UA-12,3.4,0.1,75,5.67
2025-03-04,UA-14,1.4,0.4,80,5.44
2025-03-04,UA-18,5.5,0.0,71,6.38
2025-03-04,UA-21,3.0,0.0,76,1.67
2025-03-04,UA-23,2.8,0.2,81,6.32
2025-03-04,UA-26,5.8,0.0,62,4.69
2025-03-04,UA-30,5.4,0.0,69,6.27
2025-03-04,UA-32,5.5,0.0,70,5.42
2025-03-04,UA-35,4.5,0.0,74,5.04
2025-03-04,UA-40,4.9,0.2,69,3.77
2025-03-04,UA-43,2.5,0.0,78,3.56
2025-03-04,UA-46,5.3,0.0,66,5.7
2025-03-04,UA-48,4.0,0.0,76,4.16
2025-03-04,UA-51,4.3,0.0,72,4.27
2025-03-04,UA-53,3.6,0.2,75,6.04
2025-03-04,UA-56,6.1,0.0,70,6.43
2025-03-04,UA-59,3.6,1.2,80,6.53
2025-03-04,UA-61,5.4,0.0,67,6.13
2025-03-04,UA-63,3.3,1.5,81,5.97
2025-03-04,UA-65,3.5,0.0,77,4.22
2025-03-04,UA-68,5.2,0.0,69,5.61
2025-03-04,UA-71,4.9,0.0,72,5.33
2025-03-04,UA-74,5.4,0.0,68,7.08
2025-03-04,UA-77,5.4,0.0,64,3.5
2025-03-05,UA-05,7.9,0.0,51,5.52
2025-03-05,UA-07,8.0,0.0,47,6.37
2025-03-05,UA-09,5.2,0.0,73,6.82
2025-03-05,UA-12,5.6,0.0,71,5.78
2025-03-05,UA-14,4.0,0.0,76,5.47
2025-03-05,UA-18,7.9,0.0,54,6.89
2025-03-05,UA-21,4.9,0.0,72,2.37
2025-03-05,UA-23,4.9,0.0,76,6.33
2025-03-05,UA-26,7.9,0.0,50,4.37
2025-03-05,UA-30,7.7,0.0,57,6.83
2025-03-05,UA-32,8.0,0.0,55,6.02
2025-03-05,UA-35,7.2,0.0,63,5.77
2025-03-05,UA-40,6.8,0.0,80,4.81
2025-03-05,UA-43,5.7,0.0,77,4.62
2025-03-05,UA-46,7.8,0.0,50,5.42
2025-03-05,UA-48,7.1,0.0,62,4.78
2025-03-05,UA-51,7.7,0.0,58,5.29
2025-03-05,UA-53,5.9,0.0,67,6.39
2025-03-05,UA-56,8.1,0.0,49,6.56
2025-03-05,UA-59,5.9,0.5,70,6.6
2025-03-05,UA-61,7.8,0.0,47,5.98
2025-03-05,UA-63,5.9,0.2,70,6.39
2025-03-05,UA-65,6.6,0.0,64,4.7
2025-03-05,UA-68,7.7,0.0,48,5.73
2025-03-05,UA-71,7.1,0.0,63,6.01
2025-03-05,UA-74,8.0,0.1,56,7.39
2025-03-05,UA-77,7.7,0.0,50,3.12
2025-03-06,UA-05,10.6,0.0,42,4.53
2025-03-06,UA-07,10.4,0.0,48,4.93
2025-03-06,UA-09,8.2,0.0,60,6.15
2025-03-06,UA-12,9.8,0.0,50,5.75
2025-03-06,UA-14,8.1,0.0,58,5.48
2025-03-06,UA-18,10.6,0.0,43,5.75
2025-03-06,UA-21,6.7,0.0,65,2.32
2025-03-06,UA-23,8.1,0.0,60,5.91
2025-03-06,UA-26,10.2,0.0,46,3.48
2025-03-06,UA-30,10.9,0.0,41,6.17
2025-03-06,UA-32,11.1,0.0,40,5.23
2025-03-06,UA-35,10.8,0.0,41,5.22
2025-03-06,UA-40,8.1,0.0,77,3.1
2025-03-06,UA-43,8.1,0.0,61,3.6
2025-03-06,UA-46,10.4,0.0,46,4.17
2025-03-06,UA-48,10.0,0.0,50,4.13
2025-03-06,UA-51,10.3,0.0,49,4.77
2025-03-06,UA-53,9.9,0.0,48,6.41
2025-03-06,UA-56,10.5,0.0,49,5.12
2025-03-06,UA-59,10.4,0.0,47,7.12
2025-03-06,UA-61,10.0,0.0,48,4.25
2025-03-06,UA-63,9.7,0.0,52,6.31
2025-03-06,UA-65,9.5,0.0,53,4.01
2025-03-06,UA-68,10.0,0.0,49,4.39
2025-03-06,UA-71,10.6,0.0,44,5.43
2025-03-06,UA-74,11.5,0.0,38,7.12
2025-03-06,UA-77,10.3,0.0,47,2.42
2025-03-07,UA-05,11.0,0.0,42,2.22
2025-03-07,UA-07,9.1,0.0,53,2.85
2025-03-07,UA-09,10.2,0.0,49,4.84
2025-03-07,UA-12,9.4,0.0,54,3.45
2025-03-07,UA-14,9.0,0.0,53,3.69
2025-03-07,UA-18,9.4,0.0,52,3.21
2025-03-07,UA-21,7.7,0.0,58,1.4
2025-03-07,UA-23,7.2,0.0,66,3.14
2025-03-07,UA-26,8.3,0.0,52,2.03
2025-03-07,UA-30,9.1,0.0,58,3.23
2025-03-07,UA-32,9.8,0.0,52,2.91
2025-03-07,UA-35,10.3,0.0,53,3.01
2025-03-07,UA-40,9.2,0.0,74,2.01
2025-03-07,UA-43,10.0,0.0,52,1.76
2025-03-07,UA-46,9.2,0.0,49,2.3
2025-03-07,UA-48,9.4,0.0,58,2.51
2025-03-07,UA-51,8.9,0.0,65,2.12
2025-03-07,UA-53,9.2,0.0,55,3.65
2025-03-07,UA-56,9.6,0.0,50,2.89
2025-03-07,UA-59,9.7,0.0,48,4.52
2025-03-07,UA-61,9.1,0.0,46,2.43
2025-03-07,UA-63,10.1,0.0,50,4.37
2025-03-07,UA-65,8.7,0.0,60,2.39
2025-03-07,UA-68,9.4,0.0,47,2.28
2025-03-07,UA-71,10.3,0.0,53,3.0
2025-03-07,UA-74,9.5,0.0,55,3.67
2025-03-07,UA-77,8.3,0.0,54,2.05
2025-03-08,UA-05,9.6,0.0,48,1.98
2025-03-08,UA-07,7.2,0.0,63,2.18
2025-03-08,UA-09,7.6,0.0,67,2.31
2025-03-08,UA-12,8.4,0.0,60,2.05
2025-03-08,UA-14,8.8,0.0,63,2.22
2025-03-08,UA-18,8.3,0.0,59,1.92
2025-03-08,UA-21,8.3,0.0,56,0.91
2025-03-08,UA-23,7.6,0.0,68,2.23
2025-03-08,UA-26,6.9,0.0,63,2.44
2025-03-08,UA-30,6.7,0.0,66,1.75
2025-03-08,UA-32,8.1,0.0,58,1.64
2025-03-08,UA-35,9.6,0.0,53,2.06
2025-03-08,UA-40,9.6,0.0,72,2.76
2025-03-08,UA-43,10.0,0.0,47,2.9
2025-03-08,UA-46,7.9,0.0,65,2.18
2025-03-08,UA-48,9.3,0.0,61,2.0
2025-03-08,UA-51,9.4,0.0,72,1.62
2025-03-08,UA-53,8.8,0.0,56,1.68
2025-03-08,UA-56,7.3,0.0,62,2.33
2025-03-08,UA-59,8.0,0.0,60,1.7
2025-03-08,UA-61,7.7,0.0,59,2.61
2025-03-08,UA-63,8.6,0.0,64,1.89
2025-03-08,UA-65,9.4,0.0,62,1.84
2025-03-08,UA-68,8.1,0.0,55,2.49
2025-03-08,UA-71,8.1,0.0,64,1.46
2025-03-08,UA-74,7.8,0.0,61,1.38
2025-03-08,UA-77,8.4,0.0,59,2.06
2025-03-09,UA-05,9.3,0.0,46,2.7
2025-03-09,UA-07,8.1,0.0,58,2.58
2025-03-09,UA-09,5.7,0.0,63,2.53
2025-03-09,UA-12,8.4,0.0,65,2.33
2025-03-09,UA-14,7.0,0.0,62,2.74
2025-03-09,UA-18,8.7,0.0,52,2.68
2025-03-09,UA-21,7.3,0.0,61,1.78
2025-03-09,UA-23,7.5,0.0,72,3.06
2025-03-09,UA-26,6.7,0.0,63,2.37
2025-03-09,UA-30,8.3,0.0,58,2.33
2025-03-09,UA-32,8.6,0.0,54,2.26
2025-03-09,UA-35,8.7,0.0,59,2.37
2025-03-09,UA-40,8.8,0.0,80,1.89
2025-03-09,UA-43,8.8,0.2,68,2.96
2025-03-09,UA-46,8.2,0.0,63,2.51
2025-03-09,UA-48,9.3,0.0,63,2.55
2025-03-09,UA-51,9.0,0.0,66,2.59
2025-03-09,UA-53,7.9,0.0,64,2.39
2025-03-09,UA-56,8.1,0.0,52,3.05
2025-03-09,UA-59,7.9,0.0,61,2.39
2025-03-09,UA-61,7.8,0.0,53,2.92
2025-03-09,UA-63,8.0,0.0,69,2.4
2025-03-09,UA-65,9.3,0.0,64,2.86
2025-03-09,UA-68,8.7,0.0,47,3.52
2025-03-09,UA-71,9.0,0.0,58,2.01
2025-03-09,UA-74,8.8,0.0,60,2.21
2025-03-09,UA-77,9.0,0.0,51,2.89
2025-03-10,UA-05,10.0,0.0,54,3.69
2025-03-10,UA-07,11.8,0.1,45,4.27
2025-03-10,UA-09,5.6,0.0,74,3.26
2025-03-10,UA-12,7.0,0.0,73,2.77
2025-03-10,UA-14,5.9,0.0,76,3.31
2025-03-10,UA-18,10.4,0.0,49,4.27
2025-03-10,UA-21,11.1,2.2,52,3.2
2025-03-10,UA-23,6.2,0.0,80,3.09
2025-03-10,UA-26,10.0,0.0,52,2.65
2025-03-10,UA-30,9.0,0.0,61,3.77
2025-03-10,UA-32,9.2,0.0,63,3.52
2025-03-10,UA-35,7.4,0.0,75,3.04
2025-03-10,UA-40,7.4,0.0,86,2.77
2025-03-10,UA-43,7.4,0.0,77,2.02
2025-03-10,UA-46,11.4,0.0,46,3.81
2025-03-10,UA-48,6.6,0.0,82,3.25
2025-03-10,UA-51,5.4,0.0,88,3.61
2025-03-10,UA-53,7.4,0.0,67,2.94
2025-03-10,UA-56,11.3,0.0,46,4.3
2025-03-10,UA-59,8.2,0.0,62,3.32
2025-03-10,UA-61,10.5,0.0,51,3.51
2025-03-10,UA-63,7.4,0.0,65,2.78
2025-03-10,UA-65,6.8,0.0,80,2.93
2025-03-10,UA-68,10.4,0.0,52,4.25
2025-03-10,UA-71,8.3,0.0,68,3.08
2025-03-10,UA-74,9.2,0.0,57,4.16
2025-03-10,UA-77,10.5,0.0,51,2.52
2025-03-11,UA-05,12.4,1.2,55,3.22
2025-03-11,UA-07,12.8,0.6,61,4.28
2025-03-11,UA-09,6.4,0.0,83,4.95
2025-03-11,UA-12,8.1,0.1,78,4.8
2025-03-11,UA-14,6.3,0.0,82,3.93
2025-03-11,UA-18,11.6,0.9,58,4.05
2025-03-11,UA-21,11.5,8.0,78,2.5
2025-03-11,UA-23,7.5,0.0,81,5.16
2025-03-11,UA-26,12.8,7.0,61,2.17
2025-03-11,UA-30,9.9,0.0,69,3.71
2025-03-11,UA-32,11.3,1.3,64,3.78
2025-03-11,UA-35,8.7,0.4,77,4.2
2025-03-11,UA-40,9.8,0.0,77,6.16
2025-03-11,UA-43,11.2,0.0,56,5.23
2025-03-11,UA-46,13.2,5.2,61,4.49
2025-03-11,UA-48,8.8,0.0,80,4.7
2025-03-11,UA-51,9.2,0.0,79,4.31
2025-03-11,UA-53,7.0,0.7,80,4.46
2025-03-11,UA-56,12.6,0.9,60,4.2
2025-03-11,UA-59,6.2,0.0,81,4.66
2025-03-11,UA-61,12.7,3.8,58,3.56
2025-03-11,UA-63,6.7,0.0,81,4.05
2025-03-11,UA-65,9.4,0.0,78,4.71
2025-03-11,UA-68,12.6,3.0,56,3.48
2025-03-11,UA-71,8.9,0.3,72,3.89
2025-03-11,UA-74,9.1,0.0,71,4.05
2025-03-11,UA-77,14.3,2.1,52,2.64
2025-03-12,UA-05,11.9,1.0,67,3.5
2025-03-12,UA-07,11.0,7.9,78,3.7
2025-03-12,UA-09,11.2,0.0,65,5.94
2025-03-12,UA-12,11.9,0.0,72,4.56
2025-03-12,UA-14,10.9,0.2,69,4.55
2025-03-12,UA-18,10.2,2.2,75,3.45
2025-03-12,UA-21,11.9,2.4,82,2.99
2025-03-12,UA-23,10.5,0.0,76,5.51
2025-03-12,UA-26,11.7,0.1,68,3.06
2025-03-12,UA-30,9.0,3.5,83,3.12
2025-03-12,UA-32,10.8,2.3,73,3.64
2025-03-12,UA-35,11.0,0.1,72,3.7
2025-03-12,UA-40,11.5,0.4,73,5.5
2025-03-12,UA-43,14.1,0.2,53,5.43
2025-03-12,UA-46,11.1,1.4,73,4.24
2025-03-12,UA-48,11.9,0.0,72,3.86
2025-03-12,UA-51,11.7,0.0,74,3.77
2025-03-12,UA-53,10.2,2.0,75,4.55
2025-03-12,UA-56,11.0,6.0,77,3.77
2025-03-12,UA-59,8.5,2.4,86,4.76
2025-03-12,UA-61,10.9,1.2,72,3.67
2025-03-12,UA-63,11.0,1.7,75,4.61
2025-03-12,UA-65,12.0,0.0,72,4.05
2025-03-12,UA-68,11.2,1.3,72,3.61
2025-03-12,UA-71,10.7,2.0,74,3.71
2025-03-12,UA-74,7.4,6.7,89,2.83
2025-03-12,UA-77,12.6,0.0,64,2.46
2025-03-13,UA-05,11.9,0.2,73,4.71
2025-03-13,UA-07,11.1,1.2,74,5.75
2025-03-13,UA-09,13.8,0.0,61,3.43
2025-03-13,UA-12,12.1,0.3,72,4.66
2025-03-13,UA-14,12.1,0.0,65,3.21
2025-03-13,UA-18,11.2,1.3,76,5.14
2025-03-13,UA-21,11.6,17.1,83,4.1
2025-03-13,UA-23,10.8,0.1,75,4.77
2025-03-13,UA-26,11.7,1.5,68,4.0
2025-03-13,UA-30,10.8,3.3,80,5.17
2025-03-13,UA-32,11.6,0.5,77,4.92
2025-03-13,UA-35,11.4,1.0,75,5.32
2025-03-13,UA-40,13.1,0.2,65,4.35
2025-03-13,UA-43,17.1,0.0,47,3.47
2025-03-13,UA-46,11.1,3.6,72,5.6
2025-03-13,UA-48,11.4,0.5,71,5.42
2025-03-13,UA-51,10.9,0.3,74,6.52
2025-03-13,UA-53,11.3,0.8,73,5.51
2025-03-13,UA-56,11.4,3.2,73,5.31
2025-03-13,UA-59,11.1,2.4,77,5.45
2025-03-13,UA-61,11.2,1.0,71,5.13
2025-03-13,UA-63,11.9,1.0,73,4.69
2025-03-13,UA-65,12.6,0.3,67,5.05
2025-03-13,UA-68,11.5,0.6,70,5.16
2025-03-13,UA-71,11.2,0.8,76,5.02
2025-03-13,UA-74,10.5,6.1,82,5.74
2025-03-13,UA-77,12.5,0.0,63,3.53
2025-03-14,UA-05,12.9,0.0,57,3.19
2025-03-14,UA-07,6.2,8.9,75,4.1
2025-03-14,UA-09,15.7,0.0,53,4.33
2025-03-14,UA-12,14.1,0.0,61,3.75
2025-03-14,UA-14,14.2,0.0,57,3.49
2025-03-14,UA-18,11.0,0.2,61,4.26
2025-03-14,UA-21,11.6,8.8,81,3.02
2025-03-14,UA-23,12.0,0.1,70,3.91
2025-03-14,UA-26,11.6,3.5,69,2.42
2025-03-14,UA-30,10.9,0.0,65,4.29
2025-03-14,UA-32,12.6,0.0,60,3.86
2025-03-14,UA-35,13.9,0.0,64,3.16
2025-03-14,UA-40,12.1,0.0,72,4.55
2025-03-14,UA-43,15.6,0.0,52,4.46
2025-03-14,UA-46,8.1,9.9,75,2.97
2025-03-14,UA-48,12.5,0.4,70,3.5
2025-03-14,UA-51,13.0,0.4,75,4.29
2025-03-14,UA-53,12.8,0.0,61,3.58
2025-03-14,UA-56,8.1,6.0,72,3.6
2025-03-14,UA-59,11.4,0.0,64,4.91
2025-03-14,UA-61,10.0,3.3,70,2.54
2025-03-14,UA-63,13.3,0.0,60,4.28
2025-03-14,UA-65,12.8,0.3,69,3.49
2025-03-14,UA-68,11.5,0.7,63,3.29
2025-03-14,UA-71,13.4,0.0,60,3.39
2025-03-14,UA-74,9.3,0.0,67,5.39
2025-03-14,UA-77,14.1,0.5,54,3.01
2025-03-15,UA-05,5.9,9.6,85,3.65
2025-03-15,UA-07,0.4,2.2,88,5.08
2025-03-15,UA-09,14.3,0.8,58,4.54
2025-03-15,UA-12,13.3,0.2,71,3.27
2025-03-15,UA-14,13.7,0.5,63,3.64
2025-03-15,UA-18,3.6,4.6,86,4.12
2025-03-15,UA-21,6.8,14.3,85,3.41
2025-03-15,UA-23,11.8,0.0,74,4.29
2025-03-15,UA-26,3.8,18.6,94,2.89
2025-03-15,UA-30,4.2,3.2,83,3.96
2025-03-15,UA-32,6.2,6.4,82,3.88
2025-03-15,UA-35,11.8,0.8,76,3.28
2025-03-15,UA-40,13.0,0.0,68,5.28
2025-03-15,UA-43,16.6,0.0,46,5.13
2025-03-15,UA-46,1.6,10.0,94,4.39
2025-03-15,UA-48,11.0,0.1,76,4.09
2025-03-15,UA-51,11.3,0.0,79,3.9
2025-03-15,UA-53,11.1,2.5,76,3.52
2025-03-15,UA-56,1.6,3.7,88,4.48
2025-03-15,UA-59,6.8,5.8,80,4.54
2025-03-15,UA-61,3.2,14.2,93,3.81
2025-03-15,UA-63,11.6,3.8,77,3.51
2025-03-15,UA-65,12.0,0.0,73,4.19
2025-03-15,UA-68,4.3,11.8,88,4.06
2025-03-15,UA-71,8.7,2.7,79,3.51
2025-03-15,UA-74,2.1,2.6,78,5.01
2025-03-15,UA-77,7.1,7.1,84,3.3
2025-03-16,UA-05,1.7,0.4,86,2.54
2025-03-16,UA-07,1.2,0.0,72,2.34
2025-03-16,UA-09,13.0,2.0,70,4.28
2025-03-16,UA-12,7.1,2.6,91,2.69
2025-03-16,UA-14,12.4,2.9,73,3.59
2025-03-16,UA-18,1.2,0.1,77,2.72
2025-03-16,UA-21,4.5,0.0,75,3.78
2025-03-16,UA-23,8.6,3.3,87,3.99
2025-03-16,UA-26,1.9,0.0,88,2.09
2025-03-16,UA-30,1.5,0.1,79,2.78
2025-03-16,UA-32,1.6,0.6,86,2.58
2025-03-16,UA-35,3.5,4.0,91,3.44
2025-03-16,UA-40,12.8,0.0,68,3.97
2025-03-16,UA-43,16.2,0.1,46,4.82
2025-03-16,UA-46,0.9,0.0,83,2.46
2025-03-16,UA-48,8.2,2.2,84,3.71
2025-03-16,UA-51,7.6,1.0,85,4.62
2025-03-16,UA-53,4.2,6.0,88,3.08
2025-03-16,UA-56,1.6,0.0,72,2.46
2025-03-16,UA-59,2.0,0.7,81,3.01
2025-03-16,UA-61,1.4,0.0,83,2.26
2025-03-16,UA-63,4.0,7.5,92,2.66
2025-03-16,UA-65,9.4,1.8,80,3.56
2025-03-16,UA-68,1.3,0.0,83,2.51
2025-03-16,UA-71,2.6,3.8,88,2.91
2025-03-16,UA-74,1.5,0.0,67,2.78
2025-03-16,UA-77,2.4,0.3,88,2.71
2025-03-17,UA-05,0.3,0.6,73,4.34
2025-03-17,UA-07,-0.9,1.1,69,5.37
2025-03-17,UA-09,5.6,1.4,89,2.4
2025-03-17,UA-12,4.7,1.0,79,2.68
2025-03-17,UA-14,6.2,1.7,87,2.32
2025-03-17,UA-18,-1.3,0.9,75,4.69
2025-03-17,UA-21,2.3,0.0,62,4.94
2025-03-17,UA-23,5.5,0.5,83,3.16
2025-03-17,UA-26,-0.1,0.9,78,4.28
2025-03-17,UA-30,-0.5,0.6,78,4.49
2025-03-17,UA-32,0.4,0.6,73,4.18
2025-03-17,UA-35,3.6,0.3,74,3.21
2025-03-17,UA-40,8.3,2.6,87,5.29
2025-03-17,UA-43,8.8,1.9,82,2.73
2025-03-17,UA-46,-1.3,0.7,75,4.76
2025-03-17,UA-48,4.6,0.2,81,3.49
2025-03-17,UA-51,4.7,0.0,78,4.29
2025-03-17,UA-53,3.6,0.0,67,2.58
2025-03-17,UA-56,-1.1,0.9,71,5.24
2025-03-17,UA-59,1.1,0.1,72,2.53
2025-03-17,UA-61,-1.3,0.5,76,4.6
2025-03-17,UA-63,3.5,0.0,74,1.82
2025-03-17,UA-65,5.0,0.0,80,3.0
2025-03-17,UA-68,-1.2,0.4,77,4.58
2025-03-17,UA-71,2.7,0.3,71,3.85
2025-03-17,UA-74,-1.2,1.5,75,4.63
2025-03-17,UA-77,1.4,1.5,77,4.54
2025-03-18,UA-05,-0.3,0.0,50,4.98
2025-03-18,UA-07,-0.1,0.5,60,4.59
2025-03-18,UA-09,3.0,4.0,81,3.07
2025-03-18,UA-12,-0.3,0.2,73,5.71
2025-03-18,UA-14,1.9,5.9,91,3.85
2025-03-18,UA-18,-0.4,0.2,56,5.05
2025-03-18,UA-21,0.8,0.0,50,2.79
2025-03-18,UA-23,1.1,0.0,71,6.63
2025-03-18,UA-26,-0.5,0.0,54,3.66
2025-03-18,UA-30,-0.0,0.4,58,4.87
2025-03-18,UA-32,0.1,0.1,51,5.06
2025-03-18,UA-35,-0.3,0.0,55,6.25
2025-03-18,UA-40,4.2,3.3,69,8.51
2025-03-18,UA-43,1.7,2.8,73,3.86
2025-03-18,UA-46,-0.4,0.0,57,3.92
2025-03-18,UA-48,0.8,0.0,58,6.48
2025-03-18,UA-51,1.1,0.0,48,7.37
2025-03-18,UA-53,-1.6,1.3,68,5.54
2025-03-18,UA-56,-0.1,0.6,61,4.72
2025-03-18,UA-59,-1.8,1.4,63,5.49
2025-03-18,UA-61,-0.9,0.0,57,4.43
2025-03-18,UA-63,-1.0,0.8,74,4.68
2025-03-18,UA-65,0.6,0.0,57,5.88
2025-03-18,UA-68,-1.0,0.1,57,4.83
2025-03-18,UA-71,0.2,0.0,57,5.82
2025-03-18,UA-74,-0.3,0.2,60,4.62
2025-03-18,UA-77,-0.1,0.0,48,4.27
2025-03-19,UA-05,3.9,0.6,67,4.1
2025-03-19,UA-07,4.0,0.0,58,4.19
2025-03-19,UA-09,-0.1,4.7,71,3.98
2025-03-19,UA-12,1.0,0.0,68,2.84
2025-03-19,UA-14,-1.1,2.8,65,3.9
2025-03-19,UA-18,3.6,1.0,72,4.23
2025-03-19,UA-21,2.6,0.0,56,2.0
2025-03-19,UA-23,1.6,0.1,64,3.55
2025-03-19,UA-26,3.6,0.0,54,4.24
2025-03-19,UA-30,3.1,0.8,79,3.47
2025-03-19,UA-32,3.4,1.2,75,3.59
2025-03-19,UA-35,2.6,0.0,69,2.8
2025-03-19,UA-40,3.8,0.4,54,5.69
2025-03-19,UA-43,1.0,0.0,60,2.69
2025-03-19,UA-46,2.7,0.0,59,3.89
2025-03-19,UA-48,3.1,0.0,63,3.23
2025-03-19,UA-51,3.7,0.3,60,3.89
2025-03-19,UA-53,0.8,0.0,70,2.61
2025-03-19,UA-56,4.0,0.0,62,4.26
2025-03-19,UA-59,0.9,0.5,81,3.08
2025-03-19,UA-61,3.2,0.0,58,4.33
2025-03-19,UA-63,0.4,0.2,65,2.48
2025-03-19,UA-65,2.4,0.0,61,2.8
2025-03-19,UA-68,3.4,0.3,62,4.23
2025-03-19,UA-71,3.3,0.0,77,2.82
2025-03-19,UA-74,3.2,0.3,78,3.71
2025-03-19,UA-77,4.6,0.0,50,4.62
2025-03-20,UA-05,5.3,0.0,56,2.53
2025-03-20,UA-07,5.5,0.0,56,3.1
2025-03-20,UA-09,2.8,0.0,65,2.14
2025-03-20,UA-12,6.5,0.0,65,2.42
2025-03-20,UA-14,2.4,0.0,68,1.64
2025-03-20,UA-18,4.7,0.0,59,2.86
2025-03-20,UA-21,3.6,0.0,61,2.2
2025-03-20,UA-23,5.3,0.0,71,1.91
2025-03-20,UA-26,5.0,0.0,56,1.61
2025-03-20,UA-30,5.0,0.0,66,2.56
2025-03-20,UA-32,5.4,0.0,61,2.53
2025-03-20,UA-35,6.8,0.0,60,2.58
2025-03-20,UA-40,5.9,0.0,62,4.7
2025-03-20,UA-43,3.9,0.0,62,2.39
2025-03-20,UA-46,4.8,0.0,55,2.72
2025-03-20,UA-48,7.3,0.0,62,2.68
2025-03-20,UA-51,7.5,0.0,55,2.98
2025-03-20,UA-53,6.2,0.0,63,2.64
2025-03-20,UA-56,5.5,0.0,57,2.95
2025-03-20,UA-59,5.0,0.0,68,2.63
2025-03-20,UA-61,4.6,0.0,57,2.53
2025-03-20,UA-63,5.5,0.0,70,2.3
2025-03-20,UA-65,7.5,0.0,59,2.28
2025-03-20,UA-68,4.6,0.0,58,2.6
2025-03-20,UA-71,6.2,0.0,64,2.56
2025-03-20,UA-74,5.1,0.0,69,2.68
2025-03-20,UA-77,5.5,0.0,51,1.67
2025-03-21,UA-05,7.0,0.0,51,2.11
2025-03-21,UA-07,6.1,0.0,58,2.49
2025-03-21,UA-09,5.9,0.0,57,1.9
2025-03-21,UA-12,7.9,0.0,56,1.78
2025-03-21,UA-14,5.0,0.0,61,1.71
2025-03-21,UA-18,6.0,0.0,57,2.41
2025-03-21,UA-21,4.7,0.0,62,2.0
2025-03-21,UA-23,7.0,0.0,64,1.93
2025-03-21,UA-26,5.2,0.0,55,1.12
2025-03-21,UA-30,6.1,0.0,58,2.15
2025-03-21,UA-32,6.7,0.0,53,2.18
2025-03-21,UA-35,7.2,0.0,56,1.94
2025-03-21,UA-40,7.4,0.0,68,3.13
2025-03-21,UA-43,4.8,0.0,56,2.83
2025-03-21,UA-46,6.2,0.0,53,2.2
2025-03-21,UA-48,7.6,0.0,59,2.49
2025-03-21,UA-51,7.2,0.0,62,2.84
2025-03-21,UA-53,6.6,0.0,61,2.19
2025-03-21,UA-56,6.1,0.0,58,2.43
2025-03-21,UA-59,5.7,0.0,64,2.84
2025-03-21,UA-61,6.5,0.0,48,1.77
2025-03-21,UA-63,7.8,0.0,58,2.11
2025-03-21,UA-65,7.0,0.0,59,2.3
2025-03-21,UA-68,6.4,0.0,52,1.7
2025-03-21,UA-71,7.2,0.0,58,2.15
2025-03-21,UA-74,6.7,0.0,58,2.24
2025-03-21,UA-77,7.1,0.0,53,1.58
2025-03-22,UA-05,8.3,0.0,47,2.93
2025-03-22,UA-07,7.9,0.0,55,3.87
2025-03-22,UA-09,6.6,0.0,56,2.14
2025-03-22,UA-12,8.4,0.0,52,2.87
2025-03-22,UA-14,5.7,0.0,56,1.69
2025-03-22,UA-18,7.9,0.0,52,2.66
2025-03-22,UA-21,7.6,1.9,66,1.92
2025-03-22,UA-23,7.0,0.0,58,2.96
2025-03-22,UA-26,7.0,0.0,59,2.18
2025-03-22,UA-30,7.8,0.0,56,2.45
2025-03-22,UA-32,8.1,0.0,51,1.83
2025-03-22,UA-35,8.6,0.0,50,2.06
2025-03-22,UA-40,7.4,0.0,64,2.16
2025-03-22,UA-43,5.3,0.0,59,2.17
2025-03-22,UA-46,7.2,0.0,59,2.7
2025-03-22,UA-48,7.6,0.0,59,2.84
2025-03-22,UA-51,6.7,0.0,66,3.37
2025-03-22,UA-53,7.7,0.0,55,2.41
2025-03-22,UA-56,7.8,0.0,54,3.44
2025-03-22,UA-59,7.6,0.3,59,3.04
2025-03-22,UA-61,7.9,0.0,52,3.26
2025-03-22,UA-63,7.6,0.1,57,2.03
2025-03-22,UA-65,7.0,0.0,61,2.59
2025-03-22,UA-68,7.9,0.0,52,3.32
2025-03-22,UA-71,8.7,0.0,53,1.82
2025-03-22,UA-74,7.5,0.0,57,4.56
2025-03-22,UA-77,8.1,0.0,53,2.71
2025-03-23,UA-05,5.5,2.2,66,5.81
2025-03-23,UA-07,5.9,4.7,73,5.34
2025-03-23,UA-09,6.2,0.0,59,2.95
2025-03-23,UA-12,8.0,0.0,53,2.72
2025-03-23,UA-14,5.7,0.2,59,2.61
2025-03-23,UA-18,6.4,1.8,61,6.08
2025-03-23,UA-21,10.3,3.3,86,2.88
2025-03-23,UA-23,7.0,0.0,62,2.99
2025-03-23,UA-26,6.8,4.8,80,4.28
2025-03-23,UA-30,8.0,0.9,55,4.35
2025-03-23,UA-32,7.7,1.5,54,5.0
2025-03-23,UA-35,7.7,0.0,52,3.91
2025-03-23,UA-40,7.6,0.0,73,3.79
2025-03-23,UA-43,5.8,0.0,68,2.59
2025-03-23,UA-46,6.8,4.0,78,4.28
2025-03-23,UA-48,7.8,0.0,63,3.86
2025-03-23,UA-51,7.0,0.0,77,4.54
2025-03-23,UA-53,7.9,0.0,51,3.29
2025-03-23,UA-56,5.5,1.6,73,5.74
2025-03-23,UA-59,7.3,0.0,63,3.98
2025-03-23,UA-61,5.8,3.1,76,5.51
2025-03-23,UA-63,7.6,0.2,57,2.73
2025-03-23,UA-65,7.3,0.0,62,4.01
2025-03-23,UA-68,4.7,2.9,76,6.28
2025-03-23,UA-71,8.6,0.0,52,3.49
2025-03-23,UA-74,7.5,0.3,62,4.26
2025-03-23,UA-77,8.0,4.0,73,5.24
2025-03-24,UA-05,7.8,3.7,80,5.29
2025-03-24,UA-07,8.4,8.3,89,4.9
2025-03-24,UA-09,6.6,0.0,55,3.97
2025-03-24,UA-12,8.6,0.0,55,5.79
2025-03-24,UA-14,6.6,0.0,57,4.37
2025-03-24,UA-18,7.5,6.0,79,5.7
2025-03-24,UA-21,10.4,12.9,93,2.23
2025-03-24,UA-23,7.8,0.0,62,6.39
2025-03-24,UA-26,8.9,10.9,89,3.4
2025-03-24,UA-30,7.5,6.8,74,6.05
2025-03-24,UA-32,8.3,4.6,73,5.47
2025-03-24,UA-35,8.9,2.2,64,5.95
2025-03-24,UA-40,9.0,0.0,76,7.73
2025-03-24,UA-43,9.3,0.0,65,3.52
2025-03-24,UA-46,9.7,6.8,86,3.78
2025-03-24,UA-48,9.7,0.0,65,5.23
2025-03-24,UA-51,7.9,0.3,84,7.12
2025-03-24,UA-53,8.0,1.6,55,5.65
2025-03-24,UA-56,7.4,9.2,89,5.54
2025-03-24,UA-59,8.1,0.9,55,5.85
2025-03-24,UA-61,7.6,8.2,90,4.56
2025-03-24,UA-63,8.4,0.3,51,5.09
2025-03-24,UA-65,9.5,0.4,65,4.6
2025-03-24,UA-68,7.2,9.1,88,5.31
2025-03-24,UA-71,8.4,3.2,65,5.76
2025-03-24,UA-74,6.8,5.5,75,7.16
2025-03-24,UA-77,8.9,6.4,85,4.16
2025-03-25,UA-05,8.4,2.6,85,2.83
2025-03-25,UA-07,5.4,1.4,81,2.83
2025-03-25,UA-09,9.9,4.2,51,5.5
2025-03-25,UA-12,10.1,1.2,66,4.52
2025-03-25,UA-14,8.5,3.9,63,4.7
2025-03-25,UA-18,7.0,3.7,87,3.25
2025-03-25,UA-21,11.0,0.1,89,0.72
2025-03-25,UA-23,9.0,2.5,73,5.22
2025-03-25,UA-26,8.6,0.3,89,2.13
2025-03-25,UA-30,7.4,7.6,90,3.28
2025-03-25,UA-32,8.1,5.5,87,2.99
2025-03-25,UA-35,9.6,0.0,80,3.23
2025-03-25,UA-40,10.3,1.7,83,4.86
2025-03-25,UA-43,12.7,0.9,65,3.93
2025-03-25,UA-46,7.2,0.0,86,2.2
2025-03-25,UA-48,12.4,0.9,76,3.28
2025-03-25,UA-51,12.6,1.0,82,2.37
2025-03-25,UA-53,8.1,4.9,75,3.95
2025-03-25,UA-56,5.7,0.9,85,2.87
2025-03-25,UA-59,6.5,12.8,87,4.09
2025-03-25,UA-61,7.1,0.0,89,2.52
2025-03-25,UA-63,8.2,7.0,71,4.47
2025-03-25,UA-65,12.1,0.7,75,3.53
2025-03-25,UA-68,7.0,0.7,89,2.71
2025-03-25,UA-71,8.3,2.2,85,2.89
2025-03-25,UA-74,7.2,5.2,93,3.66
2025-03-25,UA-77,10.5,0.0,84,2.33
2025-03-26,UA-05,6.8,0.0,66,1.94
2025-03-26,UA-07,6.9,0.0,67,2.28
2025-03-26,UA-09,9.8,2.6,85,1.91
2025-03-26,UA-12,8.5,0.0,77,2.14
2025-03-26,UA-14,9.3,0.7,77,1.34
2025-03-26,UA-18,5.9,0.0,70,2.1
2025-03-26,UA-21,10.8,0.1,78,1.56
2025-03-26,UA-23,9.2,0.0,81,2.49
2025-03-26,UA-26,9.8,0.1,74,1.7
2025-03-26,UA-30,5.5,0.1,72,2.49
2025-03-26,UA-32,5.8,0.0,67,2.05
2025-03-26,UA-35,8.0,0.0,70,2.46
2025-03-26,UA-40,10.2,0.1,90,1.63
2025-03-26,UA-43,12.7,0.6,74,1.38
2025-03-26,UA-46,8.0,0.0,74,2.05
2025-03-26,UA-48,11.5,0.2,67,2.33
2025-03-26,UA-51,11.0,0.3,78,2.57
2025-03-26,UA-53,7.7,1.2,79,2.32
2025-03-26,UA-56,6.3,0.0,70,1.92
2025-03-26,UA-59,7.9,2.1,89,1.89
2025-03-26,UA-61,7.7,0.0,74,1.42
2025-03-26,UA-63,8.6,1.7,86,1.37
2025-03-26,UA-65,11.5,0.3,70,2.02
2025-03-26,UA-68,6.6,0.0,74,1.19
2025-03-26,UA-71,6.9,0.0,71,2.53
2025-03-26,UA-74,6.0,0.6,78,3.04
2025-03-26,UA-77,10.4,0.1,78,1.93
2025-03-27,UA-05,7.5,0.0,72,1.53
2025-03-27,UA-07,7.0,0.0,79,2.11
2025-03-27,UA-09,9.6,0.0,75,2.32
2025-03-27,UA-12,9.1,0.0,67,1.52
2025-03-27,UA-14,9.0,0.0,76,2.64
2025-03-27,UA-18,8.4,0.0,65,1.79
2025-03-27,UA-21,11.9,0.0,64,3.67
2025-03-27,UA-23,9.5,0.3,77,1.49
2025-03-27,UA-26,9.3,0.7,81,1.78
2025-03-27,UA-30,7.0,0.0,67,1.45
2025-03-27,UA-32,7.1,0.0,67,1.43
2025-03-27,UA-35,7.2,0.0,65,1.92
2025-03-27,UA-40,10.3,0.0,88,1.63
2025-03-27,UA-43,12.3,0.0,73,2.28
2025-03-27,UA-46,8.0,0.0,74,2.57
2025-03-27,UA-48,10.9,1.3,61,2.9
2025-03-27,UA-51,10.3,0.5,66,3.96
2025-03-27,UA-53,7.8,0.0,69,1.47
2025-03-27,UA-56,6.8,0.0,78,1.86
2025-03-27,UA-59,7.8,0.5,81,1.74
2025-03-27,UA-61,8.7,0.4,76,1.42
2025-03-27,UA-63,9.4,0.2,73,1.45
2025-03-27,UA-65,11.5,0.0,58,3.05
2025-03-27,UA-68,8.0,0.1,78,1.17
2025-03-27,UA-71,7.5,0.0,68,1.3
2025-03-27,UA-74,7.7,0.2,72,2.41
2025-03-27,UA-77,9.0,5.2,90,2.04
2025-03-28,UA-05,8.9,0.0,70,2.76
2025-03-28,UA-07,8.5,0.0,72,3.05
2025-03-28,UA-09,8.7,2.2,81,2.25
2025-03-28,UA-12,11.3,0.0,55,2.78
2025-03-28,UA-14,9.3,1.6,76,2.29
2025-03-28,UA-18,8.1,0.0,71,2.4
2025-03-28,UA-21,13.4,0.0,68,2.64
2025-03-28,UA-23,10.5,0.5,71,2.85
2025-03-28,UA-26,9.9,0.0,77,4.29
2025-03-28,UA-30,8.2,0.0,71,2.68
2025-03-28,UA-32,8.5,0.0,70,2.42
2025-03-28,UA-35,9.6,0.0,58,3.1
2025-03-28,UA-40,12.5,0.0,74,4.1
2025-03-28,UA-43,12.5,0.0,73,4.51
2025-03-28,UA-46,9.5,0.0,74,4.63
2025-03-28,UA-48,12.2,0.0,51,4.69
2025-03-28,UA-51,11.9,0.2,52,5.82
2025-03-28,UA-53,10.4,0.0,58,2.66
2025-03-28,UA-56,8.4,0.0,74,2.81
2025-03-28,UA-59,8.5,0.1,72,2.37
2025-03-28,UA-61,9.4,0.0,74,3.67
2025-03-28,UA-63,10.0,0.0,67,2.77
2025-03-28,UA-65,12.6,0.0,52,4.54
2025-03-28,UA-68,8.8,0.0,74,2.85
2025-03-28,UA-71,8.9,0.0,67,2.59
2025-03-28,UA-74,7.3,0.0,71,2.82
2025-03-28,UA-77,10.3,0.0,79,2.75
2025-03-29,UA-05,9.9,0.0,59,4.1
2025-03-29,UA-07,9.6,0.0,61,4.48
2025-03-29,UA-09,8.8,0.0,80,4.73
2025-03-29,UA-12,10.7,0.3,66,5.21
2025-03-29,UA-14,8.8,1.4,77,4.61
2025-03-29,UA-18,8.6,0.0,66,4.09
2025-03-29,UA-21,10.9,1.6,81,1.84
2025-03-29,UA-23,10.1,1.0,72,6.22
2025-03-29,UA-26,9.7,0.3,68,4.16
2025-03-29,UA-30,8.2,0.0,69,4.01
2025-03-29,UA-32,9.3,0.0,64,4.19
2025-03-29,UA-35,10.3,0.8,63,5.23
2025-03-29,UA-40,11.8,0.2,85,3.46
2025-03-29,UA-43,12.0,0.3,78,4.48
2025-03-29,UA-46,10.2,0.0,62,4.51
2025-03-29,UA-48,12.3,4.7,63,6.65
2025-03-29,UA-51,11.5,5.3,68,7.04
2025-03-29,UA-53,9.0,0.0,68,5.26
2025-03-29,UA-56,9.4,0.0,63,4.22
2025-03-29,UA-59,7.3,0.0,78,4.36
2025-03-29,UA-61,9.8,0.2,62,4.04
2025-03-29,UA-63,8.3,0.0,77,4.24
2025-03-29,UA-65,12.4,5.1,66,6.32
2025-03-29,UA-68,9.8,0.0,61,3.93
2025-03-29,UA-71,9.6,0.0,66,4.78
2025-03-29,UA-74,7.8,0.0,67,4.03
2025-03-29,UA-77,9.0,7.2,75,2.45
2025-03-30,UA-05,8.3,0.1,77,2.78
2025-03-30,UA-07,9.8,0.0,65,2.88
2025-03-30,UA-09,9.4,3.3,88,4.64
2025-03-30,UA-12,9.2,7.8,88,4.93
2025-03-30,UA-14,9.8,5.6,87,4.57
2025-03-30,UA-18,8.1,0.0,76,3.15
2025-03-30,UA-21,11.6,3.7,77,1.27
2025-03-30,UA-23,10.3,4.6,84,3.85
2025-03-30,UA-26,9.9,1.0,75,2.87
2025-03-30,UA-30,8.1,1.8,79,3.64
2025-03-30,UA-32,7.9,1.7,83,3.14
2025-03-30,UA-35,7.4,3.5,95,3.46
2025-03-30,UA-40,9.3,0.5,94,2.59
2025-03-30,UA-43,11.1,0.7,85,1.75
2025-03-30,UA-46,10.3,1.3,69,2.67
2025-03-30,UA-48,10.4,4.1,91,2.73
2025-03-30,UA-51,9.9,0.3,90,2.54
2025-03-30,UA-53,8.5,3.6,83,5.52
2025-03-30,UA-56,9.3,0.0,69,2.92
2025-03-30,UA-59,8.6,0.9,76,4.88
2025-03-30,UA-61,9.2,0.0,69,2.49
2025-03-30,UA-63,8.9,1.9,79,5.24
2025-03-30,UA-65,10.7,0.7,88,2.34
2025-03-30,UA-68,9.0,0.0,72,2.63
2025-03-30,UA-71,8.0,2.8,86,3.73
2025-03-30,UA-74,8.9,0.0,71,3.97
2025-03-30,UA-77,9.1,1.7,83,1.44
2025-03-31,UA-05,8.2,0.2,94,1.83
2025-03-31,UA-07,9.4,0.3,80,1.86
2025-03-31,UA-09,12.0,11.6,83,3.07
2025-03-31,UA-12,10.2,17.7,96,2.36
2025-03-31,UA-14,11.1,6.9,91,2.86
2025-03-31,UA-18,8.8,0.9,94,2.47
2025-03-31,UA-21,9.6,6.4,81,3.96
2025-03-31,UA-23,9.9,18.2,96,2.32
2025-03-31,UA-26,8.9,1.9,86,1.69
2025-03-31,UA-30,9.2,2.2,96,2.76
2025-03-31,UA-32,9.6,1.0,95,2.1
2025-03-31,UA-35,10.6,2.9,94,1.7
2025-03-31,UA-40,9.1,0.0,92,3.21
2025-03-31,UA-43,9.0,0.4,89,2.67
2025-03-31,UA-46,8.3,1.5,88,1.47
2025-03-31,UA-48,11.1,1.8,87,2.44
2025-03-31,UA-51,10.4,0.2,87,2.2
2025-03-31,UA-53,9.7,13.3,94,3.35
2025-03-31,UA-56,8.9,0.3,86,2.15
2025-03-31,UA-59,9.2,12.1,92,4.38
2025-03-31,UA-61,8.1,2.1,85,1.67
2025-03-31,UA-63,9.6,13.2,93,3.47
2025-03-31,UA-65,10.9,0.8,87,2.71
2025-03-31,UA-68,8.8,0.9,87,2.05
2025-03-31,UA-71,9.6,6.2,96,2.13
2025-03-31,UA-74,9.3,2.0,89,3.88
2025-03-31,UA-77,9.1,3.6,91,1.79
2025-04-01,UA-05,9.2,1.0,92,4.11
2025-04-01,UA-07,9.0,6.4,90,4.74
2025-04-01,UA-09,11.9,1.0,80,3.71
2025-04-01,UA-12,10.7,3.3,91,3.59
2025-04-01,UA-14,10.6,0.5,83,3.23
2025-04-01,UA-18,8.4,9.3,94,4.83
2025-04-01,UA-21,11.6,0.0,70,4.54
2025-04-01,UA-23,9.9,0.9,86,4.05
2025-04-01,UA-26,9.4,1.5,86,3.72
2025-04-01,UA-30,8.5,15.5,96,3.99
2025-04-01,UA-32,9.1,6.0,95,3.94
2025-04-01,UA-35,11.0,2.0,88,3.21
2025-04-01,UA-40,9.9,0.0,88,1.75
2025-04-01,UA-43,11.4,0.0,74,1.5
2025-04-01,UA-46,8.8,2.5,89,4.04
2025-04-01,UA-48,11.3,0.1,81,2.96
2025-04-01,UA-51,10.9,0.0,82,2.46
2025-04-01,UA-53,9.6,2.4,94,3.46
2025-04-01,UA-56,8.9,7.1,91,4.95
2025-04-01,UA-59,10.0,6.2,95,3.25
2025-04-01,UA-61,8.6,1.4,89,4.37
2025-04-01,UA-63,10.2,1.8,93,3.09
2025-04-01,UA-65,10.7,0.0,84,3.15
2025-04-01,UA-68,8.8,2.5,93,4.63
2025-04-01,UA-71,9.5,9.5,95,3.45
2025-04-01,UA-74,8.7,17.4,96,4.35
2025-04-01,UA-77,10.1,0.6,85,3.94
2025-04-02,UA-05,7.4,5.0,97,4.1
2025-04-02,UA-07,9.2,4.5,71,4.84
2025-04-02,UA-09,11.8,0.0,77,2.08
2025-04-02,UA-12,11.6,0.5,81,2.14
2025-04-02,UA-14,11.8,5.7,78,2.41
2025-04-02,UA-18,7.4,5.6,95,5.36
2025-04-02,UA-21,10.0,1.4,73,3.53
2025-04-02,UA-23,9.9,7.4,89,2.99
2025-04-02,UA-26,7.7,10.4,89,4.08
2025-04-02,UA-30,8.2,7.4,97,4.58
2025-04-02,UA-32,8.2,4.9,96,3.7
2025-04-02,UA-35,10.3,0.0,82,2.02
2025-04-02,UA-40,10.6,2.3,89,4.03
2025-04-02,UA-43,9.9,3.5,91,3.13
2025-04-02,UA-46,7.6,6.9,86,3.75
2025-04-02,UA-48,11.4,0.0,78,2.47
2025-04-02,UA-51,10.2,0.0,80,3.52
2025-04-02,UA-53,11.2,0.8,80,2.72
2025-04-02,UA-56,8.0,6.0,84,4.9
2025-04-02,UA-59,10.0,2.0,89,3.24
2025-04-02,UA-61,6.9,6.0,92,5.08
2025-04-02,UA-63,11.6,0.7,81,2.6
2025-04-02,UA-65,11.7,0.0,77,2.04
2025-04-02,UA-68,6.8,5.5,96,5.24
2025-04-02,UA-71,9.3,4.1,93,1.84
2025-04-02,UA-74,8.8,1.3,90,5.87
2025-04-02,UA-77,8.0,9.1,91,4.62
2025-04-03,UA-05,9.3,1.1,82,3.54
2025-04-03,UA-07,9.8,0.0,60,3.26
2025-04-03,UA-09,11.9,0.0,76,2.76
2025-04-03,UA-12,11.3,7.6,84,3.89
2025-04-03,UA-14,11.5,2.8,85,2.84
2025-04-03,UA-18,9.3,0.5,74,3.86
2025-04-03,UA-21,11.1,0.0,62,3.66
2025-04-03,UA-23,11.1,7.7,86,5.14
2025-04-03,UA-26,8.3,3.7,82,2.55
2025-04-03,UA-30,9.9,0.5,73,3.6
2025-04-03,UA-32,9.8,0.5,77,3.56
2025-04-03,UA-35,11.1,1.3,80,4.07
2025-04-03,UA-40,9.8,0.9,95,3.86
2025-04-03,UA-43,10.3,2.3,97,2.39
2025-04-03,UA-46,8.9,0.0,64,3.54
2025-04-03,UA-48,12.2,6.5,85,4.72
2025-04-03,UA-51,11.2,4.3,87,4.62
2025-04-03,UA-53,10.8,0.1,71,3.84
2025-04-03,UA-56,9.6,0.0,63,3.38
2025-04-03,UA-59,10.8,0.0,66,3.49
2025-04-03,UA-61,8.0,0.9,78,3.97
2025-04-03,UA-63,10.4,0.0,72,3.47
2025-04-03,UA-65,11.8,6.4,89,4.44
2025-04-03,UA-68,8.3,2.1,82,3.93
2025-04-03,UA-71,10.8,0.6,76,3.71
2025-04-03,UA-74,10.8,0.0,63,3.36
2025-04-03,UA-77,8.7,7.4,90,3.12
2025-04-04,UA-05,11.6,0.0,62,2.21
2025-04-04,UA-07,12.0,0.0,62,2.72
2025-04-04,UA-09,12.7,0.0,65,2.68
2025-04-04,UA-12,12.6,0.0,67,2.05
2025-04-04,UA-14,12.5,0.0,73,2.04
2025-04-04,UA-18,11.8,0.0,62,2.7
2025-04-04,UA-21,12.8,0.0,62,2.01
2025-04-04,UA-23,12.4,0.0,78,2.42
2025-04-04,UA-26,11.2,0.0,66,2.58
2025-04-04,UA-30,12.2,0.0,64,2.69
2025-04-04,UA-32,12.2,0.0,61,2.19
2025-04-04,UA-35,12.1,0.0,61,2.12
2025-04-04,UA-40,9.5,0.0,95,2.85
2025-04-04,UA-43,10.6,0.1,89,1.64
2025-04-04,UA-46,11.2,0.0,65,2.54
2025-04-04,UA-48,13.0,1.1,83,2.67
2025-04-04,UA-51,10.6,4.8,90,3.28
2025-04-04,UA-53,11.9,0.0,60,2.55
2025-04-04,UA-56,12.0,0.0,62,2.72
2025-04-04,UA-59,12.5,0.0,61,3.4
2025-04-04,UA-61,11.3,0.0,63,2.63
2025-04-04,UA-63,12.9,0.0,60,2.93
2025-04-04,UA-65,12.9,1.7,85,2.28
2025-04-04,UA-68,10.8,0.0,66,2.47
2025-04-04,UA-71,12.7,0.0,63,1.91
2025-04-04,UA-74,12.6,0.0,61,3.13
2025-04-04,UA-77,12.3,0.0,67,2.76
2025-04-05,UA-05,8.2,7.8,73,3.95
2025-04-05,UA-07,5.1,3.0,73,4.31
2025-04-05,UA-09,11.4,0.4,84,4.83
2025-04-05,UA-12,12.5,0.8,76,5.06
2025-04-05,UA-14,10.5,3.3,90,3.89
2025-04-05,UA-18,7.3,3.9,71,3.91
2025-04-05,UA-21,9.1,4.2,67,3.27
2025-04-05,UA-23,10.7,1.3,86,4.82
2025-04-05,UA-26,7.1,8.7,71,4.88
2025-04-05,UA-30,8.0,7.1,76,3.67
2025-04-05,UA-32,9.1,8.0,73,3.65
2025-04-05,UA-35,12.1,6.7,72,4.08
2025-04-05,UA-40,9.2,0.9,92,4.59
2025-04-05,UA-43,9.5,0.0,84,3.49
2025-04-05,UA-46,5.8,2.5,72,5.27
2025-04-05,UA-48,10.1,2.6,90,5.55
2025-04-05,UA-51,9.1,2.1,91,4.69
2025-04-05,UA-53,12.3,3.1,68,4.59
2025-04-05,UA-56,5.5,3.7,71,3.92
2025-04-05,UA-59,11.6,2.0,70,2.89
2025-04-05,UA-61,6.1,3.8,72,4.8
2025-04-05,UA-63,12.8,1.2,67,4.6
2025-04-05,UA-65,10.2,0.4,87,4.91
2025-04-05,UA-68,6.9,6.1,72,4.31
2025-04-05,UA-71,11.6,4.2,68,3.62
2025-04-05,UA-74,7.0,4.4,75,2.85
2025-04-05,UA-77,8.9,11.5,73,4.21
2025-04-06,UA-05,0.4,2.6,77,4.46
2025-04-06,UA-07,-0.8,4.6,80,6.64
2025-04-06,UA-09,11.0,0.1,79,6.0
2025-04-06,UA-12,7.8,7.2,88,4.89
2025-04-06,UA-14,9.3,0.6,86,5.09
2025-04-06,UA-18,-0.2,2.8,82,4.53
2025-04-06,UA-21,2.0,0.3,60,5.95
2025-04-06,UA-23,8.4,8.5,86,5.69
2025-04-06,UA-26,-0.3,3.5,78,6.19
2025-04-06,UA-30,1.8,0.1,75,3.81
2025-04-06,UA-32,1.7,1.5,77,3.71
2025-04-06,UA-35,2.4,9.2,88,3.97
2025-04-06,UA-40,9.0,2.7,90,6.24
2025-04-06,UA-43,8.7,4.5,88,5.07
2025-04-06,UA-46,-0.7,3.5,76,6.59
2025-04-06,UA-48,4.9,7.8,86,4.57
2025-04-06,UA-51,3.8,3.6,80,5.6
2025-04-06,UA-53,4.8,5.5,94,3.48
2025-04-06,UA-56,-1.4,6.1,90,6.24
2025-04-06,UA-59,4.4,6.1,94,3.12
2025-04-06,UA-61,-1.4,3.1,86,5.97
2025-04-06,UA-63,8.7,3.9,86,5.1
2025-04-06,UA-65,5.9,4.5,86,4.04
2025-04-06,UA-68,-1.3,3.5,84,5.48
2025-04-06,UA-71,2.5,6.1,84,3.72
2025-04-06,UA-74,1.6,1.2,83,3.96
2025-04-06,UA-77,0.4,3.0,78,6.06
2025-04-07,UA-05,-0.6,0.9,70,4.46
2025-04-07,UA-07,0.8,0.0,55,4.6
2025-04-07,UA-09,8.3,3.3,81,3.53
2025-04-07,UA-12,2.9,0.0,71,3.22
2025-04-07,UA-14,4.7,3.7,80,2.95
2025-04-07,UA-18,-1.3,2.2,76,5.35
2025-04-07,UA-21,1.0,0.0,59,3.05
2025-04-07,UA-23,3.4,1.0,70,3.42
2025-04-07,UA-26,0.2,0.3,61,5.44
2025-04-07,UA-30,-0.9,1.9,82,5.08
2025-04-07,UA-32,-0.6,1.7,76,4.63
2025-04-07,UA-35,1.0,0.0,69,3.84
2025-04-07,UA-40,4.1,8.4,82,7.08
2025-04-07,UA-43,1.4,8.5,91,2.73
2025-04-07,UA-46,0.3,0.5,62,4.63
2025-04-07,UA-48,2.4,0.0,64,3.84
2025-04-07,UA-51,1.8,0.0,61,4.64
2025-04-07,UA-53,0.9,0.0,71,4.07
2025-04-07,UA-56,-0.1,0.5,63,4.42
2025-04-07,UA-59,0.5,0.3,75,4.93
2025-04-07,UA-61,-0.7,0.7,64,4.95
2025-04-07,UA-63,2.5,0.0,71,3.87
2025-04-07,UA-65,2.5,0.0,60,3.25
2025-04-07,UA-68,-1.0,0.7,69,4.76
2025-04-07,UA-71,0.8,0.4,74,4.92
2025-04-07,UA-74,-0.8,1.7,84,5.59
2025-04-07,UA-77,0.3,0.1,60,5.27
2025-04-08,UA-05,0.3,1.7,72,3.51
2025-04-08,UA-07,1.1,2.4,73,3.52
2025-04-08,UA-09,2.4,3.1,68,5.15
2025-04-08,UA-12,1.7,1.3,67,4.81
2025-04-08,UA-14,1.1,2.1,70,4.48
2025-04-08,UA-18,-0.4,1.1,69,3.53
2025-04-08,UA-21,4.1,1.2,61,2.56
2025-04-08,UA-23,3.1,1.0,63,6.06
2025-04-08,UA-26,1.7,3.6,80,4.31
2025-04-08,UA-30,-0.3,0.9,68,4.54
2025-04-08,UA-32,-0.0,0.8,67,3.37
2025-04-08,UA-35,1.7,0.9,62,4.32
2025-04-08,UA-40,4.8,0.7,63,4.41
2025-04-08,UA-43,0.9,0.6,76,3.62
2025-04-08,UA-46,1.5,3.0,82,3.68
2025-04-08,UA-48,3.8,0.9,62,4.8
2025-04-08,UA-51,3.9,0.6,56,4.49
2025-04-08,UA-53,-0.5,0.7,72,4.29
2025-04-08,UA-56,0.1,4.0,79,3.21
2025-04-08,UA-59,-1.1,2.0,79,5.08
2025-04-08,UA-61,0.5,4.2,81,3.71
2025-04-08,UA-63,-0.1,1.6,73,4.92
2025-04-08,UA-65,3.5,0.4,61,4.85
2025-04-08,UA-68,-0.4,2.1,78,3.63
2025-04-08,UA-71,0.8,1.6,71,4.24
2025-04-08,UA-74,-1.1,1.5,74,5.33
2025-04-08,UA-77,1.7,2.2,75,4.45
2025-04-09,UA-05,0.5,1.1,68,2.85
2025-04-09,UA-07,3.0,1.0,63,4.0
2025-04-09,UA-09,3.8,0.2,62,3.21
2025-04-09,UA-12,1.3,1.0,72,2.44
2025-04-09,UA-14,2.0,0.7,68,2.61
2025-04-09,UA-18,0.6,0.5,70,3.28
2025-04-09,UA-21,6.4,0.0,50,2.56
2025-04-09,UA-23,2.5,6.0,81,2.84
2025-04-09,UA-26,3.4,0.6,64,3.75
2025-04-09,UA-30,0.7,1.3,69,3.01
2025-04-09,UA-32,0.4,1.0,68,2.48
2025-04-09,UA-35,1.1,0.5,67,2.31
2025-04-09,UA-40,5.0,1.3,65,4.14
2025-04-09,UA-43,1.7,1.3,74,3.01
2025-04-09,UA-46,3.6,0.6,63,3.69
2025-04-09,UA-48,2.8,0.6,69,3.08
2025-04-09,UA-51,3.0,0.3,66,3.72
2025-04-09,UA-53,-0.4,0.0,65,2.3
2025-04-09,UA-56,1.8,0.8,70,3.42
2025-04-09,UA-59,-0.1,0.8,68,3.37
2025-04-09,UA-61,2.1,1.3,68,3.88
2025-04-09,UA-63,0.3,0.0,65,2.63
2025-04-09,UA-65,2.7,0.9,70,2.78
2025-04-09,UA-68,0.8,1.3,71,3.31
2025-04-09,UA-71,1.4,0.4,67,2.46
2025-04-09,UA-74,1.0,1.3,58,3.65
2025-04-09,UA-77,2.5,1.0,68,3.9
2025-04-10,UA-05,-0.7,5.7,81,5.29
2025-04-10,UA-07,0.4,4.2,73,6.31
2025-04-10,UA-09,3.3,0.7,62,3.99
2025-04-10,UA-12,3.2,0.1,65,3.98
2025-04-10,UA-14,2.4,0.2,65,3.46
2025-04-10,UA-18,-0.5,5.2,80,5.46
2025-04-10,UA-21,4.7,1.5,52,5.0
2025-04-10,UA-23,3.9,0.1,64,4.35
2025-04-10,UA-26,1.4,7.1,74,6.37
2025-04-10,UA-30,-0.1,6.7,84,5.08
2025-04-10,UA-32,-0.5,6.0,82,4.97
2025-04-10,UA-35,1.4,5.9,82,5.08
2025-04-10,UA-40,6.0,6.7,76,6.77
2025-04-10,UA-43,3.5,2.9,76,4.5
2025-04-10,UA-46,0.8,7.4,76,6.45
2025-04-10,UA-48,3.0,8.5,82,5.61
2025-04-10,UA-51,2.6,6.5,79,6.32
2025-04-10,UA-53,2.5,1.0,70,3.9
2025-04-10,UA-56,-0.3,5.2,79,5.81
2025-04-10,UA-59,1.4,2.4,81,3.98
2025-04-10,UA-61,-0.1,7.1,79,6.44
2025-04-10,UA-63,2.3,0.0,60,3.78
2025-04-10,UA-65,3.4,6.2,76,4.64
2025-04-10,UA-68,-0.9,6.7,84,5.76
2025-04-10,UA-71,1.0,4.8,83,4.85
2025-04-10,UA-74,-0.1,5.5,80,5.37
2025-04-10,UA-77,1.5,4.7,74,6.03
2025-04-11,UA-05,0.7,0.0,65,2.42
2025-04-11,UA-07,2.2,2.2,91,2.02
2025-04-11,UA-09,5.7,0.9,71,3.13
2025-04-11,UA-12,5.1,4.0,80,3.9
2025-04-11,UA-14,4.6,1.6,77,3.44
2025-04-11,UA-18,0.3,0.0,68,2.05
2025-04-11,UA-21,4.7,4.7,74,1.99
2025-04-11,UA-23,5.7,2.0,76,5.27
2025-04-11,UA-26,2.5,9.3,95,3.78
2025-04-11,UA-30,1.3,0.0,67,2.48
2025-04-11,UA-32,0.8,0.0,67,2.84
2025-04-11,UA-35,1.3,4.4,86,5.34
2025-04-11,UA-40,3.6,16.3,84,9.2
2025-04-11,UA-43,1.9,14.6,91,6.22
2025-04-11,UA-46,2.3,9.7,98,3.83
2025-04-11,UA-48,0.3,12.0,93,7.15
2025-04-11,UA-51,1.7,0.6,71,8.78
2025-04-11,UA-53,4.8,3.4,79,2.41
2025-04-11,UA-56,1.3,1.0,86,1.87
2025-04-11,UA-59,4.1,3.7,82,2.29
2025-04-11,UA-61,1.0,5.3,95,2.33
2025-04-11,UA-63,5.3,0.5,70,3.32
2025-04-11,UA-65,0.9,12.8,91,5.76
2025-04-11,UA-68,0.4,0.6,83,1.82
2025-04-11,UA-71,1.9,0.5,77,3.99
2025-04-11,UA-74,1.5,0.0,61,2.45
2025-04-11,UA-77,2.0,6.7,92,2.45
2025-04-12,UA-05,3.8,0.0,82,1.67
2025-04-12,UA-07,5.9,0.0,67,2.79
2025-04-12,UA-09,6.9,0.1,65,3.18
2025-04-12,UA-12,6.7,0.3,73,1.96
2025-04-12,UA-14,4.9,0.5,76,3.0
2025-04-12,UA-18,3.2,0.5,83,1.94
2025-04-12,UA-21,9.3,0.3,73,2.63
2025-04-12,UA-23,6.0,0.9,76,2.59
2025-04-12,UA-26,6.9,0.3,74,3.43
2025-04-12,UA-30,4.3,0.0,75,1.86
2025-04-12,UA-32,4.0,0.0,72,1.78
2025-04-12,UA-35,5.3,0.0,76,2.44
2025-04-12,UA-40,5.6,4.6,80,4.13
2025-04-12,UA-43,3.7,2.5,85,3.7
2025-04-12,UA-46,6.5,0.0,72,3.13
2025-04-12,UA-48,3.1,0.0,81,3.47
2025-04-12,UA-51,5.2,0.0,72,4.29
2025-04-12,UA-53,6.2,0.0,71,1.41
2025-04-12,UA-56,5.3,0.0,73,2.51
2025-04-12,UA-59,5.3,0.1,68,1.86
2025-04-12,UA-61,5.8,0.0,75,2.91
2025-04-12,UA-63,6.8,0.5,72,1.48
2025-04-12,UA-65,5.2,0.0,71,3.71
2025-04-12,UA-68,4.0,0.2,83,2.27
2025-04-12,UA-71,6.3,0.0,66,1.76
2025-04-12,UA-74,4.8,0.6,73,2.1
2025-04-12,UA-77,6.5,0.6,79,3.02
2025-04-13,UA-05,7.3,0.0,67,2.14
2025-04-13,UA-07,10.8,0.0,57,3.14
2025-04-13,UA-09,7.9,0.0,64,1.6
2025-04-13,UA-12,8.8,0.2,69,2.05
2025-04-13,UA-14,7.1,0.0,66,1.71
2025-04-13,UA-18,7.9,0.0,64,2.58
2025-04-13,UA-21,11.9,0.0,65,2.66
2025-04-13,UA-23,7.3,0.0,71,2.01
2025-04-13,UA-26,10.7,0.0,63,2.03
2025-04-13,UA-30,8.2,0.0,62,2.17
2025-04-13,UA-32,7.1,0.0,65,1.97
2025-04-13,UA-35,8.0,0.0,62,2.03
2025-04-13,UA-40,7.4,0.4,74,3.38
2025-04-13,UA-43,5.1,1.0,80,3.2
2025-04-13,UA-46,11.1,0.0,63,2.82
2025-04-13,UA-48,6.6,0.3,77,1.79
2025-04-13,UA-51,6.9,0.1,76,2.62
2025-04-13,UA-53,8.3,0.0,58,2.19
2025-04-13,UA-56,9.6,0.0,57,2.9
2025-04-13,UA-59,8.0,0.0,66,2.74
2025-04-13,UA-61,10.2,0.0,58,2.75
2025-04-13,UA-63,9.0,0.0,56,2.32
2025-04-13,UA-65,7.1,0.4,75,1.54
2025-04-13,UA-68,8.2,0.0,65,2.55
2025-04-13,UA-71,8.7,0.0,63,1.9
2025-04-13,UA-74,8.7,0.0,63,2.87
2025-04-13,UA-77,10.6,0.0,59,2.34
2025-04-14,UA-05,10.8,0.0,52,4.94
2025-04-14,UA-07,12.3,0.3,66,3.84
2025-04-14,UA-09,9.8,0.0,58,1.88
2025-04-14,UA-12,10.0,0.0,59,2.31
2025-04-14,UA-14,8.8,0.0,59,1.37
2025-04-14,UA-18,11.6,0.0,50,5.02
2025-04-14,UA-21,13.4,1.3,72,2.61
2025-04-14,UA-23,9.9,0.0,63,1.4
2025-04-14,UA-26,12.0,0.3,70,2.16
2025-04-14,UA-30,11.7,0.0,48,4.47
2025-04-14,UA-32,11.4,0.0,49,4.43
2025-04-14,UA-35,9.8,0.0,56,3.52
2025-04-14,UA-40,8.7,0.0,76,2.67
2025-04-14,UA-43,7.5,0.0,65,2.74
2025-04-14,UA-46,12.2,0.4,71,3.51
2025-04-14,UA-48,8.0,0.0,71,3.06
2025-04-14,UA-51,7.4,0.0,79,3.68
2025-04-14,UA-53,10.5,0.0,56,2.91
2025-04-14,UA-56,12.1,0.3,62,4.32
2025-04-14,UA-59,12.1,0.0,51,3.14
2025-04-14,UA-61,11.5,0.0,65,3.71
2025-04-14,UA-63,11.3,0.0,55,2.75
2025-04-14,UA-65,8.7,0.0,67,2.25
2025-04-14,UA-68,11.1,0.0,58,5.22
2025-04-14,UA-71,11.3,0.0,50,3.87
2025-04-14,UA-74,12.2,0.0,48,4.5
2025-04-14,UA-77,12.3,0.0,62,3.92
2025-04-15,UA-05,10.3,1.8,53,5.44
2025-04-15,UA-07,11.2,2.3,72,4.56
2025-04-15,UA-09,12.1,0.0,52,2.86
2025-04-15,UA-12,12.6,0.0,53,2.15
2025-04-15,UA-14,11.4,0.0,53,2.67
2025-04-15,UA-18,11.7,1.6,49,5.66
2025-04-15,UA-21,12.9,7.3,85,3.51
2025-04-15,UA-23,12.0,0.0,62,2.54
2025-04-15,UA-26,10.2,4.3,84,4.14
2025-04-15,UA-30,12.5,0.0,43,4.85
2025-04-15,UA-32,12.4,0.2,44,4.93
2025-04-15,UA-35,11.4,0.0,50,3.12
2025-04-15,UA-40,10.7,0.0,70,3.82
2025-04-15,UA-43,10.1,0.0,63,3.67
2025-04-15,UA-46,10.5,6.7,86,4.39
2025-04-15,UA-48,11.1,0.0,64,2.16
2025-04-15,UA-51,9.1,0.0,72,3.33
2025-04-15,UA-53,11.5,0.0,54,2.59
2025-04-15,UA-56,10.8,2.6,69,5.13
2025-04-15,UA-59,12.0,0.0,50,3.42
2025-04-15,UA-61,9.3,2.9,78,4.82
2025-04-15,UA-63,12.4,0.0,51,2.24
2025-04-15,UA-65,11.1,0.0,61,2.2
2025-04-15,UA-68,9.1,3.0,70,5.77
2025-04-15,UA-71,12.1,0.0,47,3.66
2025-04-15,UA-74,12.8,0.0,43,4.88
2025-04-15,UA-77,10.7,0.6,70,4.56
2025-04-16,UA-05,13.3,0.4,50,5.42
2025-04-16,UA-07,15.1,2.7,70,5.13
2025-04-16,UA-09,13.6,0.0,51,2.51
2025-04-16,UA-12,15.1,0.3,55,2.08
2025-04-16,UA-14,13.1,0.0,53,2.4
2025-04-16,UA-18,12.9,0.1,52,5.84
2025-04-16,UA-21,18.0,0.9,65,3.04
2025-04-16,UA-23,13.6,0.1,65,1.93
2025-04-16,UA-26,16.6,1.6,67,4.02
2025-04-16,UA-30,12.9,2.2,59,4.53
2025-04-16,UA-32,12.8,1.2,56,4.68
2025-04-16,UA-35,14.5,0.8,55,2.92
2025-04-16,UA-40,11.0,0.0,83,2.0
2025-04-16,UA-43,12.3,0.0,71,2.96
2025-04-16,UA-46,16.7,0.9,68,4.66
2025-04-16,UA-48,14.1,0.0,60,2.92
2025-04-16,UA-51,10.9,0.4,76,3.04
2025-04-16,UA-53,14.4,0.0,52,2.39
2025-04-16,UA-56,14.0,2.1,68,5.46
2025-04-16,UA-59,14.4,0.0,52,2.64
2025-04-16,UA-61,14.5,1.3,66,5.1
2025-04-16,UA-63,14.2,0.0,48,2.53
2025-04-16,UA-65,14.3,0.0,56,3.21
2025-04-16,UA-68,13.1,0.0,60,5.66
2025-04-16,UA-71,14.2,1.0,56,2.9
2025-04-16,UA-74,13.7,0.3,53,4.75
2025-04-16,UA-77,15.6,0.0,62,4.65
2025-04-17,UA-05,16.0,0.0,51,4.81
2025-04-17,UA-07,18.5,0.0,56,3.87
2025-04-17,UA-09,14.8,0.0,50,2.0
2025-04-17,UA-12,15.9,0.0,55,2.57
2025-04-17,UA-14,14.5,0.0,53,1.71
2025-04-17,UA-18,16.7,0.0,48,4.76
2025-04-17,UA-21,19.2,0.0,61,2.8
2025-04-17,UA-23,14.2,0.0,63,2.44
2025-04-17,UA-26,17.4,0.0,65,3.85
2025-04-17,UA-30,17.2,0.0,51,4.72
2025-04-17,UA-32,17.0,0.0,50,4.54
2025-04-17,UA-35,16.5,0.1,49,3.57
2025-04-17,UA-40,11.4,0.0,82,1.54
2025-04-17,UA-43,13.0,0.0,60,2.5
2025-04-17,UA-46,18.6,0.0,62,3.99
2025-04-17,UA-48,14.8,0.0,62,2.96
2025-04-17,UA-51,11.8,0.0,75,2.78
2025-04-17,UA-53,16.4,0.3,48,2.91
2025-04-17,UA-56,17.6,0.0,55,4.47
2025-04-17,UA-59,16.0,0.2,52,3.31
2025-04-17,UA-61,16.4,0.0,59,4.41
2025-04-17,UA-63,15.2,0.1,53,2.19
2025-04-17,UA-65,14.9,0.0,55,2.94
2025-04-17,UA-68,15.8,0.0,55,5.05
2025-04-17,UA-71,17.0,0.2,50,3.85
2025-04-17,UA-74,17.3,0.5,53,5.04
2025-04-17,UA-77,16.2,0.1,61,4.22
2025-04-18,UA-05,16.8,0.0,48,4.83
2025-04-18,UA-07,18.2,0.0,55,4.29
2025-04-18,UA-09,15.8,0.0,47,2.72
2025-04-18,UA-12,16.4,0.0,50,2.57
2025-04-18,UA-14,15.0,0.0,45,2.98
2025-04-18,UA-18,17.5,0.0,47,4.76
2025-04-18,UA-21,15.4,3.3,83,2.32
2025-04-18,UA-23,14.2,0.0,59,3.16
2025-04-18,UA-26,16.4,4.7,69,3.32
2025-04-18,UA-30,17.3,0.0,47,3.99
2025-04-18,UA-32,17.1,0.0,48,3.87
2025-04-18,UA-35,16.1,0.0,47,3.13
2025-04-18,UA-40,11.0,0.0,82,1.55
2025-04-18,UA-43,12.5,0.0,62,2.93
2025-04-18,UA-46,17.0,9.4,75,3.52
2025-04-18,UA-48,14.8,0.0,57,2.9
2025-04-18,UA-51,12.9,0.0,68,2.72
2025-04-18,UA-53,16.4,0.0,49,2.37
2025-04-18,UA-56,17.9,0.0,53,5.01
2025-04-18,UA-59,17.1,0.0,48,3.11
2025-04-18,UA-61,16.4,0.0,58,4.96
2025-04-18,UA-63,17.1,0.0,46,2.0
2025-04-18,UA-65,14.5,0.0,53,3.07
2025-04-18,UA-68,16.5,0.0,52,5.71
2025-04-18,UA-71,16.9,0.0,48,3.29
2025-04-18,UA-74,18.0,0.0,45,4.17
2025-04-18,UA-77,16.4,0.0,58,5.53
2025-04-19,UA-05,15.7,0.0,45,2.6
2025-04-19,UA-07,15.0,2.6,79,2.37
2025-04-19,UA-09,16.1,0.0,42,4.23
2025-04-19,UA-12,16.3,0.0,44,3.54
2025-04-19,UA-14,15.8,0.0,39,4.4
2025-04-19,UA-18,15.6,0.0,47,3.28
2025-04-19,UA-21,14.3,0.0,77,1.84
2025-04-19,UA-23,14.5,0.0,54,4.17
2025-04-19,UA-26,14.7,9.5,85,1.6
2025-04-19,UA-30,16.3,0.0,44,2.89
2025-04-19,UA-32,16.2,0.0,45,2.62
2025-04-19,UA-35,15.4,0.0,48,3.02
2025-04-19,UA-40,11.4,0.0,86,1.74
2025-04-19,UA-43,13.9,0.0,63,2.35
2025-04-19,UA-46,15.2,5.1,78,1.41
2025-04-19,UA-48,15.2,0.0,57,2.91
2025-04-19,UA-51,13.1,0.0,69,2.56
2025-04-19,UA-53,16.4,0.0,42,3.22
2025-04-19,UA-56,15.0,0.9,66,3.14
2025-04-19,UA-59,16.9,0.0,46,2.82
2025-04-19,UA-61,14.2,2.5,73,2.82
2025-04-19,UA-63,16.9,0.0,39,3.2
2025-04-19,UA-65,15.0,0.0,53,3.12
2025-04-19,UA-68,13.7,0.6,63,2.73
2025-04-19,UA-71,16.0,0.0,49,2.7
2025-04-19,UA-74,17.2,0.0,43,3.16
2025-04-19,UA-77,14.2,4.4,72,2.51
2025-04-20,UA-05,16.4,0.0,45,1.26
2025-04-20,UA-07,16.4,0.5,66,2.27
2025-04-20,UA-09,16.0,0.0,46,4.85
2025-04-20,UA-12,16.3,0.0,52,3.34
2025-04-20,UA-14,15.8,0.0,46,4.21
2025-04-20,UA-18,15.9,0.0,44,2.28
2025-04-20,UA-21,15.6,0.1,66,2.08
2025-04-20,UA-23,15.1,0.0,60,3.26
2025-04-20,UA-26,15.7,0.0,67,1.54
2025-04-20,UA-30,16.4,0.0,46,2.53
2025-04-20,UA-32,16.3,0.0,43,2.21
2025-04-20,UA-35,16.0,0.0,49,2.62
2025-04-20,UA-40,11.3,0.0,89,2.49
2025-04-20,UA-43,13.3,0.2,73,1.38
2025-04-20,UA-46,15.5,0.0,65,2.26
2025-04-20,UA-48,15.9,0.0,57,1.74
2025-04-20,UA-51,14.7,0.0,66,2.19
2025-04-20,UA-53,16.6,0.0,44,3.45
2025-04-20,UA-56,16.0,0.3,67,2.17
2025-04-20,UA-59,17.3,0.0,39,3.19
2025-04-20,UA-61,15.8,1.2,69,1.82
2025-04-20,UA-63,17.2,0.0,37,3.79
2025-04-20,UA-65,15.7,0.0,54,1.68
2025-04-20,UA-68,16.4,0.0,54,1.93
2025-04-20,UA-71,16.6,0.0,51,2.3
2025-04-20,UA-74,16.8,0.0,46,2.78
2025-04-20,UA-77,16.5,0.0,62,1.47
2025-04-21,UA-05,17.5,0.0,41,1.67
2025-04-21,UA-07,17.2,0.0,60,1.81
2025-04-21,UA-09,16.1,0.0,47,3.95
2025-04-21,UA-12,16.3,0.0,59,2.78
2025-04-21,UA-14,14.9,0.0,53,3.15
2025-04-21,UA-18,17.3,0.0,40,2.4
2025-04-21,UA-21,17.2,0.0,66,2.11
2025-04-21,UA-23,14.5,0.0,72,2.66
2025-04-21,UA-26,16.9,0.0,63,1.68
2025-04-21,UA-30,17.5,0.0,46,2.64
2025-04-21,UA-32,17.6,0.0,43,2.31
2025-04-21,UA-35,17.0,0.0,51,2.39
2025-04-21,UA-40,11.6,2.0,93,1.79
2025-04-21,UA-43,12.6,5.0,83,1.21
2025-04-21,UA-46,16.7,0.0,61,2.14
2025-04-21,UA-48,15.9,0.0,67,1.88
2025-04-21,UA-51,14.6,0.0,70,2.15
2025-04-21,UA-53,16.5,0.0,49,3.06
2025-04-21,UA-56,16.9,0.0,61,2.26
2025-04-21,UA-59,16.9,0.0,46,3.23
2025-04-21,UA-61,16.9,0.1,58,1.99
2025-04-21,UA-63,16.6,0.0,42,3.37
2025-04-21,UA-65,15.7,0.2,64,1.63
2025-04-21,UA-68,18.4,0.0,44,2.04
2025-04-21,UA-71,16.8,0.0,54,2.46
2025-04-21,UA-74,18.1,0.0,46,2.87
2025-04-21,UA-77,17.5,0.1,56,1.86
2025-04-22,UA-05,18.2,0.0,44,1.96
2025-04-22,UA-07,18.9,0.0,52,1.88
2025-04-22,UA-09,15.4,0.1,67,1.73
2025-04-22,UA-12,16.7,0.0,62,1.81
2025-04-22,UA-14,13.9,0.1,70,1.64
2025-04-22,UA-18,18.0,0.0,44,2.55
2025-04-22,UA-21,17.6,0.0,70,1.77
2025-04-22,UA-23,14.1,0.0,80,2.01
2025-04-22,UA-26,17.6,0.3,60,2.07
2025-04-22,UA-30,17.4,0.0,48,2.54
2025-04-22,UA-32,17.7,0.0,46,2.32
2025-04-22,UA-35,17.7,0.0,48,2.34
2025-04-22,UA-40,11.2,0.0,92,1.51
2025-04-22,UA-43,12.2,0.3,84,1.67
2025-04-22,UA-46,17.4,0.1,64,2.25
2025-04-22,UA-48,16.0,0.0,71,1.72
2025-04-22,UA-51,14.4,0.0,75,2.21
2025-04-22,UA-53,17.2,0.0,46,2.57
2025-04-22,UA-56,18.2,0.0,54,1.92
2025-04-22,UA-59,17.6,0.0,50,2.55
2025-04-22,UA-61,17.9,0.0,49,2.33
2025-04-22,UA-63,17.6,0.0,43,2.31
2025-04-22,UA-65,15.4,0.0,69,1.74
2025-04-22,UA-68,18.8,0.0,44,1.59
2025-04-22,UA-71,17.9,0.0,51,1.72
2025-04-22,UA-74,17.6,0.0,49,2.46
2025-04-22,UA-77,17.8,0.0,55,2.18
2025-04-23,UA-05,18.5,0.0,48,1.77
2025-04-23,UA-07,17.3,1.7,70,2.89
2025-04-23,UA-09,16.5,0.7,62,2.85
2025-04-23,UA-12,17.8,0.0,58,2.55
2025-04-23,UA-14,15.5,1.8,64,2.26
2025-04-23,UA-18,19.0,0.0,43,2.02
2025-04-23,UA-21,17.6,1.5,74,1.83
2025-04-23,UA-23,15.7,0.1,70,2.4
2025-04-23,UA-26,16.7,0.0,68,1.94
2025-04-23,UA-30,18.7,0.0,44,1.74
2025-04-23,UA-32,18.6,0.0,45,1.6
2025-04-23,UA-35,18.2,0.0,48,1.71
2025-04-23,UA-40,11.1,0.0,91,2.43
2025-04-23,UA-43,12.4,0.0,77,1.54
2025-04-23,UA-46,16.9,1.0,72,2.4
2025-04-23,UA-48,16.7,0.0,69,2.09
2025-04-23,UA-51,14.8,0.0,75,2.37
2025-04-23,UA-53,18.4,0.0,46,2.11
2025-04-23,UA-56,17.2,0.8,66,2.22
2025-04-23,UA-59,18.4,0.0,47,1.28
2025-04-23,UA-61,16.8,0.2,62,1.46
2025-04-23,UA-63,18.8,0.1,42,2.66
2025-04-23,UA-65,16.0,0.0,67,1.92
2025-04-23,UA-68,17.6,0.1,56,1.56
2025-04-23,UA-71,18.6,0.0,52,1.29
2025-04-23,UA-74,18.7,0.0,47,1.99
2025-04-23,UA-77,17.1,0.0,59,2.05
2025-04-24,UA-05,18.1,0.3,53,1.97
2025-04-24,UA-07,16.4,1.3,73,2.35
2025-04-24,UA-09,15.8,0.3,66,1.95
2025-04-24,UA-12,18.4,0.8,53,1.3
2025-04-24,UA-14,16.3,0.1,59,1.94
2025-04-24,UA-18,17.1,0.0,61,2.3
2025-04-24,UA-21,17.7,0.0,69,1.49
2025-04-24,UA-23,16.9,0.1,61,1.51
2025-04-24,UA-26,17.5,0.2,57,1.92
2025-04-24,UA-30,18.3,0.1,52,2.01
2025-04-24,UA-32,18.2,0.0,50,1.93
2025-04-24,UA-35,19.6,0.0,40,1.52
2025-04-24,UA-40,11.7,0.0,91,1.96
2025-04-24,UA-43,13.3,0.6,75,1.4
2025-04-24,UA-46,17.1,0.3,65,1.79
2025-04-24,UA-48,18.2,0.2,56,2.24
2025-04-24,UA-51,17.6,0.0,62,2.97
2025-04-24,UA-53,18.7,0.1,44,1.91
2025-04-24,UA-56,16.5,2.5,73,1.99
2025-04-24,UA-59,19.3,0.1,46,1.6
2025-04-24,UA-61,17.4,0.4,56,2.0
2025-04-24,UA-63,19.2,0.0,39,1.44
2025-04-24,UA-65,17.8,0.0,56,1.62
2025-04-24,UA-68,17.2,0.1,60,1.49
2025-04-24,UA-71,19.3,0.0,47,1.57
2025-04-24,UA-74,18.4,0.2,53,2.03
2025-04-24,UA-77,17.8,0.0,52,2.08
2025-04-25,UA-05,17.7,0.7,59,2.37
2025-04-25,UA-07,13.0,6.3,79,4.17
2025-04-25,UA-09,18.4,0.0,53,1.8
2025-04-25,UA-12,18.9,0.0,53,1.56
2025-04-25,UA-14,17.2,1.3,62,1.86
2025-04-25,UA-18,16.4,1.4,62,3.04
2025-04-25,UA-21,16.9,0.9,73,1.76
2025-04-25,UA-23,17.2,0.4,65,1.55
2025-04-25,UA-26,15.9,3.6,72,2.32
2025-04-25,UA-30,17.8,1.2,56,3.32
2025-04-25,UA-32,18.1,0.8,57,2.65
2025-04-25,UA-35,18.8,0.5,49,2.39
2025-04-25,UA-40,11.7,2.3,95,2.33
2025-04-25,UA-43,13.0,0.7,82,1.83
2025-04-25,UA-46,14.6,1.9,77,3.3
2025-04-25,UA-48,18.6,0.7,61,1.93
2025-04-25,UA-51,18.6,1.0,56,2.76
2025-04-25,UA-53,18.5,1.2,50,2.25
2025-04-25,UA-56,14.3,10.6,75,3.67
2025-04-25,UA-59,17.6,0.5,56,2.98
2025-04-25,UA-61,15.8,2.5,67,2.97
2025-04-25,UA-63,19.6,0.3,42,1.98
2025-04-25,UA-65,18.3,0.4,60,1.8
2025-04-25,UA-68,16.3,1.1,66,2.85
2025-04-25,UA-71,19.2,0.0,52,2.64
2025-04-25,UA-74,16.6,4.3,59,3.68
2025-04-25,UA-77,17.7,0.6,59,1.91
2025-04-26,UA-05,10.4,0.0,56,4.76
2025-04-26,UA-07,7.8,0.0,55,4.21
2025-04-26,UA-09,14.7,1.9,58,4.74
2025-04-26,UA-12,13.0,0.0,62,5.11
2025-04-26,UA-14,13.0,3.2,70,4.16
2025-04-26,UA-18,8.8,2.0,54,5.02
2025-04-26,UA-21,13.9,0.0,55,5.33
2025-04-26,UA-23,13.0,0.5,74,4.67
2025-04-26,UA-26,10.4,1.4,65,3.52
2025-04-26,UA-30,9.2,3.7,58,5.02
2025-04-26,UA-32,10.2,0.6,59,4.5
2025-04-26,UA-35,12.4,0.0,55,5.67
2025-04-26,UA-40,12.0,0.6,92,2.54
2025-04-26,UA-43,13.1,3.9,82,2.35
2025-04-26,UA-46,8.9,1.2,64,4.36
2025-04-26,UA-48,15.1,0.4,59,5.11
2025-04-26,UA-51,15.6,0.1,54,5.91
2025-04-26,UA-53,10.4,0.9,60,5.34
2025-04-26,UA-56,8.2,1.0,56,4.49
2025-04-26,UA-59,7.6,2.9,65,5.03
2025-04-26,UA-61,9.1,0.8,60,4.28
2025-04-26,UA-63,9.5,1.3,64,4.79
2025-04-26,UA-65,15.2,1.7,59,4.29
2025-04-26,UA-68,9.4,0.6,58,4.79
2025-04-26,UA-71,11.1,0.5,59,5.29
2025-04-26,UA-74,7.9,3.4,52,5.2
2025-04-26,UA-77,11.9,0.0,60,3.74
2025-04-27,UA-05,7.3,0.0,45,3.47
2025-04-27,UA-07,6.8,0.0,56,2.33
2025-04-27,UA-09,6.0,0.2,51,5.29
2025-04-27,UA-12,6.9,0.0,44,5.86
2025-04-27,UA-14,5.5,0.0,49,4.7
2025-04-27,UA-18,6.2,0.0,47,4.03
2025-04-27,UA-21,12.4,0.0,47,2.79
2025-04-27,UA-23,7.8,0.0,48,5.88
2025-04-27,UA-26,8.1,0.0,55,2.2
2025-04-27,UA-30,5.9,0.0,49,5.01
2025-04-27,UA-32,6.2,0.0,46,4.31
2025-04-27,UA-35,7.2,0.0,41,4.99
2025-04-27,UA-40,11.2,0.0,62,5.49
2025-04-27,UA-43,8.7,0.0,56,4.19
2025-04-27,UA-46,7.6,0.0,55,2.62
2025-04-27,UA-48,9.5,0.0,43,4.55
2025-04-27,UA-51,10.0,0.0,39,4.65
2025-04-27,UA-53,5.1,0.8,45,5.65
2025-04-27,UA-56,6.7,0.0,53,2.61
2025-04-27,UA-59,3.2,1.6,65,5.1
2025-04-27,UA-61,7.3,0.0,51,2.16
2025-04-27,UA-63,4.4,0.8,58,5.04
2025-04-27,UA-65,9.3,0.0,39,4.19
2025-04-27,UA-68,6.9,0.0,50,2.66
2025-04-27,UA-71,6.6,0.0,49,5.04
2025-04-27,UA-74,4.3,0.0,52,5.41
2025-04-27,UA-77,9.0,0.0,48,1.82
2025-04-28,UA-05,10.2,0.0,43,2.12
2025-04-28,UA-07,10.1,0.0,54,1.55
2025-04-28,UA-09,5.6,0.0,47,3.75
2025-04-28,UA-12,7.3,0.0,47,2.82
2025-04-28,UA-14,5.2,0.0,48,2.78
2025-04-28,UA-18,9.5,0.0,44,2.26
2025-04-28,UA-21,13.4,0.0,60,1.35
2025-04-28,UA-23,7.7,0.0,51,2.77
2025-04-28,UA-26,11.8,0.0,56,1.98
2025-04-28,UA-30,8.6,0.0,47,2.39
2025-04-28,UA-32,9.4,0.0,43,2.33
2025-04-28,UA-35,9.0,0.0,39,1.77
2025-04-28,UA-40,9.5,0.0,52,3.15
2025-04-28,UA-43,6.6,0.0,50,3.2
2025-04-28,UA-46,10.5,0.0,58,2.26
2025-04-28,UA-48,8.9,0.0,53,1.75
2025-04-28,UA-51,9.0,0.0,50,2.99
2025-04-28,UA-53,6.8,0.0,42,3.08
2025-04-28,UA-56,10.3,0.0,50,1.68
2025-04-28,UA-59,6.2,0.0,51,3.1
2025-04-28,UA-61,10.3,0.0,54,2.33
2025-04-28,UA-63,6.2,0.0,47,3.47
2025-04-28,UA-65,8.4,0.0,43,2.18
2025-04-28,UA-68,9.8,0.0,49,2.35
2025-04-28,UA-71,9.5,0.0,46,1.83
2025-04-28,UA-74,8.1,0.0,47,2.4
2025-04-28,UA-77,12.1,0.0,47,2.39
2025-04-29,UA-05,14.7,0.0,43,3.73
2025-04-29,UA-07,13.5,0.0,51,3.96
2025-04-29,UA-09,11.2,0.0,35,3.74
2025-04-29,UA-12,13.0,0.0,38,5.31
2025-04-29,UA-14,9.6,0.0,43,2.52
2025-04-29,UA-18,13.8,0.2,44,3.9
2025-04-29,UA-21,15.3,0.0,61,1.74
2025-04-29,UA-23,11.4,0.0,52,3.96
2025-04-29,UA-26,14.5,0.0,60,2.81
2025-04-29,UA-30,13.9,0.0,43,3.62
2025-04-29,UA-32,14.5,0.0,41,3.78
2025-04-29,UA-35,14.3,0.0,34,4.86
2025-04-29,UA-40,10.1,0.0,61,2.57
2025-04-29,UA-43,7.8,0.0,52,3.33
2025-04-29,UA-46,13.6,0.0,60,3.37
2025-04-29,UA-48,11.1,0.0,55,3.21
2025-04-29,UA-51,10.5,0.0,51,3.48
2025-04-29,UA-53,13.7,0.2,35,5.27
2025-04-29,UA-56,13.5,0.0,51,3.91
2025-04-29,UA-59,13.2,0.3,43,4.44
2025-04-29,UA-61,14.0,0.0,53,3.61
2025-04-29,UA-63,13.7,0.0,32,5.16
2025-04-29,UA-65,11.0,0.0,56,1.97
2025-04-29,UA-68,14.2,0.0,47,3.48
2025-04-29,UA-71,14.9,0.0,40,4.27
2025-04-29,UA-74,13.5,0.0,45,4.36
2025-04-29,UA-77,15.8,0.0,52,2.26
2025-04-30,UA-05,14.6,0.0,52,3.05
2025-04-30,UA-07,13.9,0.0,57,2.64
2025-04-30,UA-09,14.4,0.0,41,4.8
2025-04-30,UA-12,15.0,0.0,43,3.88
2025-04-30,UA-14,13.4,0.0,42,3.71
2025-04-30,UA-18,14.0,0.0,51,3.19
2025-04-30,UA-21,16.2,0.0,63,1.73
2025-04-30,UA-23,14.0,0.0,58,4.25
2025-04-30,UA-26,14.7,0.0,64,2.79
2025-04-30,UA-30,14.0,0.0,50,3.16
2025-04-30,UA-32,14.6,0.0,51,2.88
2025-04-30,UA-35,16.0,0.2,41,3.21
2025-04-30,UA-40,11.1,0.0,68,1.94
2025-04-30,UA-43,10.7,0.0,58,1.22
2025-04-30,UA-46,13.6,0.0,65,2.73
2025-04-30,UA-48,14.1,0.0,58,3.86
2025-04-30,UA-51,14.7,0.0,53,4.17
2025-04-30,UA-53,15.0,0.0,43,3.27
2025-04-30,UA-56,14.0,0.0,56,2.8
2025-04-30,UA-59,13.5,0.2,54,3.23
2025-04-30,UA-61,14.1,0.0,57,3.05
2025-04-30,UA-63,14.7,0.1,43,3.51
2025-04-30,UA-65,13.4,0.0,56,3.72
2025-04-30,UA-68,13.9,0.0,54,3.21
2025-04-30,UA-71,15.6,0.0,49,2.73
2025-04-30,UA-74,12.9,0.0,52,3.43
2025-04-30,UA-77,16.9,0.0,54,3.14
2025-05-01,UA-05,13.5,0.1,48,3.91
2025-05-01,UA-07,12.5,0.2,51,3.62
2025-05-01,UA-09,17.0,0.0,43,4.04
2025-05-01,UA-12,16.4,0.0,47,3.67
2025-05-01,UA-14,15.5,0.0,47,3.09
2025-05-01,UA-18,12.5,0.0,46,4.74
2025-05-01,UA-21,16.3,0.0,60,2.79
2025-05-01,UA-23,15.7,0.0,60,3.6
2025-05-01,UA-26,14.1,0.0,57,3.33
2025-05-01,UA-30,11.9,0.1,49,4.97
2025-05-01,UA-32,12.9,0.0,49,4.18
2025-05-01,UA-35,16.0,0.0,44,3.83
2025-05-01,UA-40,12.3,0.1,76,2.18
2025-05-01,UA-43,13.5,0.0,53,2.06
2025-05-01,UA-46,12.7,0.0,60,3.23
2025-05-01,UA-48,17.4,0.0,51,2.72
2025-05-01,UA-51,17.5,0.0,45,3.13
2025-05-01,UA-53,13.8,0.1,47,4.32
2025-05-01,UA-56,12.5,0.2,51,3.98
2025-05-01,UA-59,10.6,1.2,60,5.05
2025-05-01,UA-61,13.1,0.0,52,3.67
2025-05-01,UA-63,13.6,0.0,51,4.06
2025-05-01,UA-65,16.9,0.0,51,2.69
2025-05-01,UA-68,12.9,0.0,50,3.94
2025-05-01,UA-71,14.1,0.2,50,4.22
2025-05-01,UA-74,10.2,1.5,55,5.74
2025-05-01,UA-77,16.2,0.0,49,3.53
2025-05-02,UA-05,11.8,0.0,48,1.76
2025-05-02,UA-07,13.3,0.0,49,2.25
2025-05-02,UA-09,11.9,0.2,48,4.08
2025-05-02,UA-12,10.4,0.0,47,4.66
2025-05-02,UA-14,11.2,0.0,46,3.85
2025-05-02,UA-18,10.8,0.0,43,1.78
2025-05-02,UA-21,16.3,0.0,60,1.73
2025-05-02,UA-23,11.1,0.0,52,5.52
2025-05-02,UA-26,14.2,0.0,52,1.75
2025-05-02,UA-30,9.5,0.0,45,2.6
2025-05-02,UA-32,10.0,0.0,47,2.3
2025-05-02,UA-35,10.2,0.0,43,3.84
2025-05-02,UA-40,13.5,0.0,67,4.69
2025-05-02,UA-43,12.6,0.0,56,3.51
2025-05-02,UA-46,13.7,0.0,56,2.28
2025-05-02,UA-48,12.3,0.0,46,4.53
2025-05-02,UA-51,13.6,0.0,41,4.58
2025-05-02,UA-53,9.0,0.0,45,4.28
2025-05-02,UA-56,12.7,0.0,50,1.93
2025-05-02,UA-59,8.0,0.0,53,4.76
2025-05-02,UA-61,13.6,0.0,44,2.11
2025-05-02,UA-63,9.1,0.0,47,4.5
2025-05-02,UA-65,12.4,0.0,40,4.51
2025-05-02,UA-68,12.6,0.0,47,2.08
2025-05-02,UA-71,10.0,0.0,48,3.22
2025-05-02,UA-74,8.7,0.0,44,3.31
2025-05-02,UA-77,15.5,0.0,38,2.12
2025-05-03,UA-05,16.6,1.3,51,3.77
2025-05-03,UA-07,18.0,2.5,63,4.25
2025-05-03,UA-09,13.3,0.0,41,2.75
2025-05-03,UA-12,14.5,0.0,40,3.65
2025-05-03,UA-14,12.4,0.0,45,2.44
2025-05-03,UA-18,16.9,1.5,52,4.9
2025-05-03,UA-21,19.1,0.0,61,3.03
2025-05-03,UA-23,13.3,0.0,53,3.44
2025-05-03,UA-26,18.7,0.2,57,3.76
2025-05-03,UA-30,15.5,3.9,56,4.91
2025-05-03,UA-32,16.4,2.3,52,4.7
2025-05-03,UA-35,15.7,0.0,34,5.07
2025-05-03,UA-40,12.3,0.0,69,2.0
2025-05-03,UA-43,11.4,0.0,55,1.8
2025-05-03,UA-46,17.7,1.6,65,3.92
2025-05-03,UA-48,13.1,0.0,54,4.13
2025-05-03,UA-51,13.4,0.0,54,4.92
2025-05-03,UA-53,14.7,0.0,37,5.01
2025-05-03,UA-56,17.8,1.5,59,4.35
2025-05-03,UA-59,14.1,1.3,47,5.33
2025-05-03,UA-61,17.7,0.6,58,3.94
2025-05-03,UA-63,14.5,0.0,34,4.72
2025-05-03,UA-65,12.9,0.0,47,2.98
2025-05-03,UA-68,17.1,2.8,54,3.96
2025-05-03,UA-71,16.6,0.5,41,5.07
2025-05-03,UA-74,13.8,2.3,60,4.07
2025-05-03,UA-77,18.5,1.4,54,2.81
2025-05-04,UA-05,19.0,1.1,59,4.04
2025-05-04,UA-07,16.3,4.3,68,4.7
2025-05-04,UA-09,16.7,0.0,39,3.72
2025-05-04,UA-12,16.9,0.0,35,5.29
2025-05-04,UA-14,14.2,0.0,47,2.96
2025-05-04,UA-18,18.5,2.3,65,4.5
2025-05-04,UA-21,18.4,9.3,75,3.55
2025-05-04,UA-23,15.2,0.0,56,4.6
2025-05-04,UA-26,17.3,5.8,74,3.62
2025-05-04,UA-30,18.7,1.6,63,4.07
2025-05-04,UA-32,19.1,2.0,59,4.18
2025-05-04,UA-35,17.4,0.0,38,6.07
2025-05-04,UA-40,12.3,0.0,79,1.85
2025-05-04,UA-43,11.9,0.0,63,1.74
2025-05-04,UA-46,16.0,6.9,74,4.05
2025-05-04,UA-48,13.8,0.0,59,5.39
2025-05-04,UA-51,13.5,0.0,63,6.54
2025-05-04,UA-53,18.2,0.0,32,6.01
2025-05-04,UA-56,17.5,4.2,64,4.25
2025-05-04,UA-59,18.9,0.5,44,6.31
2025-05-04,UA-61,17.2,5.0,69,3.92
2025-05-04,UA-63,18.9,0.0,29,5.98
2025-05-04,UA-65,13.7,0.0,52,4.23
2025-05-04,UA-68,18.2,2.6,66,3.96
2025-05-04,UA-71,19.4,0.0,43,5.74
2025-05-04,UA-74,16.7,2.7,73,4.29
2025-05-04,UA-77,19.8,1.2,60,3.3
2025-05-05,UA-05,12.2,2.3,83,2.79
2025-05-05,UA-07,9.7,0.1,68,3.12
2025-05-05,UA-09,18.7,0.0,50,2.7
2025-05-05,UA-12,16.6,0.0,50,3.39
2025-05-05,UA-14,15.9,0.0,60,2.21
2025-05-05,UA-18,10.8,6.5,81,2.49
2025-05-05,UA-21,12.8,4.4,74,4.13
2025-05-05,UA-23,16.2,0.0,68,3.41
2025-05-05,UA-26,10.8,6.5,89,1.9
2025-05-05,UA-30,11.8,3.5,78,2.72
2025-05-05,UA-32,12.8,2.8,82,2.72
2025-05-05,UA-35,16.3,1.8,57,3.19
2025-05-05,UA-40,12.2,0.0,87,2.95
2025-05-05,UA-43,12.7,0.0,77,1.82
2025-05-05,UA-46,10.5,0.9,72,2.88
2025-05-05,UA-48,13.8,0.0,71,4.34
2025-05-05,UA-51,13.6,0.0,70,5.23
2025-05-05,UA-53,14.3,4.0,55,3.48
2025-05-05,UA-56,11.0,0.1,64,2.88
2025-05-05,UA-59,13.4,6.8,71,2.91
2025-05-05,UA-61,10.8,5.3,76,2.84
2025-05-05,UA-63,16.1,1.7,50,4.03
2025-05-05,UA-65,14.0,0.0,68,3.47
2025-05-05,UA-68,10.7,6.8,82,2.77
2025-05-05,UA-71,14.6,4.0,70,3.02
2025-05-05,UA-74,11.7,1.5,67,3.12
2025-05-05,UA-77,12.1,4.3,89,2.27
2025-05-06,UA-05,10.6,5.5,87,2.65
2025-05-06,UA-07,8.5,2.2,79,2.3
2025-05-06,UA-09,19.3,0.4,53,1.8
2025-05-06,UA-12,15.6,2.3,71,2.15
2025-05-06,UA-14,17.5,0.3,61,1.87
2025-05-06,UA-18,8.9,2.6,81,2.85
2025-05-06,UA-21,12.5,3.7,79,2.98
2025-05-06,UA-23,16.3,0.1,67,2.81
2025-05-06,UA-26,9.9,9.6,89,3.06
2025-05-06,UA-30,10.4,1.3,71,2.63
2025-05-06,UA-32,11.2,2.2,79,2.68
2025-05-06,UA-35,12.8,10.3,88,2.42
2025-05-06,UA-40,13.6,0.0,82,3.89
2025-05-06,UA-43,14.9,0.0,74,1.5
2025-05-06,UA-46,8.5,8.8,91,3.55
2025-05-06,UA-48,14.1,2.2,77,2.66
2025-05-06,UA-51,13.6,2.0,81,2.89
2025-05-06,UA-53,12.4,9.1,84,2.9
2025-05-06,UA-56,8.4,2.6,82,2.46
2025-05-06,UA-59,12.3,1.9,68,2.28
2025-05-06,UA-61,8.7,11.1,89,3.15
2025-05-06,UA-63,12.8,8.7,82,2.85
2025-05-06,UA-65,14.3,0.6,67,2.71
2025-05-06,UA-68,9.0,8.8,87,3.03
2025-05-06,UA-71,11.5,6.3,89,2.22
2025-05-06,UA-74,9.9,0.0,58,1.97
2025-05-06,UA-77,11.3,9.4,92,2.09
2025-05-07,UA-05,9.6,2.2,79,3.1
2025-05-07,UA-07,9.6,0.1,59,3.4
2025-05-07,UA-09,18.3,1.6,52,3.6
2025-05-07,UA-12,15.6,3.5,75,2.83
2025-05-07,UA-14,16.6,0.8,57,3.22
2025-05-07,UA-18,10.6,0.9,62,3.09
2025-05-07,UA-21,12.3,0.4,67,3.71
2025-05-07,UA-23,15.7,2.4,79,2.63
2025-05-07,UA-26,9.8,2.6,83,2.37
2025-05-07,UA-30,11.4,1.5,61,2.86
2025-05-07,UA-32,10.5,1.2,72,2.88
2025-05-07,UA-35,11.9,8.4,97,2.61
2025-05-07,UA-40,14.3,2.6,80,4.06
2025-05-07,UA-43,15.4,3.4,75,2.63
2025-05-07,UA-46,10.2,0.3,67,2.85
2025-05-07,UA-48,14.5,7.6,85,2.79
2025-05-07,UA-51,13.8,8.0,89,2.6
2025-05-07,UA-53,11.6,9.2,93,2.21
2025-05-07,UA-56,10.5,0.0,57,3.35
2025-05-07,UA-59,11.4,2.0,75,2.36
2025-05-07,UA-61,10.2,1.3,68,2.96
2025-05-07,UA-63,12.7,10.2,93,2.05
2025-05-07,UA-65,14.8,2.0,78,2.86
2025-05-07,UA-68,10.1,1.8,71,3.37
2025-05-07,UA-71,11.2,1.7,83,2.75
2025-05-07,UA-74,11.6,0.0,49,3.17
2025-05-07,UA-77,9.8,4.9,92,3.03
2025-05-08,UA-05,9.0,2.6,60,2.64
2025-05-08,UA-07,6.3,0.0,54,2.37
2025-05-08,UA-09,13.6,4.9,83,2.78
2025-05-08,UA-12,14.2,0.2,61,3.44
2025-05-08,UA-14,12.7,2.9,85,2.15
2025-05-08,UA-18,7.1,0.0,58,2.79
2025-05-08,UA-21,11.2,0.0,57,4.22
2025-05-08,UA-23,14.4,0.6,68,3.54
2025-05-08,UA-26,7.6,3.2,78,2.11
2025-05-08,UA-30,8.4,0.0,58,3.04
2025-05-08,UA-32,9.4,0.2,56,3.0
2025-05-08,UA-35,12.6,0.0,61,2.8
2025-05-08,UA-40,13.6,0.0,92,2.82
2025-05-08,UA-43,14.6,0.9,84,2.35
2025-05-08,UA-46,7.6,0.0,57,2.85
2025-05-08,UA-48,14.7,0.0,67,2.51
2025-05-08,UA-51,13.9,0.2,76,2.09
2025-05-08,UA-53,11.6,0.1,61,3.17
2025-05-08,UA-56,6.6,0.0,55,2.44
2025-05-08,UA-59,10.1,0.0,58,3.38
2025-05-08,UA-61,7.8,0.0,56,2.62
2025-05-08,UA-63,12.6,0.4,61,3.05
2025-05-08,UA-65,15.0,0.2,64,2.49
2025-05-08,UA-68,8.0,0.8,59,2.5
2025-05-08,UA-71,11.1,0.0,58,3.47
2025-05-08,UA-74,7.8,0.0,54,3.11
2025-05-08,UA-77,8.2,16.6,85,2.2
2025-05-09,UA-05,6.3,7.4,74,3.68
2025-05-09,UA-07,5.9,0.6,58,2.71
2025-05-09,UA-09,15.5,6.5,73,3.45
2025-05-09,UA-12,11.1,12.9,77,4.08
2025-05-09,UA-14,13.3,7.3,79,3.73
2025-05-09,UA-18,6.9,1.0,59,3.0
2025-05-09,UA-21,10.0,0.4,54,3.42
2025-05-09,UA-23,12.0,11.2,78,5.51
2025-05-09,UA-26,7.3,1.2,69,2.47
2025-05-09,UA-30,8.0,0.9,56,3.08
2025-05-09,UA-32,6.9,4.1,68,3.32
2025-05-09,UA-35,6.6,16.5,89,4.68
2025-05-09,UA-40,13.4,1.1,88,4.34
2025-05-09,UA-43,13.8,3.2,83,3.32
2025-05-09,UA-46,6.2,0.4,62,2.97
2025-05-09,UA-48,10.2,6.1,85,4.48
2025-05-09,UA-51,10.2,3.8,85,4.67
2025-05-09,UA-53,7.3,14.5,80,4.39
2025-05-09,UA-56,6.5,0.6,58,2.88
2025-05-09,UA-59,7.4,7.6,72,3.19
2025-05-09,UA-61,6.1,0.2,61,3.06
2025-05-09,UA-63,9.7,14.2,75,3.29
2025-05-09,UA-65,10.8,4.8,83,4.47
2025-05-09,UA-68,6.2,2.8,69,3.27
2025-05-09,UA-71,6.3,14.8,86,3.96
2025-05-09,UA-74,8.2,0.0,48,3.01
2025-05-09,UA-77,7.4,4.8,74,3.2
2025-05-10,UA-05,7.0,3.5,76,3.52
2025-05-10,UA-07,5.2,6.5,83,2.37
2025-05-10,UA-09,9.8,0.0,70,3.81
2025-05-10,UA-12,9.5,0.0,65,3.84
2025-05-10,UA-14,8.6,0.0,66,3.31
2025-05-10,UA-18,5.8,3.3,75,2.59
2025-05-10,UA-21,9.3,1.2,69,2.0
2025-05-10,UA-23,10.4,0.0,62,3.77
2025-05-10,UA-26,7.3,2.4,76,4.43
2025-05-10,UA-30,7.9,5.1,63,2.49
2025-05-10,UA-32,7.7,2.7,69,2.79
2025-05-10,UA-35,9.2,0.0,59,3.33
2025-05-10,UA-40,10.5,0.5,69,5.23
2025-05-10,UA-43,8.7,0.0,71,2.26
2025-05-10,UA-46,6.1,6.3,86,4.2
2025-05-10,UA-48,10.3,0.0,68,3.21
2025-05-10,UA-51,10.5,0.0,63,3.27
2025-05-10,UA-53,7.7,0.0,64,3.75
2025-05-10,UA-56,5.1,6.5,80,2.5
2025-05-10,UA-59,7.8,1.7,75,3.3
2025-05-10,UA-61,5.7,5.7,85,4.45
2025-05-10,UA-63,8.4,0.4,66,3.66
2025-05-10,UA-65,10.2,0.0,64,3.02
2025-05-10,UA-68,5.6,6.1,82,3.79
2025-05-10,UA-71,9.2,4.9,64,3.07
2025-05-10,UA-74,8.3,0.4,57,2.5
2025-05-10,UA-77,10.0,0.5,64,3.73
2025-05-11,UA-05,6.8,1.8,77,2.32
2025-05-11,UA-07,6.8,2.8,75,2.18
2025-05-11,UA-09,12.4,0.0,49,1.98
2025-05-11,UA-12,10.8,4.4,72,3.4
2025-05-11,UA-14,11.4,0.0,52,1.9
2025-05-11,UA-18,6.8,1.4,76,2.37
2025-05-11,UA-21,10.1,0.9,68,2.68
2025-05-11,UA-23,12.2,1.2,70,3.21
2025-05-11,UA-26,7.1,2.3,84,1.52
2025-05-11,UA-30,8.5,0.9,69,2.35
2025-05-11,UA-32,7.9,2.1,75,2.38
2025-05-11,UA-35,9.8,1.1,71,2.3
2025-05-11,UA-40,11.6,0.0,68,2.08
2025-05-11,UA-43,9.9,0.0,72,1.73
2025-05-11,UA-46,7.1,1.5,79,1.75
2025-05-11,UA-48,12.1,3.4,71,2.83
2025-05-11,UA-51,11.0,6.3,78,2.64
2025-05-11,UA-53,8.3,3.9,74,2.35
2025-05-11,UA-56,6.6,1.4,76,2.03
2025-05-11,UA-59,7.7,2.2,78,1.34
2025-05-11,UA-61,6.1,3.8,83,1.82
2025-05-11,UA-63,7.0,5.5,79,2.12
2025-05-11,UA-65,12.3,5.0,76,2.8
2025-05-11,UA-68,5.9,2.3,80,2.09
2025-05-11,UA-71,9.0,2.1,74,2.16
2025-05-11,UA-74,8.1,0.7,63,2.57
2025-05-11,UA-77,7.5,3.1,77,1.72
2025-05-12,UA-05,8.3,0.1,63,2.74
2025-05-12,UA-07,8.6,0.6,60,2.95
2025-05-12,UA-09,13.3,0.4,62,2.02
2025-05-12,UA-12,8.5,8.4,87,3.12
2025-05-12,UA-14,11.7,4.1,70,2.12
2025-05-12,UA-18,8.2,0.4,60,2.98
2025-05-12,UA-21,9.7,0.4,67,2.36
2025-05-12,UA-23,10.9,3.6,82,3.07
2025-05-12,UA-26,7.1,1.7,83,2.19
2025-05-12,UA-30,9.4,0.3,57,3.02
2025-05-12,UA-32,9.0,0.4,59,2.89
2025-05-12,UA-35,8.6,6.6,78,2.5
2025-05-12,UA-40,11.7,0.0,77,3.04
2025-05-12,UA-43,10.5,0.0,77,2.26
2025-05-12,UA-46,7.9,1.0,73,2.24
2025-05-12,UA-48,9.2,7.6,81,3.21
2025-05-12,UA-51,9.8,6.2,76,3.59
2025-05-12,UA-53,7.0,3.1,80,2.66
2025-05-12,UA-56,8.5,0.4,59,2.78
2025-05-12,UA-59,8.4,0.7,66,1.89
2025-05-12,UA-61,7.3,0.6,68,2.57
2025-05-12,UA-63,7.1,10.4,85,2.14
2025-05-12,UA-65,9.4,4.9,81,2.43
2025-05-12,UA-68,7.7,0.3,65,2.72
2025-05-12,UA-71,9.7,1.5,69,2.32
2025-05-12,UA-74,8.6,0.0,57,3.03
2025-05-12,UA-77,7.6,1.6,81,2.75
2025-05-13,UA-05,9.7,1.5,65,3.39
2025-05-13,UA-07,10.5,0.8,62,3.57
2025-05-13,UA-09,12.5,0.2,63,2.39
2025-05-13,UA-12,10.2,0.6,68,2.94
2025-05-13,UA-14,10.3,0.7,65,2.75
2025-05-13,UA-18,9.7,1.1,68,3.97
2025-05-13,UA-21,10.2,0.1,65,1.65
2025-05-13,UA-23,11.1,0.3,65,3.61
2025-05-13,UA-26,9.5,1.0,72,3.14
2025-05-13,UA-30,9.9,2.2,68,3.03
2025-05-13,UA-32,10.0,1.3,67,2.97
2025-05-13,UA-35,9.5,1.4,68,2.87
2025-05-13,UA-40,11.6,0.0,68,5.73
2025-05-13,UA-43,10.0,0.4,67,2.89
2025-05-13,UA-46,9.6,2.2,70,3.03
2025-05-13,UA-48,10.9,0.4,68,2.99
2025-05-13,UA-51,11.3,0.1,65,3.43
2025-05-13,UA-53,8.8,1.4,72,2.68
2025-05-13,UA-56,10.4,2.0,65,3.84
2025-05-13,UA-59,8.5,1.5,73,2.62
2025-05-13,UA-61,9.6,0.8,68,3.5
2025-05-13,UA-63,9.4,1.3,69,2.44
2025-05-13,UA-65,10.7,0.4,65,2.86
2025-05-13,UA-68,9.7,1.2,67,3.91
2025-05-13,UA-71,9.8,1.5,71,2.86
2025-05-13,UA-74,9.1,2.7,73,2.99
2025-05-13,UA-77,10.1,0.4,69,3.65
2025-05-14,UA-05,12.1,1.0,58,3.5
2025-05-14,UA-07,11.1,6.2,69,4.37
2025-05-14,UA-09,12.3,0.1,52,3.13
2025-05-14,UA-12,10.8,2.9,72,2.92
2025-05-14,UA-14,10.2,0.7,61,2.72
2025-05-14,UA-18,11.9,0.2,56,3.76
2025-05-14,UA-21,12.3,0.3,64,1.64
2025-05-14,UA-23,12.0,1.5,69,3.38
2025-05-14,UA-26,11.8,0.8,60,4.88
2025-05-14,UA-30,11.9,0.0,52,3.34
2025-05-14,UA-32,12.2,0.0,54,3.26
2025-05-14,UA-35,11.2,1.1,67,3.05
2025-05-14,UA-40,12.5,0.1,74,3.33
2025-05-14,UA-43,10.4,0.9,72,3.09
2025-05-14,UA-46,10.6,1.8,71,5.18
2025-05-14,UA-48,12.1,0.6,70,3.31
2025-05-14,UA-51,12.6,0.1,65,3.8
2025-05-14,UA-53,9.5,1.8,68,2.96
2025-05-14,UA-56,11.7,3.2,65,4.25
2025-05-14,UA-59,9.5,0.6,66,3.11
2025-05-14,UA-61,10.9,2.1,68,4.71
2025-05-14,UA-63,9.3,2.2,73,3.0
2025-05-14,UA-65,11.9,0.1,68,3.25
2025-05-14,UA-68,11.6,2.3,64,4.02
2025-05-14,UA-71,11.5,0.8,66,2.95
2025-05-14,UA-74,11.7,0.0,52,2.86
2025-05-14,UA-77,12.5,0.4,56,3.83
2025-05-15,UA-05,12.1,7.7,73,4.57
2025-05-15,UA-07,6.6,15.3,90,3.34
2025-05-15,UA-09,14.2,0.9,51,3.38
2025-05-15,UA-12,14.1,0.4,60,5.25
2025-05-15,UA-14,12.6,0.5,57,3.13
2025-05-15,UA-18,10.9,9.1,78,5.26
2025-05-15,UA-21,9.1,9.0,79,3.26
2025-05-15,UA-23,13.9,0.1,65,5.18
2025-05-15,UA-26,8.9,7.9,78,4.69
2025-05-15,UA-30,13.2,7.6,72,4.79
2025-05-15,UA-32,14.1,2.1,65,4.66
2025-05-15,UA-35,14.5,0.1,58,5.75
2025-05-15,UA-40,12.8,0.1,75,4.62
2025-05-15,UA-43,11.4,0.5,67,2.94
2025-05-15,UA-46,7.0,9.4,86,3.59
2025-05-15,UA-48,14.3,0.1,70,6.11
2025-05-15,UA-51,14.0,0.2,71,6.74
2025-05-15,UA-53,13.7,0.1,58,5.45
2025-05-15,UA-56,7.4,11.1,91,3.4
2025-05-15,UA-59,13.0,0.9,62,5.9
2025-05-15,UA-61,8.1,7.8,83,4.43
2025-05-15,UA-63,13.1,0.0,61,4.64
2025-05-15,UA-65,14.2,0.0,67,5.47
2025-05-15,UA-68,9.3,10.2,82,4.72
2025-05-15,UA-71,14.9,0.0,57,5.43
2025-05-15,UA-74,12.8,5.2,74,4.95
2025-05-15,UA-77,11.3,6.6,70,4.13
2025-05-16,UA-05,5.4,15.7,97,1.93
2025-05-16,UA-07,7.9,0.1,71,4.72
2025-05-16,UA-09,16.5,0.1,52,3.04
2025-05-16,UA-12,15.9,0.0,58,4.61
2025-05-16,UA-14,15.3,0.3,57,3.88
2025-05-16,UA-18,5.4,13.5,92,2.03
2025-05-16,UA-21,9.9,0.0,63,1.22
2025-05-16,UA-23,15.1,0.2,65,4.86
2025-05-16,UA-26,8.1,0.0,74,2.52
2025-05-16,UA-30,6.3,13.9,95,2.3
2025-05-16,UA-32,6.6,5.5,95,2.46
2025-05-16,UA-35,15.4,0.0,53,5.07
2025-05-16,UA-40,14.2,0.3,71,8.18
2025-05-16,UA-43,14.0,0.2,60,4.1
2025-05-16,UA-46,7.8,0.0,74,3.36
2025-05-16,UA-48,15.7,1.9,66,3.92
2025-05-16,UA-51,13.7,2.4,81,6.1
2025-05-16,UA-53,15.6,0.0,51,4.98
2025-05-16,UA-56,8.3,0.4,71,3.98
2025-05-16,UA-59,15.8,0.0,50,5.48
2025-05-16,UA-61,7.7,0.0,73,3.03
2025-05-16,UA-63,15.9,0.0,53,4.38
2025-05-16,UA-65,15.9,0.8,58,3.81
2025-05-16,UA-68,7.1,4.0,79,1.91
2025-05-16,UA-71,15.1,0.2,58,4.12
2025-05-16,UA-74,6.7,15.0,96,2.22
2025-05-16,UA-77,6.6,7.3,86,1.88
2025-05-17,UA-05,9.1,4.6,94,1.91
2025-05-17,UA-07,9.6,0.3,74,2.96
2025-05-17,UA-09,18.9,2.3,52,6.22
2025-05-17,UA-12,15.4,9.5,74,4.01
2025-05-17,UA-14,16.7,2.9,62,5.26
2025-05-17,UA-18,8.4,3.6,93,1.92
2025-05-17,UA-21,11.1,0.9,73,2.04
2025-05-17,UA-23,15.9,3.3,74,4.87
2025-05-17,UA-26,9.3,0.7,78,2.16
2025-05-17,UA-30,10.6,6.0,91,2.55
2025-05-17,UA-32,10.7,4.0,89,2.4
2025-05-17,UA-35,13.0,8.0,88,2.63
2025-05-17,UA-40,14.8,2.1,79,4.2
2025-05-17,UA-43,15.3,2.7,71,4.02
2025-05-17,UA-46,8.8,1.4,79,3.31
2025-05-17,UA-48,13.4,7.5,88,2.93
2025-05-17,UA-51,12.9,7.8,89,3.53
2025-05-17,UA-53,14.3,11.6,76,3.76
2025-05-17,UA-56,9.4,0.6,77,1.76
2025-05-17,UA-59,15.3,5.0,71,4.07
2025-05-17,UA-61,9.2,0.6,75,2.44
2025-05-17,UA-63,16.4,5.0,66,4.93
2025-05-17,UA-65,13.5,12.2,85,2.77
2025-05-17,UA-68,7.5,7.0,91,1.95
2025-05-17,UA-71,12.6,12.0,87,2.74
2025-05-17,UA-74,11.3,13.3,89,2.87
2025-05-17,UA-77,9.3,3.3,82,2.11
2025-05-18,UA-05,11.1,3.2,78,2.9
2025-05-18,UA-07,9.4,0.5,73,3.68
2025-05-18,UA-09,17.1,0.1,64,4.51
2025-05-18,UA-12,13.4,2.5,84,3.67
2025-05-18,UA-14,14.1,1.0,72,3.74
2025-05-18,UA-18,11.0,0.4,75,3.49
2025-05-18,UA-21,11.9,2.0,68,3.25
2025-05-18,UA-23,13.8,1.9,81,4.64
2025-05-18,UA-26,9.4,5.2,82,1.8
2025-05-18,UA-30,12.5,0.5,71,3.43
2025-05-18,UA-32,12.6,2.4,73,3.31
2025-05-18,UA-35,13.2,2.3,77,3.45
2025-05-18,UA-40,13.0,0.9,83,4.7
2025-05-18,UA-43,12.7,0.3,77,4.77
2025-05-18,UA-46,7.9,3.6,83,2.77
2025-05-18,UA-48,13.9,1.3,75,4.49
2025-05-18,UA-51,13.9,0.1,70,4.49
2025-05-18,UA-53,12.7,8.0,84,3.37
2025-05-18,UA-56,10.1,0.1,70,3.37
2025-05-18,UA-59,13.4,5.1,82,3.1
2025-05-18,UA-61,8.7,2.1,79,2.33
2025-05-18,UA-63,13.6,7.6,86,3.79
2025-05-18,UA-65,13.7,0.2,73,4.4
2025-05-18,UA-68,9.7,5.5,81,2.79
2025-05-18,UA-71,12.7,2.2,80,3.16
2025-05-18,UA-74,11.8,0.4,76,3.48
2025-05-18,UA-77,11.5,1.4,70,2.85
2025-05-19,UA-05,9.9,15.8,85,2.09
2025-05-19,UA-07,9.3,2.1,77,2.73
2025-05-19,UA-09,15.2,1.7,64,4.58
2025-05-19,UA-12,14.2,5.7,75,3.8
2025-05-19,UA-14,13.2,4.5,75,3.81
2025-05-19,UA-18,11.1,2.7,75,2.26
2025-05-19,UA-21,10.3,6.0,75,2.3
2025-05-19,UA-23,14.8,3.5,74,4.89
2025-05-19,UA-26,7.7,8.7,86,3.27
2025-05-19,UA-30,12.6,1.6,72,1.81
2025-05-19,UA-32,12.1,9.0,76,1.94
2025-05-19,UA-35,13.8,4.4,74,2.7
2025-05-19,UA-40,13.9,0.1,82,5.78
2025-05-19,UA-43,14.5,0.1,67,5.42
2025-05-19,UA-46,8.0,7.7,87,3.23
2025-05-19,UA-48,15.3,1.1,72,4.5
2025-05-19,UA-51,14.6,2.0,72,4.57
2025-05-19,UA-53,12.6,4.8,79,2.75
2025-05-19,UA-56,9.2,2.0,74,2.32
2025-05-19,UA-59,12.4,2.8,77,2.77
2025-05-19,UA-61,7.5,8.1,86,2.31
2025-05-19,UA-63,12.8,4.4,81,3.02
2025-05-19,UA-65,15.6,4.3,70,4.76
2025-05-19,UA-68,7.6,17.1,88,2.36
2025-05-19,UA-71,13.6,1.7,72,1.88
2025-05-19,UA-74,11.6,5.1,74,1.62
2025-05-19,UA-77,9.1,8.9,82,3.73
2025-05-20,UA-05,11.1,2.6,80,4.62
2025-05-20,UA-07,11.9,0.5,75,4.84
2025-05-20,UA-09,14.4,10.0,70,4.75
2025-05-20,UA-12,12.5,8.1,86,3.75
2025-05-20,UA-14,11.1,21.3,89,4.25
2025-05-20,UA-18,11.1,1.9,81,4.7
2025-05-20,UA-21,11.1,0.0,79,1.49
2025-05-20,UA-23,12.9,6.7,82,5.0
2025-05-20,UA-26,10.7,0.5,78,5.42
2025-05-20,UA-30,12.3,0.8,75,4.09
2025-05-20,UA-32,12.1,3.3,78,4.14
2025-05-20,UA-35,12.1,2.8,81,3.4
2025-05-20,UA-40,13.1,9.6,79,6.61
2025-05-20,UA-43,11.8,12.7,77,5.78
2025-05-20,UA-46,10.6,0.9,83,5.49
2025-05-20,UA-48,12.7,2.3,75,4.89
2025-05-20,UA-51,13.2,1.1,65,6.32
2025-05-20,UA-53,11.6,9.7,85,2.3
2025-05-20,UA-56,11.5,1.5,78,5.06
2025-05-20,UA-59,12.6,0.4,72,2.1
2025-05-20,UA-61,10.1,0.7,85,5.65
2025-05-20,UA-63,11.9,6.5,89,2.19
2025-05-20,UA-65,12.8,2.2,73,4.65
2025-05-20,UA-68,10.4,0.6,83,5.13
2025-05-20,UA-71,13.3,4.4,76,3.36
2025-05-20,UA-74,12.0,1.0,76,3.86
2025-05-20,UA-77,11.9,0.2,69,5.5
2025-05-21,UA-05,15.5,0.2,67,3.15
2025-05-21,UA-07,16.1,0.5,65,3.5
2025-05-21,UA-09,15.1,5.2,71,4.92
2025-05-21,UA-12,15.7,0.9,72,4.05
2025-05-21,UA-14,14.0,0.8,74,4.39
2025-05-21,UA-18,16.1,0.1,63,3.67
2025-05-21,UA-21,15.5,0.1,69,2.22
2025-05-21,UA-23,15.4,0.5,73,4.95
2025-05-21,UA-26,15.5,0.0,63,2.36
2025-05-21,UA-30,16.8,0.1,61,3.81
2025-05-21,UA-32,16.7,0.1,62,3.35
2025-05-21,UA-35,16.8,0.2,61,3.58
2025-05-21,UA-40,14.3,0.0,78,3.95
2025-05-21,UA-43,14.3,0.1,70,3.85
2025-05-21,UA-46,15.4,0.2,67,3.3
2025-05-21,UA-48,16.2,0.6,71,4.09
2025-05-21,UA-51,15.7,0.3,69,4.21
2025-05-21,UA-53,15.2,0.3,70,3.82
2025-05-21,UA-56,16.1,0.1,66,3.54
2025-05-21,UA-59,16.1,0.4,63,3.99
2025-05-21,UA-61,15.1,0.1,67,3.33
2025-05-21,UA-63,15.5,0.4,70,4.13
2025-05-21,UA-65,15.9,0.2,71,3.99
2025-05-21,UA-68,15.0,0.0,69,3.31
2025-05-21,UA-71,17.2,0.2,63,3.38
2025-05-21,UA-74,16.6,0.0,59,3.93
2025-05-21,UA-77,16.1,0.0,56,2.5
2025-05-22,UA-05,17.4,0.7,64,4.09
2025-05-22,UA-07,17.6,0.0,63,2.87
2025-05-22,UA-09,18.9,0.2,54,3.16
2025-05-22,UA-12,17.8,0.0,59,3.52
2025-05-22,UA-14,17.0,0.0,58,2.7
2025-05-22,UA-18,18.3,0.1,58,3.93
2025-05-22,UA-21,16.0,7.4,85,2.26
2025-05-22,UA-23,17.2,0.0,62,3.62
2025-05-22,UA-26,15.3,0.5,75,1.37
2025-05-22,UA-30,18.9,0.0,53,3.79
2025-05-22,UA-32,18.5,0.0,55,4.05
2025-05-22,UA-35,17.7,0.0,56,3.6
2025-05-22,UA-40,15.4,0.0,63,6.05
2025-05-22,UA-43,15.9,0.0,53,2.31
2025-05-22,UA-46,15.6,0.1,74,2.7
2025-05-22,UA-48,16.7,0.0,68,3.65
2025-05-22,UA-51,15.2,0.0,76,5.1
2025-05-22,UA-53,17.8,0.0,57,3.17
2025-05-22,UA-56,17.9,0.2,63,3.51
2025-05-22,UA-59,18.5,0.1,56,2.97
2025-05-22,UA-61,15.7,0.7,71,2.23
2025-05-22,UA-63,17.9,0.2,61,2.86
2025-05-22,UA-65,17.0,0.0,62,3.07
2025-05-22,UA-68,16.9,4.3,70,3.67
2025-05-22,UA-71,18.7,0.0,55,3.61
2025-05-22,UA-74,18.6,0.1,55,3.48
2025-05-22,UA-77,16.4,7.1,77,2.17
2025-05-23,UA-05,17.4,0.1,65,4.22
2025-05-23,UA-07,11.9,5.2,89,3.48
2025-05-23,UA-09,20.2,0.0,50,2.45
2025-05-23,UA-12,19.1,0.0,53,2.88
2025-05-23,UA-14,19.3,0.0,49,2.87
2025-05-23,UA-18,17.7,1.9,64,4.56
2025-05-23,UA-21,12.9,13.0,90,3.29
2025-05-23,UA-23,19.2,0.0,55,3.63
2025-05-23,UA-26,12.0,7.4,91,3.09
2025-05-23,UA-30,18.9,0.0,53,4.1
2025-05-23,UA-32,18.0,0.9,57,3.92
2025-05-23,UA-35,19.4,0.0,51,3.6
2025-05-23,UA-40,17.0,0.0,61,3.13
2025-05-23,UA-43,18.5,0.0,47,2.11
2025-05-23,UA-46,10.9,6.6,92,3.26
2025-05-23,UA-48,19.1,0.8,62,3.11
2025-05-23,UA-51,16.5,0.2,67,3.22
2025-05-23,UA-53,18.8,0.0,51,3.06
2025-05-23,UA-56,15.0,20.7,88,2.87
2025-05-23,UA-59,19.2,0.7,52,3.21
2025-05-23,UA-61,13.6,17.7,90,2.98
2025-05-23,UA-63,18.9,0.0,54,2.3
2025-05-23,UA-65,19.5,0.2,55,3.18
2025-05-23,UA-68,15.9,10.7,87,2.78
2025-05-23,UA-71,19.6,0.0,54,3.89
2025-05-23,UA-74,19.8,0.0,48,4.81
2025-05-23,UA-77,15.3,18.3,86,2.86
2025-05-24,UA-05,14.8,5.9,81,2.89
2025-05-24,UA-07,9.3,4.7,94,3.55
2025-05-24,UA-09,21.6,0.0,47,3.61
2025-05-24,UA-12,21.4,0.0,51,3.52
2025-05-24,UA-14,21.1,0.1,45,3.61
2025-05-24,UA-18,14.5,5.6,81,3.3
2025-05-24,UA-21,10.4,10.9,87,3.53
2025-05-24,UA-23,20.8,0.0,54,3.9
2025-05-24,UA-26,9.6,3.0,90,2.88
2025-05-24,UA-30,18.2,0.2,68,2.83
2025-05-24,UA-32,17.5,4.9,75,2.52
2025-05-24,UA-35,20.5,0.5,55,3.14
2025-05-24,UA-40,17.1,0.0,69,2.38
2025-05-24,UA-43,19.9,0.0,47,1.75
2025-05-24,UA-46,9.0,9.8,90,3.0
2025-05-24,UA-48,19.8,0.1,61,2.45
2025-05-24,UA-51,17.3,0.3,68,2.53
2025-05-24,UA-53,21.0,0.0,51,3.96
2025-05-24,UA-56,10.2,6.6,95,3.44
2025-05-24,UA-59,21.4,0.2,50,4.44
2025-05-24,UA-61,9.6,2.0,94,3.14
2025-05-24,UA-63,21.1,0.6,53,3.66
2025-05-24,UA-65,20.5,0.0,58,2.35
2025-05-24,UA-68,12.3,2.8,93,2.4
2025-05-24,UA-71,19.8,1.5,64,3.02
2025-05-24,UA-74,18.7,2.0,62,3.65
2025-05-24,UA-77,11.5,0.5,88,3.31
2025-05-25,UA-05,11.8,17.0,98,2.76
2025-05-25,UA-07,10.1,2.2,86,2.6
2025-05-25,UA-09,22.9,0.0,39,5.1
2025-05-25,UA-12,23.1,0.1,46,5.14
2025-05-25,UA-14,22.4,0.0,41,5.11
2025-05-25,UA-18,12.3,19.0,98,3.03
2025-05-25,UA-21,12.5,0.1,72,3.0
2025-05-25,UA-23,21.5,0.1,53,5.69
2025-05-25,UA-26,10.1,7.2,86,2.79
2025-05-25,UA-30,16.7,7.5,88,2.41
2025-05-25,UA-32,16.0,8.4,91,2.39
2025-05-25,UA-35,21.7,0.2,56,4.04
2025-05-25,UA-40,19.2,0.0,58,5.95
2025-05-25,UA-43,21.6,0.0,44,2.65
2025-05-25,UA-46,9.8,0.6,82,2.5
2025-05-25,UA-48,20.5,0.5,65,3.1
2025-05-25,UA-51,16.9,2.9,74,3.48
2025-05-25,UA-53,22.7,0.0,45,5.43
2025-05-25,UA-56,9.6,9.5,93,3.07
2025-05-25,UA-59,22.9,0.0,46,5.58
2025-05-25,UA-61,9.4,8.3,91,3.4
2025-05-25,UA-63,22.7,0.0,45,5.03
2025-05-25,UA-65,22.2,0.1,57,2.84
2025-05-25,UA-68,9.3,18.2,97,3.73
2025-05-25,UA-71,20.6,1.6,69,3.84
2025-05-25,UA-74,18.8,7.1,77,2.36
2025-05-25,UA-77,10.2,14.6,91,3.85
2025-05-26,UA-05,12.7,18.8,98,2.38
2025-05-26,UA-07,12.1,2.9,85,1.79
2025-05-26,UA-09,21.9,0.0,34,6.95
2025-05-26,UA-12,22.8,0.0,42,6.12
2025-05-26,UA-14,21.7,0.0,36,6.62
2025-05-26,UA-18,13.4,15.7,96,2.19
2025-05-26,UA-21,14.9,0.0,66,2.29
2025-05-26,UA-23,21.4,0.0,46,7.16
2025-05-26,UA-26,12.3,1.3,77,2.61
2025-05-26,UA-30,16.8,12.5,90,3.52
2025-05-26,UA-32,16.2,17.6,92,3.2
2025-05-26,UA-35,20.3,7.9,65,4.58
2025-05-26,UA-40,17.5,0.7,77,2.91
2025-05-26,UA-43,20.5,0.8,57,2.05
2025-05-26,UA-46,12.4,0.0,75,2.01
2025-05-26,UA-48,19.8,5.9,74,2.87
2025-05-26,UA-51,16.5,11.6,89,3.12
2025-05-26,UA-53,22.1,0.1,42,6.08
2025-05-26,UA-56,11.9,5.2,92,2.57
2025-05-26,UA-59,22.2,0.1,42,6.71
2025-05-26,UA-61,11.4,3.3,84,3.05
2025-05-26,UA-63,22.0,0.0,40,6.14
2025-05-26,UA-65,20.1,8.1,69,3.25
2025-05-26,UA-68,11.0,8.6,95,3.26
2025-05-26,UA-71,19.6,7.9,72,3.77
2025-05-26,UA-74,17.5,7.2,85,3.83
2025-05-26,UA-77,12.0,5.3,85,3.79
2025-05-27,UA-05,15.0,16.8,96,2.56
2025-05-27,UA-07,13.6,1.9,80,4.37
2025-05-27,UA-09,21.7,0.0,33,7.83
2025-05-27,UA-12,21.1,0.7,53,4.9
2025-05-27,UA-14,21.6,0.0,37,7.17
2025-05-27,UA-18,15.6,10.8,92,2.79
2025-05-27,UA-21,16.0,0.5,71,4.46
2025-05-27,UA-23,19.7,0.3,61,4.76
2025-05-27,UA-26,13.8,5.3,78,4.2
2025-05-27,UA-30,17.9,4.7,74,2.76
2025-05-27,UA-32,17.1,10.4,81,2.83
2025-05-27,UA-35,19.2,9.0,67,3.68
2025-05-27,UA-40,14.5,6.8,91,2.84
2025-05-27,UA-43,14.6,3.2,89,2.04
2025-05-27,UA-46,14.1,0.2,73,3.73
2025-05-27,UA-48,17.1,8.4,88,2.36
2025-05-27,UA-51,15.4,4.8,87,3.37
2025-05-27,UA-53,21.6,0.4,44,5.72
2025-05-27,UA-56,12.5,9.0,94,4.76
2025-05-27,UA-59,21.8,0.0,34,7.08
2025-05-27,UA-61,12.2,8.2,87,5.03
2025-05-27,UA-63,21.5,0.0,34,7.06
2025-05-27,UA-65,17.0,8.3,86,2.19
2025-05-27,UA-68,12.0,15.3,99,5.3
2025-05-27,UA-71,19.5,5.2,67,4.01
2025-05-27,UA-74,19.6,0.6,60,3.85
2025-05-27,UA-77,12.4,19.7,90,5.36
2025-05-28,UA-05,15.9,6.2,79,2.29
2025-05-28,UA-07,12.8,7.6,98,4.05
2025-05-28,UA-09,21.6,0.0,34,6.91
2025-05-28,UA-12,16.9,28.5,86,3.59
2025-05-28,UA-14,20.2,0.4,46,5.13
2025-05-28,UA-18,16.3,7.3,82,3.03
2025-05-28,UA-21,17.4,0.0,62,2.87
2025-05-28,UA-23,17.2,23.2,87,2.92
2025-05-28,UA-26,12.6,19.8,87,4.73
2025-05-28,UA-30,16.2,8.2,91,3.5
2025-05-28,UA-32,16.1,3.3,86,2.62
2025-05-28,UA-35,15.9,3.2,83,2.47
2025-05-28,UA-40,15.0,0.0,88,3.71
2025-05-28,UA-43,15.3,0.0,75,2.65
2025-05-28,UA-46,13.1,7.2,84,3.45
2025-05-28,UA-48,16.2,1.6,82,3.94
2025-05-28,UA-51,15.4,1.8,88,4.27
2025-05-28,UA-53,16.9,20.9,79,4.11
2025-05-28,UA-56,13.8,9.5,98,3.25
2025-05-28,UA-59,20.9,1.1,39,6.05
2025-05-28,UA-61,12.0,15.1,98,4.61
2025-05-28,UA-63,20.8,0.0,40,5.8
2025-05-28,UA-65,16.0,0.4,79,3.29
2025-05-28,UA-68,13.9,16.6,97,2.41
2025-05-28,UA-71,16.0,7.7,96,3.27
2025-05-28,UA-74,17.9,9.1,75,4.91
2025-05-28,UA-77,12.2,29.3,95,5.39
2025-05-29,UA-05,15.4,5.4,87,1.81
2025-05-29,UA-07,14.2,12.8,91,3.98
2025-05-29,UA-09,19.1,1.0,54,4.53
2025-05-29,UA-12,18.3,4.4,79,1.97
2025-05-29,UA-14,17.1,4.1,66,3.19
2025-05-29,UA-18,15.2,9.7,89,2.37
2025-05-29,UA-21,14.9,12.1,81,3.72
2025-05-29,UA-23,18.9,0.5,74,1.4
2025-05-29,UA-26,13.9,6.6,90,4.15
2025-05-29,UA-30,16.3,1.0,82,2.96
2025-05-29,UA-32,16.0,1.2,82,2.23
2025-05-29,UA-35,16.9,1.4,77,2.83
2025-05-29,UA-40,15.3,0.0,89,2.68
2025-05-29,UA-43,15.4,0.4,78,2.76
2025-05-29,UA-46,13.6,13.0,88,4.37
2025-05-29,UA-48,16.5,1.0,84,3.41
2025-05-29,UA-51,16.1,1.0,84,3.03
2025-05-29,UA-53,16.9,4.6,84,2.85
2025-05-29,UA-56,14.6,7.1,93,2.64
2025-05-29,UA-59,17.5,2.7,61,4.19
2025-05-29,UA-61,13.2,4.0,90,3.96
2025-05-29,UA-63,17.6,4.1,65,3.22
2025-05-29,UA-65,16.1,1.3,82,3.2
2025-05-29,UA-68,14.3,2.0,92,2.4
2025-05-29,UA-71,17.4,0.3,80,2.67
2025-05-29,UA-74,16.9,3.2,86,3.13
2025-05-29,UA-77,14.4,2.4,86,3.96
2025-05-30,UA-05,13.6,0.1,85,3.92
2025-05-30,UA-07,14.2,0.2,65,4.52
2025-05-30,UA-09,19.7,0.8,65,2.04
2025-05-30,UA-12,19.5,0.2,72,1.73
2025-05-30,UA-14,18.4,4.6,80,0.98
2025-05-30,UA-18,13.4,0.3,87,3.84
2025-05-30,UA-21,16.9,0.0,60,2.79
2025-05-30,UA-23,19.3,0.2,75,1.77
2025-05-30,UA-26,14.5,0.0,65,4.79
2025-05-30,UA-30,16.2,0.6,82,3.12
2025-05-30,UA-32,15.3,0.8,82,3.66
2025-05-30,UA-35,18.2,2.3,75,2.46
2025-05-30,UA-40,15.9,0.0,87,2.23
2025-05-30,UA-43,16.3,0.2,77,1.88
2025-05-30,UA-46,14.5,0.0,66,4.37
2025-05-30,UA-48,18.2,2.8,77,2.36
2025-05-30,UA-51,18.0,0.2,74,4.42
2025-05-30,UA-53,18.7,0.7,74,1.61
2025-05-30,UA-56,14.2,0.5,70,4.81
2025-05-30,UA-59,18.9,0.0,72,1.13
2025-05-30,UA-61,13.8,0.0,66,4.72
2025-05-30,UA-63,19.2,2.3,73,1.25
2025-05-30,UA-65,18.1,0.2,74,2.04
2025-05-30,UA-68,14.0,0.4,74,4.67
2025-05-30,UA-71,18.4,1.7,76,2.41
2025-05-30,UA-74,17.1,1.6,80,2.04
2025-05-30,UA-77,15.2,0.3,66,5.17
2025-05-31,UA-05,17.0,0.0,64,3.21
2025-05-31,UA-07,16.9,0.2,77,3.13
2025-05-31,UA-09,20.7,0.3,67,3.5
2025-05-31,UA-12,20.0,1.9,73,3.13
2025-05-31,UA-14,17.3,17.0,88,2.09
2025-05-31,UA-18,16.8,0.1,69,3.23
2025-05-31,UA-21,19.5,0.0,70,1.6
2025-05-31,UA-23,19.4,1.7,79,2.73
2025-05-31,UA-26,16.3,2.0,77,3.04
2025-05-31,UA-30,18.2,0.0,64,3.45
2025-05-31,UA-32,17.9,0.0,64,3.28
2025-05-31,UA-35,18.9,0.2,66,3.52
2025-05-31,UA-40,16.8,0.0,90,1.8
2025-05-31,UA-43,17.4,1.4,76,2.19
2025-05-31,UA-46,16.7,2.6,81,2.76
2025-05-31,UA-48,19.6,0.0,68,3.3
2025-05-31,UA-51,18.9,0.5,63,4.39
2025-05-31,UA-53,19.3,2.3,70,3.31
2025-05-31,UA-56,16.6,0.7,75,3.11
2025-05-31,UA-59,19.7,2.9,67,3.03
2025-05-31,UA-61,15.9,0.4,77,3.1
2025-05-31,UA-63,20.0,3.5,73,2.06
2025-05-31,UA-65,19.5,1.6,70,2.88
2025-05-31,UA-68,15.9,0.5,71,2.93
2025-05-31,UA-71,18.8,0.0,66,3.7
2025-05-31,UA-74,18.3,0.0,67,3.43
2025-05-31,UA-77,16.7,0.7,70,3.18
2025-06-01,UA-05,18.7,0.0,67,2.63
2025-06-01,UA-07,19.3,0.6,69,1.61
2025-06-01,UA-09,21.1,0.7,62,3.39
2025-06-01,UA-12,20.3,0.1,64,2.97
2025-06-01,UA-14,19.6,1.1,69,3.03
2025-06-01,UA-18,18.3,0.1,71,2.79
2025-06-01,UA-21,19.6,4.2,80,2.5
2025-06-01,UA-23,20.2,0.0,67,2.82
2025-06-01,UA-26,18.8,2.7,76,1.76
2025-06-01,UA-30,18.6,0.1,69,2.99
2025-06-01,UA-32,18.9,0.2,68,2.76
2025-06-01,UA-35,19.7,0.1,61,2.81
2025-06-01,UA-40,16.9,0.1,89,2.13
2025-06-01,UA-43,18.3,2.0,76,1.72
2025-06-01,UA-46,18.9,5.3,79,1.92
2025-06-01,UA-48,20.9,0.0,60,2.46
2025-06-01,UA-51,20.4,0.0,62,2.48
2025-06-01,UA-53,19.2,0.2,60,3.11
2025-06-01,UA-56,19.2,0.0,66,2.36
2025-06-01,UA-59,19.1,0.0,57,3.58
2025-06-01,UA-61,18.7,4.0,77,1.82
2025-06-01,UA-63,19.8,0.1,60,3.36
2025-06-01,UA-65,21.1,0.0,56,2.39
2025-06-01,UA-68,18.7,0.3,70,2.19
2025-06-01,UA-71,19.7,0.3,65,2.89
2025-06-01,UA-74,18.1,0.1,66,3.07
2025-06-01,UA-77,19.5,0.9,73,1.87
2025-06-02,UA-05,20.5,1.8,70,2.57
2025-06-02,UA-07,20.8,1.7,74,3.58
2025-06-02,UA-09,21.3,0.0,45,2.62
2025-06-02,UA-12,20.6,0.0,57,1.93
2025-06-02,UA-14,19.6,0.0,56,2.42
2025-06-02,UA-18,19.8,5.2,74,2.74
2025-06-02,UA-21,22.1,0.0,71,2.77
2025-06-02,UA-23,20.5,0.0,63,2.27
2025-06-02,UA-26,20.8,2.6,69,2.69
2025-06-02,UA-30,20.3,0.4,69,1.95
2025-06-02,UA-32,20.5,1.7,70,1.85
2025-06-02,UA-35,21.4,0.0,55,1.35
2025-06-02,UA-40,18.9,0.1,81,3.01
2025-06-02,UA-43,20.2,0.5,64,1.86
2025-06-02,UA-46,20.6,0.9,74,3.44
2025-06-02,UA-48,22.2,0.0,57,2.19
2025-06-02,UA-51,21.8,0.0,62,2.58
2025-06-02,UA-53,19.4,0.0,58,2.06
2025-06-02,UA-56,20.9,1.1,74,3.29
2025-06-02,UA-59,19.3,0.0,56,1.94
2025-06-02,UA-61,20.4,0.6,72,3.34
2025-06-02,UA-63,19.9,0.0,54,1.79
2025-06-02,UA-65,22.1,0.0,54,2.35
2025-06-02,UA-68,20.4,3.5,74,3.0
2025-06-02,UA-71,21.3,0.0,61,1.47
2025-06-02,UA-74,19.7,0.0,67,2.32
2025-06-02,UA-77,21.0,0.0,69,1.9
2025-06-03,UA-05,22.0,4.0,70,2.9
2025-06-03,UA-07,17.1,20.6,93,1.91
2025-06-03,UA-09,23.6,0.0,38,2.0
2025-06-03,UA-12,23.6,0.0,56,2.95
2025-06-03,UA-14,21.6,0.0,52,1.86
2025-06-03,UA-18,21.0,9.9,77,2.77
2025-06-03,UA-21,20.5,5.7,78,3.18
2025-06-03,UA-23,22.6,0.0,57,2.74
2025-06-03,UA-26,20.0,2.2,78,3.31
2025-06-03,UA-30,22.2,14.0,72,2.76
2025-06-03,UA-32,22.7,3.4,68,2.83
2025-06-03,UA-35,24.7,0.0,53,3.28
2025-06-03,UA-40,19.2,0.0,80,2.38
2025-06-03,UA-43,20.8,0.0,60,2.09
2025-06-03,UA-46,18.0,6.4,87,2.32
2025-06-03,UA-48,23.3,0.0,63,3.47
2025-06-03,UA-51,23.2,0.0,63,4.11
2025-06-03,UA-53,23.1,0.0,56,3.41
2025-06-03,UA-56,18.5,13.9,88,2.32
2025-06-03,UA-59,23.0,0.6,59,2.62
2025-06-03,UA-61,19.2,17.3,82,3.37
2025-06-03,UA-63,23.2,0.0,54,3.23
2025-06-03,UA-65,23.2,0.0,59,3.2
2025-06-03,UA-68,20.4,12.0,78,3.33
2025-06-03,UA-71,24.1,0.0,59,2.94
2025-06-03,UA-74,20.5,12.3,84,2.73
2025-06-03,UA-77,22.2,2.6,71,2.69
2025-06-04,UA-05,19.1,0.0,71,2.42
2025-06-04,UA-07,19.3,0.0,73,2.42
2025-06-04,UA-09,22.5,2.5,51,5.44
2025-06-04,UA-12,20.6,1.5,66,4.45
2025-06-04,UA-14,20.6,6.0,62,4.2
2025-06-04,UA-18,18.4,0.2,73,2.67
2025-06-04,UA-21,21.2,0.2,76,2.15
2025-06-04,UA-23,20.2,0.4,68,4.61
2025-06-04,UA-26,19.5,0.0,77,2.52
2025-06-04,UA-30,18.4,2.3,73,3.0
2025-06-04,UA-32,18.6,0.0,72,3.0
2025-06-04,UA-35,20.4,0.1,66,3.8
2025-06-04,UA-40,19.4,0.0,78,1.98
2025-06-04,UA-43,20.1,0.0,60,3.28
2025-06-04,UA-46,19.4,0.0,78,2.92
2025-06-04,UA-48,23.0,0.0,62,3.79
2025-06-04,UA-51,22.9,0.0,61,3.92
2025-06-04,UA-53,19.2,1.0,65,4.48
2025-06-04,UA-56,19.3,0.2,73,2.07
2025-06-04,UA-59,17.8,1.8,72,4.46
2025-06-04,UA-61,19.2,0.0,74,2.59
2025-06-04,UA-63,18.8,4.9,67,4.63
2025-06-04,UA-65,23.3,0.0,57,3.72
2025-06-04,UA-68,19.2,0.0,71,2.09
2025-06-04,UA-71,19.5,0.0,72,3.57
2025-06-04,UA-74,18.3,0.4,71,2.76
2025-06-04,UA-77,20.5,0.0,73,2.45
2025-06-05,UA-05,22.4,0.0,64,3.96
2025-06-05,UA-07,23.4,0.0,67,4.17
2025-06-05,UA-09,19.9,0.0,45,4.15
2025-06-05,UA-12,19.5,0.0,60,1.29
2025-06-05,UA-14,18.0,0.0,57,2.54
2025-06-05,UA-18,22.0,0.0,65,4.47
2025-06-05,UA-21,25.2,0.0,60,3.23
2025-06-05,UA-23,19.8,0.0,61,1.56
2025-06-05,UA-26,24.1,0.3,62,3.02
2025-06-05,UA-30,21.5,0.0,62,3.8
2025-06-05,UA-32,22.0,0.0,62,3.64
2025-06-05,UA-35,21.5,0.0,51,2.56
2025-06-05,UA-40,19.8,0.0,83,1.82
2025-06-05,UA-43,20.7,0.0,64,2.08
2025-06-05,UA-46,23.8,0.0,65,3.84
2025-06-05,UA-48,22.1,0.0,56,2.26
2025-06-05,UA-51,21.8,0.0,60,3.43
2025-06-05,UA-53,18.8,0.0,56,1.9
2025-06-05,UA-56,23.5,0.0,66,4.27
2025-06-05,UA-59,19.4,0.0,57,2.3
2025-06-05,UA-61,23.7,0.4,65,3.77
2025-06-05,UA-63,18.9,0.0,57,2.34
2025-06-05,UA-65,21.9,0.0,51,2.09
2025-06-05,UA-68,23.0,0.0,68,4.45
2025-06-05,UA-71,21.5,0.0,59,2.68
2025-06-05,UA-74,20.7,0.0,62,3.99
2025-06-05,UA-77,24.3,0.6,70,2.73
2025-06-06,UA-05,24.9,1.4,67,3.27
2025-06-06,UA-07,23.6,0.5,68,2.61
2025-06-06,UA-09,22.0,0.0,41,1.99
2025-06-06,UA-12,23.1,0.0,50,3.1
2025-06-06,UA-14,20.3,0.0,52,1.76
2025-06-06,UA-18,24.9,2.5,66,3.39
2025-06-06,UA-21,24.6,0.1,63,3.07
2025-06-06,UA-23,22.1,0.0,55,1.99
2025-06-06,UA-26,24.1,2.0,62,2.68
2025-06-06,UA-30,25.0,1.6,62,3.58
2025-06-06,UA-32,25.4,0.5,61,3.4
2025-06-06,UA-35,25.3,0.0,46,3.63
2025-06-06,UA-40,19.7,0.0,79,1.83
2025-06-06,UA-43,20.2,0.0,59,1.61
2025-06-06,UA-46,23.7,1.8,64,2.78
2025-06-06,UA-48,22.9,0.0,59,2.97
2025-06-06,UA-51,22.3,0.0,66,3.67
2025-06-06,UA-53,23.3,0.0,52,3.59
2025-06-06,UA-56,24.6,0.8,63,2.95
2025-06-06,UA-59,23.0,2.2,61,4.01
2025-06-06,UA-61,24.5,1.1,58,2.82
2025-06-06,UA-63,22.9,0.0,53,3.2
2025-06-06,UA-65,22.7,0.0,52,2.58
2025-06-06,UA-68,24.3,1.2,69,2.98
2025-06-06,UA-71,25.5,0.0,57,3.68
2025-06-06,UA-74,24.3,1.1,65,3.67
2025-06-06,UA-77,24.9,1.3,66,2.07
2025-06-07,UA-05,25.4,0.0,63,2.69
2025-06-07,UA-07,24.3,0.5,67,2.25
2025-06-07,UA-09,25.7,0.2,45,2.41
2025-06-07,UA-12,24.7,0.0,49,2.39
2025-06-07,UA-14,23.4,0.0,55,2.03
2025-06-07,UA-18,25.0,0.0,65,2.64
2025-06-07,UA-21,25.1,0.0,63,2.53
2025-06-07,UA-23,23.5,0.0,56,2.3
2025-06-07,UA-26,24.7,0.0,62,2.46
2025-06-07,UA-30,25.3,0.2,62,2.49
2025-06-07,UA-32,25.9,0.0,59,2.83
2025-06-07,UA-35,25.8,0.0,46,3.15
2025-06-07,UA-40,20.3,0.0,74,2.13
2025-06-07,UA-43,21.3,0.0,56,1.48
2025-06-07,UA-46,24.1,0.1,65,2.32
2025-06-07,UA-48,22.4,0.0,60,2.78
2025-06-07,UA-51,21.8,0.0,61,3.56
2025-06-07,UA-53,24.1,0.0,53,2.97
2025-06-07,UA-56,25.0,0.2,63,2.74
2025-06-07,UA-59,23.8,2.0,70,3.02
2025-06-07,UA-61,24.6,0.0,59,3.26
2025-06-07,UA-63,24.6,0.0,55,2.83
2025-06-07,UA-65,22.6,0.0,57,2.32
2025-06-07,UA-68,24.5,0.0,63,3.19
2025-06-07,UA-71,25.7,0.0,57,3.35
2025-06-07,UA-74,24.4,0.0,69,2.76
2025-06-07,UA-77,25.1,0.0,59,2.89
2025-06-08,UA-05,24.9,0.2,62,3.61
2025-06-08,UA-07,20.6,8.7,78,2.43
2025-06-08,UA-09,28.3,0.0,42,1.33
2025-06-08,UA-12,25.6,0.0,49,2.45
2025-06-08,UA-14,25.9,0.0,55,1.42
2025-06-08,UA-18,24.0,8.2,73,3.73
2025-06-08,UA-21,22.8,1.4,68,3.1
2025-06-08,UA-23,24.9,0.0,54,1.78
2025-06-08,UA-26,22.6,2.4,70,2.65
2025-06-08,UA-30,24.8,4.0,69,3.79
2025-06-08,UA-32,25.5,0.9,61,3.73
2025-06-08,UA-35,25.3,0.0,36,3.71
2025-06-08,UA-40,21.9,0.0,72,2.44
2025-06-08,UA-43,23.9,0.0,50,1.69
2025-06-08,UA-46,19.9,9.5,81,2.83
2025-06-08,UA-48,22.8,0.0,57,2.94
2025-06-08,UA-51,21.8,0.0,60,3.61
2025-06-08,UA-53,24.5,0.0,45,3.18
2025-06-08,UA-56,22.2,9.4,75,2.9
2025-06-08,UA-59,25.2,0.0,49,3.72
2025-06-08,UA-61,22.8,4.9,71,3.22
2025-06-08,UA-63,25.7,0.0,47,2.75
2025-06-08,UA-65,23.3,0.0,52,2.24
2025-06-08,UA-68,23.7,3.7,73,3.54
2025-06-08,UA-71,25.6,0.0,44,3.85
2025-06-08,UA-74,24.6,3.3,72,3.93
2025-06-08,UA-77,24.9,1.0,65,2.7
2025-06-09,UA-05,18.6,0.0,65,3.76
2025-06-09,UA-07,15.1,0.1,71,5.42
2025-06-09,UA-09,29.7,0.0,38,1.75
2025-06-09,UA-12,26.7,0.0,46,3.22
2025-06-09,UA-14,27.5,1.0,48,1.56
2025-06-09,UA-18,17.5,0.0,69,4.58
2025-06-09,UA-21,17.6,0.0,67,2.46
2025-06-09,UA-23,25.7,0.0,51,2.58
2025-06-09,UA-26,15.9,0.0,66,3.95
2025-06-09,UA-30,19.6,0.0,63,4.69
2025-06-09,UA-32,20.0,0.0,59,3.95
2025-06-09,UA-35,23.4,1.4,56,3.94
2025-06-09,UA-40,23.3,0.0,69,3.31
2025-06-09,UA-43,25.9,0.0,48,2.45
2025-06-09,UA-46,14.7,0.1,72,4.8
2025-06-09,UA-48,25.5,0.0,54,3.87
2025-06-09,UA-51,24.3,0.0,53,4.21
2025-06-09,UA-53,24.0,0.3,50,4.21
2025-06-09,UA-56,15.9,0.1,69,4.92
2025-06-09,UA-59,22.5,1.3,56,4.64
2025-06-09,UA-61,15.5,0.0,68,4.52
2025-06-09,UA-63,26.4,0.0,45,4.05
2025-06-09,UA-65,26.1,0.0,48,3.28
2025-06-09,UA-68,16.6,0.0,69,4.11
2025-06-09,UA-71,21.9,1.8,59,4.24
2025-06-09,UA-74,19.2,0.0,67,4.92
2025-06-09,UA-77,17.9,0.0,64,3.73
2025-06-10,UA-05,15.5,0.0,61,2.64
2025-06-10,UA-07,14.9,0.3,64,2.66
2025-06-10,UA-09,23.5,1.2,52,4.53
2025-06-10,UA-12,20.3,0.0,49,4.69
2025-06-10,UA-14,21.5,0.7,58,3.75
2025-06-10,UA-18,14.5,0.3,64,2.95
2025-06-10,UA-21,17.1,0.0,62,1.57
2025-06-10,UA-23,20.2,0.0,55,5.78
2025-06-10,UA-26,15.7,0.0,62,2.19
2025-06-10,UA-30,15.5,0.4,63,3.26
2025-06-10,UA-32,15.4,0.2,62,2.8
2025-06-10,UA-35,18.2,0.8,55,3.52
2025-06-10,UA-40,22.9,0.0,64,6.39
2025-06-10,UA-43,23.5,0.0,53,3.87
2025-06-10,UA-46,14.9,0.1,67,2.08
2025-06-10,UA-48,21.3,0.0,46,4.46
2025-06-10,UA-51,21.1,0.0,43,5.12
2025-06-10,UA-53,18.2,0.0,51,3.99
2025-06-10,UA-56,15.2,0.0,62,2.77
2025-06-10,UA-59,16.1,0.6,63,3.61
2025-06-10,UA-61,15.2,0.0,61,2.48
2025-06-10,UA-63,18.7,0.8,53,4.05
2025-06-10,UA-65,22.1,0.0,41,4.64
2025-06-10,UA-68,14.8,0.0,63,2.56
2025-06-10,UA-71,17.5,0.0,60,3.23
2025-06-10,UA-74,14.8,0.7,67,3.33
2025-06-10,UA-77,16.9,0.0,56,2.58
2025-06-11,UA-05,15.9,1.8,70,3.27
2025-06-11,UA-07,15.1,14.6,81,4.2
2025-06-11,UA-09,20.5,0.0,40,2.52
2025-06-11,UA-12,19.1,0.0,49,1.91
2025-06-11,UA-14,19.1,0.0,44,2.17
2025-06-11,UA-18,15.2,3.4,75,3.47
2025-06-11,UA-21,18.0,1.0,63,3.33
2025-06-11,UA-23,19.9,0.0,52,2.74
2025-06-11,UA-26,16.0,5.3,73,3.99
2025-06-11,UA-30,16.3,2.2,67,2.49
2025-06-11,UA-32,16.5,0.9,67,2.7
2025-06-11,UA-35,19.2,1.2,51,1.55
2025-06-11,UA-40,21.2,0.0,71,2.62
2025-06-11,UA-43,22.3,0.0,53,2.08
2025-06-11,UA-46,15.5,5.3,77,4.85
2025-06-11,UA-48,21.0,0.3,47,2.51
2025-06-11,UA-51,20.3,1.8,52,3.42
2025-06-11,UA-53,17.5,0.0,52,1.55
2025-06-11,UA-56,15.1,13.1,79,3.86
2025-06-11,UA-59,16.4,0.1,61,1.59
2025-06-11,UA-61,15.5,4.5,72,4.06
2025-06-11,UA-63,18.0,0.0,51,1.51
2025-06-11,UA-65,21.3,0.0,42,2.18
2025-06-11,UA-68,15.1,7.6,74,3.86
2025-06-11,UA-71,18.3,0.4,61,2.12
2025-06-11,UA-74,15.8,4.4,65,2.47
2025-06-11,UA-77,16.7,2.2,71,2.97
2025-06-12,UA-05,15.3,0.4,67,4.87
2025-06-12,UA-07,14.9,0.3,65,5.86
2025-06-12,UA-09,21.9,0.3,42,2.66
2025-06-12,UA-12,18.6,0.6,60,3.91
2025-06-12,UA-14,19.8,0.0,50,2.97
2025-06-12,UA-18,14.4,0.5,72,6.05
2025-06-12,UA-21,17.3,0.0,59,2.77
2025-06-12,UA-23,19.4,0.8,64,4.08
2025-06-12,UA-26,16.1,0.0,61,4.83
2025-06-12,UA-30,14.6,0.9,75,5.88
2025-06-12,UA-32,15.5,0.4,68,5.62
2025-06-12,UA-35,17.3,4.0,64,4.45
2025-06-12,UA-40,20.1,0.0,74,4.29
2025-06-12,UA-43,20.2,0.1,61,2.79
2025-06-12,UA-46,15.4,0.0,64,4.59
2025-06-12,UA-48,19.7,4.0,59,4.45
2025-06-12,UA-51,19.5,0.9,58,5.35
2025-06-12,UA-53,16.4,1.6,62,3.7
2025-06-12,UA-56,14.9,1.3,67,5.86
2025-06-12,UA-59,14.4,10.5,77,4.04
2025-06-12,UA-61,15.4,0.0,62,5.12
2025-06-12,UA-63,16.8,0.7,64,3.35
2025-06-12,UA-65,20.2,2.7,53,3.96
2025-06-12,UA-68,14.9,0.3,66,5.18
2025-06-12,UA-71,16.6,0.8,68,5.11
2025-06-12,UA-74,14.0,3.1,83,4.75
2025-06-12,UA-77,16.6,0.1,59,4.83
2025-06-13,UA-05,14.0,0.4,74,5.79
2025-06-13,UA-07,13.9,0.6,75,4.98
2025-06-13,UA-09,18.8,0.0,47,4.68
2025-06-13,UA-12,16.4,0.7,65,5.41
2025-06-13,UA-14,17.1,0.0,52,4.32
2025-06-13,UA-18,14.2,3.8,79,6.54
2025-06-13,UA-21,16.5,0.0,60,3.81
2025-06-13,UA-23,17.2,0.0,60,5.25
2025-06-13,UA-26,14.0,0.1,71,4.67
2025-06-13,UA-30,14.5,6.5,83,5.83
2025-06-13,UA-32,14.4,5.8,80,5.75
2025-06-13,UA-35,15.4,0.8,71,5.72
2025-06-13,UA-40,19.2,0.0,64,5.61
2025-06-13,UA-43,17.9,0.0,58,3.58
2025-06-13,UA-46,12.9,0.4,78,4.15
2025-06-13,UA-48,17.8,0.0,56,5.37
2025-06-13,UA-51,18.4,0.0,49,5.8
2025-06-13,UA-53,14.2,4.7,78,5.13
2025-06-13,UA-56,14.1,0.6,75,5.38
2025-06-13,UA-59,13.2,6.1,90,4.62
2025-06-13,UA-61,13.1,0.2,75,5.23
2025-06-13,UA-63,14.9,3.0,74,4.83
2025-06-13,UA-65,18.3,0.0,50,4.97
2025-06-13,UA-68,13.4,0.3,75,5.68
2025-06-13,UA-71,14.9,4.8,80,5.53
2025-06-13,UA-74,14.9,5.7,84,5.94
2025-06-13,UA-77,15.3,0.2,64,5.31
2025-06-14,UA-05,16.7,0.8,68,4.81
2025-06-14,UA-07,16.5,0.0,66,3.67
2025-06-14,UA-09,18.9,1.7,59,3.18
2025-06-14,UA-12,16.6,1.5,78,4.14
2025-06-14,UA-14,16.9,0.5,67,2.77
2025-06-14,UA-18,16.4,0.5,70,5.42
2025-06-14,UA-21,17.9,0.0,65,2.77
2025-06-14,UA-23,17.2,4.7,76,3.89
2025-06-14,UA-26,15.8,0.8,68,3.75
2025-06-14,UA-30,16.4,1.9,75,5.38
2025-06-14,UA-32,16.8,1.5,72,4.94
2025-06-14,UA-35,16.5,1.9,76,4.43
2025-06-14,UA-40,17.7,1.9,75,5.44
2025-06-14,UA-43,16.0,6.8,78,3.26
2025-06-14,UA-46,15.4,0.3,69,3.36
2025-06-14,UA-48,17.9,2.5,69,4.08
2025-06-14,UA-51,18.5,0.4,60,5.4
2025-06-14,UA-53,15.2,5.5,82,4.3
2025-06-14,UA-56,16.6,0.3,68,4.25
2025-06-14,UA-59,14.8,2.9,82,5.0
2025-06-14,UA-61,15.8,0.3,66,4.09
2025-06-14,UA-63,16.0,1.4,77,3.9
2025-06-14,UA-65,18.0,1.6,67,3.75
2025-06-14,UA-68,15.9,0.5,71,4.52
2025-06-14,UA-71,16.0,6.1,82,4.64
2025-06-14,UA-74,15.8,2.9,79,5.72
2025-06-14,UA-77,16.7,0.1,65,4.4
2025-06-15,UA-05,18.0,0.7,63,4.63
2025-06-15,UA-07,18.0,0.0,63,3.37
2025-06-15,UA-09,17.5,7.0,74,2.12
2025-06-15,UA-12,16.7,5.5,77,4.74
2025-06-15,UA-14,15.6,7.3,80,2.52
2025-06-15,UA-18,17.8,0.6,65,4.89
2025-06-15,UA-21,18.9,0.0,60,1.12
2025-06-15,UA-23,16.7,5.5,77,4.97
2025-06-15,UA-26,17.4,0.0,62,3.16
2025-06-15,UA-30,17.9,0.2,67,4.89
2025-06-15,UA-32,18.3,0.2,63,4.69
2025-06-15,UA-35,16.8,5.5,75,4.74
2025-06-15,UA-40,18.1,3.3,79,6.57
2025-06-15,UA-43,16.4,13.5,82,3.85
2025-06-15,UA-46,17.3,0.0,66,2.73
2025-06-15,UA-48,18.2,1.9,71,4.59
2025-06-15,UA-51,20.2,0.8,53,5.46
2025-06-15,UA-53,16.0,1.5,78,5.04
2025-06-15,UA-56,18.3,0.0,64,3.82
2025-06-15,UA-59,15.6,1.1,79,4.95
2025-06-15,UA-61,17.7,0.0,60,3.58
2025-06-15,UA-63,16.3,3.0,78,4.01
2025-06-15,UA-65,17.5,9.2,75,4.36
2025-06-15,UA-68,17.6,0.1,64,4.25
2025-06-15,UA-71,17.0,2.9,75,4.57
2025-06-15,UA-74,17.7,0.7,66,5.07
2025-06-15,UA-77,18.6,0.0,55,4.08
2025-06-16,UA-05,19.9,0.0,58,3.34
2025-06-16,UA-07,20.7,0.0,59,2.76
2025-06-16,UA-09,16.9,1.9,79,3.1
2025-06-16,UA-12,18.5,0.9,69,4.48
2025-06-16,UA-14,15.8,5.1,80,3.04
2025-06-16,UA-18,19.6,0.0,62,3.49
2025-06-16,UA-21,22.1,0.0,63,2.25
2025-06-16,UA-23,18.5,0.7,70,5.07
2025-06-16,UA-26,20.4,0.0,58,2.59
2025-06-16,UA-30,19.9,0.0,61,3.61
2025-06-16,UA-32,20.1,0.0,59,3.55
2025-06-16,UA-35,20.4,0.0,58,3.96
2025-06-16,UA-40,18.8,0.6,80,5.14
2025-06-16,UA-43,17.9,1.3,74,3.27
2025-06-16,UA-46,20.6,0.0,61,2.4
2025-06-16,UA-48,21.4,0.1,56,3.84
2025-06-16,UA-51,22.7,0.0,46,4.44
2025-06-16,UA-53,18.2,0.4,68,4.01
2025-06-16,UA-56,20.3,0.0,61,2.81
2025-06-16,UA-59,18.1,0.7,70,3.69
2025-06-16,UA-61,19.9,0.0,57,2.65
2025-06-16,UA-63,18.1,0.2,68,3.97
2025-06-16,UA-65,20.7,0.3,58,3.68
2025-06-16,UA-68,19.3,0.0,62,3.0
2025-06-16,UA-71,20.2,0.0,62,3.8
2025-06-16,UA-74,19.7,0.0,63,3.63
2025-06-16,UA-77,21.1,0.0,52,3.0
2025-06-17,UA-05,18.3,1.4,70,4.18
2025-06-17,UA-07,18.6,1.5,66,5.41
2025-06-17,UA-09,21.7,0.0,55,3.34
2025-06-17,UA-12,22.0,0.1,59,3.64
2025-06-17,UA-14,20.4,0.1,57,3.06
2025-06-17,UA-18,17.3,1.6,73,4.75
2025-06-17,UA-21,20.5,0.0,63,4.32
2025-06-17,UA-23,22.3,0.3,58,3.41
2025-06-17,UA-26,18.8,0.0,70,4.61
2025-06-17,UA-30,18.6,0.5,69,4.5
2025-06-17,UA-32,18.6,1.2,70,4.25
2025-06-17,UA-35,21.7,0.4,60,3.76
2025-06-17,UA-40,20.2,0.0,76,2.95
2025-06-17,UA-43,20.3,0.0,64,2.55
2025-06-17,UA-46,18.5,0.5,71,4.42
2025-06-17,UA-48,23.8,0.0,53,3.49
2025-06-17,UA-51,24.3,0.0,48,4.38
2025-06-17,UA-53,20.9,0.8,62,3.72
2025-06-17,UA-56,18.5,2.0,66,5.25
2025-06-17,UA-59,19.6,2.8,72,3.65
2025-06-17,UA-61,18.5,0.3,67,4.9
2025-06-17,UA-63,21.0,3.2,63,3.04
2025-06-17,UA-65,23.1,0.1,54,2.94
2025-06-17,UA-68,17.8,1.2,70,4.76
2025-06-17,UA-71,20.4,0.2,66,4.03
2025-06-17,UA-74,18.4,0.2,70,4.5
2025-06-17,UA-77,19.2,0.4,67,4.94
2025-06-18,UA-05,19.7,0.0,63,3.93
2025-06-18,UA-07,20.3,0.0,63,4.32
2025-06-18,UA-09,20.5,3.8,59,4.56
2025-06-18,UA-12,20.8,0.0,58,5.13
2025-06-18,UA-14,20.3,1.4,59,4.78
2025-06-18,UA-18,19.2,0.1,65,4.75
2025-06-18,UA-21,21.5,0.0,62,1.63
2025-06-18,UA-23,21.2,0.2,60,5.11
2025-06-18,UA-26,20.3,0.0,64,2.86
2025-06-18,UA-30,19.9,0.0,61,5.21
2025-06-18,UA-32,20.1,0.0,61,4.59
2025-06-18,UA-35,21.4,0.0,53,4.72
2025-06-18,UA-40,20.1,0.0,77,4.72
2025-06-18,UA-43,20.7,0.0,63,2.99
2025-06-18,UA-46,19.8,0.0,66,3.2
2025-06-18,UA-48,22.7,0.0,51,4.15
2025-06-18,UA-51,23.3,0.0,47,4.52
2025-06-18,UA-53,19.5,0.2,59,5.19
2025-06-18,UA-56,20.3,0.0,63,4.39
2025-06-18,UA-59,18.2,0.3,67,5.9
2025-06-18,UA-61,20.1,0.0,61,3.65
2025-06-18,UA-63,19.4,0.1,62,5.61
2025-06-18,UA-65,22.4,0.0,51,3.9
2025-06-18,UA-68,19.6,0.0,64,3.87
2025-06-18,UA-71,20.5,0.0,60,4.97
2025-06-18,UA-74,19.1,0.6,67,5.42
2025-06-18,UA-77,20.9,0.0,61,2.68
2025-06-19,UA-05,19.8,0.5,60,4.96
2025-06-19,UA-07,17.5,0.0,63,5.4
2025-06-19,UA-09,21.3,1.1,55,5.5
2025-06-19,UA-12,21.3,0.3,56,4.86
2025-06-19,UA-14,20.5,1.1,59,4.81
2025-06-19,UA-18,18.1,0.1,64,5.52
2025-06-19,UA-21,22.4,0.1,60,2.75
2025-06-19,UA-23,21.6,0.5,62,4.68
2025-06-19,UA-26,19.8,0.4,65,4.67
2025-06-19,UA-30,18.4,0.0,60,5.55
2025-06-19,UA-32,19.7,0.2,59,4.93
2025-06-19,UA-35,22.3,0.0,52,4.68
2025-06-19,UA-40,20.6,0.0,82,2.75
2025-06-19,UA-43,21.4,0.0,65,4.03
2025-06-19,UA-46,17.8,0.1,69,4.25
2025-06-19,UA-48,24.7,0.0,48,4.54
2025-06-19,UA-51,25.4,0.0,45,4.46
2025-06-19,UA-53,19.6,0.2,56,5.36
2025-06-19,UA-56,18.1,0.1,63,5.41
2025-06-19,UA-59,17.4,0.4,64,5.73
2025-06-19,UA-61,18.5,0.1,64,5.13
2025-06-19,UA-63,19.1,0.3,57,5.45
2025-06-19,UA-65,24.3,0.0,51,4.52
2025-06-19,UA-68,18.6,0.4,64,5.36
2025-06-19,UA-71,20.3,0.1,58,4.93
2025-06-19,UA-74,17.0,0.2,65,5.34
2025-06-19,UA-77,21.2,1.9,60,4.23
2025-06-20,UA-05,15.0,0.3,60,6.19
2025-06-20,UA-07,15.3,1.0,60,6.69
2025-06-20,UA-09,17.5,1.3,56,5.06
2025-06-20,UA-12,17.1,0.7,55,5.67
2025-06-20,UA-14,16.6,0.3,56,4.23
2025-06-20,UA-18,13.8,0.9,67,7.33
2025-06-20,UA-21,18.0,0.0,48,3.73
2025-06-20,UA-23,18.3,0.2,55,5.22
2025-06-20,UA-26,16.2,0.0,55,5.68
2025-06-20,UA-30,13.8,1.4,69,6.95
2025-06-20,UA-32,14.8,1.1,63,6.44
2025-06-20,UA-35,17.3,0.0,51,6.07
2025-06-20,UA-40,19.9,0.4,73,5.45
2025-06-20,UA-43,19.5,5.0,62,3.47
2025-06-20,UA-46,15.5,0.1,58,5.59
2025-06-20,UA-48,20.2,0.0,46,5.57
2025-06-20,UA-51,20.4,0.3,43,6.26
2025-06-20,UA-53,14.9,2.7,60,5.88
2025-06-20,UA-56,14.9,1.1,62,7.1
2025-06-20,UA-59,13.3,2.0,75,5.83
2025-06-20,UA-61,15.5,0.1,56,6.4
2025-06-20,UA-63,14.6,3.3,66,5.94
2025-06-20,UA-65,20.3,0.1,43,4.98
2025-06-20,UA-68,14.8,0.1,60,6.69
2025-06-20,UA-71,15.7,1.0,62,6.32
2025-06-20,UA-74,12.8,1.2,77,6.57
2025-06-20,UA-77,17.3,0.0,52,5.89
2025-06-21,UA-05,14.8,1.3,72,4.57
2025-06-21,UA-07,16.8,0.0,56,4.64
2025-06-21,UA-09,16.7,0.2,57,4.42
2025-06-21,UA-12,16.1,1.1,71,4.37
2025-06-21,UA-14,15.3,0.7,62,3.84
2025-06-21,UA-18,14.7,2.4,74,5.02
2025-06-21,UA-21,18.0,0.0,52,2.82
2025-06-21,UA-23,17.1,0.1,63,4.72
2025-06-21,UA-26,16.1,0.0,56,4.31
2025-06-21,UA-30,14.9,1.5,76,4.88
2025-06-21,UA-32,14.9,1.3,74,4.6
2025-06-21,UA-35,15.8,3.4,70,4.9
2025-06-21,UA-40,18.1,0.3,64,4.69
2025-06-21,UA-43,16.8,0.3,58,3.36
2025-06-21,UA-46,15.4,0.0,62,3.67
2025-06-21,UA-48,18.1,1.1,58,4.84
2025-06-21,UA-51,18.5,0.5,51,5.44
2025-06-21,UA-53,15.0,1.3,75,4.17
2025-06-21,UA-56,16.6,0.4,60,4.8
2025-06-21,UA-59,14.3,2.6,84,4.03
2025-06-21,UA-61,16.2,0.0,55,4.76
2025-06-21,UA-63,14.8,0.9,79,4.01
2025-06-21,UA-65,17.9,0.8,56,4.24
2025-06-21,UA-68,15.5,0.4,65,4.91
2025-06-21,UA-71,15.4,3.6,78,4.6
2025-06-21,UA-74,15.0,0.8,74,4.93
2025-06-21,UA-77,17.4,0.0,50,4.98
2025-06-22,UA-05,16.2,4.9,73,3.93
2025-06-22,UA-07,18.7,1.3,55,5.35
2025-06-22,UA-09,19.3,0.2,57,3.45
2025-06-22,UA-12,18.3,4.1,65,4.06
2025-06-22,UA-14,17.7,1.2,62,3.26
2025-06-22,UA-18,15.6,1.8,71,4.64
2025-06-22,UA-21,20.4,0.0,56,1.86
2025-06-22,UA-23,19.1,3.7,62,4.22
2025-06-22,UA-26,19.8,0.2,52,4.83
2025-06-22,UA-30,15.7,5.4,69,4.56
2025-06-22,UA-32,16.1,2.3,72,4.22
2025-06-22,UA-35,17.7,3.1,67,3.64
2025-06-22,UA-40,18.1,0.0,75,3.86
2025-06-22,UA-43,17.2,0.6,69,2.73
2025-06-22,UA-46,19.1,0.2,56,5.06
2025-06-22,UA-48,20.2,0.3,55,3.25
2025-06-22,UA-51,20.7,0.6,48,3.67
2025-06-22,UA-53,16.2,4.8,72,3.96
2025-06-22,UA-56,18.0,1.2,60,5.01
2025-06-22,UA-59,14.9,5.9,79,3.7
2025-06-22,UA-61,18.7,0.4,55,5.38
2025-06-22,UA-63,16.9,4.9,71,3.74
2025-06-22,UA-65,20.0,0.3,56,3.83
2025-06-22,UA-68,17.0,1.4,67,4.5
2025-06-22,UA-71,17.0,3.9,73,4.0
2025-06-22,UA-74,15.1,3.7,70,4.61
2025-06-22,UA-77,20.2,0.0,49,4.4
2025-06-23,UA-05,16.8,0.0,65,3.04
2025-06-23,UA-07,18.7,0.1,57,2.43
2025-06-23,UA-09,16.0,5.9,73,3.29
2025-06-23,UA-12,16.2,3.7,70,4.42
2025-06-23,UA-14,14.5,9.6,76,3.42
2025-06-23,UA-18,16.3,0.0,66,3.39
2025-06-23,UA-21,24.1,0.0,50,2.89
2025-06-23,UA-23,17.1,5.2,68,4.96
2025-06-23,UA-26,21.4,0.0,57,1.88
2025-06-23,UA-30,16.0,0.0,66,4.18
2025-06-23,UA-32,16.4,0.0,64,3.73
2025-06-23,UA-35,17.0,0.0,63,4.17
2025-06-23,UA-40,19.0,2.2,80,4.42
2025-06-23,UA-43,18.5,4.1,68,4.16
2025-06-23,UA-46,20.8,0.2,56,2.93
2025-06-23,UA-48,19.8,0.4,56,4.32
2025-06-23,UA-51,21.5,0.2,48,4.48
2025-06-23,UA-53,14.8,4.1,73,4.28
2025-06-23,UA-56,17.9,0.0,59,2.6
2025-06-23,UA-59,14.0,1.9,79,4.33
2025-06-23,UA-61,19.6,0.0,54,2.19
2025-06-23,UA-63,15.4,1.4,75,4.06
2025-06-23,UA-65,20.1,0.1,51,4.19
2025-06-23,UA-68,17.3,0.0,62,2.82
2025-06-23,UA-71,16.3,0.2,67,4.1
2025-06-23,UA-74,14.9,0.0,72,4.09
2025-06-23,UA-77,21.7,0.0,53,2.78
2025-06-24,UA-05,18.6,2.2,63,3.9
2025-06-24,UA-07,18.6,8.8,63,5.24
2025-06-24,UA-09,19.3,1.5,57,3.43
2025-06-24,UA-12,19.0,4.8,66,2.36
2025-06-24,UA-14,18.4,4.0,62,3.12
2025-06-24,UA-18,17.8,7.1,68,4.52
2025-06-24,UA-21,23.3,0.5,50,3.18
2025-06-24,UA-23,20.3,3.4,64,2.92
2025-06-24,UA-26,20.4,5.1,60,3.66
2025-06-24,UA-30,17.7,3.0,69,4.14
2025-06-24,UA-32,18.4,1.5,65,3.95
2025-06-24,UA-35,19.5,0.6,63,3.12
2025-06-24,UA-40,19.8,0.0,73,3.94
2025-06-24,UA-43,20.6,0.0,52,3.41
2025-06-24,UA-46,19.1,5.8,66,4.59
2025-06-24,UA-48,21.9,0.0,65,3.35
2025-06-24,UA-51,23.4,0.9,58,3.63
2025-06-24,UA-53,17.3,1.3,72,2.75
2025-06-24,UA-56,18.8,7.4,63,4.96
2025-06-24,UA-59,16.1,3.0,82,2.87
2025-06-24,UA-61,19.6,3.8,59,4.54
2025-06-24,UA-63,17.6,3.0,72,2.65
2025-06-24,UA-65,22.1,0.2,62,3.54
2025-06-24,UA-68,18.6,7.1,63,4.14
2025-06-24,UA-71,18.5,2.0,71,3.25
2025-06-24,UA-74,16.5,6.7,76,4.2
2025-06-24,UA-77,20.7,0.8,58,2.89
2025-06-25,UA-05,21.0,0.6,58,4.15
2025-06-25,UA-07,19.3,1.5,66,5.84
2025-06-25,UA-09,20.8,9.8,64,4.0
2025-06-25,UA-12,20.8,0.3,64,3.69
2025-06-25,UA-14,20.0,1.6,68,3.84
2025-06-25,UA-18,19.5,1.8,64,4.56
2025-06-25,UA-21,25.1,0.0,51,2.69
2025-06-25,UA-23,21.9,0.1,64,4.33
2025-06-25,UA-26,22.9,0.0,57,3.97
2025-06-25,UA-30,19.8,0.9,59,4.74
2025-06-25,UA-32,20.9,0.8,58,4.29
2025-06-25,UA-35,22.5,0.2,52,4.08
2025-06-25,UA-40,20.8,0.0,79,2.35
2025-06-25,UA-43,21.7,0.0,57,2.95
2025-06-25,UA-46,21.7,0.2,61,4.94
2025-06-25,UA-48,24.3,0.0,54,3.95
2025-06-25,UA-51,24.4,0.0,56,4.18
2025-06-25,UA-53,19.6,0.2,65,3.91
2025-06-25,UA-56,19.9,1.2,64,5.46
2025-06-25,UA-59,18.5,0.4,66,3.87
2025-06-25,UA-61,22.2,1.1,54,4.88
2025-06-25,UA-63,19.6,0.5,63,3.81
2025-06-25,UA-65,24.1,0.0,54,3.76
2025-06-25,UA-68,21.0,1.0,59,4.44
2025-06-25,UA-71,21.1,0.6,58,3.83
2025-06-25,UA-74,18.4,0.7,65,4.85
2025-06-25,UA-77,23.7,0.0,53,3.59
2025-06-26,UA-05,18.2,0.0,64,4.72
2025-06-26,UA-07,18.3,0.0,66,3.55
2025-06-26,UA-09,20.3,4.5,59,6.78
2025-06-26,UA-12,19.5,1.7,60,6.22
2025-06-26,UA-14,19.7,3.3,60,5.37
2025-06-26,UA-18,16.5,0.8,70,5.47
2025-06-26,UA-21,25.7,0.0,55,1.77
2025-06-26,UA-23,21.0,0.8,61,6.12
2025-06-26,UA-26,21.4,0.0,58,3.87
2025-06-26,UA-30,16.9,2.5,67,6.13
2025-06-26,UA-32,17.6,0.2,65,5.33
2025-06-26,UA-35,20.3,0.9,54,5.41
2025-06-26,UA-40,21.8,0.0,75,3.85
2025-06-26,UA-43,22.5,0.0,55,3.86
2025-06-26,UA-46,19.8,0.0,63,3.16
2025-06-26,UA-48,23.9,0.3,50,4.92
2025-06-26,UA-51,25.3,0.0,44,5.45
2025-06-26,UA-53,17.6,4.5,66,6.63
2025-06-26,UA-56,18.1,0.0,66,4.14
2025-06-26,UA-59,15.9,7.4,76,7.23
2025-06-26,UA-61,19.6,0.0,59,3.94
2025-06-26,UA-63,17.4,5.9,69,7.21
2025-06-26,UA-65,24.4,0.0,47,4.74
2025-06-26,UA-68,18.4,0.0,64,4.36
2025-06-26,UA-71,18.2,2.0,65,5.72
2025-06-26,UA-74,16.1,6.4,70,6.79
2025-06-26,UA-77,22.6,0.0,53,3.94
2025-06-27,UA-05,19.1,2.4,74,2.69
2025-06-27,UA-07,18.9,4.8,78,4.19
2025-06-27,UA-09,19.9,0.0,49,5.13
2025-06-27,UA-12,20.6,0.0,55,3.27
2025-06-27,UA-14,18.9,0.0,53,3.69
2025-06-27,UA-18,17.1,6.7,80,2.56
2025-06-27,UA-21,23.5,3.6,67,1.65
2025-06-27,UA-23,21.3,0.0,52,3.26
2025-06-27,UA-26,20.7,2.3,72,3.61
2025-06-27,UA-30,17.7,2.9,71,2.73
2025-06-27,UA-32,18.3,2.6,72,2.02
2025-06-27,UA-35,21.5,1.4,49,2.02
2025-06-27,UA-40,21.4,0.0,73,2.21
2025-06-27,UA-43,21.0,0.0,56,2.5
2025-06-27,UA-46,20.2,2.6,75,4.43
2025-06-27,UA-48,22.5,0.0,54,2.85
2025-06-27,UA-51,22.5,0.0,56,3.26
2025-06-27,UA-53,19.4,0.7,58,3.28
2025-06-27,UA-56,18.9,5.2,77,3.74
2025-06-27,UA-59,18.5,0.0,63,4.09
2025-06-27,UA-61,20.2,2.0,69,4.33
2025-06-27,UA-63,19.5,0.0,56,4.43
2025-06-27,UA-65,22.5,0.0,50,2.67
2025-06-27,UA-68,18.6,4.7,77,3.42
2025-06-27,UA-71,19.8,1.0,60,2.24
2025-06-27,UA-74,17.5,2.2,73,3.23
2025-06-27,UA-77,21.0,1.3,72,2.5
2025-06-28,UA-05,17.7,2.9,70,5.86
2025-06-28,UA-07,17.9,1.9,69,6.39
2025-06-28,UA-09,21.3,3.9,60,2.96
2025-06-28,UA-12,19.9,7.4,69,4.12
2025-06-28,UA-14,19.1,9.2,71,3.01
2025-06-28,UA-18,17.4,5.5,72,6.45
2025-06-28,UA-21,21.4,0.1,56,4.68
2025-06-28,UA-23,20.9,5.6,70,4.7
2025-06-28,UA-26,19.4,0.3,62,6.23
2025-06-28,UA-30,17.1,10.7,78,5.62
2025-06-28,UA-32,18.1,5.7,72,5.62
2025-06-28,UA-35,20.0,8.9,67,4.95
2025-06-28,UA-40,21.5,0.0,80,4.15
2025-06-28,UA-43,20.5,5.0,71,3.01
2025-06-28,UA-46,18.2,0.9,67,5.89
2025-06-28,UA-48,23.0,1.4,55,5.15
2025-06-28,UA-51,23.2,0.3,52,6.45
2025-06-28,UA-53,17.8,14.7,76,4.48
2025-06-28,UA-56,17.8,3.3,69,6.43
2025-06-28,UA-59,16.8,3.0,83,4.32
2025-06-28,UA-61,18.2,1.1,66,6.4
2025-06-28,UA-63,18.2,10.2,79,3.17
2025-06-28,UA-65,22.8,1.7,56,4.57
2025-06-28,UA-68,17.6,0.9,69,6.05
2025-06-28,UA-71,18.3,8.8,75,5.13
2025-06-28,UA-74,15.8,10.6,88,5.6
2025-06-28,UA-77,20.2,0.0,61,6.33
2025-06-29,UA-05,18.8,0.1,76,4.57
2025-06-29,UA-07,20.4,3.3,75,5.63
2025-06-29,UA-09,19.7,0.4,68,2.87
2025-06-29,UA-12,17.9,1.8,79,4.96
2025-06-29,UA-14,17.4,1.1,78,2.81
2025-06-29,UA-18,18.3,0.2,79,4.84
2025-06-29,UA-21,22.9,0.0,62,1.81
2025-06-29,UA-23,18.3,4.3,78,5.22
2025-06-29,UA-26,21.9,0.7,65,5.34
2025-06-29,UA-30,18.6,0.2,73,5.23
2025-06-29,UA-32,19.1,0.1,73,4.93
2025-06-29,UA-35,20.2,0.1,64,5.86
2025-06-29,UA-40,20.4,0.2,68,6.28
2025-06-29,UA-43,18.9,1.1,67,3.19
2025-06-29,UA-46,21.6,1.4,68,5.26
2025-06-29,UA-48,22.4,0.1,53,6.06
2025-06-29,UA-51,22.8,0.1,51,6.79
2025-06-29,UA-53,17.4,3.2,80,5.08
2025-06-29,UA-56,20.2,1.3,75,5.4
2025-06-29,UA-59,18.2,0.9,77,5.06
2025-06-29,UA-61,20.7,1.7,70,5.33
2025-06-29,UA-63,17.7,1.0,79,3.77
2025-06-29,UA-65,22.0,0.1,50,5.46
2025-06-29,UA-68,19.4,0.2,76,4.72
2025-06-29,UA-71,19.5,0.0,71,5.54
2025-06-29,UA-74,18.2,0.2,71,5.43
2025-06-29,UA-77,21.6,1.6,66,5.22
2025-06-30,UA-05,18.9,0.2,59,5.73
2025-06-30,UA-07,18.1,0.0,58,6.38
2025-06-30,UA-09,20.2,0.6,56,4.72
2025-06-30,UA-12,20.1,0.2,56,5.42
2025-06-30,UA-14,19.2,0.2,58,4.34
2025-06-30,UA-18,17.3,0.1,63,6.44
2025-06-30,UA-21,23.1,0.0,47,3.75
2025-06-30,UA-23,20.6,0.6,58,5.09
2025-06-30,UA-26,20.6,0.0,51,5.8
2025-06-30,UA-30,17.5,0.5,61,6.51
2025-06-30,UA-32,18.3,0.1,59,6.05
2025-06-30,UA-35,20.6,0.0,54,5.56
2025-06-30,UA-40,21.2,0.0,80,5.29
2025-06-30,UA-43,21.2,0.7,65,3.86
2025-06-30,UA-46,19.0,0.0,57,5.48
2025-06-30,UA-48,23.7,0.0,49,5.32
2025-06-30,UA-51,24.3,0.0,45,6.26
2025-06-30,UA-53,18.2,0.0,59,5.68
2025-06-30,UA-56,18.4,0.0,59,6.37
2025-06-30,UA-59,16.3,2.0,67,6.33
2025-06-30,UA-61,19.2,0.0,54,6.08
2025-06-30,UA-63,18.0,0.4,62,5.71
2025-06-30,UA-65,23.8,0.3,48,4.83
2025-06-30,UA-68,18.6,0.0,59,5.94
2025-06-30,UA-71,18.9,0.0,61,5.92
2025-06-30,UA-74,16.8,0.8,62,6.81
2025-06-30,UA-77,21.6,0.0,48,5.9
2025-07-01,UA-05,17.3,0.0,59,4.77
2025-07-01,UA-07,17.7,0.0,56,4.4
2025-07-01,UA-09,18.2,0.2,55,5.39
2025-07-01,UA-12,18.1,0.2,62,5.61
2025-07-01,UA-14,17.2,0.1,58,4.49
2025-07-01,UA-18,16.6,0.0,64,5.56
2025-07-01,UA-21,20.6,0.0,48,2.99
2025-07-01,UA-23,18.8,0.1,60,5.6
2025-07-01,UA-26,18.4,0.0,52,3.78
2025-07-01,UA-30,17.1,0.8,63,6.09
2025-07-01,UA-32,17.4,0.4,61,5.39
2025-07-01,UA-35,18.4,0.0,57,5.45
2025-07-01,UA-40,20.3,0.0,65,5.31
2025-07-01,UA-43,19.6,0.0,53,3.24
2025-07-01,UA-46,17.3,0.0,59,3.48
2025-07-01,UA-48,21.1,0.0,46,4.88
2025-07-01,UA-51,21.8,0.0,39,5.28
2025-07-01,UA-53,16.8,0.7,64,5.83
2025-07-01,UA-56,17.3,0.0,60,4.57
2025-07-01,UA-59,16.2,0.8,70,6.76
2025-07-01,UA-61,17.9,0.0,52,4.28
2025-07-01,UA-63,16.8,0.3,65,6.31
2025-07-01,UA-65,21.1,0.0,43,4.39
2025-07-01,UA-68,16.9,0.0,60,4.44
2025-07-01,UA-71,17.6,0.3,64,5.76
2025-07-01,UA-74,16.9,1.3,66,6.74
2025-07-01,UA-77,19.4,0.0,48,4.13
2025-07-02,UA-05,20.0,0.0,55,4.35
2025-07-02,UA-07,20.5,0.0,58,3.13
2025-07-02,UA-09,18.0,9.1,70,4.14
2025-07-02,UA-12,18.1,1.4,70,5.1
2025-07-02,UA-14,17.2,2.9,70,3.81
2025-07-02,UA-18,19.5,0.0,59,4.64
2025-07-02,UA-21,22.6,0.0,52,1.36
2025-07-02,UA-23,19.1,1.0,65,5.55
2025-07-02,UA-26,21.1,0.0,52,3.3
2025-07-02,UA-30,19.6,0.0,59,4.72
2025-07-02,UA-32,20.0,0.0,55,4.47
2025-07-02,UA-35,19.9,0.0,54,4.73
2025-07-02,UA-40,20.4,0.0,69,3.85
2025-07-02,UA-43,19.6,0.4,59,2.74
2025-07-02,UA-46,20.4,0.0,60,2.78
2025-07-02,UA-48,22.1,0.0,45,4.37
2025-07-02,UA-51,23.2,0.0,37,5.04
2025-07-02,UA-53,16.7,2.1,74,4.82
2025-07-02,UA-56,20.3,0.0,59,3.64
2025-07-02,UA-59,15.8,6.8,80,4.75
2025-07-02,UA-61,20.6,0.0,53,3.66
2025-07-02,UA-63,16.2,8.7,80,4.71
2025-07-02,UA-65,21.7,0.0,43,3.65
2025-07-02,UA-68,19.4,0.0,59,3.94
2025-07-02,UA-71,19.1,0.0,62,4.37
2025-07-02,UA-74,19.1,0.3,64,4.94
2025-07-02,UA-77,22.0,0.0,47,3.74
2025-07-03,UA-05,23.5,0.0,56,1.99
2025-07-03,UA-07,24.4,0.0,55,2.36
2025-07-03,UA-09,18.5,0.1,68,2.6
2025-07-03,UA-12,19.8,0.1,69,3.59
2025-07-03,UA-14,17.4,0.7,72,2.95
2025-07-03,UA-18,22.6,0.0,62,2.12
2025-07-03,UA-21,25.4,0.0,55,1.8
2025-07-03,UA-23,19.9,0.0,69,4.15
2025-07-03,UA-26,24.9,0.0,49,1.53
2025-07-03,UA-30,22.8,0.0,64,2.49
2025-07-03,UA-32,22.8,0.0,62,2.43
2025-07-03,UA-35,22.3,0.0,56,3.17
2025-07-03,UA-40,20.4,0.0,69,4.71
2025-07-03,UA-43,19.6,0.1,59,3.13
2025-07-03,UA-46,24.7,0.0,54,2.51
2025-07-03,UA-48,22.7,0.0,54,3.67
2025-07-03,UA-51,23.8,0.0,47,3.48
2025-07-03,UA-53,19.6,0.0,68,3.26
2025-07-03,UA-56,23.9,0.0,58,1.83
2025-07-03,UA-59,20.0,0.0,70,3.49
2025-07-03,UA-61,24.4,0.0,47,1.98
2025-07-03,UA-63,19.1,0.7,73,3.41
2025-07-03,UA-65,22.5,0.0,49,3.67
2025-07-03,UA-68,22.9,0.0,58,1.86
2025-07-03,UA-71,22.5,0.0,61,2.43
2025-07-03,UA-74,22.6,0.0,66,2.33
2025-07-03,UA-77,24.7,0.0,46,1.58
2025-07-04,UA-05,23.2,1.1,59,3.38
2025-07-04,UA-07,16.6,4.5,80,3.97
2025-07-04,UA-09,23.3,0.0,54,1.63
2025-07-04,UA-12,24.5,0.0,56,1.18
2025-07-04,UA-14,22.1,0.0,58,1.69
2025-07-04,UA-18,20.8,1.6,67,4.04
2025-07-04,UA-21,22.7,0.0,60,4.55
2025-07-04,UA-23,24.4,0.0,58,1.68
2025-07-04,UA-26,21.0,0.4,66,4.16
2025-07-04,UA-30,23.1,1.5,63,3.68
2025-07-04,UA-32,23.9,1.7,60,3.18
2025-07-04,UA-35,26.5,0.0,47,1.59
2025-07-04,UA-40,20.9,0.0,77,2.94
2025-07-04,UA-43,22.3,0.0,56,2.12
2025-07-04,UA-46,17.5,1.6,77,3.97
2025-07-04,UA-48,26.4,0.0,51,1.72
2025-07-04,UA-51,25.5,0.0,55,3.44
2025-07-04,UA-53,24.0,0.0,61,1.98
2025-07-04,UA-56,18.0,3.8,75,4.07
2025-07-04,UA-59,24.3,0.9,65,3.06
2025-07-04,UA-61,20.3,0.9,65,4.08
2025-07-04,UA-63,24.3,0.0,61,2.5
2025-07-04,UA-65,26.1,0.0,48,1.92
2025-07-04,UA-68,20.6,1.1,64,3.93
2025-07-04,UA-71,25.9,0.0,56,2.47
2025-07-04,UA-74,22.1,0.1,67,3.52
2025-07-04,UA-77,24.2,2.5,56,3.61
2025-07-05,UA-05,19.5,0.9,60,2.31
2025-07-05,UA-07,17.7,0.0,58,1.92
2025-07-05,UA-09,25.6,0.2,50,3.11
2025-07-05,UA-12,22.4,0.3,59,3.55
2025-07-05,UA-14,23.6,0.0,57,2.58
2025-07-05,UA-18,19.2,0.0,63,2.12
2025-07-05,UA-21,22.0,0.0,46,2.45
2025-07-05,UA-23,24.4,0.4,61,3.73
2025-07-05,UA-26,19.8,0.0,57,2.04
2025-07-05,UA-30,19.6,0.8,61,2.88
2025-07-05,UA-32,20.0,0.4,58,2.82
2025-07-05,UA-35,22.1,0.1,57,3.74
2025-07-05,UA-40,21.7,0.0,85,2.38
2025-07-05,UA-43,23.0,0.2,65,2.09
2025-07-05,UA-46,17.9,0.0,64,1.53
2025-07-05,UA-48,24.6,1.8,58,3.35
2025-07-05,UA-51,24.5,0.3,55,3.58
2025-07-05,UA-53,20.3,0.6,61,3.8
2025-07-05,UA-56,18.0,0.0,63,2.21
2025-07-05,UA-59,19.4,6.8,65,3.65
2025-07-05,UA-61,19.3,0.0,56,1.93
2025-07-05,UA-63,21.2,0.0,63,3.7
2025-07-05,UA-65,25.0,1.0,57,3.19
2025-07-05,UA-68,18.5,0.0,63,1.79
2025-07-05,UA-71,21.3,0.0,59,3.3
2025-07-05,UA-74,19.7,0.0,58,2.77
2025-07-05,UA-77,20.9,0.0,54,2.31
2025-07-06,UA-05,22.1,0.0,60,2.44
2025-07-06,UA-07,21.5,0.0,57,2.25
2025-07-06,UA-09,24.0,0.0,44,2.69
2025-07-06,UA-12,22.6,0.0,49,1.58
2025-07-06,UA-14,23.2,0.0,46,2.12
2025-07-06,UA-18,21.1,0.0,64,2.72
2025-07-06,UA-21,23.6,0.0,49,2.26
2025-07-06,UA-23,24.0,0.0,49,2.08
2025-07-06,UA-26,22.8,0.0,52,1.65
2025-07-06,UA-30,22.5,0.0,50,3.49
2025-07-06,UA-32,22.6,0.0,55,2.98
2025-07-06,UA-35,24.1,0.0,41,2.24
2025-07-06,UA-40,22.7,0.1,81,2.4
2025-07-06,UA-43,24.7,0.1,62,1.66
2025-07-06,UA-46,22.0,0.0,56,2.49
2025-07-06,UA-48,25.7,0.1,52,2.99
2025-07-06,UA-51,24.8,0.2,64,4.08
2025-07-06,UA-53,20.7,0.0,50,1.51
2025-07-06,UA-56,21.9,0.0,57,2.33
2025-07-06,UA-59,19.9,0.0,58,1.85
2025-07-06,UA-61,22.4,0.0,48,2.04
2025-07-06,UA-63,20.8,0.0,50,1.49
2025-07-06,UA-65,26.1,0.0,48,2.48
2025-07-06,UA-68,21.4,0.1,61,2.37
2025-07-06,UA-71,22.6,0.1,52,3.05
2025-07-06,UA-74,21.5,0.0,54,3.59
2025-07-06,UA-77,23.7,0.0,50,1.51
2025-07-07,UA-05,27.2,0.0,49,3.45
2025-07-07,UA-07,24.3,1.2,59,3.25
2025-07-07,UA-09,27.1,0.0,32,3.28
2025-07-07,UA-12,26.8,0.0,46,2.99
2025-07-07,UA-14,25.2,0.0,47,2.36
2025-07-07,UA-18,25.9,0.0,56,2.96
2025-07-07,UA-21,24.8,3.7,61,3.88
2025-07-07,UA-23,26.8,0.0,51,2.62
2025-07-07,UA-26,26.2,2.1,51,3.33
2025-07-07,UA-30,26.7,0.0,49,3.5
2025-07-07,UA-32,27.3,0.0,51,3.16
2025-07-07,UA-35,28.0,0.0,43,4.38
2025-07-07,UA-40,23.1,0.0,84,2.47
2025-07-07,UA-43,25.2,0.0,58,1.16
2025-07-07,UA-46,24.2,10.5,61,4.06
2025-07-07,UA-48,26.3,0.0,62,3.93
2025-07-07,UA-51,25.8,0.0,68,5.19
2025-07-07,UA-53,25.7,0.0,48,3.71
2025-07-07,UA-56,25.1,1.5,57,3.71
2025-07-07,UA-59,24.0,0.3,56,3.9
2025-07-07,UA-61,25.2,1.9,53,3.95
2025-07-07,UA-63,25.0,0.0,48,2.69
2025-07-07,UA-65,26.9,0.1,54,3.12
2025-07-07,UA-68,25.3,0.4,56,3.6
2025-07-07,UA-71,27.2,0.2,50,3.85
2025-07-07,UA-74,25.2,0.1,53,3.89
2025-07-07,UA-77,26.4,1.5,54,3.3
2025-07-08,UA-05,26.6,0.1,51,3.92
2025-07-08,UA-07,21.9,12.0,71,3.04
2025-07-08,UA-09,30.1,0.2,28,3.16
2025-07-08,UA-12,28.4,0.0,48,2.78
2025-07-08,UA-14,28.3,0.1,35,2.82
2025-07-08,UA-18,25.3,1.1,61,3.14
2025-07-08,UA-21,21.2,7.9,79,2.42
2025-07-08,UA-23,28.2,0.0,56,2.63
2025-07-08,UA-26,23.4,5.4,66,2.21
2025-07-08,UA-30,26.4,0.7,53,3.73
2025-07-08,UA-32,27.0,0.9,50,3.81
2025-07-08,UA-35,28.5,0.0,40,3.51
2025-07-08,UA-40,24.1,0.0,79,2.27
2025-07-08,UA-43,26.0,0.0,57,2.03
2025-07-08,UA-46,21.1,9.9,76,2.69
2025-07-08,UA-48,27.7,0.0,55,2.49
2025-07-08,UA-51,25.5,0.0,67,3.11
2025-07-08,UA-53,27.8,0.0,46,3.47
2025-07-08,UA-56,22.9,11.6,69,3.01
2025-07-08,UA-59,27.1,0.0,52,4.16
2025-07-08,UA-61,22.8,14.5,68,3.0
2025-07-08,UA-63,28.7,0.0,41,3.26
2025-07-08,UA-65,28.4,0.0,49,2.15
2025-07-08,UA-68,23.8,4.4,67,2.97
2025-07-08,UA-71,27.8,0.0,47,3.78
2025-07-08,UA-74,25.8,0.6,61,4.22
2025-07-08,UA-77,25.4,2.9,61,2.97
2025-07-09,UA-05,21.5,13.9,77,2.32
2025-07-09,UA-07,19.8,4.8,82,4.35
2025-07-09,UA-09,29.7,0.0,24,5.35
2025-07-09,UA-12,29.0,0.0,34,4.45
2025-07-09,UA-14,28.0,0.0,27,4.91
2025-07-09,UA-18,22.0,6.6,76,2.71
2025-07-09,UA-21,17.9,11.2,86,3.11
2025-07-09,UA-23,27.8,0.0,42,4.69
2025-07-09,UA-26,18.8,8.7,85,2.79
2025-07-09,UA-30,26.0,0.5,54,3.13
2025-07-09,UA-32,25.2,0.3,56,3.09
2025-07-09,UA-35,29.7,0.0,36,4.15
2025-07-09,UA-40,24.3,0.0,81,1.82
2025-07-09,UA-43,26.2,0.0,60,1.39
2025-07-09,UA-46,18.4,9.2,84,4.52
2025-07-09,UA-48,28.1,0.0,60,2.85
2025-07-09,UA-51,25.7,0.0,69,2.89
2025-07-09,UA-53,27.9,0.0,36,4.18
2025-07-09,UA-56,21.0,2.9,77,3.6
2025-07-09,UA-59,27.0,0.8,46,4.45
2025-07-09,UA-61,19.3,5.1,83,3.22
2025-07-09,UA-63,29.3,0.0,30,4.58
2025-07-09,UA-65,29.2,0.0,46,2.85
2025-07-09,UA-68,20.3,9.4,84,2.55
2025-07-09,UA-71,28.4,0.0,44,4.35
2025-07-09,UA-74,26.2,0.9,58,4.53
2025-07-09,UA-77,20.5,23.6,77,2.5
2025-07-10,UA-05,18.6,4.0,82,3.92
2025-07-10,UA-07,15.1,27.6,96,6.4
2025-07-10,UA-09,31.1,0.0,23,5.15
2025-07-10,UA-12,29.4,0.0,36,4.18
2025-07-10,UA-14,29.2,0.0,30,4.33
2025-07-10,UA-18,19.7,0.0,78,4.01
2025-07-10,UA-21,16.7,14.0,79,3.37
2025-07-10,UA-23,27.9,0.0,47,4.06
2025-07-10,UA-26,14.8,44.2,93,6.49
2025-07-10,UA-30,23.5,0.2,61,3.28
2025-07-10,UA-32,22.1,0.2,67,3.46
2025-07-10,UA-35,26.9,0.4,49,4.0
2025-07-10,UA-40,24.0,0.0,83,3.3
2025-07-10,UA-43,24.8,0.0,72,2.11
2025-07-10,UA-46,14.5,44.6,95,7.07
2025-07-10,UA-48,26.7,0.0,64,3.65
2025-07-10,UA-51,25.6,0.2,59,3.82
2025-07-10,UA-53,28.1,0.0,37,4.23
2025-07-10,UA-56,17.1,19.2,90,3.69
2025-07-10,UA-59,27.3,0.0,40,5.27
2025-07-10,UA-61,14.9,32.1,96,5.9
2025-07-10,UA-63,29.6,0.0,28,4.59
2025-07-10,UA-65,26.8,0.1,61,3.35
2025-07-10,UA-68,17.3,11.0,86,4.94
2025-07-10,UA-71,26.0,0.1,54,3.71
2025-07-10,UA-74,25.4,0.3,54,4.14
2025-07-10,UA-77,16.7,2.9,81,4.77
2025-07-11,UA-05,18.2,0.0,66,2.7
2025-07-11,UA-07,16.0,0.3,77,3.96
2025-07-11,UA-09,30.7,0.0,25,5.09
2025-07-11,UA-12,26.4,1.9,61,2.02
2025-07-11,UA-14,28.1,0.1,39,3.68
2025-07-11,UA-18,18.1,0.0,66,3.28
2025-07-11,UA-21,17.4,0.3,72,1.88
2025-07-11,UA-23,26.8,0.6,65,2.45
2025-07-11,UA-26,17.2,0.0,66,3.11
2025-07-11,UA-30,19.7,0.0,65,3.11
2025-07-11,UA-32,19.4,0.0,63,2.94
2025-07-11,UA-35,23.4,0.3,54,2.82
2025-07-11,UA-40,24.0,0.0,72,4.44
2025-07-11,UA-43,24.6,0.0,62,1.78
2025-07-11,UA-46,16.0,0.2,72,4.08
2025-07-11,UA-48,24.7,0.0,49,3.6
2025-07-11,UA-51,23.5,0.0,47,4.37
2025-07-11,UA-53,24.3,0.9,64,1.69
2025-07-11,UA-56,16.6,0.4,75,3.66
2025-07-11,UA-59,24.8,2.9,62,3.0
2025-07-11,UA-61,16.4,0.0,70,3.66
2025-07-11,UA-63,27.5,1.9,51,4.08
2025-07-11,UA-65,25.5,0.0,45,3.38
2025-07-11,UA-68,17.1,0.1,69,3.1
2025-07-11,UA-71,21.5,3.3,66,2.88
2025-07-11,UA-74,19.7,8.5,72,2.98
2025-07-11,UA-77,18.4,0.0,62,2.61
2025-07-12,UA-05,19.9,0.0,58,1.23
2025-07-12,UA-07,18.4,1.0,70,2.87
2025-07-12,UA-09,31.2,0.0,27,2.7
2025-07-12,UA-12,26.8,0.1,63,2.42
2025-07-12,UA-14,28.5,0.0,38,2.0
2025-07-12,UA-18,19.0,0.0,62,1.45
2025-07-12,UA-21,18.4,0.5,72,2.27
2025-07-12,UA-23,27.3,0.0,62,1.73
2025-07-12,UA-26,17.7,2.0,74,1.81
2025-07-12,UA-30,20.6,0.0,61,2.06
2025-07-12,UA-32,20.6,0.0,56,1.79
2025-07-12,UA-35,24.4,0.2,52,3.14
2025-07-12,UA-40,24.1,0.0,75,3.58
2025-07-12,UA-43,25.9,0.4,57,1.63
2025-07-12,UA-46,17.4,1.5,73,2.56
2025-07-12,UA-48,27.0,0.0,40,2.94
2025-07-12,UA-51,25.8,0.0,37,3.15
2025-07-12,UA-53,22.7,11.3,79,2.7
2025-07-12,UA-56,18.5,0.1,67,2.24
2025-07-12,UA-59,22.4,6.9,84,2.11
2025-07-12,UA-61,17.6,3.6,71,2.44
2025-07-12,UA-63,26.6,2.5,62,2.38
2025-07-12,UA-65,27.6,0.0,38,3.2
2025-07-12,UA-68,18.5,1.4,68,1.77
2025-07-12,UA-71,23.0,0.0,58,2.76
2025-07-12,UA-74,20.2,0.4,67,1.98
2025-07-12,UA-77,19.0,0.4,69,1.82
2025-07-13,UA-05,21.8,0.0,58,1.25
2025-07-13,UA-07,20.7,0.1,67,2.22
2025-07-13,UA-09,31.4,0.8,33,1.74
2025-07-13,UA-12,25.2,5.8,63,3.87
2025-07-13,UA-14,28.4,1.9,47,2.37
2025-07-13,UA-18,21.3,0.0,59,1.25
2025-07-13,UA-21,22.2,0.6,65,2.9
2025-07-13,UA-23,25.6,0.1,63,5.23
2025-07-13,UA-26,20.7,0.0,65,1.73
2025-07-13,UA-30,22.2,0.0,59,1.56
2025-07-13,UA-32,22.4,0.0,56,1.19
2025-07-13,UA-35,24.9,0.0,49,2.52
2025-07-13,UA-40,25.3,0.0,69,5.51
2025-07-13,UA-43,26.9,0.0,53,2.23
2025-07-13,UA-46,20.3,0.2,68,2.45
2025-07-13,UA-48,28.1,0.0,42,2.83
2025-07-13,UA-51,27.2,0.0,34,3.06
2025-07-13,UA-53,23.3,2.4,66,2.99
2025-07-13,UA-56,20.8,0.2,67,1.97
2025-07-13,UA-59,22.5,6.0,76,2.56
2025-07-13,UA-61,20.4,0.0,64,2.17
2025-07-13,UA-63,25.2,0.8,64,3.28
2025-07-13,UA-65,28.5,0.0,39,3.08
2025-07-13,UA-68,20.8,0.0,64,1.73
2025-07-13,UA-71,23.4,0.0,59,2.22
2025-07-13,UA-74,21.5,0.0,63,2.64
2025-07-13,UA-77,21.9,0.0,60,1.43
2025-07-14,UA-05,23.2,0.5,61,1.86
2025-07-14,UA-07,20.9,3.4,75,1.84
2025-07-14,UA-09,28.2,3.2,49,2.23
2025-07-14,UA-12,24.7,0.0,52,3.8
2025-07-14,UA-14,25.8,0.8,53,3.36
2025-07-14,UA-18,21.9,2.6,68,1.68
2025-07-14,UA-21,23.2,0.2,69,2.46
2025-07-14,UA-23,24.8,0.0,54,4.53
2025-07-14,UA-26,21.9,1.6,73,1.82
2025-07-14,UA-30,23.4,0.1,59,1.34
2025-07-14,UA-32,24.2,0.0,52,1.25
2025-07-14,UA-35,25.6,0.0,47,1.87
2025-07-14,UA-40,25.7,0.0,60,4.25
2025-07-14,UA-43,26.3,0.0,43,3.31
2025-07-14,UA-46,20.9,6.7,79,2.3
2025-07-14,UA-48,27.8,0.0,41,2.14
2025-07-14,UA-51,26.8,0.0,41,3.32
2025-07-14,UA-53,22.9,0.0,59,3.17
2025-07-14,UA-56,21.3,6.2,71,1.91
2025-07-14,UA-59,22.0,0.0,67,3.21
2025-07-14,UA-61,21.3,3.4,72,2.16
2025-07-14,UA-63,24.3,0.9,58,3.99
2025-07-14,UA-65,27.9,0.0,37,2.49
2025-07-14,UA-68,22.0,1.2,68,2.47
2025-07-14,UA-71,24.3,0.0,59,1.04
2025-07-14,UA-74,22.5,0.0,63,1.08
2025-07-14,UA-77,22.9,1.8,65,1.99
2025-07-15,UA-05,22.9,0.0,64,2.78
2025-07-15,UA-07,21.4,0.5,72,2.12
2025-07-15,UA-09,26.9,0.2,52,3.32
2025-07-15,UA-12,25.4,0.0,53,2.36
2025-07-15,UA-14,25.1,0.0,48,2.98
2025-07-15,UA-18,22.3,0.3,65,2.82
2025-07-15,UA-21,23.2,1.0,70,1.93
2025-07-15,UA-23,25.5,0.0,56,2.92
2025-07-15,UA-26,21.4,1.4,76,2.16
2025-07-15,UA-30,23.5,0.3,61,3.07
2025-07-15,UA-32,23.9,0.0,56,2.9
2025-07-15,UA-35,26.6,0.1,45,2.56
2025-07-15,UA-40,25.3,0.0,64,2.85
2025-07-15,UA-43,26.1,0.0,43,1.9
2025-07-15,UA-46,21.0,2.9,78,2.49
2025-07-15,UA-48,28.0,0.4,48,2.03
2025-07-15,UA-51,28.3,0.1,41,3.05
2025-07-15,UA-53,24.1,0.0,59,1.54
2025-07-15,UA-56,21.8,0.0,71,2.36
2025-07-15,UA-59,22.5,1.1,69,1.61
2025-07-15,UA-61,21.5,0.6,74,2.48
2025-07-15,UA-63,24.5,0.0,56,3.14
2025-07-15,UA-65,28.3,0.2,42,2.32
2025-07-15,UA-68,22.2,0.3,68,2.6
2025-07-15,UA-71,25.1,0.4,57,2.17
2025-07-15,UA-74,22.4,0.3,68,2.55
2025-07-15,UA-77,24.0,0.0,62,2.03
2025-07-16,UA-05,19.9,5.0,80,2.3
2025-07-16,UA-07,19.2,6.0,80,2.89
2025-07-16,UA-09,27.6,0.0,45,2.12
2025-07-16,UA-12,25.7,0.0,55,2.54
2025-07-16,UA-14,25.2,0.2,50,1.66
2025-07-16,UA-18,20.2,0.5,76,2.64
2025-07-16,UA-21,20.9,4.9,73,2.23
2025-07-16,UA-23,26.5,0.0,56,1.9
2025-07-16,UA-26,18.6,2.6,84,2.52
2025-07-16,UA-30,22.5,2.4,64,2.56
2025-07-16,UA-32,21.6,4.6,70,2.42
2025-07-16,UA-35,25.5,0.0,50,2.32
2025-07-16,UA-40,25.4,0.1,73,2.59
2025-07-16,UA-43,25.5,1.3,56,1.84
2025-07-16,UA-46,18.3,2.8,83,3.38
2025-07-16,UA-48,27.2,0.4,50,2.97
2025-07-16,UA-51,25.7,0.8,52,3.51
2025-07-16,UA-53,24.1,0.0,58,2.1
2025-07-16,UA-56,19.3,5.1,81,2.68
2025-07-16,UA-59,22.7,0.1,69,2.03
2025-07-16,UA-61,18.7,4.3,84,2.86
2025-07-16,UA-63,24.6,0.0,57,2.31
2025-07-16,UA-65,27.9,0.1,44,2.94
2025-07-16,UA-68,19.1,7.7,84,2.48
2025-07-16,UA-71,23.8,1.2,63,2.18
2025-07-16,UA-74,22.3,0.4,67,2.39
2025-07-16,UA-77,19.8,10.0,84,2.38
2025-07-17,UA-05,20.4,0.6,73,1.85
2025-07-17,UA-07,18.9,0.0,69,1.33
2025-07-17,UA-09,27.5,1.5,46,2.04
2025-07-17,UA-12,23.1,2.3,70,1.49
2025-07-17,UA-14,24.3,2.3,60,1.77
2025-07-17,UA-18,19.7,0.3,69,2.3
2025-07-17,UA-21,17.6,13.8,87,1.42
2025-07-17,UA-23,24.7,0.9,66,2.12
2025-07-17,UA-26,18.8,4.2,72,1.85
2025-07-17,UA-30,19.8,5.1,82,1.77
2025-07-17,UA-32,20.3,0.6,77,1.75
2025-07-17,UA-35,21.4,5.1,78,1.62
2025-07-17,UA-40,25.2,0.0,74,3.05
2025-07-17,UA-43,25.1,0.0,59,1.89
2025-07-17,UA-46,17.8,3.4,78,1.69
2025-07-17,UA-48,24.8,0.4,64,2.48
2025-07-17,UA-51,24.1,0.3,64,2.48
2025-07-17,UA-53,20.1,5.7,81,1.22
2025-07-17,UA-56,19.4,0.0,67,1.91
2025-07-17,UA-59,19.5,5.4,84,1.66
2025-07-17,UA-61,18.9,0.6,69,1.48
2025-07-17,UA-63,22.1,9.1,73,1.46
2025-07-17,UA-65,25.1,0.3,60,2.72
2025-07-17,UA-68,19.5,0.5,72,1.99
2025-07-17,UA-71,20.7,7.2,85,1.03
2025-07-17,UA-74,18.9,9.4,89,1.92
2025-07-17,UA-77,20.5,3.6,68,1.55
2025-07-18,UA-05,17.3,43.0,93,2.73
2025-07-18,UA-07,19.1,1.5,72,2.22
2025-07-18,UA-09,28.7,0.0,47,1.8
2025-07-18,UA-12,23.6,1.8,74,2.39
2025-07-18,UA-14,25.9,0.1,59,1.92
2025-07-18,UA-18,17.3,20.3,85,3.32
2025-07-18,UA-21,18.2,5.3,82,1.96
2025-07-18,UA-23,25.4,0.1,69,2.36
2025-07-18,UA-26,16.5,22.7,92,4.2
2025-07-18,UA-30,18.4,7.5,90,2.88
2025-07-18,UA-32,17.5,19.7,95,2.95
2025-07-18,UA-35,22.5,1.0,67,3.79
2025-07-18,UA-40,24.6,0.0,81,3.73
2025-07-18,UA-43,24.3,0.3,72,2.59
2025-07-18,UA-46,17.0,12.4,90,3.48
2025-07-18,UA-48,24.1,0.3,67,3.94
2025-07-18,UA-51,23.6,3.8,62,4.88
2025-07-18,UA-53,21.4,12.8,79,2.4
2025-07-18,UA-56,18.1,8.5,79,2.43
2025-07-18,UA-59,21.6,0.3,74,2.0
2025-07-18,UA-61,16.8,14.7,85,3.5
2025-07-18,UA-63,22.8,1.4,73,1.65
2025-07-18,UA-65,24.4,0.8,64,3.05
2025-07-18,UA-68,16.0,31.3,89,4.86
2025-07-18,UA-71,20.8,3.6,85,3.09
2025-07-18,UA-74,19.5,5.4,83,2.51
2025-07-18,UA-77,15.9,24.3,93,5.1
2025-07-19,UA-05,17.3,11.8,86,4.22
2025-07-19,UA-07,17.9,22.3,90,3.76
2025-07-19,UA-09,27.8,8.1,50,2.52
2025-07-19,UA-12,23.6,3.4,57,3.47
2025-07-19,UA-14,24.3,1.5,61,2.18
2025-07-19,UA-18,17.2,12.6,92,2.73
2025-07-19,UA-21,20.0,0.0,77,1.45
2025-07-19,UA-23,23.8,0.2,59,3.51
2025-07-19,UA-26,18.4,1.3,81,4.11
2025-07-19,UA-30,18.2,1.3,85,3.0
2025-07-19,UA-32,17.8,2.5,85,3.03
2025-07-19,UA-35,20.6,1.0,66,4.64
2025-07-19,UA-40,23.3,0.0,69,3.53
2025-07-19,UA-43,22.4,0.0,68,2.36
2025-07-19,UA-46,18.0,1.4,84,4.38
2025-07-19,UA-48,23.0,0.0,57,4.27
2025-07-19,UA-51,22.9,0.0,52,3.81
2025-07-19,UA-53,21.3,9.0,68,3.52
2025-07-19,UA-56,17.8,7.3,89,4.11
2025-07-19,UA-59,21.2,10.8,74,4.38
2025-07-19,UA-61,17.5,5.3,85,5.05
2025-07-19,UA-63,23.0,7.2,70,2.95
2025-07-19,UA-65,23.0,0.4,58,3.87
2025-07-19,UA-68,17.1,7.5,87,4.83
2025-07-19,UA-71,19.7,2.2,75,4.41
2025-07-19,UA-74,19.7,2.7,81,3.33
2025-07-19,UA-77,19.1,3.0,78,3.78
2025-07-20,UA-05,19.4,6.4,83,3.62
2025-07-20,UA-07,19.1,15.1,91,3.54
2025-07-20,UA-09,24.1,1.0,63,1.92
2025-07-20,UA-12,23.7,0.0,53,3.18
2025-07-20,UA-14,23.3,0.0,51,1.98
2025-07-20,UA-18,18.1,10.2,90,3.51
2025-07-20,UA-21,22.3,0.1,70,1.57
2025-07-20,UA-23,24.0,0.0,58,2.63
2025-07-20,UA-26,21.0,4.3,76,3.21
2025-07-20,UA-30,18.8,10.3,86,3.4
2025-07-20,UA-32,19.8,2.7,80,3.54
2025-07-20,UA-35,22.8,0.5,59,3.58
2025-07-20,UA-40,23.7,0.0,63,2.54
2025-07-20,UA-43,22.4,0.0,60,1.97
2025-07-20,UA-46,20.1,3.9,83,4.14
2025-07-20,UA-48,23.7,2.2,66,3.14
2025-07-20,UA-51,24.6,0.0,58,3.0
2025-07-20,UA-53,21.3,0.1,66,3.38
2025-07-20,UA-56,18.6,21.7,92,3.44
2025-07-20,UA-59,20.9,1.0,71,3.51
2025-07-20,UA-61,19.7,5.4,83,4.14
2025-07-20,UA-63,22.2,0.0,63,2.79
2025-07-20,UA-65,23.9,0.6,63,3.06
2025-07-20,UA-68,19.1,7.8,86,3.81
2025-07-20,UA-71,21.5,1.4,71,3.31
2025-07-20,UA-74,18.2,14.0,90,3.25
2025-07-20,UA-77,21.9,0.4,70,2.68
2025-07-21,UA-05,22.2,0.6,74,2.79
2025-07-21,UA-07,22.1,0.7,77,2.2
2025-07-21,UA-09,27.0,0.0,43,3.67
2025-07-21,UA-12,23.6,3.0,69,3.05
2025-07-21,UA-14,24.7,0.0,50,2.88
2025-07-21,UA-18,21.1,0.5,77,3.05
2025-07-21,UA-21,25.0,0.0,63,2.18
2025-07-21,UA-23,24.6,0.3,64,3.72
2025-07-21,UA-26,23.0,0.2,72,2.02
2025-07-21,UA-30,21.0,0.7,77,2.97
2025-07-21,UA-32,21.7,1.1,74,2.9
2025-07-21,UA-35,23.7,4.9,66,3.06
2025-07-21,UA-40,24.4,0.0,72,2.58
2025-07-21,UA-43,23.0,0.0,65,2.76
2025-07-21,UA-46,22.7,0.3,75,2.18
2025-07-21,UA-48,26.7,0.0,59,3.15
2025-07-21,UA-51,27.0,0.0,50,2.62
2025-07-21,UA-53,21.1,12.4,78,3.23
2025-07-21,UA-56,21.8,0.3,78,2.53
2025-07-21,UA-59,20.1,13.8,82,2.87
2025-07-21,UA-61,22.2,0.5,78,2.61
2025-07-21,UA-63,21.2,12.0,78,3.35
2025-07-21,UA-65,26.5,0.0,64,3.8
2025-07-21,UA-68,21.8,0.2,76,2.73
2025-07-21,UA-71,22.4,2.6,75,2.79
2025-07-21,UA-74,19.9,4.2,85,2.74
2025-07-21,UA-77,23.7,0.1,67,2.01
2025-07-22,UA-05,23.5,2.3,74,2.68
2025-07-22,UA-07,21.1,7.1,79,3.38
2025-07-22,UA-09,27.8,0.2,47,3.22
2025-07-22,UA-12,26.4,0.0,57,2.61
2025-07-22,UA-14,26.3,0.0,54,3.05
2025-07-22,UA-18,22.2,7.8,79,2.63
2025-07-22,UA-21,23.5,0.4,69,2.23
2025-07-22,UA-23,26.4,0.0,61,3.69
2025-07-22,UA-26,22.0,1.3,74,3.03
2025-07-22,UA-30,22.8,5.4,76,2.25
2025-07-22,UA-32,23.6,6.9,74,2.23
2025-07-22,UA-35,25.9,2.8,60,2.43
2025-07-22,UA-40,25.1,0.0,71,2.8
2025-07-22,UA-43,24.7,0.0,60,2.71
2025-07-22,UA-46,21.1,3.2,76,3.7
2025-07-22,UA-48,27.0,0.2,62,4.29
2025-07-22,UA-51,26.9,0.1,58,5.06
2025-07-22,UA-53,24.1,0.4,69,2.46
2025-07-22,UA-56,21.2,7.0,81,2.95
2025-07-22,UA-59,22.5,0.5,74,2.88
2025-07-22,UA-61,21.6,2.5,76,3.31
2025-07-22,UA-63,23.8,0.2,72,2.95
2025-07-22,UA-65,26.9,0.0,62,4.38
2025-07-22,UA-68,21.9,3.1,78,2.77
2025-07-22,UA-71,24.7,5.5,68,2.0
2025-07-22,UA-74,22.6,0.6,76,2.58
2025-07-22,UA-77,24.1,2.7,68,2.91
2025-07-23,UA-05,22.5,0.0,66,3.08
2025-07-23,UA-07,21.1,0.1,67,3.07
2025-07-23,UA-09,26.4,4.4,57,3.93
2025-07-23,UA-12,24.7,0.7,63,3.78
2025-07-23,UA-14,24.9,4.0,60,3.67
2025-07-23,UA-18,21.5,0.3,71,3.79
2025-07-23,UA-21,23.1,0.0,65,1.72
2025-07-23,UA-23,24.7,2.2,66,3.83
2025-07-23,UA-26,21.8,0.0,71,2.53
2025-07-23,UA-30,22.4,0.3,67,4.74
2025-07-23,UA-32,22.8,0.1,66,3.87
2025-07-23,UA-35,24.7,0.8,57,3.87
2025-07-23,UA-40,25.3,0.0,77,2.69
2025-07-23,UA-43,25.1,0.0,63,2.79
2025-07-23,UA-46,20.8,0.0,70,2.96
2025-07-23,UA-48,27.4,0.0,49,3.76
2025-07-23,UA-51,27.8,0.0,46,3.79
2025-07-23,UA-53,22.4,2.5,73,3.92
2025-07-23,UA-56,20.9,0.2,71,3.34
2025-07-23,UA-59,21.1,9.1,84,3.92
2025-07-23,UA-61,21.2,0.0,67,3.13
2025-07-23,UA-63,22.9,1.4,75,3.73
2025-07-23,UA-65,27.5,0.0,49,3.45
2025-07-23,UA-68,21.7,0.3,67,3.14
2025-07-23,UA-71,23.2,0.0,68,4.37
2025-07-23,UA-74,20.9,3.3,79,4.29
2025-07-23,UA-77,23.6,0.0,64,2.02
2025-07-24,UA-05,23.7,0.0,63,1.27
2025-07-24,UA-07,22.6,0.5,68,2.04
2025-07-24,UA-09,24.9,0.0,55,5.12
2025-07-24,UA-12,24.6,0.0,54,3.88
2025-07-24,UA-14,24.0,0.0,51,4.01
2025-07-24,UA-18,22.6,0.3,64,1.69
2025-07-24,UA-21,24.1,0.0,63,1.2
2025-07-24,UA-23,24.8,0.0,57,3.66
2025-07-24,UA-26,23.0,0.0,67,1.77
2025-07-24,UA-30,22.7,0.0,64,2.5
2025-07-24,UA-32,23.3,0.2,61,1.93
2025-07-24,UA-35,25.1,0.0,48,2.82
2025-07-24,UA-40,26.2,0.0,70,2.4
2025-07-24,UA-43,26.0,0.0,56,1.89
2025-07-24,UA-46,22.5,0.0,67,2.09
2025-07-24,UA-48,28.0,0.0,41,2.39
2025-07-24,UA-51,27.2,0.0,44,3.09
2025-07-24,UA-53,22.4,0.0,61,3.74
2025-07-24,UA-56,22.2,1.1,72,1.83
2025-07-24,UA-59,21.5,0.5,72,4.6
2025-07-24,UA-61,22.5,0.0,67,2.46
2025-07-24,UA-63,22.4,0.2,67,4.9
2025-07-24,UA-65,27.7,0.0,40,2.64
2025-07-24,UA-68,22.8,0.7,68,2.13
2025-07-24,UA-71,23.6,0.0,63,2.75
2025-07-24,UA-74,21.9,0.0,66,3.35
2025-07-24,UA-77,24.7,0.3,64,1.66
2025-07-25,UA-05,23.7,8.3,71,1.68
2025-07-25,UA-07,20.5,5.8,82,1.21
2025-07-25,UA-09,25.4,0.0,55,3.42
2025-07-25,UA-12,26.0,0.0,51,1.6
2025-07-25,UA-14,24.2,0.0,52,2.91
2025-07-25,UA-18,21.8,0.6,78,1.98
2025-07-25,UA-21,25.1,0.3,69,1.64
2025-07-25,UA-23,25.2,0.5,60,1.8
2025-07-25,UA-26,22.1,1.5,79,1.29
2025-07-25,UA-30,22.9,1.5,73,1.86
2025-07-25,UA-32,23.5,1.9,69,1.99
2025-07-25,UA-35,26.9,0.5,49,2.3
2025-07-25,UA-40,26.5,0.0,69,2.0
2025-07-25,UA-43,26.5,0.0,53,2.11
2025-07-25,UA-46,21.2,2.7,80,1.38
2025-07-25,UA-48,28.0,0.0,49,3.62
2025-07-25,UA-51,27.7,0.0,48,4.26
2025-07-25,UA-53,23.6,0.0,59,1.35
2025-07-25,UA-56,20.9,3.4,81,1.27
2025-07-25,UA-59,22.7,0.0,68,1.95
2025-07-25,UA-61,21.9,1.9,74,1.49
2025-07-25,UA-63,23.8,0.0,64,2.74
2025-07-25,UA-65,28.1,0.0,45,3.39
2025-07-25,UA-68,22.3,0.9,74,1.54
2025-07-25,UA-71,25.0,0.3,65,2.01
2025-07-25,UA-74,21.2,5.9,80,1.48
2025-07-25,UA-77,24.3,8.0,72,1.64
2025-07-26,UA-05,23.1,1.9,78,1.25
2025-07-26,UA-07,22.0,1.0,80,1.23
2025-07-26,UA-09,27.1,0.5,49,1.59
2025-07-26,UA-12,27.8,0.1,49,2.37
2025-07-26,UA-14,26.5,0.0,51,1.54
2025-07-26,UA-18,22.6,0.8,74,1.04
2025-07-26,UA-21,25.3,0.8,72,1.99
2025-07-26,UA-23,27.5,0.0,57,2.4
2025-07-26,UA-26,23.3,1.9,80,1.42
2025-07-26,UA-30,23.2,0.0,68,1.25
2025-07-26,UA-32,23.6,0.7,72,1.28
2025-07-26,UA-35,26.9,0.1,56,2.32
2025-07-26,UA-40,26.6,0.0,69,1.95
2025-07-26,UA-43,26.9,0.0,51,2.35
2025-07-26,UA-46,22.0,3.1,84,1.57
2025-07-26,UA-48,30.8,0.0,44,2.43
2025-07-26,UA-51,30.0,0.0,46,3.62
2025-07-26,UA-53,23.9,0.6,66,1.45
2025-07-26,UA-56,22.0,1.3,82,1.09
2025-07-26,UA-59,22.7,2.9,78,1.67
2025-07-26,UA-61,22.5,5.5,80,1.31
2025-07-26,UA-63,23.9,1.4,70,1.68
2025-07-26,UA-65,30.2,0.0,49,3.09
2025-07-26,UA-68,22.5,1.4,82,1.14
2025-07-26,UA-71,24.6,0.7,69,1.76
2025-07-26,UA-74,21.7,0.1,77,1.63
2025-07-26,UA-77,25.6,0.2,72,1.32
2025-07-27,UA-05,23.1,3.8,79,2.68
2025-07-27,UA-07,21.3,35.7,89,2.99
2025-07-27,UA-09,25.2,1.1,62,3.09
2025-07-27,UA-12,27.1,0.0,54,2.86
2025-07-27,UA-14,26.0,0.0,54,2.81
2025-07-27,UA-18,22.1,9.8,85,2.72
2025-07-27,UA-21,22.0,13.6,86,2.83
2025-07-27,UA-23,26.8,0.0,59,3.44
2025-07-27,UA-26,21.4,20.0,88,2.67
2025-07-27,UA-30,22.5,2.7,80,2.31
2025-07-27,UA-32,23.3,0.4,77,2.46
2025-07-27,UA-35,25.9,0.1,60,2.38
2025-07-27,UA-40,27.6,0.0,65,2.64
2025-07-27,UA-43,29.1,0.0,45,2.36
2025-07-27,UA-46,21.0,25.2,89,2.86
2025-07-27,UA-48,30.2,0.0,49,3.35
2025-07-27,UA-51,29.1,0.0,50,2.71
2025-07-27,UA-53,24.4,0.0,64,2.33
2025-07-27,UA-56,22.1,16.8,86,3.0
2025-07-27,UA-59,23.4,0.0,71,1.86
2025-07-27,UA-61,21.5,43.9,88,3.12
2025-07-27,UA-63,24.4,0.0,67,2.33
2025-07-27,UA-65,30.5,0.2,47,3.08
2025-07-27,UA-68,21.7,23.6,87,2.43
2025-07-27,UA-71,24.2,0.0,71,1.99
2025-07-27,UA-74,22.6,2.0,76,1.82
2025-07-27,UA-77,22.8,19.5,81,2.83
2025-07-28,UA-05,21.9,24.4,85,3.33
2025-07-28,UA-07,20.9,7.7,85,3.62
2025-07-28,UA-09,25.2,0.0,47,3.69
2025-07-28,UA-12,27.7,0.0,43,4.34
2025-07-28,UA-14,24.9,0.0,45,3.89
2025-07-28,UA-18,20.8,13.8,88,4.21
2025-07-28,UA-21,20.6,6.9,84,2.88
2025-07-28,UA-23,26.5,0.0,50,4.99
2025-07-28,UA-26,21.4,8.6,81,2.88
2025-07-28,UA-30,22.5,9.9,79,3.6
2025-07-28,UA-32,22.5,14.8,81,3.65
2025-07-28,UA-35,28.4,0.0,47,4.55
2025-07-28,UA-40,27.7,0.0,66,3.98
2025-07-28,UA-43,28.5,0.0,52,3.96
2025-07-28,UA-46,20.6,3.5,80,3.4
2025-07-28,UA-48,30.0,0.0,45,5.47
2025-07-28,UA-51,28.4,0.0,62,5.81
2025-07-28,UA-53,25.9,0.0,51,4.53
2025-07-28,UA-56,20.8,32.6,88,3.85
2025-07-28,UA-59,24.1,0.0,66,4.11
2025-07-28,UA-61,20.7,20.7,86,3.15
2025-07-28,UA-63,25.1,0.0,55,3.91
2025-07-28,UA-65,29.7,0.0,45,5.5
2025-07-28,UA-68,21.3,9.8,87,3.68
2025-07-28,UA-71,26.0,0.3,64,4.17
2025-07-28,UA-74,23.6,0.5,72,3.37
2025-07-28,UA-77,22.7,3.0,82,2.88
2025-07-29,UA-05,19.6,11.3,89,2.47
2025-07-29,UA-07,18.6,0.1,84,3.86
2025-07-29,UA-09,27.2,0.0,37,4.25
2025-07-29,UA-12,27.9,0.0,35,4.4
2025-07-29,UA-14,26.7,0.0,34,4.19
2025-07-29,UA-18,20.0,15.1,87,2.37
2025-07-29,UA-21,21.0,0.0,64,4.76
2025-07-29,UA-23,26.8,0.0,41,4.92
2025-07-29,UA-26,18.9,1.6,82,4.35
2025-07-29,UA-30,23.4,7.4,67,3.33
2025-07-29,UA-32,21.6,17.6,80,2.31
2025-07-29,UA-35,26.6,1.8,52,3.78
2025-07-29,UA-40,26.9,0.0,77,2.3
2025-07-29,UA-43,28.2,0.0,58,1.54
2025-07-29,UA-46,18.7,1.3,80,4.31
2025-07-29,UA-48,28.0,1.5,57,3.09
2025-07-29,UA-51,26.1,0.1,72,3.04
2025-07-29,UA-53,26.2,0.0,40,4.71
2025-07-29,UA-56,18.4,8.2,91,3.21
2025-07-29,UA-59,24.6,0.0,53,5.14
2025-07-29,UA-61,18.4,1.9,84,4.44
2025-07-29,UA-63,26.1,0.0,44,4.73
2025-07-29,UA-65,28.6,0.1,48,3.06
2025-07-29,UA-68,17.9,21.4,95,3.52
2025-07-29,UA-71,25.0,3.3,62,4.05
2025-07-29,UA-74,24.7,0.2,56,4.33
2025-07-29,UA-77,19.3,9.3,84,4.04
2025-07-30,UA-05,18.2,4.1,81,4.16
2025-07-30,UA-07,18.4,0.0,71,4.34
2025-07-30,UA-09,29.4,0.0,29,5.27
2025-07-30,UA-12,27.2,0.1,49,4.18
2025-07-30,UA-14,27.7,0.0,38,4.32
2025-07-30,UA-18,17.2,4.3,89,4.19
2025-07-30,UA-21,20.5,0.2,64,2.49
2025-07-30,UA-23,27.2,0.0,53,4.4
2025-07-30,UA-26,18.8,0.5,74,3.82
2025-07-30,UA-30,18.2,33.6,96,2.95
2025-07-30,UA-32,18.1,9.5,92,4.0
2025-07-30,UA-35,22.9,1.0,67,3.84
2025-07-30,UA-40,25.3,0.0,81,5.75
2025-07-30,UA-43,25.4,0.0,73,3.58
2025-07-30,UA-46,18.2,0.2,74,3.48
2025-07-30,UA-48,25.3,0.6,66,4.48
2025-07-30,UA-51,23.7,0.0,67,5.84
2025-07-30,UA-53,24.3,4.8,61,4.13
2025-07-30,UA-56,18.1,0.1,76,4.22
2025-07-30,UA-59,24.2,0.2,53,5.59
2025-07-30,UA-61,18.3,0.0,73,4.12
2025-07-30,UA-63,26.8,0.1,40,5.2
2025-07-30,UA-65,25.8,0.2,55,3.9
2025-07-30,UA-68,17.8,0.6,78,4.17
2025-07-30,UA-71,21.1,2.1,82,3.42
2025-07-30,UA-74,20.2,11.2,87,2.38
2025-07-30,UA-77,19.1,1.1,75,4.14
2025-07-31,UA-05,18.8,0.0,66,4.06
2025-07-31,UA-07,18.7,0.3,68,3.0
2025-07-31,UA-09,27.9,0.0,50,4.42
2025-07-31,UA-12,21.4,0.0,73,4.72
2025-07-31,UA-14,23.6,0.0,63,3.81
2025-07-31,UA-18,18.1,0.0,70,4.6
2025-07-31,UA-21,20.0,0.4,71,1.62
2025-07-31,UA-23,22.0,0.0,71,4.54
2025-07-31,UA-26,19.0,0.2,67,1.96
2025-07-31,UA-30,17.6,0.0,80,5.04
2025-07-31,UA-32,18.9,0.0,68,4.54
2025-07-31,UA-35,20.6,0.1,64,4.4
2025-07-31,UA-40,24.3,0.0,65,6.37
2025-07-31,UA-43,23.6,0.0,61,2.7
2025-07-31,UA-46,17.8,0.8,74,2.2
2025-07-31,UA-48,23.7,0.0,52,4.7
2025-07-31,UA-51,23.7,0.0,47,5.14
2025-07-31,UA-53,19.8,0.0,79,4.99
2025-07-31,UA-56,18.5,0.2,69,3.4
2025-07-31,UA-59,22.2,0.1,69,3.65
2025-07-31,UA-61,18.3,0.1,69,2.92
2025-07-31,UA-63,23.1,0.0,64,3.7
2025-07-31,UA-65,23.8,0.0,51,4.23
2025-07-31,UA-68,18.1,0.1,69,3.46
2025-07-31,UA-71,19.4,0.8,76,4.73
2025-07-31,UA-74,18.3,3.4,92,3.34
2025-07-31,UA-77,19.6,0.0,64,2.54
2025-08-01,UA-05,20.0,0.3,65,2.27
2025-08-01,UA-07,18.8,0.2,71,2.89
2025-08-01,UA-09,24.5,0.0,56,3.31
2025-08-01,UA-12,20.2,0.9,72,3.68
2025-08-01,UA-14,21.5,0.0,62,3.18
2025-08-01,UA-18,18.6,0.1,71,2.63
2025-08-01,UA-21,20.2,0.2,68,1.91
2025-08-01,UA-23,21.4,0.0,69,3.65
2025-08-01,UA-26,19.5,0.0,67,1.73
2025-08-01,UA-30,19.1,0.0,71,3.21
2025-08-01,UA-32,19.7,0.1,67,2.66
2025-08-01,UA-35,21.8,0.0,55,3.28
2025-08-01,UA-40,25.1,0.0,56,5.31
2025-08-01,UA-43,23.8,0.0,49,2.92
2025-08-01,UA-46,18.7,0.3,71,2.64
2025-08-01,UA-48,24.6,0.0,43,3.2
2025-08-01,UA-51,24.4,0.0,42,2.46
2025-08-01,UA-53,18.7,0.5,75,3.52
2025-08-01,UA-56,19.0,0.1,71,2.89
2025-08-01,UA-59,18.9,1.1,82,4.03
2025-08-01,UA-61,18.8,0.0,70,2.52
2025-08-01,UA-63,19.8,0.8,78,3.48
2025-08-01,UA-65,24.6,0.0,39,3.04
2025-08-01,UA-68,19.0,0.1,69,2.34
2025-08-01,UA-71,21.1,0.0,65,3.34
2025-08-01,UA-74,19.1,0.0,73,3.76
2025-08-01,UA-77,20.3,0.2,67,1.65
2025-08-02,UA-05,21.2,0.0,62,1.82
2025-08-02,UA-07,21.3,0.3,67,2.54
2025-08-02,UA-09,26.4,0.0,49,3.38
2025-08-02,UA-12,23.2,0.0,53,3.64
2025-08-02,UA-14,24.2,0.0,54,3.56
2025-08-02,UA-18,20.5,0.0,65,2.01
2025-08-02,UA-21,22.6,0.2,61,2.38
2025-08-02,UA-23,23.6,0.0,57,4.61
2025-08-02,UA-26,21.2,0.0,65,2.42
2025-08-02,UA-30,20.7,0.0,68,1.3
2025-08-02,UA-32,21.0,0.0,65,1.25
2025-08-02,UA-35,23.1,0.0,54,2.44
2025-08-02,UA-40,25.5,0.0,55,4.96
2025-08-02,UA-43,23.7,0.4,53,4.12
2025-08-02,UA-46,20.9,0.3,68,2.39
2025-08-02,UA-48,25.6,0.0,44,2.95
2025-08-02,UA-51,25.4,0.0,46,3.16
2025-08-02,UA-53,21.0,0.0,61,2.74
2025-08-02,UA-56,21.1,0.4,68,2.47
2025-08-02,UA-59,20.5,0.0,65,2.6
2025-08-02,UA-61,20.9,0.3,67,2.6
2025-08-02,UA-63,22.0,0.0,59,3.41
2025-08-02,UA-65,25.7,0.0,40,3.24
2025-08-02,UA-68,20.5,0.6,69,2.23
2025-08-02,UA-71,22.1,0.0,64,1.49
2025-08-02,UA-74,20.4,0.0,68,1.32
2025-08-02,UA-77,22.2,0.2,64,2.45
2025-08-03,UA-05,21.8,0.0,63,2.01
2025-08-03,UA-07,22.1,0.3,68,3.21
2025-08-03,UA-09,26.0,0.7,54,3.28
2025-08-03,UA-12,22.1,0.6,71,3.87
2025-08-03,UA-14,21.2,4.2,80,4.02
2025-08-03,UA-18,20.9,0.0,69,2.32
2025-08-03,UA-21,22.4,0.2,66,1.82
2025-08-03,UA-23,22.4,0.9,72,4.65
2025-08-03,UA-26,21.0,2.0,74,2.66
2025-08-03,UA-30,21.5,0.0,66,2.38
2025-08-03,UA-32,21.4,0.0,66,2.09
2025-08-03,UA-35,23.6,0.0,58,3.38
2025-08-03,UA-40,25.0,0.0,68,4.63
2025-08-03,UA-43,24.0,0.0,63,2.37
2025-08-03,UA-46,20.8,2.1,76,2.76
2025-08-03,UA-48,26.3,0.0,48,3.59
2025-08-03,UA-51,26.9,0.0,38,3.4
2025-08-03,UA-53,20.8,1.5,75,4.15
2025-08-03,UA-56,22.1,0.1,66,3.27
2025-08-03,UA-59,21.4,4.6,72,3.53
2025-08-03,UA-61,21.4,1.6,67,3.09
2025-08-03,UA-63,20.3,24.1,83,4.24
2025-08-03,UA-65,26.2,0.0,47,3.61
2025-08-03,UA-68,21.4,0.0,66,2.82
2025-08-03,UA-71,23.3,0.0,62,2.58
2025-08-03,UA-74,21.8,0.0,64,2.75
2025-08-03,UA-77,22.6,0.0,66,2.25
2025-08-04,UA-05,22.3,0.0,68,1.74
2025-08-04,UA-07,19.5,1.4,83,2.42
2025-08-04,UA-09,25.5,0.4,59,3.59
2025-08-04,UA-12,22.5,0.0,74,3.61
2025-08-04,UA-14,21.6,0.2,75,3.13
2025-08-04,UA-18,21.9,0.0,70,1.71
2025-08-04,UA-21,21.1,0.6,77,1.94
2025-08-04,UA-23,23.1,0.0,74,3.53
2025-08-04,UA-26,19.5,0.9,83,2.46
2025-08-04,UA-30,21.8,0.0,69,2.54
2025-08-04,UA-32,22.3,0.0,65,2.36
2025-08-04,UA-35,24.2,0.0,60,2.67
2025-08-04,UA-40,25.5,0.0,72,3.1
2025-08-04,UA-43,25.2,0.0,58,1.65
2025-08-04,UA-46,18.2,0.8,86,2.71
2025-08-04,UA-48,26.8,0.0,51,2.39
2025-08-04,UA-51,26.8,0.0,44,2.11
2025-08-04,UA-53,21.4,0.4,75,3.68
2025-08-04,UA-56,20.4,5.2,80,2.15
2025-08-04,UA-59,20.2,5.1,85,4.08
2025-08-04,UA-61,19.8,2.2,81,2.16
2025-08-04,UA-63,20.8,0.6,86,3.33
2025-08-04,UA-65,26.3,0.2,53,2.38
2025-08-04,UA-68,20.9,1.8,76,1.67
2025-08-04,UA-71,23.3,0.0,66,2.6
2025-08-04,UA-74,22.5,0.0,64,2.7
2025-08-04,UA-77,21.8,0.5,77,2.05
2025-08-05,UA-05,22.6,0.0,74,1.74
2025-08-05,UA-07,20.4,0.0,73,1.93
2025-08-05,UA-09,25.7,0.0,52,3.62
2025-08-05,UA-12,25.0,0.0,58,2.43
2025-08-05,UA-14,23.9,0.0,57,2.74
2025-08-05,UA-18,22.0,0.2,73,2.19
2025-08-05,UA-21,22.5,0.0,71,1.58
2025-08-05,UA-23,25.3,0.0,61,2.15
2025-08-05,UA-26,21.1,0.0,78,1.5
2025-08-05,UA-30,22.4,0.5,73,2.32
2025-08-05,UA-32,22.8,0.5,73,1.93
2025-08-05,UA-35,25.6,0.0,51,2.14
2025-08-05,UA-40,25.5,0.5,78,1.68
2025-08-05,UA-43,25.7,0.0,59,1.33
2025-08-05,UA-46,19.9,0.0,79,1.78
2025-08-05,UA-48,27.7,0.0,44,2.33
2025-08-05,UA-51,27.3,0.0,44,2.82
2025-08-05,UA-53,23.9,0.0,62,2.54
2025-08-05,UA-56,20.7,0.0,75,1.8
2025-08-05,UA-59,23.4,0.0,66,3.24
2025-08-05,UA-61,20.8,0.0,75,1.67
2025-08-05,UA-63,23.6,0.0,67,3.14
2025-08-05,UA-65,27.6,0.0,41,2.68
2025-08-05,UA-68,21.0,0.0,77,1.91
2025-08-05,UA-71,24.6,0.2,63,2.05
2025-08-05,UA-74,22.0,0.6,70,3.0
2025-08-05,UA-77,22.7,0.0,73,1.56
2025-08-06,UA-05,20.1,14.2,83,2.75
2025-08-06,UA-07,17.5,1.4,80,3.1
2025-08-06,UA-09,27.5,0.0,43,2.44
2025-08-06,UA-12,26.6,0.0,54,1.84
2025-08-06,UA-14,26.2,0.0,47,2.18
2025-08-06,UA-18,19.4,6.5,82,3.46
2025-08-06,UA-21,19.7,0.4,71,3.36
2025-08-06,UA-23,26.4,0.0,59,1.85
2025-08-06,UA-26,18.2,2.1,84,3.17
2025-08-06,UA-30,21.0,8.4,81,3.33
2025-08-06,UA-32,21.3,3.6,80,2.93
2025-08-06,UA-35,26.5,0.1,55,2.3
2025-08-06,UA-40,26.4,0.0,72,2.83
2025-08-06,UA-43,26.1,0.0,53,3.5
2025-08-06,UA-46,17.0,2.2,83,3.07
2025-08-06,UA-48,28.6,0.0,44,2.4
2025-08-06,UA-51,27.5,0.0,47,3.29
2025-08-06,UA-53,24.2,0.6,64,1.59
2025-08-06,UA-56,18.1,5.8,82,3.07
2025-08-06,UA-59,23.1,0.4,66,1.62
2025-08-06,UA-61,18.4,1.3,80,3.15
2025-08-06,UA-63,24.1,0.0,63,1.84
2025-08-06,UA-65,29.1,0.0,38,2.21
2025-08-06,UA-68,18.7,7.3,85,3.28
2025-08-06,UA-71,24.0,2.6,72,1.75
2025-08-06,UA-74,20.4,7.4,81,3.43
2025-08-06,UA-77,20.2,10.8,82,2.95
2025-08-07,UA-05,17.4,0.0,70,2.81
2025-08-07,UA-07,16.4,0.0,68,1.59
2025-08-07,UA-09,27.3,0.0,45,3.43
2025-08-07,UA-12,23.3,0.5,64,4.57
2025-08-07,UA-14,25.8,0.0,51,3.58
2025-08-07,UA-18,16.9,0.0,70,2.87
2025-08-07,UA-21,19.0,0.0,63,1.79
2025-08-07,UA-23,23.8,0.2,65,5.19
2025-08-07,UA-26,17.1,0.0,71,1.77
2025-08-07,UA-30,17.6,0.0,73,3.33
2025-08-07,UA-32,17.7,0.0,69,3.11
2025-08-07,UA-35,21.4,0.0,65,4.34
2025-08-07,UA-40,27.6,0.0,58,6.26
2025-08-07,UA-43,27.3,0.0,48,4.26
2025-08-07,UA-46,16.0,0.0,72,1.67
2025-08-07,UA-48,24.8,0.0,58,5.46
2025-08-07,UA-51,24.4,0.0,54,6.29
2025-08-07,UA-53,20.4,2.9,71,3.79
2025-08-07,UA-56,16.6,0.0,68,1.84
2025-08-07,UA-59,19.4,6.9,73,3.71
2025-08-07,UA-61,16.7,0.0,66,1.51
2025-08-07,UA-63,20.5,6.3,75,3.3
2025-08-07,UA-65,25.6,0.1,53,5.02
2025-08-07,UA-68,16.4,0.0,71,2.29
2025-08-07,UA-71,20.1,0.8,68,4.07
2025-08-07,UA-74,17.5,0.2,70,3.38
2025-08-07,UA-77,18.5,0.0,68,1.66
2025-08-08,UA-05,18.3,0.0,65,1.48
2025-08-08,UA-07,19.3,0.0,65,3.18
2025-08-08,UA-09,24.1,0.0,46,3.8
2025-08-08,UA-12,21.5,0.0,49,3.71
2025-08-08,UA-14,23.1,0.0,51,3.87
2025-08-08,UA-18,18.4,0.0,64,1.88
2025-08-08,UA-21,20.8,0.0,63,1.91
2025-08-08,UA-23,22.2,0.0,54,5.04
2025-08-08,UA-26,20.0,0.0,66,2.53
2025-08-08,UA-30,18.5,0.0,66,1.31
2025-08-08,UA-32,18.1,0.0,66,1.17
2025-08-08,UA-35,20.3,0.0,53,2.81
2025-08-08,UA-40,26.4,0.0,64,6.27
2025-08-08,UA-43,24.8,0.8,60,3.91
2025-08-08,UA-46,19.6,0.0,67,3.41
2025-08-08,UA-48,23.4,0.0,43,3.73
2025-08-08,UA-51,23.1,0.0,43,3.56
2025-08-08,UA-53,18.8,0.0,56,2.92
2025-08-08,UA-56,18.9,0.0,69,2.89
2025-08-08,UA-59,18.5,0.0,63,1.83
2025-08-08,UA-61,19.4,0.0,65,3.14
2025-08-08,UA-63,18.9,0.0,61,2.82
2025-08-08,UA-65,24.1,0.0,38,3.98
2025-08-08,UA-68,18.2,0.0,68,2.83
2025-08-08,UA-71,20.0,0.0,61,1.51
2025-08-08,UA-74,18.2,0.0,65,1.51
2025-08-08,UA-77,20.3,0.0,66,2.49
2025-08-09,UA-05,20.8,0.1,64,2.8
2025-08-09,UA-07,20.8,0.0,63,2.43
2025-08-09,UA-09,22.3,0.9,51,2.22
2025-08-09,UA-12,22.2,0.0,50,2.4
2025-08-09,UA-14,21.9,0.1,42,2.36
2025-08-09,UA-18,20.4,0.0,64,3.27
2025-08-09,UA-21,24.1,0.0,59,1.41
2025-08-09,UA-23,22.8,0.0,51,3.16
2025-08-09,UA-26,21.6,0.0,66,2.2
2025-08-09,UA-30,20.1,1.8,67,2.91
2025-08-09,UA-32,20.5,0.4,63,2.91
2025-08-09,UA-35,22.9,0.0,49,2.4
2025-08-09,UA-40,25.8,0.0,52,5.25
2025-08-09,UA-43,24.5,0.0,41,2.5
2025-08-09,UA-46,21.0,0.0,69,2.21
2025-08-09,UA-48,25.1,0.0,44,2.21
2025-08-09,UA-51,25.4,0.0,41,2.13
2025-08-09,UA-53,20.7,0.0,56,1.79
2025-08-09,UA-56,20.7,0.0,67,2.55
2025-08-09,UA-59,19.3,2.2,68,1.64
2025-08-09,UA-61,21.0,0.0,64,2.97
2025-08-09,UA-63,19.7,0.0,63,1.37
2025-08-09,UA-65,25.1,0.0,37,2.41
2025-08-09,UA-68,20.5,0.0,68,2.94
2025-08-09,UA-71,21.9,0.1,62,2.57
2025-08-09,UA-74,19.5,1.6,67,2.43
2025-08-09,UA-77,22.7,0.0,62,2.7
2025-08-10,UA-05,21.4,4.9,68,1.66
2025-08-10,UA-07,20.7,2.7,72,3.24
2025-08-10,UA-09,22.1,0.0,43,2.68
2025-08-10,UA-12,22.0,0.0,52,3.17
2025-08-10,UA-14,21.3,0.0,46,2.68
2025-08-10,UA-18,20.6,6.7,69,1.68
2025-08-10,UA-21,25.7,0.4,62,3.14
2025-08-10,UA-23,22.7,0.0,54,3.35
2025-08-10,UA-26,23.0,1.4,71,3.18
2025-08-10,UA-30,20.7,7.5,67,1.56
2025-08-10,UA-32,21.1,2.8,65,1.62
2025-08-10,UA-35,22.9,0.0,50,2.03
2025-08-10,UA-40,25.4,0.0,58,3.55
2025-08-10,UA-43,24.4,0.0,47,2.13
2025-08-10,UA-46,21.7,3.7,71,3.68
2025-08-10,UA-48,25.3,0.0,46,2.49
2025-08-10,UA-51,25.4,0.0,46,3.15
2025-08-10,UA-53,20.2,0.0,58,2.87
2025-08-10,UA-56,20.3,2.7,75,2.87
2025-08-10,UA-59,19.6,0.4,65,2.6
2025-08-10,UA-61,21.7,2.1,69,3.47
2025-08-10,UA-63,19.3,0.0,65,2.75
2025-08-10,UA-65,25.7,0.0,39,2.55
2025-08-10,UA-68,20.8,6.7,74,2.79
2025-08-10,UA-71,21.9,0.7,61,1.72
2025-08-10,UA-74,20.1,0.2,65,2.21
2025-08-10,UA-77,24.1,2.3,67,2.58
2025-08-11,UA-05,17.9,0.0,72,4.26
2025-08-11,UA-07,17.5,0.0,68,3.42
2025-08-11,UA-09,20.6,1.0,57,2.96
2025-08-11,UA-12,21.1,1.2,55,4.91
2025-08-11,UA-14,20.3,0.3,56,3.32
2025-08-11,UA-18,17.5,0.0,72,4.99
2025-08-11,UA-21,21.8,0.0,54,4.14
2025-08-11,UA-23,21.7,0.0,57,5.02
2025-08-11,UA-26,18.1,0.3,73,2.87
2025-08-11,UA-30,17.9,0.9,72,5.28
2025-08-11,UA-32,18.4,0.0,70,4.78
2025-08-11,UA-35,21.5,0.3,51,4.93
2025-08-11,UA-40,25.3,0.0,64,4.36
2025-08-11,UA-43,24.1,0.0,54,2.83
2025-08-11,UA-46,17.7,0.1,69,2.87
2025-08-11,UA-48,24.4,0.4,48,4.39
2025-08-11,UA-51,24.5,1.4,47,4.94
2025-08-11,UA-53,19.2,1.3,60,5.02
2025-08-11,UA-56,17.2,0.1,73,3.76
2025-08-11,UA-59,18.0,5.2,70,5.17
2025-08-11,UA-61,17.8,0.1,70,3.26
2025-08-11,UA-63,18.0,3.7,70,4.11
2025-08-11,UA-65,24.1,0.7,48,3.89
2025-08-11,UA-68,17.2,0.0,74,3.89
2025-08-11,UA-71,19.5,2.6,68,5.47
2025-08-11,UA-74,17.8,1.0,70,5.71
2025-08-11,UA-77,19.8,0.0,70,3.33
2025-08-12,UA-05,17.7,0.0,68,2.29
2025-08-12,UA-07,18.1,0.0,64,2.06
2025-08-12,UA-09,19.6,0.0,55,5.57
2025-08-12,UA-12,20.6,0.0,52,4.41
2025-08-12,UA-14,19.5,0.0,51,4.19
2025-08-12,UA-18,17.7,0.0,70,2.9
2025-08-12,UA-21,21.0,0.0,58,1.61
2025-08-12,UA-23,21.1,0.0,54,4.44
2025-08-12,UA-26,18.3,0.0,69,1.11
2025-08-12,UA-30,18.3,0.0,68,3.34
2025-08-12,UA-32,18.0,0.0,67,2.86
2025-08-12,UA-35,20.3,0.0,52,3.36
2025-08-12,UA-40,23.3,0.0,52,4.77
2025-08-12,UA-43,21.2,0.0,49,2.29
2025-08-12,UA-46,18.1,0.0,67,1.19
2025-08-12,UA-48,22.2,0.0,46,2.97
2025-08-12,UA-51,21.6,0.0,46,2.52
2025-08-12,UA-53,19.1,0.0,55,4.36
2025-08-12,UA-56,17.6,0.0,70,2.28
2025-08-12,UA-59,17.8,0.0,64,4.91
2025-08-12,UA-61,18.3,0.0,64,1.22
2025-08-12,UA-63,18.1,0.0,64,5.07
2025-08-12,UA-65,22.0,0.0,43,2.78
2025-08-12,UA-68,16.8,0.0,71,1.73
2025-08-12,UA-71,19.5,0.0,63,3.7
2025-08-12,UA-74,18.4,0.0,64,3.88
2025-08-12,UA-77,19.3,0.0,65,1.59
2025-08-13,UA-05,19.3,0.0,67,1.29
2025-08-13,UA-07,20.0,0.0,66,1.67
2025-08-13,UA-09,21.2,0.0,46,4.21
2025-08-13,UA-12,21.2,0.0,50,3.08
2025-08-13,UA-14,20.5,0.0,45,3.04
2025-08-13,UA-18,19.3,0.0,66,1.8
2025-08-13,UA-21,22.7,0.0,62,1.23
2025-08-13,UA-23,22.4,0.0,50,3.15
2025-08-13,UA-26,20.8,0.0,64,2.96
2025-08-13,UA-30,19.4,0.0,67,1.9
2025-08-13,UA-32,19.7,0.0,65,1.87
2025-08-13,UA-35,20.9,0.0,52,2.55
2025-08-13,UA-40,24.1,0.0,59,2.68
2025-08-13,UA-43,22.2,0.0,48,2.07
2025-08-13,UA-46,20.1,0.0,67,2.71
2025-08-13,UA-48,23.9,0.0,43,1.88
2025-08-13,UA-51,23.0,0.0,49,2.69
2025-08-13,UA-53,19.5,0.0,55,3.17
2025-08-13,UA-56,19.4,0.0,70,1.52
2025-08-13,UA-59,18.3,0.0,65,3.02
2025-08-13,UA-61,19.9,0.0,62,2.26
2025-08-13,UA-63,19.0,0.0,61,2.99
2025-08-13,UA-65,23.7,0.0,40,2.02
2025-08-13,UA-68,19.2,0.0,68,1.33
2025-08-13,UA-71,20.2,0.0,63,2.51
2025-08-13,UA-74,18.5,0.0,65,2.57
2025-08-13,UA-77,21.3,0.0,60,2.41
2025-08-14,UA-05,21.3,0.0,65,1.59
2025-08-14,UA-07,22.0,0.0,64,2.29
2025-08-14,UA-09,21.3,0.0,46,3.32
2025-08-14,UA-12,21.6,0.0,50,3.01
2025-08-14,UA-14,20.6,0.0,46,2.54
2025-08-14,UA-18,20.5,0.0,66,2.36
2025-08-14,UA-21,24.9,0.0,61,1.42
2025-08-14,UA-23,22.7,0.0,50,3.04
2025-08-14,UA-26,22.6,0.0,63,2.76
2025-08-14,UA-30,19.8,0.1,67,2.74
2025-08-14,UA-32,20.6,0.0,65,2.22
2025-08-14,UA-35,22.2,0.0,51,2.69
2025-08-14,UA-40,24.9,0.0,58,2.41
2025-08-14,UA-43,22.5,0.0,47,2.54
2025-08-14,UA-46,22.3,0.2,64,3.07
2025-08-14,UA-48,24.8,0.0,41,2.38
2025-08-14,UA-51,24.1,0.0,53,2.59
2025-08-14,UA-53,19.9,0.0,54,3.31
2025-08-14,UA-56,21.5,0.0,68,1.85
2025-08-14,UA-59,18.4,0.1,63,3.51
2025-08-14,UA-61,22.0,0.0,61,2.52
2025-08-14,UA-63,19.2,0.1,60,3.36
2025-08-14,UA-65,24.8,0.0,36,2.44
2025-08-14,UA-68,21.2,0.0,68,1.52
2025-08-14,UA-71,21.2,0.0,61,2.75
2025-08-14,UA-74,19.0,0.0,62,2.99
2025-08-14,UA-77,22.6,0.0,61,2.25
2025-08-15,UA-05,19.3,0.0,62,2.2
2025-08-15,UA-07,20.5,0.0,61,2.97
2025-08-15,UA-09,20.0,0.0,51,3.54
2025-08-15,UA-12,19.7,0.0,54,3.8
2025-08-15,UA-14,18.9,0.0,50,3.16
2025-08-15,UA-18,18.3,0.0,64,2.14
2025-08-15,UA-21,25.8,0.0,63,1.3
2025-08-15,UA-23,20.6,0.0,55,4.88
2025-08-15,UA-26,22.7,0.0,63,3.07
2025-08-15,UA-30,18.6,0.0,67,2.43
2025-08-15,UA-32,18.7,0.0,63,2.21
2025-08-15,UA-35,20.6,0.0,53,3.48
2025-08-15,UA-40,24.6,0.0,51,4.36
2025-08-15,UA-43,22.1,0.0,45,3.06
2025-08-15,UA-46,22.3,0.0,67,3.07
2025-08-15,UA-48,23.4,0.0,43,3.63
2025-08-15,UA-51,24.3,0.0,41,3.25
2025-08-15,UA-53,18.1,0.1,59,3.37
2025-08-15,UA-56,19.5,0.0,65,2.6
2025-08-15,UA-59,17.7,0.0,69,3.4
2025-08-15,UA-61,21.3,0.0,65,2.83
2025-08-15,UA-63,18.1,0.0,65,3.35
2025-08-15,UA-65,23.4,0.0,39,3.57
2025-08-15,UA-68,19.4,0.0,68,2.35
2025-08-15,UA-71,19.7,0.0,62,2.94
2025-08-15,UA-74,18.0,0.0,66,2.76
2025-08-15,UA-77,23.2,0.0,59,2.19
2025-08-16,UA-05,19.6,0.0,64,1.86
2025-08-16,UA-07,22.3,0.0,62,2.74
2025-08-16,UA-09,21.9,0.0,52,2.19
2025-08-16,UA-12,21.7,0.0,53,1.7
2025-08-16,UA-14,20.0,0.0,56,1.78
2025-08-16,UA-18,19.7,0.0,63,2.7
2025-08-16,UA-21,25.8,0.0,58,1.84
2025-08-16,UA-23,22.3,0.0,53,2.35
2025-08-16,UA-26,22.4,0.0,67,2.15
2025-08-16,UA-30,20.2,0.0,62,2.07
2025-08-16,UA-32,20.2,0.0,60,1.6
2025-08-16,UA-35,21.6,0.0,54,1.09
2025-08-16,UA-40,23.4,0.0,57,2.97
2025-08-16,UA-43,21.2,0.0,55,2.88
2025-08-16,UA-46,22.3,0.0,67,2.26
2025-08-16,UA-48,23.1,0.0,48,2.07
2025-08-16,UA-51,22.1,0.0,50,2.76
2025-08-16,UA-53,20.1,0.0,60,1.82
2025-08-16,UA-56,21.1,0.0,66,2.62
2025-08-16,UA-59,20.2,0.0,64,2.34
2025-08-16,UA-61,21.8,0.0,61,2.36
2025-08-16,UA-63,20.6,0.0,64,2.12
2025-08-16,UA-65,23.1,0.0,45,2.18
2025-08-16,UA-68,19.9,0.0,64,2.45
2025-08-16,UA-71,20.9,0.0,63,1.28
2025-08-16,UA-74,20.1,0.0,63,2.92
2025-08-16,UA-77,22.7,0.0,58,2.48
2025-08-17,UA-05,20.8,0.9,64,2.75
2025-08-17,UA-07,19.6,0.0,59,3.16
2025-08-17,UA-09,25.2,0.0,37,2.51
2025-08-17,UA-12,24.4,0.0,45,3.12
2025-08-17,UA-14,22.9,0.0,45,2.26
2025-08-17,UA-18,19.6,0.1,63,3.2
2025-08-17,UA-21,23.3,1.7,56,4.11
2025-08-17,UA-23,24.7,0.0,51,2.7
2025-08-17,UA-26,21.0,0.6,67,3.14
2025-08-17,UA-30,20.2,0.0,63,3.43
2025-08-17,UA-32,21.2,0.2,59,2.83
2025-08-17,UA-35,24.5,0.0,43,2.97
2025-08-17,UA-40,24.4,0.0,59,1.86
2025-08-17,UA-43,22.2,0.0,55,2.12
2025-08-17,UA-46,19.6,0.2,68,3.05
2025-08-17,UA-48,24.5,0.0,46,2.28
2025-08-17,UA-51,22.9,0.0,53,2.49
2025-08-17,UA-53,23.0,0.0,50,3.63
2025-08-17,UA-56,19.2,0.0,68,2.87
2025-08-17,UA-59,21.4,0.1,58,4.26
2025-08-17,UA-61,20.2,0.0,66,3.03
2025-08-17,UA-63,22.6,0.0,54,3.42
2025-08-17,UA-65,24.5,0.0,45,1.93
2025-08-17,UA-68,19.9,0.1,67,2.84
2025-08-17,UA-71,23.2,2.7,55,3.42
2025-08-17,UA-74,19.2,2.6,67,3.75
2025-08-17,UA-77,22.4,3.3,70,2.95
2025-08-18,UA-05,17.0,0.1,65,3.22
2025-08-18,UA-07,16.2,0.2,65,2.63
2025-08-18,UA-09,24.2,0.0,39,3.94
2025-08-18,UA-12,20.1,0.1,55,4.08
2025-08-18,UA-14,22.6,0.0,43,3.18
2025-08-18,UA-18,16.1,0.1,65,3.33
2025-08-18,UA-21,20.4,0.0,53,3.73
2025-08-18,UA-23,21.9,0.0,57,4.49
2025-08-18,UA-26,17.6,0.0,68,2.47
2025-08-18,UA-30,16.3,0.2,69,3.56
2025-08-18,UA-32,17.1,0.2,62,3.21
2025-08-18,UA-35,19.6,0.8,56,3.92
2025-08-18,UA-40,24.5,0.0,68,3.31
2025-08-18,UA-43,23.4,0.0,53,2.05
2025-08-18,UA-46,15.9,0.2,69,2.59
2025-08-18,UA-48,22.6,0.1,50,4.0
2025-08-18,UA-51,22.3,0.0,49,4.96
2025-08-18,UA-53,18.2,1.0,57,4.01
2025-08-18,UA-56,15.9,0.1,70,2.71
2025-08-18,UA-59,16.5,0.1,62,4.01
2025-08-18,UA-61,16.4,0.2,66,2.66
2025-08-18,UA-63,17.8,0.8,64,3.51
2025-08-18,UA-65,23.5,0.5,46,3.48
2025-08-18,UA-68,15.9,0.0,71,2.68
2025-08-18,UA-71,18.1,2.0,65,3.6
2025-08-18,UA-74,15.3,0.0,68,3.95
2025-08-18,UA-77,19.8,0.1,60,2.68
2025-08-19,UA-05,16.8,0.0,67,1.34
2025-08-19,UA-07,16.6,0.0,68,1.87
2025-08-19,UA-09,20.0,0.0,48,3.02
2025-08-19,UA-12,18.9,0.0,53,2.56
2025-08-19,UA-14,19.0,0.0,48,2.32
2025-08-19,UA-18,16.0,0.0,68,1.89
2025-08-19,UA-21,19.6,0.0,56,1.28
2025-08-19,UA-23,20.1,0.0,52,3.14
2025-08-19,UA-26,17.9,0.0,69,1.4
2025-08-19,UA-30,16.2,0.0,68,2.36
2025-08-19,UA-32,16.4,0.0,65,1.89
2025-08-19,UA-35,18.3,0.0,53,2.13
2025-08-19,UA-40,24.1,0.0,62,4.0
2025-08-19,UA-43,21.6,0.0,55,3.28
2025-08-19,UA-46,16.9,0.0,68,1.05
2025-08-19,UA-48,20.5,0.0,50,2.92
2025-08-19,UA-51,21.0,0.0,45,3.08
2025-08-19,UA-53,17.6,0.0,56,2.78
2025-08-19,UA-56,16.0,0.0,71,1.91
2025-08-19,UA-59,17.0,0.0,64,3.62
2025-08-19,UA-61,17.3,0.0,64,1.28
2025-08-19,UA-63,17.6,0.0,62,3.26
2025-08-19,UA-65,20.7,0.0,43,2.92
2025-08-19,UA-68,16.0,0.0,70,1.25
2025-08-19,UA-71,17.4,0.0,66,2.21
2025-08-19,UA-74,16.3,0.0,66,3.14
2025-08-19,UA-77,19.5,0.0,58,1.4
2025-08-20,UA-05,18.8,0.0,66,2.25
2025-08-20,UA-07,18.8,0.0,65,2.24
2025-08-20,UA-09,22.9,0.0,44,1.52
2025-08-20,UA-12,20.8,0.0,50,1.51
2025-08-20,UA-14,21.2,0.0,46,1.84
2025-08-20,UA-18,18.2,0.1,66,2.6
2025-08-20,UA-21,21.3,0.0,58,2.43
2025-08-20,UA-23,22.4,0.0,48,2.35
2025-08-20,UA-26,19.3,0.0,68,2.47
2025-08-20,UA-30,18.5,0.0,61,2.34
2025-08-20,UA-32,18.4,0.0,60,1.89
2025-08-20,UA-35,20.0,0.0,50,1.47
2025-08-20,UA-40,23.7,0.0,57,3.89
2025-08-20,UA-43,22.0,0.0,49,2.23
2025-08-20,UA-46,19.5,0.1,68,2.42
2025-08-20,UA-48,21.4,0.2,49,1.95
2025-08-20,UA-51,21.4,0.2,49,2.01
2025-08-20,UA-53,18.7,0.0,54,1.54
2025-08-20,UA-56,18.5,0.1,69,2.27
2025-08-20,UA-59,17.4,0.0,63,2.11
2025-08-20,UA-61,19.3,0.1,63,2.73
2025-08-20,UA-63,18.9,0.0,59,1.81
2025-08-20,UA-65,21.7,0.0,44,2.03
2025-08-20,UA-68,18.7,0.4,66,2.64
2025-08-20,UA-71,19.2,0.0,65,1.32
2025-08-20,UA-74,18.3,0.0,64,2.96
2025-08-20,UA-77,20.9,0.0,60,1.76
2025-08-21,UA-05,21.8,0.1,66,1.99
2025-08-21,UA-07,18.0,7.2,79,1.98
2025-08-21,UA-09,24.4,0.0,37,2.61
2025-08-21,UA-12,23.4,0.0,46,2.2
2025-08-21,UA-14,22.2,0.0,42,2.41
2025-08-21,UA-18,20.2,6.2,71,2.0
2025-08-21,UA-21,19.3,9.3,82,2.14
2025-08-21,UA-23,24.0,0.0,48,2.69
2025-08-21,UA-26,18.8,8.3,81,1.71
2025-08-21,UA-30,20.9,0.5,63,2.51
2025-08-21,UA-32,22.0,0.2,60,2.14
2025-08-21,UA-35,23.8,0.0,48,2.82
2025-08-21,UA-40,23.4,0.0,63,2.99
2025-08-21,UA-43,21.8,0.0,64,2.01
2025-08-21,UA-46,17.6,14.5,88,1.93
2025-08-21,UA-48,24.0,0.0,63,3.25
2025-08-21,UA-51,24.4,0.0,64,3.81
2025-08-21,UA-53,21.2,0.0,54,2.95
2025-08-21,UA-56,18.1,11.4,82,1.64
2025-08-21,UA-59,20.0,0.2,58,2.83
2025-08-21,UA-61,18.8,11.5,81,1.67
2025-08-21,UA-63,21.1,0.0,56,2.46
2025-08-21,UA-65,24.0,0.0,60,2.84
2025-08-21,UA-68,19.9,4.8,75,1.73
2025-08-21,UA-71,22.5,0.0,56,2.65
2025-08-21,UA-74,18.9,3.0,71,2.53
2025-08-21,UA-77,22.3,0.0,61,2.35
2025-08-22,UA-05,18.9,4.1,83,2.99
2025-08-22,UA-07,15.7,12.8,93,3.0
2025-08-22,UA-09,25.5,0.0,34,3.23
2025-08-22,UA-12,25.3,0.0,52,4.66
2025-08-22,UA-14,23.2,0.0,42,2.96
2025-08-22,UA-18,17.0,11.4,92,2.57
2025-08-22,UA-21,17.5,18.0,88,2.85
2025-08-22,UA-23,24.4,0.0,62,4.51
2025-08-22,UA-26,16.7,19.3,95,3.06
2025-08-22,UA-30,18.3,9.5,84,2.84
2025-08-22,UA-32,19.8,5.0,79,2.71
2025-08-22,UA-35,24.6,10.6,63,5.48
2025-08-22,UA-40,24.0,0.0,71,5.08
2025-08-22,UA-43,22.9,0.0,66,1.85
2025-08-22,UA-46,16.3,21.4,92,2.96
2025-08-22,UA-48,25.0,2.4,70,5.62
2025-08-22,UA-51,24.8,1.1,71,7.12
2025-08-22,UA-53,24.4,0.2,49,4.69
2025-08-22,UA-56,16.2,25.1,97,2.49
2025-08-22,UA-59,20.9,5.2,71,3.26
2025-08-22,UA-61,16.2,19.0,96,2.59
2025-08-22,UA-63,24.1,0.2,50,4.38
2025-08-22,UA-65,25.1,0.2,66,4.62
2025-08-22,UA-68,16.9,11.6,95,2.57
2025-08-22,UA-71,23.1,7.2,69,4.63
2025-08-22,UA-74,15.2,27.4,97,3.82
2025-08-22,UA-77,18.9,6.9,85,3.22
2025-08-23,UA-05,16.0,0.9,72,3.59
2025-08-23,UA-07,14.5,0.0,66,3.95
2025-08-23,UA-09,25.2,0.0,46,3.88
2025-08-23,UA-12,18.1,20.3,85,2.86
2025-08-23,UA-14,21.9,0.9,62,3.36
2025-08-23,UA-18,15.0,0.4,77,3.64
2025-08-23,UA-21,15.8,0.1,70,1.84
2025-08-23,UA-23,19.7,2.8,82,4.71
2025-08-23,UA-26,15.0,0.3,74,3.43
2025-08-23,UA-30,16.5,0.3,75,3.56
2025-08-23,UA-32,16.9,0.0,70,3.56
2025-08-23,UA-35,18.6,0.3,73,3.82
2025-08-23,UA-40,22.8,0.7,80,5.12
2025-08-23,UA-43,21.2,0.5,77,3.28
2025-08-23,UA-46,13.9,0.2,71,3.67
2025-08-23,UA-48,20.3,24.7,78,3.6
2025-08-23,UA-51,20.8,19.0,70,4.79
2025-08-23,UA-53,16.6,9.6,82,2.59
2025-08-23,UA-56,14.5,0.0,73,3.67
2025-08-23,UA-59,15.7,0.9,82,3.62
2025-08-23,UA-61,14.3,0.2,72,3.81
2025-08-23,UA-63,17.6,9.9,83,2.72
2025-08-23,UA-65,20.0,22.6,80,3.27
2025-08-23,UA-68,14.8,0.2,76,3.72
2025-08-23,UA-71,18.0,0.0,74,4.08
2025-08-23,UA-74,15.7,1.3,79,3.4
2025-08-23,UA-77,16.8,1.3,65,4.09
2025-08-24,UA-05,11.0,7.2,84,3.29
2025-08-24,UA-07,12.2,1.4,74,4.89
2025-08-24,UA-09,18.7,0.3,61,3.49
2025-08-24,UA-12,16.5,5.3,75,2.82
2025-08-24,UA-14,16.9,2.5,64,3.1
2025-08-24,UA-18,11.6,1.4,79,4.29
2025-08-24,UA-21,14.5,1.5,64,2.95
2025-08-24,UA-23,18.1,2.8,67,3.39
2025-08-24,UA-26,12.2,4.0,75,4.8
2025-08-24,UA-30,13.3,3.6,73,4.1
2025-08-24,UA-32,12.1,6.5,81,3.59
2025-08-24,UA-35,16.0,5.1,67,3.75
2025-08-24,UA-40,21.5,1.4,69,4.89
2025-08-24,UA-43,19.9,0.3,66,2.44
2025-08-24,UA-46,11.9,3.5,75,5.21
2025-08-24,UA-48,17.5,1.2,66,3.99
2025-08-24,UA-51,17.1,0.7,60,4.44
2025-08-24,UA-53,15.3,7.7,70,2.84
2025-08-24,UA-56,11.6,2.3,80,4.39
2025-08-24,UA-59,15.1,3.0,71,3.21
2025-08-24,UA-61,11.1,3.8,81,4.84
2025-08-24,UA-63,15.1,1.4,77,2.67
2025-08-24,UA-65,18.1,0.5,64,3.63
2025-08-24,UA-68,10.9,3.5,84,4.09
2025-08-24,UA-71,15.3,6.9,72,3.88
2025-08-24,UA-74,13.4,1.9,73,4.11
2025-08-24,UA-77,12.5,4.5,74,4.16
2025-08-25,UA-05,13.7,0.0,64,3.96
2025-08-25,UA-07,13.6,0.4,70,5.15
2025-08-25,UA-09,16.1,2.5,63,4.2
2025-08-25,UA-12,15.4,0.9,72,4.02
2025-08-25,UA-14,14.5,1.9,68,3.88
2025-08-25,UA-18,13.9,0.0,64,5.26
2025-08-25,UA-21,14.5,0.0,65,2.26
2025-08-25,UA-23,16.6,0.1,65,4.38
2025-08-25,UA-26,13.9,0.2,62,3.71
2025-08-25,UA-30,14.8,0.2,61,5.15
2025-08-25,UA-32,14.6,0.0,62,4.46
2025-08-25,UA-35,15.6,0.0,60,3.58
2025-08-25,UA-40,18.9,0.0,57,5.42
2025-08-25,UA-43,16.4,0.0,55,2.03
2025-08-25,UA-46,13.2,0.6,69,4.6
2025-08-25,UA-48,16.9,0.0,61,3.23
2025-08-25,UA-51,17.1,0.0,56,3.3
2025-08-25,UA-53,14.3,2.5,71,4.3
2025-08-25,UA-56,13.3,1.5,71,5.16
2025-08-25,UA-59,13.7,0.6,72,4.56
2025-08-25,UA-61,12.9,1.7,72,4.45
2025-08-25,UA-63,14.1,7.3,75,4.07
2025-08-25,UA-65,16.8,0.0,59,3.19
2025-08-25,UA-68,13.3,0.4,68,4.48
2025-08-25,UA-71,15.4,0.2,65,4.24
2025-08-25,UA-74,14.1,1.9,69,5.42
2025-08-25,UA-77,15.1,0.0,54,2.95
2025-08-26,UA-05,14.3,0.5,66,3.28
2025-08-26,UA-07,13.8,0.4,72,3.08
2025-08-26,UA-09,17.0,0.0,50,2.03
2025-08-26,UA-12,17.0,0.1,62,3.12
2025-08-26,UA-14,15.9,0.0,53,2.17
2025-08-26,UA-18,13.6,1.8,77,3.29
2025-08-26,UA-21,16.6,0.0,63,2.18
2025-08-26,UA-23,18.6,0.0,58,3.21
2025-08-26,UA-26,15.3,0.2,65,2.51
2025-08-26,UA-30,13.4,4.6,78,3.46
2025-08-26,UA-32,14.3,1.4,70,3.24
2025-08-26,UA-35,16.2,0.2,55,3.13
2025-08-26,UA-40,20.2,0.0,55,3.49
2025-08-26,UA-43,18.3,0.0,57,1.87
2025-08-26,UA-46,14.4,0.2,71,2.94
2025-08-26,UA-48,18.5,0.1,67,3.24
2025-08-26,UA-51,19.4,0.0,60,3.06
2025-08-26,UA-53,14.8,1.4,65,3.26
2025-08-26,UA-56,13.5,1.0,78,3.05
2025-08-26,UA-59,12.0,6.5,81,4.13
2025-08-26,UA-61,14.1,0.4,70,3.18
2025-08-26,UA-63,14.7,0.3,68,3.64
2025-08-26,UA-65,18.3,0.6,68,3.45
2025-08-26,UA-68,14.1,0.3,67,3.39
2025-08-26,UA-71,14.9,3.3,69,3.35
2025-08-26,UA-74,12.4,5.3,79,3.61
2025-08-26,UA-77,16.7,0.0,55,2.81
2025-08-27,UA-05,17.2,0.0,61,2.58
2025-08-27,UA-07,15.7,0.1,68,2.18
2025-08-27,UA-09,19.4,0.0,43,2.52
2025-08-27,UA-12,18.5,0.0,60,2.0
2025-08-27,UA-14,17.7,0.0,49,2.41
2025-08-27,UA-18,15.4,0.0,69,2.44
2025-08-27,UA-21,19.3,0.0,58,2.4
2025-08-27,UA-23,20.5,0.0,56,2.25
2025-08-27,UA-26,17.4,0.0,66,1.8
2025-08-27,UA-30,15.3,0.1,70,2.54
2025-08-27,UA-32,16.3,0.4,66,2.36
2025-08-27,UA-35,19.4,0.0,51,2.76
2025-08-27,UA-40,22.0,0.0,57,2.43
2025-08-27,UA-43,20.0,0.0,49,1.72
2025-08-27,UA-46,17.2,0.0,70,1.84
2025-08-27,UA-48,20.5,0.0,61,3.04
2025-08-27,UA-51,20.9,0.0,59,3.51
2025-08-27,UA-53,16.7,0.0,63,2.71
2025-08-27,UA-56,15.6,0.0,70,2.16
2025-08-27,UA-59,13.8,0.6,78,3.49
2025-08-27,UA-61,17.0,0.0,65,1.85
2025-08-27,UA-63,15.7,0.0,66,2.71
2025-08-27,UA-65,20.4,0.0,61,2.81
2025-08-27,UA-68,16.7,0.0,65,2.25
2025-08-27,UA-71,17.8,0.0,64,2.43
2025-08-27,UA-74,13.6,0.7,77,2.9
2025-08-27,UA-77,19.1,0.0,55,2.37
2025-08-28,UA-05,20.1,0.0,56,2.71
2025-08-28,UA-07,20.9,0.0,58,4.47
2025-08-28,UA-09,20.7,0.0,41,2.18
2025-08-28,UA-12,20.8,0.0,58,1.83
2025-08-28,UA-14,20.7,0.0,41,1.79
2025-08-28,UA-18,19.2,0.0,60,3.08
2025-08-28,UA-21,22.4,0.0,53,3.31
2025-08-28,UA-23,23.1,0.0,47,1.92
2025-08-28,UA-26,20.2,0.0,65,2.83
2025-08-28,UA-30,18.1,0.0,63,2.76
2025-08-28,UA-32,19.3,0.0,58,2.31
2025-08-28,UA-35,21.2,0.0,50,1.78
2025-08-28,UA-40,23.6,0.0,54,3.87
2025-08-28,UA-43,21.9,0.0,42,4.3
2025-08-28,UA-46,20.4,0.0,65,3.56
2025-08-28,UA-48,21.9,0.0,59,1.85
2025-08-28,UA-51,21.8,0.0,52,2.29
2025-08-28,UA-53,18.8,0.0,57,2.44
2025-08-28,UA-56,20.0,0.0,61,4.3
2025-08-28,UA-59,15.7,0.0,66,1.83
2025-08-28,UA-61,20.4,0.0,56,4.18
2025-08-28,UA-63,17.5,0.0,63,1.89
2025-08-28,UA-65,21.9,0.0,53,1.38
2025-08-28,UA-68,19.9,0.0,56,3.86
2025-08-28,UA-71,19.6,0.0,63,2.64
2025-08-28,UA-74,16.2,0.0,69,2.76
2025-08-28,UA-77,21.6,0.0,51,3.74
2025-08-29,UA-05,22.2,0.0,45,4.33
2025-08-29,UA-07,22.4,0.0,50,4.76
2025-08-29,UA-09,22.7,0.0,32,3.18
2025-08-29,UA-12,23.0,0.0,44,2.67
2025-08-29,UA-14,22.6,0.0,30,3.3
2025-08-29,UA-18,21.9,0.0,46,4.43
2025-08-29,UA-21,24.4,0.0,46,3.69
2025-08-29,UA-23,24.1,0.0,42,3.58
2025-08-29,UA-26,20.9,0.0,60,3.44
2025-08-29,UA-30,22.1,0.0,48,3.93
2025-08-29,UA-32,22.6,0.0,43,3.71
2025-08-29,UA-35,23.5,0.0,40,3.05
2025-08-29,UA-40,24.3,0.0,61,2.39
2025-08-29,UA-43,23.7,0.0,46,4.86
2025-08-29,UA-46,21.8,0.0,60,4.01
2025-08-29,UA-48,23.2,0.0,51,2.84
2025-08-29,UA-51,23.3,0.0,49,3.09
2025-08-29,UA-53,21.3,0.0,51,2.53
2025-08-29,UA-56,21.8,0.0,50,5.11
2025-08-29,UA-59,20.7,0.0,55,3.32
2025-08-29,UA-61,21.2,0.0,49,4.95
2025-08-29,UA-63,20.3,0.0,56,2.01
2025-08-29,UA-65,24.0,0.0,38,3.25
2025-08-29,UA-68,21.6,0.0,47,5.61
2025-08-29,UA-71,23.0,0.0,49,3.18
2025-08-29,UA-74,21.2,0.0,55,4.27
2025-08-29,UA-77,22.6,0.0,43,5.43
2025-08-30,UA-05,23.4,0.0,47,3.43
2025-08-30,UA-07,22.5,0.0,57,3.26
2025-08-30,UA-09,25.1,0.0,26,5.03
2025-08-30,UA-12,25.2,0.0,36,4.33
2025-08-30,UA-14,24.9,0.0,28,4.97
2025-08-30,UA-18,23.1,0.0,46,3.88
2025-08-30,UA-21,23.9,0.0,51,2.55
2025-08-30,UA-23,24.9,0.0,40,5.06
2025-08-30,UA-26,21.4,0.0,61,2.25
2025-08-30,UA-30,23.0,0.0,46,3.57
2025-08-30,UA-32,23.6,0.0,45,3.22
2025-08-30,UA-35,24.6,0.0,40,3.3
2025-08-30,UA-40,24.2,0.0,68,2.04
2025-08-30,UA-43,24.0,0.0,56,2.12
2025-08-30,UA-46,21.8,0.0,66,2.03
2025-08-30,UA-48,25.1,0.0,45,2.96
2025-08-30,UA-51,24.3,0.0,48,2.86
2025-08-30,UA-53,23.8,0.0,39,4.13
2025-08-30,UA-56,22.4,0.0,60,4.18
2025-08-30,UA-59,22.4,0.0,47,3.51
2025-08-30,UA-61,21.8,0.0,55,3.56
2025-08-30,UA-63,23.0,0.0,40,3.44
2025-08-30,UA-65,25.5,0.0,39,3.2
2025-08-30,UA-68,21.9,0.0,56,4.23
2025-08-30,UA-71,23.6,0.0,52,3.46
2025-08-30,UA-74,22.2,0.0,54,3.65
2025-08-30,UA-77,23.5,0.0,46,3.71
2025-08-31,UA-05,23.7,0.0,50,1.96
2025-08-31,UA-07,22.4,0.0,65,1.85
2025-08-31,UA-09,25.8,0.0,35,3.47
2025-08-31,UA-12,26.7,0.0,42,2.9
2025-08-31,UA-14,24.7,0.0,39,2.97
2025-08-31,UA-18,23.5,0.0,53,2.2
2025-08-31,UA-21,22.0,0.6,73,1.84
2025-08-31,UA-23,26.3,0.0,52,3.52
2025-08-31,UA-26,20.7,0.6,78,3.33
2025-08-31,UA-30,23.3,0.0,56,2.21
2025-08-31,UA-32,23.8,0.0,54,2.06
2025-08-31,UA-35,25.8,0.0,44,2.22
2025-08-31,UA-40,22.9,0.0,81,2.65
2025-08-31,UA-43,23.0,0.0,68,2.31
2025-08-31,UA-46,20.9,0.2,82,3.58
2025-08-31,UA-48,23.7,0.0,69,2.89
2025-08-31,UA-51,23.5,0.1,67,3.42
2025-08-31,UA-53,24.8,0.0,41,3.12
2025-08-31,UA-56,22.1,0.0,70,1.76
2025-08-31,UA-59,23.6,0.0,48,3.23
2025-08-31,UA-61,21.7,0.0,63,1.73
2025-08-31,UA-63,24.0,0.0,42,3.22
2025-08-31,UA-65,24.2,0.0,62,2.52
2025-08-31,UA-68,22.6,0.0,58,1.81
2025-08-31,UA-71,24.3,0.0,57,2.5
2025-08-31,UA-74,22.7,0.0,60,2.73
2025-08-31,UA-77,22.8,0.0,62,2.15
2025-09-01,UA-05,23.0,0.2,63,3.4
2025-09-01,UA-07,21.3,0.0,73,2.71
2025-09-01,UA-09,26.7,0.5,40,2.65
2025-09-01,UA-12,23.9,0.1,59,2.63
2025-09-01,UA-14,24.6,0.0,56,2.36
2025-09-01,UA-18,22.8,0.0,65,3.87
2025-09-01,UA-21,23.5,0.1,69,1.92
2025-09-01,UA-23,23.6,0.0,70,2.94
2025-09-01,UA-26,20.7,0.0,84,3.79
2025-09-01,UA-30,23.0,0.0,63,3.85
2025-09-01,UA-32,23.4,0.1,62,3.16
2025-09-01,UA-35,21.9,1.5,74,1.98
2025-09-01,UA-40,22.7,0.5,81,2.86
2025-09-01,UA-43,21.8,0.8,76,2.41
2025-09-01,UA-46,20.2,0.0,85,2.79
2025-09-01,UA-48,22.0,2.6,82,2.91
2025-09-01,UA-51,22.5,2.2,72,2.89
2025-09-01,UA-53,23.0,1.2,60,1.86
2025-09-01,UA-56,20.9,0.0,78,2.89
2025-09-01,UA-59,23.8,0.0,57,3.15
2025-09-01,UA-61,20.9,0.0,76,3.16
2025-09-01,UA-63,24.1,0.4,55,1.84
2025-09-01,UA-65,21.7,5.8,81,2.7
2025-09-01,UA-68,21.6,0.0,72,3.44
2025-09-01,UA-71,22.9,0.9,69,1.15
2025-09-01,UA-74,22.0,0.0,68,4.31
2025-09-01,UA-77,22.7,0.0,73,4.62
2025-09-02,UA-05,21.5,0.0,66,2.79
2025-09-02,UA-07,21.9,0.0,72,2.65
2025-09-02,UA-09,24.2,2.1,60,2.11
2025-09-02,UA-12,22.6,0.5,67,2.73
2025-09-02,UA-14,22.1,1.8,70,1.52
2025-09-02,UA-18,20.0,0.0,69,2.71
2025-09-02,UA-21,23.0,0.2,72,1.81
2025-09-02,UA-23,22.8,0.3,72,2.75
2025-09-02,UA-26,21.9,0.0,71,1.94
2025-09-02,UA-30,19.5,0.0,70,3.3
2025-09-02,UA-32,20.7,0.0,67,3.15
2025-09-02,UA-35,21.9,0.0,68,3.68
2025-09-02,UA-40,22.8,0.7,76,3.14
2025-09-02,UA-43,20.9,2.3,75,1.95
2025-09-02,UA-46,21.5,0.0,77,1.98
2025-09-02,UA-48,23.5,0.0,69,2.78
2025-09-02,UA-51,24.3,0.1,61,2.92
2025-09-02,UA-53,21.1,0.4,67,3.59
2025-09-02,UA-56,20.8,0.0,75,2.3
2025-09-02,UA-59,18.6,0.0,69,4.28
2025-09-02,UA-61,21.8,0.0,68,1.67
2025-09-02,UA-63,21.1,0.6,64,3.87
2025-09-02,UA-65,23.0,0.3,70,2.36
2025-09-02,UA-68,21.0,0.0,72,2.01
2025-09-02,UA-71,21.1,0.0,67,3.69
2025-09-02,UA-74,17.6,0.0,74,3.27
2025-09-02,UA-77,23.6,0.0,64,2.0
2025-09-03,UA-05,19.9,0.0,62,1.84
2025-09-03,UA-07,22.8,0.0,62,3.11
2025-09-03,UA-09,20.5,0.0,55,3.58
2025-09-03,UA-12,20.3,0.0,60,3.62
2025-09-03,UA-14,20.4,0.0,52,3.31
2025-09-03,UA-18,18.8,0.0,67,1.92
2025-09-03,UA-21,24.1,0.1,68,1.61
2025-09-03,UA-23,21.5,0.0,58,4.55
2025-09-03,UA-26,23.1,0.0,63,2.31
2025-09-03,UA-30,17.8,0.0,70,1.99
2025-09-03,UA-32,18.4,0.0,68,1.82
2025-09-03,UA-35,19.9,0.0,60,2.95
2025-09-03,UA-40,23.9,0.0,71,4.41
2025-09-03,UA-43,22.8,0.1,64,2.57
2025-09-03,UA-46,21.7,0.1,76,1.91
2025-09-03,UA-48,22.8,0.0,53,3.31
2025-09-03,UA-51,23.3,0.0,54,2.58
2025-09-03,UA-53,17.7,0.0,67,3.24
2025-09-03,UA-56,21.4,0.0,66,2.74
2025-09-03,UA-59,16.2,0.0,74,2.8
2025-09-03,UA-61,22.5,0.0,60,2.96
2025-09-03,UA-63,17.2,0.0,70,3.05
2025-09-03,UA-65,23.2,0.0,48,3.42
2025-09-03,UA-68,20.5,0.0,64,2.08
2025-09-03,UA-71,18.8,0.0,69,2.31
2025-09-03,UA-74,16.9,0.0,75,1.76
2025-09-03,UA-77,23.4,0.0,58,2.36
2025-09-04,UA-05,20.2,0.0,58,1.67
2025-09-04,UA-07,22.2,0.0,62,2.29
2025-09-04,UA-09,17.6,0.0,61,2.85
2025-09-04,UA-12,18.5,0.0,62,3.18
2025-09-04,UA-14,17.7,0.0,59,2.73
2025-09-04,UA-18,19.9,0.0,59,1.75
2025-09-04,UA-21,23.5,0.1,75,1.26
2025-09-04,UA-23,20.0,0.0,61,3.84
2025-09-04,UA-26,22.4,0.0,65,1.71
2025-09-04,UA-30,18.9,0.0,64,1.82
2025-09-04,UA-32,19.3,0.0,63,1.61
2025-09-04,UA-35,19.6,0.0,59,2.54
2025-09-04,UA-40,23.7,0.0,71,2.42
2025-09-04,UA-43,21.6,0.0,59,3.17
2025-09-04,UA-46,20.8,0.3,82,1.53
2025-09-04,UA-48,21.8,0.0,52,3.22
2025-09-04,UA-51,22.4,0.0,52,2.81
2025-09-04,UA-53,16.2,0.0,66,2.81
2025-09-04,UA-56,21.2,0.0,66,2.05
2025-09-04,UA-59,15.3,0.0,71,2.23
2025-09-04,UA-61,22.3,0.0,55,2.35
2025-09-04,UA-63,16.2,0.1,67,2.65
2025-09-04,UA-65,22.0,0.0,48,3.29
2025-09-04,UA-68,20.7,0.0,61,1.8
2025-09-04,UA-71,19.0,0.0,67,2.1
2025-09-04,UA-74,17.3,0.0,74,1.82
2025-09-04,UA-77,22.9,0.0,52,2.25
2025-09-05,UA-05,20.3,0.0,58,2.23
2025-09-05,UA-07,22.8,0.0,59,2.95
2025-09-05,UA-09,17.3,0.0,60,2.82
2025-09-05,UA-12,17.0,0.0,62,3.17
2025-09-05,UA-14,16.2,0.0,61,2.75
2025-09-05,UA-18,19.8,0.0,59,2.55
2025-09-05,UA-21,24.4,0.0,72,1.31
2025-09-05,UA-23,18.6,0.0,59,4.1
2025-09-05,UA-26,22.2,0.0,55,2.82
2025-09-05,UA-30,17.8,0.0,63,2.16
2025-09-05,UA-32,18.3,0.0,64,2.09
2025-09-05,UA-35,17.9,0.0,58,2.7
2025-09-05,UA-40,22.6,0.0,63,2.75
2025-09-05,UA-43,19.9,0.0,63,3.75
2025-09-05,UA-46,22.1,0.0,62,2.71
2025-09-05,UA-48,20.4,0.0,52,3.66
2025-09-05,UA-51,21.5,0.0,50,3.6
2025-09-05,UA-53,15.4,0.0,66,2.65
2025-09-05,UA-56,21.6,0.0,64,2.7
2025-09-05,UA-59,15.7,0.0,69,1.91
2025-09-05,UA-61,22.2,0.0,53,2.77
2025-09-05,UA-63,16.3,0.0,65,2.39
2025-09-05,UA-65,20.5,0.0,48,3.69
2025-09-05,UA-68,21.0,0.0,59,2.31
2025-09-05,UA-71,17.4,0.0,67,2.35
2025-09-05,UA-74,16.9,0.0,72,1.94
2025-09-05,UA-77,22.5,0.0,49,2.59
2025-09-06,UA-05,18.8,0.0,59,2.39
2025-09-06,UA-07,21.7,0.0,61,3.14
2025-09-06,UA-09,18.8,0.0,54,3.12
2025-09-06,UA-12,18.6,0.0,57,3.46
2025-09-06,UA-14,18.1,0.0,53,3.0
2025-09-06,UA-18,18.7,0.0,60,2.64
2025-09-06,UA-21,23.5,0.0,69,2.67
2025-09-06,UA-23,19.6,0.0,57,4.2
2025-09-06,UA-26,21.0,0.0,61,1.96
2025-09-06,UA-30,17.6,0.0,65,2.52
2025-09-06,UA-32,17.7,0.0,65,2.29
2025-09-06,UA-35,18.1,0.0,57,3.26
2025-09-06,UA-40,21.4,0.0,60,3.89
2025-09-06,UA-43,18.0,0.0,66,4.1
2025-09-06,UA-46,20.6,0.0,69,2.38
2025-09-06,UA-48,19.8,0.0,53,4.13
2025-09-06,UA-51,20.7,0.0,49,4.07
2025-09-06,UA-53,17.1,0.0,60,3.22
2025-09-06,UA-56,20.1,0.0,64,3.05
2025-09-06,UA-59,17.1,0.0,64,3.15
2025-09-06,UA-61,20.9,0.0,56,2.84
2025-09-06,UA-63,17.9,0.0,60,3.12
2025-09-06,UA-65,19.9,0.0,50,4.0
2025-09-06,UA-68,19.4,0.0,60,2.59
2025-09-06,UA-71,17.9,0.0,64,2.67
2025-09-06,UA-74,16.8,0.0,71,2.53
2025-09-06,UA-77,21.6,0.0,50,2.45
2025-09-07,UA-05,17.6,0.0,63,2.49
2025-09-07,UA-07,19.4,0.0,65,3.2
2025-09-07,UA-09,20.4,0.0,57,3.87
2025-09-07,UA-12,19.7,0.0,57,4.11
2025-09-07,UA-14,19.5,0.0,55,3.82
2025-09-07,UA-18,17.2,0.0,63,3.01
2025-09-07,UA-21,22.2,0.6,69,2.46
2025-09-07,UA-23,20.5,0.0,57,4.89
2025-09-07,UA-26,20.2,0.0,71,1.8
2025-09-07,UA-30,17.4,0.0,65,3.03
2025-09-07,UA-32,17.1,0.0,64,2.72
2025-09-07,UA-35,18.8,0.0,59,3.62
2025-09-07,UA-40,21.4,0.0,61,4.82
2025-09-07,UA-43,18.4,0.0,66,3.78
2025-09-07,UA-46,19.9,0.0,77,2.3
2025-09-07,UA-48,20.7,0.0,51,4.24
2025-09-07,UA-51,21.1,0.0,47,4.16
2025-09-07,UA-53,18.1,0.0,62,3.76
2025-09-07,UA-56,18.1,0.0,68,3.1
2025-09-07,UA-59,18.0,0.0,69,3.76
2025-09-07,UA-61,19.2,0.0,64,2.42
2025-09-07,UA-63,18.8,0.0,66,3.81
2025-09-07,UA-65,20.9,0.0,48,4.19
2025-09-07,UA-68,17.6,0.0,66,2.47
2025-09-07,UA-71,18.1,0.0,64,3.24
2025-09-07,UA-74,16.2,0.0,73,3.16
2025-09-07,UA-77,21.0,0.0,54,1.76
2025-09-08,UA-05,18.0,0.1,69,2.46
2025-09-08,UA-07,17.8,0.0,68,3.64
2025-09-08,UA-09,22.0,0.4,56,3.85
2025-09-08,UA-12,21.0,0.1,60,3.89
2025-09-08,UA-14,20.7,1.5,60,3.83
2025-09-08,UA-18,18.2,0.7,71,3.19
2025-09-08,UA-21,20.1,5.4,74,1.64
2025-09-08,UA-23,21.3,0.1,63,4.52
2025-09-08,UA-26,18.8,0.0,62,3.58
2025-09-08,UA-30,18.1,2.8,75,3.27
2025-09-08,UA-32,18.4,1.9,73,3.04
2025-09-08,UA-35,20.5,0.6,63,3.42
2025-09-08,UA-40,22.5,0.0,64,3.79
2025-09-08,UA-43,20.3,0.3,66,3.75
2025-09-08,UA-46,18.4,0.0,66,3.99
2025-09-08,UA-48,22.2,0.1,54,3.35
2025-09-08,UA-51,22.1,0.0,51,3.23
2025-09-08,UA-53,19.4,0.3,62,4.09
2025-09-08,UA-56,17.4,0.0,72,3.06
2025-09-08,UA-59,17.8,0.7,71,3.71
2025-09-08,UA-61,18.0,0.0,64,3.49
2025-09-08,UA-63,19.6,0.0,64,4.12
2025-09-08,UA-65,22.4,0.1,53,3.48
2025-09-08,UA-68,17.4,0.0,69,2.57
2025-09-08,UA-71,19.0,2.0,73,3.38
2025-09-08,UA-74,17.3,1.0,77,3.68
2025-09-08,UA-77,19.0,0.0,58,2.44
2025-09-09,UA-05,18.8,1.5,73,2.81
2025-09-09,UA-07,17.4,1.7,81,3.97
2025-09-09,UA-09,22.5,0.0,48,4.23
2025-09-09,UA-12,20.7,0.0,59,3.64
2025-09-09,UA-14,20.5,0.1,54,3.98
2025-09-09,UA-18,18.5,3.9,72,3.33
2025-09-09,UA-21,17.9,3.3,79,1.79
2025-09-09,UA-23,20.3,0.5,68,3.19
2025-09-09,UA-26,16.5,3.6,80,2.77
2025-09-09,UA-30,19.2,0.1,70,3.05
2025-09-09,UA-32,19.3,0.5,71,3.05
2025-09-09,UA-35,20.1,1.6,67,2.91
2025-09-09,UA-40,21.8,0.0,71,5.5
2025-09-09,UA-43,19.0,2.3,79,3.5
2025-09-09,UA-46,16.7,2.5,80,2.96
2025-09-09,UA-48,20.6,3.1,67,3.52
2025-09-09,UA-51,21.4,2.1,66,3.37
2025-09-09,UA-53,20.1,0.4,62,3.57
2025-09-09,UA-56,17.4,1.7,81,3.64
2025-09-09,UA-59,19.2,0.4,73,3.82
2025-09-09,UA-61,17.0,1.6,76,2.91
2025-09-09,UA-63,20.6,0.0,63,3.74
2025-09-09,UA-65,20.7,2.0,63,3.89
2025-09-09,UA-68,17.6,3.1,78,3.14
2025-09-09,UA-71,20.0,0.3,71,3.09
2025-09-09,UA-74,18.7,0.5,75,3.42
2025-09-09,UA-77,17.8,3.1,74,2.05
2025-09-10,UA-05,19.7,0.0,68,3.04
2025-09-10,UA-07,19.4,0.0,72,4.72
2025-09-10,UA-09,18.5,0.0,48,5.13
2025-09-10,UA-12,20.5,0.2,55,4.92
2025-09-10,UA-14,19.0,0.0,52,4.78
2025-09-10,UA-18,20.0,0.3,68,3.12
2025-09-10,UA-21,20.6,0.3,70,3.04
2025-09-10,UA-23,20.4,0.6,59,5.52
2025-09-10,UA-26,19.0,0.0,71,5.5
2025-09-10,UA-30,20.0,0.1,68,2.88
2025-09-10,UA-32,20.1,0.4,68,2.73
2025-09-10,UA-35,20.4,0.3,64,3.66
2025-09-10,UA-40,20.0,3.3,84,5.19
2025-09-10,UA-43,17.7,6.0,93,3.53
2025-09-10,UA-46,18.7,0.0,74,5.58
2025-09-10,UA-48,19.3,1.4,74,3.82
2025-09-10,UA-51,20.5,0.2,63,5.08
2025-09-10,UA-53,19.5,0.0,57,4.49
2025-09-10,UA-56,19.4,0.0,72,4.22
2025-09-10,UA-59,18.4,0.0,62,4.21
2025-09-10,UA-61,18.7,0.1,72,5.19
2025-09-10,UA-63,18.4,0.0,56,4.34
2025-09-10,UA-65,18.5,5.5,78,4.39
2025-09-10,UA-68,19.0,0.0,72,4.0
2025-09-10,UA-71,20.3,0.0,69,3.05
2025-09-10,UA-74,19.6,0.4,68,3.87
2025-09-10,UA-77,19.2,0.2,70,4.2
2025-09-11,UA-05,19.4,0.0,59,4.02
2025-09-11,UA-07,17.9,10.4,79,6.73
2025-09-11,UA-09,16.6,0.0,44,3.93
2025-09-11,UA-12,18.2,0.0,43,4.33
2025-09-11,UA-14,16.7,0.0,41,3.94
2025-09-11,UA-18,19.2,0.0,55,4.97
2025-09-11,UA-21,18.4,24.0,89,4.15
2025-09-11,UA-23,18.9,0.0,47,4.82
2025-09-11,UA-26,17.4,16.9,82,5.9
2025-09-11,UA-30,17.9,0.0,54,4.44
2025-09-11,UA-32,19.0,0.0,53,4.15
2025-09-11,UA-35,18.7,0.0,47,3.67
2025-09-11,UA-40,21.3,0.2,72,3.07
2025-09-11,UA-43,18.7,0.1,77,4.82
2025-09-11,UA-46,17.1,16.5,84,5.98
2025-09-11,UA-48,19.7,0.0,60,3.93
2025-09-11,UA-51,20.3,0.0,64,4.92
2025-09-11,UA-53,16.6,0.0,45,4.1
2025-09-11,UA-56,19.0,0.6,71,5.5
2025-09-11,UA-59,15.6,0.0,55,3.52
2025-09-11,UA-61,17.1,10.0,80,6.8
2025-09-11,UA-63,16.0,0.0,50,3.5
2025-09-11,UA-65,19.7,0.0,56,4.11
2025-09-11,UA-68,18.7,0.6,67,4.92
2025-09-11,UA-71,17.9,0.0,57,4.06
2025-09-11,UA-74,16.9,0.0,55,4.65
2025-09-11,UA-77,18.2,7.5,76,5.43
2025-09-12,UA-05,16.3,2.6,76,2.33
2025-09-12,UA-07,16.0,12.2,96,3.35
2025-09-12,UA-09,16.3,0.0,50,3.68
2025-09-12,UA-12,18.8,0.0,43,3.53
2025-09-12,UA-14,17.2,0.0,44,3.32
2025-09-12,UA-18,17.5,0.2,60,2.9
2025-09-12,UA-21,19.8,0.2,81,0.82
2025-09-12,UA-23,19.4,0.0,45,4.27
2025-09-12,UA-26,17.5,11.2,92,1.33
2025-09-12,UA-30,17.4,0.0,51,3.33
2025-09-12,UA-32,18.8,0.0,45,2.77
2025-09-12,UA-35,18.4,0.0,41,2.92
2025-09-12,UA-40,21.1,0.0,56,2.93
2025-09-12,UA-43,18.0,0.0,58,4.01
2025-09-12,UA-46,17.8,7.8,86,2.06
2025-09-12,UA-48,19.0,0.0,50,3.03
2025-09-12,UA-51,19.8,0.1,60,3.62
2025-09-12,UA-53,17.5,0.0,45,3.43
2025-09-12,UA-56,15.3,26.0,92,4.44
2025-09-12,UA-59,16.7,0.0,56,3.39
2025-09-12,UA-61,15.9,16.9,97,3.24
2025-09-12,UA-63,17.0,0.0,53,3.3
2025-09-12,UA-65,18.8,0.0,46,3.15
2025-09-12,UA-68,14.7,23.3,91,4.31
2025-09-12,UA-71,17.9,0.0,57,3.07
2025-09-12,UA-74,16.7,0.0,53,3.64
2025-09-12,UA-77,17.2,10.4,97,2.96
2025-09-13,UA-05,18.9,0.0,58,2.55
2025-09-13,UA-07,16.1,0.0,86,3.46
2025-09-13,UA-09,14.3,0.0,54,3.88
2025-09-13,UA-12,16.4,0.0,47,3.94
2025-09-13,UA-14,14.3,0.0,48,3.77
2025-09-13,UA-18,18.3,0.0,59,3.08
2025-09-13,UA-21,19.5,0.3,78,1.88
2025-09-13,UA-23,17.3,0.0,49,4.74
2025-09-13,UA-26,17.3,0.4,84,3.73
2025-09-13,UA-30,18.0,0.0,56,3.81
2025-09-13,UA-32,19.4,0.0,49,3.23
2025-09-13,UA-35,17.8,0.0,45,3.28
2025-09-13,UA-40,19.9,0.0,56,4.61
2025-09-13,UA-43,16.7,0.0,60,4.82
2025-09-13,UA-46,16.6,0.2,87,3.61
2025-09-13,UA-48,18.1,0.0,51,3.53
2025-09-13,UA-51,19.5,0.0,61,3.55
2025-09-13,UA-53,15.5,0.0,46,3.52
2025-09-13,UA-56,17.1,0.0,78,3.51
2025-09-13,UA-59,14.5,0.0,54,3.22
2025-09-13,UA-61,16.6,0.0,78,3.99
2025-09-13,UA-63,14.4,0.0,52,3.24
2025-09-13,UA-65,17.6,0.0,49,3.48
2025-09-13,UA-68,17.5,0.0,70,2.97
2025-09-13,UA-71,17.5,0.0,59,3.64
2025-09-13,UA-74,16.7,0.0,58,4.13
2025-09-13,UA-77,18.3,0.1,71,4.04
2025-09-14,UA-05,17.3,0.0,49,4.8
2025-09-14,UA-07,17.9,5.3,64,6.0
2025-09-14,UA-09,16.9,0.0,51,3.3
2025-09-14,UA-12,17.7,0.0,48,3.74
2025-09-14,UA-14,16.8,0.0,47,4.02
2025-09-14,UA-18,17.6,0.0,44,5.4
2025-09-14,UA-21,18.5,19.0,87,2.97
2025-09-14,UA-23,18.3,0.0,49,4.83
2025-09-14,UA-26,17.6,7.0,74,4.6
2025-09-14,UA-30,16.3,0.0,51,4.84
2025-09-14,UA-32,16.9,0.0,45,4.18
2025-09-14,UA-35,16.7,0.0,47,3.54
2025-09-14,UA-40,19.3,0.0,58,3.2
2025-09-14,UA-43,17.0,0.0,63,4.79
2025-09-14,UA-46,16.9,12.7,83,4.19
2025-09-14,UA-48,17.5,0.0,53,3.66
2025-09-14,UA-51,18.2,0.0,55,4.12
2025-09-14,UA-53,16.4,0.0,49,3.62
2025-09-14,UA-56,18.0,0.0,61,6.48
2025-09-14,UA-59,15.7,0.0,57,3.44
2025-09-14,UA-61,17.4,1.6,62,6.73
2025-09-14,UA-63,16.4,0.0,53,3.11
2025-09-14,UA-65,17.7,0.0,48,4.07
2025-09-14,UA-68,17.2,0.0,60,6.36
2025-09-14,UA-71,16.5,0.0,59,3.76
2025-09-14,UA-74,15.5,0.0,53,4.54
2025-09-14,UA-77,18.7,0.2,60,6.87
2025-09-15,UA-05,13.7,6.9,80,2.54
2025-09-15,UA-07,14.7,10.0,89,3.01
2025-09-15,UA-09,17.7,0.0,43,3.52
2025-09-15,UA-12,19.0,0.0,42,4.05
2025-09-15,UA-14,17.8,0.0,40,4.09
2025-09-15,UA-18,14.7,0.9,72,3.85
2025-09-15,UA-21,18.1,2.9,77,1.82
2025-09-15,UA-23,18.9,0.0,46,5.07
2025-09-15,UA-26,16.0,8.7,84,2.11
2025-09-15,UA-30,16.6,0.3,59,3.75
2025-09-15,UA-32,16.7,0.2,63,3.4
2025-09-15,UA-35,18.3,0.1,44,3.77
2025-09-15,UA-40,19.8,0.0,69,2.49
2025-09-15,UA-43,18.1,0.0,65,2.35
2025-09-15,UA-46,15.9,9.3,83,3.29
2025-09-15,UA-48,18.6,0.0,55,3.49
2025-09-15,UA-51,18.9,0.0,64,3.33
2025-09-15,UA-53,18.1,0.0,44,3.96
2025-09-15,UA-56,14.3,10.9,90,3.09
2025-09-15,UA-59,17.6,0.0,51,3.56
2025-09-15,UA-61,14.8,6.1,88,2.71
2025-09-15,UA-63,17.7,0.0,49,3.16
2025-09-15,UA-65,18.7,0.0,50,3.77
2025-09-15,UA-68,13.6,8.0,84,3.02
2025-09-15,UA-71,18.1,0.0,55,3.75
2025-09-15,UA-74,16.9,0.0,55,4.4
2025-09-15,UA-77,15.6,10.5,84,1.87
2025-09-16,UA-05,15.5,0.2,78,1.25
2025-09-16,UA-07,15.3,6.7,90,3.85
2025-09-16,UA-09,16.9,0.0,36,3.7
2025-09-16,UA-12,18.0,0.0,39,3.56
2025-09-16,UA-14,16.4,0.0,37,3.64
2025-09-16,UA-18,16.6,0.8,73,2.25
2025-09-16,UA-21,17.7,2.3,81,2.2
2025-09-16,UA-23,18.3,0.0,43,4.36
2025-09-16,UA-26,16.7,21.0,84,2.32
2025-09-16,UA-30,18.0,0.1,58,2.07
2025-09-16,UA-32,18.2,0.0,60,1.63
2025-09-16,UA-35,19.0,0.0,38,2.78
2025-09-16,UA-40,20.3,0.1,68,3.55
2025-09-16,UA-43,17.4,0.5,72,1.58
2025-09-16,UA-46,15.9,6.1,85,3.43
2025-09-16,UA-48,18.9,0.0,51,2.76
2025-09-16,UA-51,19.4,0.0,59,2.86
2025-09-16,UA-53,17.6,0.0,40,3.2
2025-09-16,UA-56,15.8,13.3,89,3.47
2025-09-16,UA-59,17.6,0.0,46,3.53
2025-09-16,UA-61,16.0,18.6,85,2.97
2025-09-16,UA-63,16.9,0.0,44,2.94
2025-09-16,UA-65,18.9,0.0,48,2.61
2025-09-16,UA-68,15.1,5.7,83,2.43
2025-09-16,UA-71,19.0,0.0,53,2.96
2025-09-16,UA-74,17.5,0.1,55,2.78
2025-09-16,UA-77,16.9,2.6,74,2.0
2025-09-17,UA-05,13.6,11.3,89,2.38
2025-09-17,UA-07,13.8,2.7,83,3.49
2025-09-17,UA-09,17.5,0.0,34,4.48
2025-09-17,UA-12,18.6,0.1,49,3.63
2025-09-17,UA-14,17.5,0.0,36,4.53
2025-09-17,UA-18,13.8,12.1,87,2.32
2025-09-17,UA-21,14.9,0.0,74,2.16
2025-09-17,UA-23,18.6,0.6,56,4.15
2025-09-17,UA-26,14.5,1.8,76,4.43
2025-09-17,UA-30,13.3,12.3,88,1.28
2025-09-17,UA-32,13.3,15.7,90,1.57
2025-09-17,UA-35,17.8,5.7,51,3.0
2025-09-17,UA-40,19.8,1.5,74,2.77
2025-09-17,UA-43,17.6,0.5,73,1.79
2025-09-17,UA-46,13.3,1.4,80,4.2
2025-09-17,UA-48,17.9,0.3,63,2.38
2025-09-17,UA-51,17.2,12.3,78,3.61
2025-09-17,UA-53,17.1,4.5,50,2.86
2025-09-17,UA-56,14.2,6.3,86,3.11
2025-09-17,UA-59,16.5,0.7,48,3.64
2025-09-17,UA-61,14.0,4.8,81,4.15
2025-09-17,UA-63,17.7,0.0,38,4.27
2025-09-17,UA-65,17.8,0.4,59,2.33
2025-09-17,UA-68,13.9,14.5,87,3.39
2025-09-17,UA-71,17.1,5.2,60,3.15
2025-09-17,UA-74,13.5,12.8,86,1.39
2025-09-17,UA-77,15.5,7.4,75,4.67
2025-09-18,UA-05,13.3,0.2,77,4.66
2025-09-18,UA-07,13.9,0.2,76,3.97
2025-09-18,UA-09,17.4,0.3,49,5.15
2025-09-18,UA-12,14.2,9.2,90,3.6
2025-09-18,UA-14,14.5,9.1,79,3.66
2025-09-18,UA-18,13.0,0.4,78,4.67
2025-09-18,UA-21,14.6,0.0,72,1.77
2025-09-18,UA-23,15.3,15.2,89,4.48
2025-09-18,UA-26,13.8,0.5,74,4.07
2025-09-18,UA-30,13.7,0.3,80,4.53
2025-09-18,UA-32,13.7,0.0,77,4.63
2025-09-18,UA-35,14.4,8.6,81,5.54
2025-09-18,UA-40,16.6,32.0,85,10.03
2025-09-18,UA-43,13.4,30.7,93,5.04
2025-09-18,UA-46,13.8,0.7,76,4.1
2025-09-18,UA-48,16.5,0.9,70,6.9
2025-09-18,UA-51,16.3,0.0,65,8.31
2025-09-18,UA-53,12.8,11.9,92,3.0
2025-09-18,UA-56,13.4,0.4,80,4.0
2025-09-18,UA-59,12.4,10.4,89,2.19
2025-09-18,UA-61,13.1,0.6,78,4.25
2025-09-18,UA-63,14.9,4.1,64,2.74
2025-09-18,UA-65,16.1,0.7,71,6.54
2025-09-18,UA-68,12.8,0.4,80,4.61
2025-09-18,UA-71,14.4,6.3,81,4.72
2025-09-18,UA-74,13.1,0.4,83,3.77
2025-09-18,UA-77,14.4,1.0,70,4.72
2025-09-19,UA-05,15.0,0.1,81,3.36
2025-09-19,UA-07,16.8,0.8,85,4.48
2025-09-19,UA-09,18.4,0.0,51,2.39
2025-09-19,UA-12,15.9,0.0,72,4.41
2025-09-19,UA-14,16.7,0.2,66,2.88
2025-09-19,UA-18,15.0,0.2,80,4.17
2025-09-19,UA-21,16.0,0.9,79,1.84
2025-09-19,UA-23,16.4,0.0,72,5.29
2025-09-19,UA-26,17.0,0.3,77,3.91
2025-09-19,UA-30,14.8,0.2,79,3.79
2025-09-19,UA-32,15.2,0.1,76,3.35
2025-09-19,UA-35,16.7,0.0,67,3.71
2025-09-19,UA-40,18.4,0.7,71,8.85
2025-09-19,UA-43,15.4,3.0,77,4.39
2025-09-19,UA-46,16.9,0.7,84,4.03
2025-09-19,UA-48,18.2,0.0,58,4.7
2025-09-19,UA-51,18.0,0.0,60,5.3
2025-09-19,UA-53,15.2,0.1,74,3.93
2025-09-19,UA-56,16.6,0.5,83,4.36
2025-09-19,UA-59,14.3,1.3,82,3.52
2025-09-19,UA-61,16.1,0.8,84,4.4
2025-09-19,UA-63,15.9,0.0,68,3.28
2025-09-19,UA-65,17.6,0.0,56,4.52
2025-09-19,UA-68,15.6,0.2,82,3.9
2025-09-19,UA-71,15.9,0.0,75,3.49
2025-09-19,UA-74,13.8,0.2,84,3.93
2025-09-19,UA-77,17.0,0.1,72,3.69
2025-09-20,UA-05,17.2,0.3,83,3.08
2025-09-20,UA-07,19.2,0.0,79,3.11
2025-09-20,UA-09,15.2,1.2,72,3.72
2025-09-20,UA-12,16.5,0.1,67,4.28
2025-09-20,UA-14,14.3,1.2,73,3.78
2025-09-20,UA-18,17.3,0.1,81,3.43
2025-09-20,UA-21,18.8,0.0,78,1.87
2025-09-20,UA-23,17.0,0.1,68,4.71
2025-09-20,UA-26,19.2,0.0,78,1.78
2025-09-20,UA-30,15.9,0.0,75,3.18
2025-09-20,UA-32,16.6,0.0,75,2.99
2025-09-20,UA-35,16.9,0.0,67,3.65
2025-09-20,UA-40,19.3,0.3,70,5.03
2025-09-20,UA-43,16.5,0.0,71,2.82
2025-09-20,UA-46,19.2,0.0,79,2.55
2025-09-20,UA-48,18.6,0.0,62,3.71
2025-09-20,UA-51,19.1,0.0,66,4.33
2025-09-20,UA-53,15.1,0.1,71,4.14
2025-09-20,UA-56,18.8,0.2,81,2.94
2025-09-20,UA-59,13.9,0.3,79,3.92
2025-09-20,UA-61,18.5,0.0,80,2.66
2025-09-20,UA-63,15.1,0.3,71,4.36
2025-09-20,UA-65,18.4,0.1,59,3.55
2025-09-20,UA-68,17.8,0.4,82,2.76
2025-09-20,UA-71,16.7,0.1,73,3.45
2025-09-20,UA-74,14.8,0.0,79,3.53
2025-09-20,UA-77,19.5,0.1,75,2.57
2025-09-21,UA-05,19.1,0.0,72,3.32
2025-09-21,UA-07,20.7,0.0,71,4.12
2025-09-21,UA-09,15.9,0.0,61,2.38
2025-09-21,UA-12,16.5,0.0,63,1.81
2025-09-21,UA-14,15.0,0.0,65,2.13
2025-09-21,UA-18,19.6,0.0,71,4.05
2025-09-21,UA-21,20.4,0.0,74,2.71
2025-09-21,UA-23,17.0,0.0,63,2.16
2025-09-21,UA-26,19.5,0.0,78,2.25
2025-09-21,UA-30,19.1,0.0,69,3.74
2025-09-21,UA-32,19.0,0.0,68,3.15
2025-09-21,UA-35,18.0,0.0,60,1.96
2025-09-21,UA-40,18.7,0.0,66,2.53
2025-09-21,UA-43,15.3,0.0,72,2.51
2025-09-21,UA-46,19.8,0.0,73,3.08
2025-09-21,UA-48,17.9,0.0,66,1.42
2025-09-21,UA-51,17.9,0.0,69,2.35
2025-09-21,UA-53,16.2,0.0,65,2.35
2025-09-21,UA-56,20.6,0.0,71,4.33
2025-09-21,UA-59,16.9,0.0,69,3.91
2025-09-21,UA-61,20.0,0.0,71,3.96
2025-09-21,UA-63,16.4,0.0,65,2.73
2025-09-21,UA-65,17.8,0.0,58,1.61
2025-09-21,UA-68,19.2,0.0,72,4.43
2025-09-21,UA-71,18.5,0.0,65,2.46
2025-09-21,UA-74,19.1,0.0,73,4.62
2025-09-21,UA-77,20.5,0.0,68,4.0
2025-09-22,UA-05,19.3,0.0,56,4.6
2025-09-22,UA-07,20.7,0.0,71,3.67
2025-09-22,UA-09,20.0,0.0,49,2.97
2025-09-22,UA-12,19.4,0.0,55,2.3
2025-09-22,UA-14,17.9,0.0,56,2.19
2025-09-22,UA-18,20.0,0.0,52,4.85
2025-09-22,UA-21,21.0,0.0,69,2.63
2025-09-22,UA-23,19.8,0.0,59,2.08
2025-09-22,UA-26,18.9,0.0,77,2.12
2025-09-22,UA-30,20.0,0.0,53,4.33
2025-09-22,UA-32,19.9,0.0,52,4.13
2025-09-22,UA-35,19.5,0.0,51,2.65
2025-09-22,UA-40,19.3,0.0,66,2.53
2025-09-22,UA-43,16.7,0.0,67,3.0
2025-09-22,UA-46,20.0,0.0,72,3.02
2025-09-22,UA-48,18.7,0.0,66,2.07
2025-09-22,UA-51,18.4,0.0,69,2.74
2025-09-22,UA-53,18.9,0.0,57,2.68
2025-09-22,UA-56,19.9,0.0,65,4.42
2025-09-22,UA-59,20.0,0.0,58,3.76
2025-09-22,UA-61,18.9,0.0,68,3.55
2025-09-22,UA-63,19.6,0.0,57,2.93
2025-09-22,UA-65,18.8,0.0,58,1.96
2025-09-22,UA-68,18.7,0.0,60,5.17
2025-09-22,UA-71,20.1,0.0,53,3.25
2025-09-22,UA-74,20.1,0.0,58,4.71
2025-09-22,UA-77,19.5,0.0,63,4.4
2025-09-23,UA-05,18.1,0.0,73,3.13
2025-09-23,UA-07,14.1,2.7,83,3.41
2025-09-23,UA-09,21.4,0.0,48,1.59
2025-09-23,UA-12,19.5,0.0,57,2.28
2025-09-23,UA-14,19.8,0.0,50,1.53
2025-09-23,UA-18,17.8,0.1,69,4.12
2025-09-23,UA-21,18.8,0.0,72,2.65
2025-09-23,UA-23,21.1,0.0,60,1.35
2025-09-23,UA-26,16.5,0.0,82,2.66
2025-09-23,UA-30,18.3,0.1,67,4.09
2025-09-23,UA-32,18.4,0.0,66,3.59
2025-09-23,UA-35,18.5,0.0,53,2.62
2025-09-23,UA-40,19.6,0.0,72,1.65
2025-09-23,UA-43,17.6,0.0,68,1.55
2025-09-23,UA-46,14.5,2.5,86,3.11
2025-09-23,UA-48,18.2,0.0,68,2.25
2025-09-23,UA-51,18.2,0.0,76,2.71
2025-09-23,UA-53,18.3,0.0,57,2.74
2025-09-23,UA-56,15.0,2.0,81,3.56
2025-09-23,UA-59,18.7,0.0,53,3.98
2025-09-23,UA-61,15.9,0.6,82,2.98
2025-09-23,UA-63,19.4,0.0,55,2.55
2025-09-23,UA-65,18.6,0.0,63,2.18
2025-09-23,UA-68,16.9,0.1,79,3.27
2025-09-23,UA-71,18.8,0.0,55,2.87
2025-09-23,UA-74,17.7,0.1,67,4.59
2025-09-23,UA-77,18.6,0.5,75,1.8
2025-09-24,UA-05,12.3,0.4,73,4.23
2025-09-24,UA-07,10.7,2.2,82,2.9
2025-09-24,UA-09,21.1,0.0,42,3.2
2025-09-24,UA-12,18.0,0.0,57,3.68
2025-09-24,UA-14,18.9,0.0,50,2.56
2025-09-24,UA-18,10.8,1.1,78,3.69
2025-09-24,UA-21,16.1,1.0,69,4.32
2025-09-24,UA-23,19.7,0.0,61,3.99
2025-09-24,UA-26,11.8,4.5,85,3.4
2025-09-24,UA-30,11.5,0.9,74,4.05
2025-09-24,UA-32,12.4,0.4,71,4.16
2025-09-24,UA-35,15.4,0.0,64,4.84
2025-09-24,UA-40,19.5,0.0,78,2.27
2025-09-24,UA-43,18.2,0.0,61,1.3
2025-09-24,UA-46,10.3,8.5,93,4.23
2025-09-24,UA-48,18.9,0.0,62,3.5
2025-09-24,UA-51,18.8,0.0,63,3.88
2025-09-24,UA-53,13.9,0.1,66,4.82
2025-09-24,UA-56,10.2,3.1,89,2.95
2025-09-24,UA-59,11.0,0.3,77,4.49
2025-09-24,UA-61,10.4,4.5,91,4.14
2025-09-24,UA-63,14.6,0.1,64,4.39
2025-09-24,UA-65,19.2,0.0,57,3.1
2025-09-24,UA-68,11.0,1.9,85,4.19
2025-09-24,UA-71,13.4,0.0,71,4.67
2025-09-24,UA-74,10.4,2.3,70,3.82
2025-09-24,UA-77,13.2,2.3,83,2.89
2025-09-25,UA-05,9.7,0.0,60,3.31
2025-09-25,UA-07,8.5,0.0,69,3.21
2025-09-25,UA-09,11.2,0.4,51,5.49
2025-09-25,UA-12,12.2,0.3,49,5.36
2025-09-25,UA-14,10.5,0.2,51,4.99
2025-09-25,UA-18,8.2,0.0,64,2.92
2025-09-25,UA-21,13.4,7.2,76,2.53
2025-09-25,UA-23,12.7,0.6,53,6.72
2025-09-25,UA-26,10.1,0.2,72,4.06
2025-09-25,UA-30,8.7,0.0,66,3.03
2025-09-25,UA-32,9.2,0.0,61,3.24
2025-09-25,UA-35,11.5,0.4,52,4.89
2025-09-25,UA-40,17.5,0.0,67,6.03
2025-09-25,UA-43,13.5,0.0,70,4.74
2025-09-25,UA-46,9.9,0.0,68,4.99
2025-09-25,UA-48,13.0,0.0,47,5.92
2025-09-25,UA-51,13.4,0.0,45,6.62
2025-09-25,UA-53,10.3,0.0,52,4.62
2025-09-25,UA-56,8.1,0.0,73,2.73
2025-09-25,UA-59,8.8,0.0,62,4.04
2025-09-25,UA-61,9.4,0.0,68,4.03
2025-09-25,UA-63,10.8,0.2,53,4.61
2025-09-25,UA-65,12.6,0.0,46,5.71
2025-09-25,UA-68,8.9,0.0,67,3.31
2025-09-25,UA-71,10.6,0.0,57,4.02
2025-09-25,UA-74,7.2,0.0,67,2.9
2025-09-25,UA-77,10.5,0.6,70,1.92
2025-09-26,UA-05,8.9,0.0,63,2.12
2025-09-26,UA-07,8.5,0.0,68,3.32
2025-09-26,UA-09,9.2,0.0,54,3.38
2025-09-26,UA-12,9.4,0.0,56,3.49
2025-09-26,UA-14,7.9,0.0,55,3.37
2025-09-26,UA-18,7.8,0.0,67,2.01
2025-09-26,UA-21,12.6,6.0,84,1.9
2025-09-26,UA-23,10.6,0.0,54,4.75
2025-09-26,UA-26,9.7,0.0,62,5.05
2025-09-26,UA-30,7.8,0.0,71,2.18
2025-09-26,UA-32,8.0,0.0,68,2.03
2025-09-26,UA-35,9.1,0.0,60,3.19
2025-09-26,UA-40,14.1,0.0,60,6.15
2025-09-26,UA-43,9.9,0.0,66,4.8
2025-09-26,UA-46,9.3,0.0,65,5.06
2025-09-26,UA-48,11.2,0.0,50,4.23
2025-09-26,UA-51,12.1,0.0,46,4.83
2025-09-26,UA-53,8.2,0.0,58,2.97
2025-09-26,UA-56,8.0,0.0,71,2.66
2025-09-26,UA-59,8.2,0.0,63,2.65
2025-09-26,UA-61,8.7,0.0,65,3.82
2025-09-26,UA-63,9.0,0.0,56,2.8
2025-09-26,UA-65,11.0,0.0,47,4.06
2025-09-26,UA-68,8.3,0.0,68,2.5
2025-09-26,UA-71,8.9,0.0,68,2.55
2025-09-26,UA-74,6.6,0.0,72,2.27
2025-09-26,UA-77,9.4,0.0,62,3.18
2025-09-27,UA-05,8.6,0.0,68,1.33
2025-09-27,UA-07,9.7,0.0,70,1.76
2025-09-27,UA-09,10.5,0.0,46,1.79
2025-09-27,UA-12,9.6,0.0,59,2.09
2025-09-27,UA-14,9.0,0.0,50,2.12
2025-09-27,UA-18,8.9,0.0,68,1.04
2025-09-27,UA-21,12.9,0.0,71,1.75
2025-09-27,UA-23,10.4,0.0,56,2.78
2025-09-27,UA-26,9.9,0.0,65,3.21
2025-09-27,UA-30,9.3,0.0,71,1.31
2025-09-27,UA-32,8.4,0.0,68,1.27
2025-09-27,UA-35,8.8,0.0,60,1.78
2025-09-27,UA-40,13.5,0.0,59,4.7
2025-09-27,UA-43,9.6,0.0,66,3.78
2025-09-27,UA-46,9.9,0.0,67,3.21
2025-09-27,UA-48,10.6,0.0,53,2.73
2025-09-27,UA-51,11.2,0.0,54,2.75
2025-09-27,UA-53,9.5,0.0,57,1.9
2025-09-27,UA-56,9.5,0.0,72,1.58
2025-09-27,UA-59,9.8,0.0,66,1.62
2025-09-27,UA-61,9.3,0.0,67,2.4
2025-09-27,UA-63,10.8,0.0,57,1.76
2025-09-27,UA-65,10.5,0.0,49,2.77
2025-09-27,UA-68,8.9,0.0,71,1.55
2025-09-27,UA-71,9.3,0.0,68,1.35
2025-09-27,UA-74,8.8,0.0,69,1.97
2025-09-27,UA-77,9.4,0.0,64,2.32
2025-09-28,UA-05,8.9,2.4,81,1.14
2025-09-28,UA-07,9.3,1.2,85,2.68
2025-09-28,UA-09,11.0,0.0,46,1.99
2025-09-28,UA-12,11.2,0.0,57,1.71
2025-09-28,UA-14,9.5,0.0,50,2.35
2025-09-28,UA-18,9.3,2.4,83,1.45
2025-09-28,UA-21,11.6,0.0,76,1.66
2025-09-28,UA-23,12.0,0.0,56,2.24
2025-09-28,UA-26,9.7,0.0,73,1.79
2025-09-28,UA-30,9.3,3.6,87,1.42
2025-09-28,UA-32,9.3,0.6,76,1.2
2025-09-28,UA-35,10.9,0.0,53,1.53
2025-09-28,UA-40,14.3,0.0,59,2.81
2025-09-28,UA-43,10.5,0.0,70,2.72
2025-09-28,UA-46,9.5,0.5,79,2.21
2025-09-28,UA-48,11.4,0.0,56,1.59
2025-09-28,UA-51,11.2,0.0,61,2.01
2025-09-28,UA-53,10.6,0.0,59,1.61
2025-09-28,UA-56,9.3,2.3,87,1.82
2025-09-28,UA-59,10.4,0.0,68,1.83
2025-09-28,UA-61,9.6,2.7,78,1.52
2025-09-28,UA-63,11.8,0.0,56,1.76
2025-09-28,UA-65,11.0,0.0,50,1.52
2025-09-28,UA-68,9.3,0.5,81,1.33
2025-09-28,UA-71,10.6,0.4,69,1.37
2025-09-28,UA-74,9.2,5.8,89,2.15
2025-09-28,UA-77,9.8,0.1,66,1.34
2025-09-29,UA-05,10.3,2.4,77,3.27
2025-09-29,UA-07,9.1,7.9,94,3.93
2025-09-29,UA-09,12.1,0.0,46,5.58
2025-09-29,UA-12,12.3,0.7,56,5.06
2025-09-29,UA-14,11.0,0.1,52,5.0
2025-09-29,UA-18,9.8,2.5,85,4.02
2025-09-29,UA-21,11.2,2.7,73,3.01
2025-09-29,UA-23,12.6,0.9,59,5.64
2025-09-29,UA-26,8.9,12.0,91,1.72
2025-09-29,UA-30,10.0,1.6,84,4.19
2025-09-29,UA-32,10.9,1.3,74,3.85
2025-09-29,UA-35,12.9,0.7,59,4.13
2025-09-29,UA-40,15.3,0.5,74,2.08
2025-09-29,UA-43,11.4,1.2,89,2.56
2025-09-29,UA-46,9.0,9.1,91,2.84
2025-09-29,UA-48,12.9,0.4,62,3.73
2025-09-29,UA-51,13.0,1.3,64,3.3
2025-09-29,UA-53,12.3,0.0,50,4.93
2025-09-29,UA-56,9.3,9.0,93,3.67
2025-09-29,UA-59,11.1,0.0,71,5.7
2025-09-29,UA-61,8.6,11.9,93,2.65
2025-09-29,UA-63,12.4,0.0,53,5.44
2025-09-29,UA-65,12.7,0.3,62,3.76
2025-09-29,UA-68,8.6,7.3,94,2.9
2025-09-29,UA-71,12.5,0.7,65,4.25
2025-09-29,UA-74,9.3,5.4,92,4.93
2025-09-29,UA-77,9.0,19.9,91,1.22
2025-09-30,UA-05,7.6,20.3,94,4.94
2025-09-30,UA-07,8.0,8.0,95,5.29
2025-09-30,UA-09,10.2,0.0,43,6.78
2025-09-30,UA-12,11.1,0.6,52,6.76
2025-09-30,UA-14,9.8,1.2,49,5.92
2025-09-30,UA-18,8.3,7.6,86,5.48
2025-09-30,UA-21,10.6,0.7,75,2.74
2025-09-30,UA-23,10.6,1.8,63,7.31
2025-09-30,UA-26,8.8,7.8,91,2.84
2025-09-30,UA-30,9.3,2.2,69,5.15
2025-09-30,UA-32,8.4,9.8,86,4.89
2025-09-30,UA-35,8.9,9.0,82,5.47
2025-09-30,UA-40,15.2,5.1,82,2.04
2025-09-30,UA-43,12.1,0.2,84,2.76
2025-09-30,UA-46,8.3,7.9,93,4.44
2025-09-30,UA-48,10.4,13.2,83,6.23
2025-09-30,UA-51,11.5,31.5,90,6.83
2025-09-30,UA-53,10.4,0.0,47,6.72
2025-09-30,UA-56,8.1,9.9,94,5.21
2025-09-30,UA-59,8.6,0.0,54,6.12
2025-09-30,UA-61,7.6,9.3,96,4.65
2025-09-30,UA-63,9.3,0.0,47,6.39
2025-09-30,UA-65,10.6,6.0,78,6.12
2025-09-30,UA-68,7.4,12.4,95,4.99
2025-09-30,UA-71,10.5,2.2,64,5.88
2025-09-30,UA-74,8.6,0.2,69,5.88
2025-09-30,UA-77,8.7,11.6,95,2.27
2025-10-01,UA-05,4.4,10.0,94,4.05
2025-10-01,UA-07,6.9,0.5,79,3.6
2025-10-01,UA-09,9.8,0.0,35,5.98
2025-10-01,UA-12,7.2,4.4,77,5.03
2025-10-01,UA-14,8.0,1.7,59,5.08
2025-10-01,UA-18,5.5,4.4,79,4.18
2025-10-01,UA-21,9.7,0.3,70,3.59
2025-10-01,UA-23,9.0,2.3,69,5.61
2025-10-01,UA-26,6.3,8.5,92,3.07
2025-10-01,UA-30,6.4,1.6,68,4.63
2025-10-01,UA-32,5.6,5.7,80,4.0
2025-10-01,UA-35,6.3,5.2,86,5.01
2025-10-01,UA-40,14.3,0.7,76,3.09
2025-10-01,UA-43,11.8,0.5,83,2.03
2025-10-01,UA-46,6.8,3.7,84,3.92
2025-10-01,UA-48,10.5,3.8,89,4.42
2025-10-01,UA-51,9.9,5.3,93,4.49
2025-10-01,UA-53,6.3,4.9,70,5.19
2025-10-01,UA-56,6.4,0.7,83,3.66
2025-10-01,UA-59,7.1,2.5,54,5.3
2025-10-01,UA-61,5.4,6.3,91,3.8
2025-10-01,UA-63,7.8,1.5,50,5.4
2025-10-01,UA-65,11.1,2.8,86,3.85
2025-10-01,UA-68,4.7,7.4,93,4.05
2025-10-01,UA-71,6.7,4.6,78,5.02
2025-10-01,UA-74,6.6,0.9,64,5.02
2025-10-01,UA-77,6.1,6.4,92,2.73
2025-10-02,UA-05,4.6,0.0,91,2.06
2025-10-02,UA-07,4.7,1.2,87,2.46
2025-10-02,UA-09,11.6,0.0,35,4.88
2025-10-02,UA-12,11.6,0.5,80,2.97
2025-10-02,UA-14,11.5,0.0,48,4.18
2025-10-02,UA-18,4.5,1.8,93,2.1
2025-10-02,UA-21,8.2,0.0,65,3.89
2025-10-02,UA-23,13.0,0.5,75,3.27
2025-10-02,UA-26,5.6,1.2,85,1.88
2025-10-02,UA-30,5.4,3.4,94,1.93
2025-10-02,UA-32,5.4,1.1,91,1.99
2025-10-02,UA-35,7.7,1.0,93,2.44
2025-10-02,UA-40,14.9,0.0,69,3.46
2025-10-02,UA-43,11.9,0.0,81,2.18
2025-10-02,UA-46,4.7,0.7,87,2.45
2025-10-02,UA-48,9.9,0.0,87,3.22
2025-10-02,UA-51,8.6,0.0,82,4.7
2025-10-02,UA-53,9.5,0.7,80,3.36
2025-10-02,UA-56,5.0,1.8,88,2.23
2025-10-02,UA-59,6.7,4.2,77,3.49
2025-10-02,UA-61,4.5,1.0,89,2.14
2025-10-02,UA-63,10.3,0.8,45,3.95
2025-10-02,UA-65,10.9,0.0,79,2.43
2025-10-02,UA-68,4.1,1.8,91,1.98
2025-10-02,UA-71,7.3,3.3,94,1.98
2025-10-02,UA-74,5.6,4.5,96,2.5
2025-10-02,UA-77,5.6,0.5,85,1.89
2025-10-03,UA-05,6.7,1.0,94,3.66
2025-10-03,UA-07,5.4,0.2,87,2.13
2025-10-03,UA-09,12.6,0.0,36,5.75
2025-10-03,UA-12,13.3,0.0,52,5.26
2025-10-03,UA-14,12.8,0.0,45,5.67
2025-10-03,UA-18,6.5,0.2,90,3.57
2025-10-03,UA-21,7.8,0.0,66,4.16
2025-10-03,UA-23,14.1,0.0,58,6.45
2025-10-03,UA-26,5.4,1.2,85,1.77
2025-10-03,UA-30,8.6,0.0,87,3.86
2025-10-03,UA-32,9.0,0.0,86,3.72
2025-10-03,UA-35,12.2,0.0,72,4.57
2025-10-03,UA-40,17.3,0.0,78,4.14
2025-10-03,UA-43,14.7,0.0,83,4.28
2025-10-03,UA-46,4.5,0.0,87,2.69
2025-10-03,UA-48,14.3,0.0,70,5.47
2025-10-03,UA-51,13.1,0.0,79,6.24
2025-10-03,UA-53,11.6,0.0,50,4.72
2025-10-03,UA-56,6.2,0.1,85,2.41
2025-10-03,UA-59,9.7,0.0,59,3.75
2025-10-03,UA-61,4.9,0.8,87,2.75
2025-10-03,UA-63,11.0,0.0,44,4.57
2025-10-03,UA-65,14.5,0.0,67,5.5
2025-10-03,UA-68,5.3,1.3,91,3.24
2025-10-03,UA-71,11.0,0.0,77,4.03
2025-10-03,UA-74,8.3,0.0,87,3.42
2025-10-03,UA-77,5.5,5.7,87,2.59
2025-10-04,UA-05,9.1,1.5,88,2.84
2025-10-04,UA-07,8.4,0.6,88,3.0
2025-10-04,UA-09,16.4,0.0,34,6.77
2025-10-04,UA-12,15.7,0.7,58,4.48
2025-10-04,UA-14,15.6,0.0,47,5.81
2025-10-04,UA-18,9.3,0.7,82,3.3
2025-10-04,UA-21,9.7,0.0,71,2.77
2025-10-04,UA-23,15.6,0.0,66,4.97
2025-10-04,UA-26,7.4,1.9,93,1.54
2025-10-04,UA-30,10.0,1.7,74,3.09
2025-10-04,UA-32,9.6,4.5,80,2.87
2025-10-04,UA-35,12.6,3.8,74,3.46
2025-10-04,UA-40,17.6,0.1,83,2.79
2025-10-04,UA-43,16.1,0.0,80,2.53
2025-10-04,UA-46,7.0,0.4,91,2.76
2025-10-04,UA-48,14.0,3.5,84,3.51
2025-10-04,UA-51,13.4,14.7,91,4.13
2025-10-04,UA-53,13.9,0.9,55,4.54
2025-10-04,UA-56,9.1,0.7,87,2.91
2025-10-04,UA-59,12.6,0.6,52,5.12
2025-10-04,UA-61,7.4,1.6,95,2.49
2025-10-04,UA-63,14.8,0.1,43,5.72
2025-10-04,UA-65,14.7,3.5,82,3.35
2025-10-04,UA-68,8.0,0.9,93,2.64
2025-10-04,UA-71,11.2,2.3,73,3.31
2025-10-04,UA-74,10.4,1.2,69,3.5
2025-10-04,UA-77,7.3,3.1,97,2.26
2025-10-05,UA-05,9.4,1.3,90,2.77
2025-10-05,UA-07,9.4,1.6,83,3.93
2025-10-05,UA-09,13.1,9.9,89,3.3
2025-10-05,UA-12,13.8,0.2,73,3.8
2025-10-05,UA-14,11.9,9.7,95,2.95
2025-10-05,UA-18,9.6,0.4,90,3.11
2025-10-05,UA-21,9.0,5.7,87,2.16
2025-10-05,UA-23,14.2,0.6,77,4.04
2025-10-05,UA-26,9.1,0.3,82,2.71
2025-10-05,UA-30,10.6,1.2,88,2.34
2025-10-05,UA-32,10.6,2.1,88,2.69
2025-10-05,UA-35,12.1,2.2,85,3.36
2025-10-05,UA-40,16.0,1.2,76,4.55
2025-10-05,UA-43,14.1,0.8,80,3.47
2025-10-05,UA-46,9.0,1.6,82,4.3
2025-10-05,UA-48,12.8,0.0,79,3.73
2025-10-05,UA-51,12.4,0.4,78,3.68
2025-10-05,UA-53,12.5,0.8,82,3.54
2025-10-05,UA-56,9.3,1.0,87,3.39
2025-10-05,UA-59,12.7,1.8,82,3.88
2025-10-05,UA-61,8.7,0.7,85,3.44
2025-10-05,UA-63,13.7,0.2,73,3.64
2025-10-05,UA-65,13.1,0.0,76,3.88
2025-10-05,UA-68,8.6,1.0,92,3.14
2025-10-05,UA-71,11.5,4.3,88,3.1
2025-10-05,UA-74,10.7,1.7,90,2.1
2025-10-05,UA-77,9.9,1.0,85,1.64
2025-10-06,UA-05,9.1,2.3,94,1.47
2025-10-06,UA-07,9.5,1.7,87,2.2
2025-10-06,UA-09,12.9,0.0,84,2.65
2025-10-06,UA-12,12.4,0.0,72,1.29
2025-10-06,UA-14,11.6,0.5,91,2.53
2025-10-06,UA-18,9.9,2.9,90,1.2
2025-10-06,UA-21,9.6,0.0,84,1.22
2025-10-06,UA-23,13.5,0.2,79,1.56
2025-10-06,UA-26,8.7,2.5,90,1.21
2025-10-06,UA-30,9.9,1.2,89,1.11
2025-10-06,UA-32,9.3,1.9,92,1.37
2025-10-06,UA-35,11.5,2.1,86,1.3
2025-10-06,UA-40,17.1,0.0,78,3.0
2025-10-06,UA-43,15.0,0.0,77,1.62
2025-10-06,UA-46,8.4,1.5,86,2.02
2025-10-06,UA-48,13.8,0.5,72,1.99
2025-10-06,UA-51,13.6,1.5,81,3.22
2025-10-06,UA-53,10.8,0.3,81,1.61
2025-10-06,UA-56,9.2,1.5,88,1.83
2025-10-06,UA-59,10.3,1.3,91,1.74
2025-10-06,UA-61,8.4,3.1,88,1.25
2025-10-06,UA-63,11.1,0.4,80,1.53
2025-10-06,UA-65,14.0,0.0,67,1.79
2025-10-06,UA-68,8.8,4.5,93,1.4
2025-10-06,UA-71,10.1,3.3,91,1.2
2025-10-06,UA-74,10.5,0.9,87,1.29
2025-10-06,UA-77,9.3,12.7,96,1.64
2025-10-07,UA-05,9.7,4.4,94,3.25
2025-10-07,UA-07,8.9,0.6,93,1.93
2025-10-07,UA-09,14.6,0.0,71,3.66
2025-10-07,UA-12,15.6,0.2,72,3.17
2025-10-07,UA-14,14.7,0.0,68,3.82
2025-10-07,UA-18,9.4,3.3,94,2.62
2025-10-07,UA-21,10.5,0.0,76,2.38
2025-10-07,UA-23,16.3,0.3,70,4.31
2025-10-07,UA-26,9.5,2.0,91,2.06
2025-10-07,UA-30,10.4,3.9,92,2.74
2025-10-07,UA-32,10.1,5.1,94,2.79
2025-10-07,UA-35,12.5,1.8,89,3.55
2025-10-07,UA-40,18.4,0.2,72,3.64
2025-10-07,UA-43,15.9,0.2,78,3.85
2025-10-07,UA-46,8.5,0.2,87,2.06
2025-10-07,UA-48,15.5,2.5,78,4.66
2025-10-07,UA-51,14.5,17.7,88,5.51
2025-10-07,UA-53,14.0,0.5,77,2.88
2025-10-07,UA-56,9.8,0.9,91,2.23
2025-10-07,UA-59,12.6,0.6,86,2.95
2025-10-07,UA-61,9.1,1.9,91,2.64
2025-10-07,UA-63,14.3,3.2,79,3.07
2025-10-07,UA-65,16.4,1.3,71,4.39
2025-10-07,UA-68,9.7,2.2,90,3.01
2025-10-07,UA-71,12.4,2.5,87,2.76
2025-10-07,UA-74,10.9,1.4,88,2.76
2025-10-07,UA-77,9.7,7.1,95,2.92
2025-10-08,UA-05,10.6,5.6,97,4.71
2025-10-08,UA-07,10.0,0.9,84,3.08
2025-10-08,UA-09,16.9,0.0,47,5.58
2025-10-08,UA-12,16.3,3.4,59,5.33
2025-10-08,UA-14,16.6,0.0,51,5.08
2025-10-08,UA-18,10.3,4.4,98,4.48
2025-10-08,UA-21,12.0,0.0,69,3.89
2025-10-08,UA-23,16.4,2.0,62,5.15
2025-10-08,UA-26,10.8,0.6,83,3.14
2025-10-08,UA-30,11.7,3.1,93,4.27
2025-10-08,UA-32,11.6,3.3,94,4.3
2025-10-08,UA-35,14.3,3.3,77,4.55
2025-10-08,UA-40,17.2,1.8,87,3.03
2025-10-08,UA-43,15.8,1.6,90,2.53
2025-10-08,UA-46,9.8,0.2,83,3.25
2025-10-08,UA-48,15.4,2.3,73,4.06
2025-10-08,UA-51,13.8,11.4,89,5.28
2025-10-08,UA-53,14.7,1.7,64,5.6
2025-10-08,UA-56,10.6,3.2,87,3.52
2025-10-08,UA-59,13.2,1.4,78,5.28
2025-10-08,UA-61,10.4,0.9,85,4.05
2025-10-08,UA-63,14.8,0.7,63,5.64
2025-10-08,UA-65,16.1,0.3,70,3.58
2025-10-08,UA-68,10.3,3.3,93,4.76
2025-10-08,UA-71,13.4,3.4,84,4.41
2025-10-08,UA-74,12.0,3.2,94,4.52
2025-10-08,UA-77,10.6,3.8,91,4.23
2025-10-09,UA-05,10.9,11.8,96,5.12
2025-10-09,UA-07,10.2,0.5,84,4.27
2025-10-09,UA-09,14.1,10.7,83,3.76
2025-10-09,UA-12,15.4,1.3,83,2.6
2025-10-09,UA-14,14.4,7.6,93,3.33
2025-10-09,UA-18,11.0,11.9,94,5.31
2025-10-09,UA-21,12.6,0.2,72,2.67
2025-10-09,UA-23,15.4,2.0,87,2.87
2025-10-09,UA-26,10.6,1.5,81,4.61
2025-10-09,UA-30,10.8,9.1,97,4.13
2025-10-09,UA-32,10.9,14.5,96,4.01
2025-10-09,UA-35,12.5,3.1,87,1.81
2025-10-09,UA-40,15.5,7.9,86,4.89
2025-10-09,UA-43,14.0,2.2,90,3.2
2025-10-09,UA-46,10.4,0.0,79,3.83
2025-10-09,UA-48,14.2,0.7,81,2.51
2025-10-09,UA-51,13.0,0.7,87,4.83
2025-10-09,UA-53,13.4,4.9,83,2.35
2025-10-09,UA-56,10.5,3.0,91,5.0
2025-10-09,UA-59,11.8,7.8,91,3.16
2025-10-09,UA-61,9.8,2.3,86,5.15
2025-10-09,UA-63,13.3,11.9,87,3.34
2025-10-09,UA-65,14.9,1.6,79,2.49
2025-10-09,UA-68,10.1,5.9,96,5.82
2025-10-09,UA-71,11.7,4.5,90,2.1
2025-10-09,UA-74,11.0,6.4,95,4.04
2025-10-09,UA-77,10.5,7.6,86,5.73
2025-10-10,UA-05,10.1,4.6,90,5.46
2025-10-10,UA-07,10.0,3.1,91,5.82
2025-10-10,UA-09,14.1,2.3,89,2.4
2025-10-10,UA-12,12.1,2.0,88,3.44
2025-10-10,UA-14,12.1,7.4,95,2.51
2025-10-10,UA-18,10.4,4.7,89,5.89
2025-10-10,UA-21,11.4,3.7,88,1.99
2025-10-10,UA-23,12.5,2.1,89,4.5
2025-10-10,UA-26,10.3,4.3,87,5.86
2025-10-10,UA-30,10.7,10.5,91,4.24
2025-10-10,UA-32,10.9,9.9,89,4.85
2025-10-10,UA-35,10.9,3.5,94,3.91
2025-10-10,UA-40,14.2,9.0,87,8.31
2025-10-10,UA-43,11.5,6.6,95,4.75
2025-10-10,UA-46,9.8,4.5,92,5.82
2025-10-10,UA-48,12.4,2.4,86,5.32
2025-10-10,UA-51,12.9,1.3,79,6.97
2025-10-10,UA-53,11.2,3.2,89,3.44
2025-10-10,UA-56,10.0,3.7,92,5.9
2025-10-10,UA-59,11.1,2.0,93,2.99
2025-10-10,UA-61,9.5,3.0,91,6.04
2025-10-10,UA-63,11.9,2.0,95,2.16
2025-10-10,UA-65,12.2,2.5,86,4.93
2025-10-10,UA-68,9.6,4.1,91,5.82
2025-10-10,UA-71,10.8,4.5,94,3.55
2025-10-10,UA-74,10.4,3.7,92,3.82
2025-10-10,UA-77,10.9,3.1,84,5.36
2025-10-11,UA-05,8.9,0.6,84,4.76
2025-10-11,UA-07,9.9,1.0,89,4.91
2025-10-11,UA-09,11.8,0.4,83,4.16
2025-10-11,UA-12,11.5,0.4,83,2.65
2025-10-11,UA-14,10.6,0.6,84,3.18
2025-10-11,UA-18,9.0,0.6,86,5.03
2025-10-11,UA-21,11.3,4.3,90,2.34
2025-10-11,UA-23,11.5,0.7,85,3.07
2025-10-11,UA-26,10.7,2.6,89,5.82
2025-10-11,UA-30,9.1,2.7,91,4.12
2025-10-11,UA-32,8.9,4.0,90,4.45
2025-10-11,UA-35,10.6,6.7,91,3.79
2025-10-11,UA-40,12.8,9.8,84,4.78
2025-10-11,UA-43,10.2,7.2,90,2.51
2025-10-11,UA-46,10.2,2.5,94,5.02
2025-10-11,UA-48,11.2,2.8,88,4.92
2025-10-11,UA-51,10.8,1.3,84,6.72
2025-10-11,UA-53,10.3,0.5,86,3.32
2025-10-11,UA-56,10.0,0.8,86,5.28
2025-10-11,UA-59,9.9,1.0,92,4.13
2025-10-11,UA-61,9.8,1.2,88,5.63
2025-10-11,UA-63,11.0,0.4,87,3.7
2025-10-11,UA-65,11.2,3.4,86,4.23
2025-10-11,UA-68,9.6,1.0,83,5.28
2025-10-11,UA-71,10.5,1.7,90,3.6
2025-10-11,UA-74,9.6,0.3,88,3.99
2025-10-11,UA-77,11.2,1.3,81,6.2
2025-10-12,UA-05,10.9,1.6,83,4.87
2025-10-12,UA-07,10.3,2.0,89,5.68
2025-10-12,UA-09,11.1,0.0,78,3.55
2025-10-12,UA-12,10.3,0.1,80,3.72
2025-10-12,UA-14,9.9,0.1,78,2.88
2025-10-12,UA-18,10.5,1.6,82,5.58
2025-10-12,UA-21,13.2,0.4,81,2.3
2025-10-12,UA-23,11.5,0.0,76,4.0
2025-10-12,UA-26,11.4,1.6,87,5.47
2025-10-12,UA-30,10.4,1.4,78,5.3
2025-10-12,UA-32,11.0,0.8,78,4.69
2025-10-12,UA-35,10.1,0.0,79,3.55
2025-10-12,UA-40,12.9,2.4,79,4.39
2025-10-12,UA-43,9.6,1.3,87,1.82
2025-10-12,UA-46,10.6,3.9,91,5.65
2025-10-12,UA-48,10.7,0.0,82,3.2
2025-10-12,UA-51,11.3,0.4,78,3.95
2025-10-12,UA-53,9.3,0.1,77,4.29
2025-10-12,UA-56,10.5,1.9,87,5.76
2025-10-12,UA-59,9.0,2.2,76,5.11
2025-10-12,UA-61,10.5,1.8,88,5.74
2025-10-12,UA-63,9.4,0.0,77,4.35
2025-10-12,UA-65,10.7,0.0,81,3.06
2025-10-12,UA-68,10.7,1.5,85,5.62
2025-10-12,UA-71,10.5,0.4,78,4.29
2025-10-12,UA-74,9.5,2.2,78,5.88
2025-10-12,UA-77,12.0,1.0,83,5.02
2025-10-13,UA-05,7.0,0.6,78,4.6
2025-10-13,UA-07,6.7,0.6,83,5.03
2025-10-13,UA-09,8.3,3.2,84,3.64
2025-10-13,UA-12,8.4,0.3,70,4.36
2025-10-13,UA-14,6.9,3.5,90,3.29
2025-10-13,UA-18,5.9,1.0,84,5.5
2025-10-13,UA-21,10.2,0.0,72,2.84
2025-10-13,UA-23,9.7,2.9,73,4.29
2025-10-13,UA-26,8.1,1.4,77,4.4
2025-10-13,UA-30,5.9,1.5,83,5.27
2025-10-13,UA-32,6.6,0.4,78,4.92
2025-10-13,UA-35,8.3,0.7,70,4.14
2025-10-13,UA-40,13.8,1.7,79,4.84
2025-10-13,UA-43,10.7,1.0,88,2.86
2025-10-13,UA-46,7.2,0.8,81,4.16
2025-10-13,UA-48,9.8,0.9,76,3.71
2025-10-13,UA-51,10.3,0.1,76,4.39
2025-10-13,UA-53,6.7,0.8,73,4.95
2025-10-13,UA-56,6.7,0.9,83,5.1
2025-10-13,UA-59,5.7,0.3,77,5.73
2025-10-13,UA-61,6.9,0.5,81,4.67
2025-10-13,UA-63,7.0,1.2,73,5.18
2025-10-13,UA-65,9.9,0.7,74,3.4
2025-10-13,UA-68,6.7,0.3,81,4.76
2025-10-13,UA-71,7.2,1.0,76,4.91
2025-10-13,UA-74,5.6,1.8,80,5.71
2025-10-13,UA-77,9.1,1.3,74,4.45
2025-10-14,UA-05,5.8,0.4,82,3.25
2025-10-14,UA-07,5.4,0.9,90,3.1
2025-10-14,UA-09,7.9,0.4,63,3.55
2025-10-14,UA-12,6.8,1.2,75,3.26
2025-10-14,UA-14,6.6,0.8,68,2.79
2025-10-14,UA-18,5.0,1.8,87,3.66
2025-10-14,UA-21,6.9,0.0,82,0.67
2025-10-14,UA-23,8.5,1.1,72,3.83
2025-10-14,UA-26,6.0,0.9,83,3.53
2025-10-14,UA-30,5.1,2.0,90,3.48
2025-10-14,UA-32,5.8,1.4,82,3.37
2025-10-14,UA-35,6.1,0.9,79,3.08
2025-10-14,UA-40,12.2,0.0,64,3.12
2025-10-14,UA-43,9.1,0.0,72,1.36
2025-10-14,UA-46,6.0,2.6,89,3.19
2025-10-14,UA-48,7.7,0.2,77,2.94
2025-10-14,UA-51,7.9,0.3,75,3.35
2025-10-14,UA-53,5.3,1.3,81,3.25
2025-10-14,UA-56,5.4,2.0,92,3.07
2025-10-14,UA-59,4.5,2.5,87,3.59
2025-10-14,UA-61,5.5,1.5,88,3.39
2025-10-14,UA-63,5.4,1.9,85,3.4
2025-10-14,UA-65,7.8,0.0,72,2.66
2025-10-14,UA-68,5.4,0.8,87,3.1
2025-10-14,UA-71,6.3,1.4,82,3.43
2025-10-14,UA-74,5.3,1.2,83,3.68
2025-10-14,UA-77,6.7,0.2,77,3.61
2025-10-15,UA-05,6.2,0.3,79,2.6
2025-10-15,UA-07,5.9,0.5,87,2.88
2025-10-15,UA-09,7.5,1.0,75,2.08
2025-10-15,UA-12,6.1,0.5,75,2.41
2025-10-15,UA-14,5.9,0.4,78,1.86
2025-10-15,UA-18,6.0,0.6,82,3.17
2025-10-15,UA-21,9.7,0.0,77,0.94
2025-10-15,UA-23,7.5,0.0,71,3.04
2025-10-15,UA-26,6.9,1.0,84,1.71
2025-10-15,UA-30,5.9,0.3,77,3.45
2025-10-15,UA-32,6.3,0.2,76,3.01
2025-10-15,UA-35,5.5,0.2,74,2.62
2025-10-15,UA-40,11.7,0.0,64,4.34
2025-10-15,UA-43,7.8,0.0,70,1.82
2025-10-15,UA-46,6.6,0.4,86,2.0
2025-10-15,UA-48,7.0,0.0,74,2.5
2025-10-15,UA-51,7.0,0.0,79,2.57
2025-10-15,UA-53,4.3,0.4,78,2.81
2025-10-15,UA-56,6.2,0.6,87,2.98
2025-10-15,UA-59,5.3,0.4,81,3.89
2025-10-15,UA-61,5.7,0.1,86,2.24
2025-10-15,UA-63,5.0,0.5,79,2.85
2025-10-15,UA-65,7.1,0.0,69,2.33
2025-10-15,UA-68,5.7,0.3,82,2.57
2025-10-15,UA-71,5.8,0.3,79,3.06
2025-10-15,UA-74,5.8,0.8,82,3.78
2025-10-15,UA-77,7.0,0.0,79,1.77
2025-10-16,UA-05,7.6,0.0,76,2.62
2025-10-16,UA-07,7.9,0.0,78,3.45
2025-10-16,UA-09,7.1,0.0,64,2.79
2025-10-16,UA-12,7.2,0.1,71,2.65
2025-10-16,UA-14,6.1,0.0,66,2.32
2025-10-16,UA-18,7.8,0.0,75,3.34
2025-10-16,UA-21,10.0,0.9,80,1.93
2025-10-16,UA-23,8.4,0.0,68,2.92
2025-10-16,UA-26,8.7,0.2,80,1.73
2025-10-16,UA-30,7.9,0.2,76,3.43
2025-10-16,UA-32,8.2,0.0,73,2.98
2025-10-16,UA-35,8.5,0.1,67,2.59
2025-10-16,UA-40,10.8,0.0,57,2.69
2025-10-16,UA-43,6.9,0.0,66,1.3
2025-10-16,UA-46,8.2,0.3,82,2.67
2025-10-16,UA-48,9.8,0.0,66,2.22
2025-10-16,UA-51,9.6,0.0,69,2.32
2025-10-16,UA-53,6.9,0.2,74,3.28
2025-10-16,UA-56,7.6,0.0,79,3.15
2025-10-16,UA-59,6.8,0.7,84,3.77
2025-10-16,UA-61,7.7,0.0,83,2.48
2025-10-16,UA-63,7.1,0.4,74,3.63
2025-10-16,UA-65,9.8,0.0,61,2.12
2025-10-16,UA-68,7.3,0.1,80,2.66
2025-10-16,UA-71,8.2,0.0,74,3.01
2025-10-16,UA-74,7.7,0.4,85,3.72
2025-10-16,UA-77,8.5,0.0,76,1.7
2025-10-17,UA-05,9.9,0.0,76,3.02
2025-10-17,UA-07,10.3,0.3,82,3.85
2025-10-17,UA-09,9.5,0.1,57,2.89
2025-10-17,UA-12,9.9,0.3,68,3.44
2025-10-17,UA-14,7.8,0.0,64,2.28
2025-10-17,UA-18,9.7,0.2,80,3.69
2025-10-17,UA-21,10.2,0.0,74,2.2
2025-10-17,UA-23,10.6,0.0,69,3.36
2025-10-17,UA-26,10.1,0.1,73,2.23
2025-10-17,UA-30,9.5,0.2,80,3.2
2025-10-17,UA-32,10.4,0.0,74,3.22
2025-10-17,UA-35,10.3,0.0,73,3.42
2025-10-17,UA-40,12.6,0.0,58,2.24
2025-10-17,UA-43,8.8,0.0,71,1.09
2025-10-17,UA-46,10.4,0.3,75,3.46
2025-10-17,UA-48,11.7,1.2,75,3.27
2025-10-17,UA-51,11.7,1.5,78,3.91
2025-10-17,UA-53,9.0,0.0,71,3.62
2025-10-17,UA-56,9.9,0.2,83,3.57
2025-10-17,UA-59,8.7,0.9,78,4.04
2025-10-17,UA-61,9.9,0.0,75,2.92
2025-10-17,UA-63,9.2,0.0,71,3.87
2025-10-17,UA-65,11.8,0.1,62,2.96
2025-10-17,UA-68,9.9,0.0,76,3.1
2025-10-17,UA-71,10.2,0.1,75,3.31
2025-10-17,UA-74,8.7,0.6,85,3.62
2025-10-17,UA-77,10.1,0.1,73,1.9
2025-10-18,UA-05,8.5,2.0,81,2.87
2025-10-18,UA-07,7.7,3.1,84,4.84
2025-10-18,UA-09,9.2,0.0,68,2.05
2025-10-18,UA-12,10.6,0.1,67,3.59
2025-10-18,UA-14,8.2,0.0,71,1.53
2025-10-18,UA-18,8.7,3.3,83,3.2
2025-10-18,UA-21,8.3,2.7,77,2.17
2025-10-18,UA-23,10.5,0.0,70,2.58
2025-10-18,UA-26,7.7,5.2,78,3.86
2025-10-18,UA-30,9.2,1.9,85,2.92
2025-10-18,UA-32,9.4,0.8,82,2.87
2025-10-18,UA-35,10.7,10.7,87,3.98
2025-10-18,UA-40,13.4,0.5,68,1.31
2025-10-18,UA-43,8.8,0.2,80,1.83
2025-10-18,UA-46,7.5,4.1,82,5.46
2025-10-18,UA-48,12.1,0.2,74,3.31
2025-10-18,UA-51,13.0,0.8,78,3.72
2025-10-18,UA-53,9.8,2.5,80,3.93
2025-10-18,UA-56,7.9,2.9,83,4.22
2025-10-18,UA-59,9.6,4.0,86,3.72
2025-10-18,UA-61,7.1,4.1,83,4.17
2025-10-18,UA-63,9.3,0.9,80,3.21
2025-10-18,UA-65,11.7,0.0,65,2.61
2025-10-18,UA-68,7.8,4.2,84,3.48
2025-10-18,UA-71,10.8,1.4,83,3.18
2025-10-18,UA-74,8.8,2.6,90,3.0
2025-10-18,UA-77,9.0,0.9,75,3.01
2025-10-19,UA-05,4.4,4.8,92,5.33
2025-10-19,UA-07,4.4,3.3,82,5.82
2025-10-19,UA-09,8.7,0.0,80,1.91
2025-10-19,UA-12,8.1,1.0,81,2.63
2025-10-19,UA-14,8.7,0.2,69,2.05
2025-10-19,UA-18,4.5,11.5,92,5.42
2025-10-19,UA-21,6.5,0.0,71,2.32
2025-10-19,UA-23,8.9,0.8,77,3.32
2025-10-19,UA-26,5.3,0.9,73,6.29
2025-10-19,UA-30,5.1,4.9,91,2.65
2025-10-19,UA-32,5.1,4.4,90,3.55
2025-10-19,UA-35,7.5,2.2,82,3.49
2025-10-19,UA-40,12.7,4.3,75,5.26
2025-10-19,UA-43,8.6,2.5,86,2.75
2025-10-19,UA-46,4.4,0.9,77,5.56
2025-10-19,UA-48,8.8,4.6,76,4.52
2025-10-19,UA-51,8.3,1.2,74,6.02
2025-10-19,UA-53,6.9,8.3,89,2.75
2025-10-19,UA-56,4.2,4.9,89,6.04
2025-10-19,UA-59,7.7,17.4,89,3.53
2025-10-19,UA-61,4.2,2.1,78,6.26
2025-10-19,UA-63,9.1,3.2,75,2.28
2025-10-19,UA-65,8.6,7.3,76,3.95
2025-10-19,UA-68,3.8,3.4,88,6.27
2025-10-19,UA-71,7.0,2.3,85,2.91
2025-10-19,UA-74,6.4,6.0,92,1.74
2025-10-19,UA-77,6.4,0.0,65,6.27
2025-10-20,UA-05,4.7,0.7,89,4.05
2025-10-20,UA-07,3.7,0.0,81,2.4
2025-10-20,UA-09,6.9,0.0,77,4.05
2025-10-20,UA-12,5.7,4.7,88,4.32
2025-10-20,UA-14,5.0,0.7,83,3.95
2025-10-20,UA-18,4.6,1.7,96,4.56
2025-10-20,UA-21,4.5,0.0,79,1.74
2025-10-20,UA-23,6.8,3.0,80,5.46
2025-10-20,UA-26,3.3,0.0,79,2.08
2025-10-20,UA-30,6.1,0.1,89,3.37
2025-10-20,UA-32,5.5,1.6,95,3.59
2025-10-20,UA-35,6.2,2.0,83,4.23
2025-10-20,UA-40,10.7,0.7,67,5.76
2025-10-20,UA-43,6.8,0.4,80,3.55
2025-10-20,UA-46,2.5,0.0,80,1.91
2025-10-20,UA-48,7.2,0.1,74,4.34
2025-10-20,UA-51,6.9,0.0,69,4.88
2025-10-20,UA-53,4.4,4.6,92,4.01
2025-10-20,UA-56,4.8,0.0,80,2.93
2025-10-20,UA-59,6.1,10.9,96,2.99
2025-10-20,UA-61,3.1,0.0,76,2.92
2025-10-20,UA-63,5.8,2.1,89,3.11
2025-10-20,UA-65,6.9,0.0,72,4.14
2025-10-20,UA-68,4.5,0.0,79,3.36
2025-10-20,UA-71,6.2,3.3,89,4.32
2025-10-20,UA-74,7.0,1.1,89,4.06
2025-10-20,UA-77,4.8,0.0,72,2.82
2025-10-21,UA-05,5.2,0.0,81,1.95
2025-10-21,UA-07,5.8,0.0,78,3.74
2025-10-21,UA-09,6.6,2.9,85,4.3
2025-10-21,UA-12,7.3,0.4,85,3.7
2025-10-21,UA-14,6.0,2.0,88,3.74
2025-10-21,UA-18,4.6,0.0,86,2.16
2025-10-21,UA-21,6.9,1.0,74,2.48
2025-10-21,UA-23,8.3,2.4,81,4.39
2025-10-21,UA-26,5.8,0.0,75,3.08
2025-10-21,UA-30,5.6,0.5,88,2.03
2025-10-21,UA-32,5.3,0.2,88,1.92
2025-10-21,UA-35,7.1,0.0,81,2.66
2025-10-21,UA-40,11.1,0.0,66,2.4
2025-10-21,UA-43,6.7,0.0,82,1.88
2025-10-21,UA-46,6.4,0.0,72,3.67
2025-10-21,UA-48,7.5,0.0,81,2.49
2025-10-21,UA-51,7.9,0.0,75,2.77
2025-10-21,UA-53,6.6,1.0,85,4.19
2025-10-21,UA-56,5.3,0.0,82,3.3
2025-10-21,UA-59,5.4,4.9,93,4.01
2025-10-21,UA-61,5.0,0.0,78,3.56
2025-10-21,UA-63,5.3,7.3,94,3.72
2025-10-21,UA-65,7.2,0.0,80,2.57
2025-10-21,UA-68,5.0,0.0,83,2.95
2025-10-21,UA-71,6.7,0.3,87,2.53
2025-10-21,UA-74,6.1,0.8,87,2.76
2025-10-21,UA-77,5.3,0.0,77,2.84
2025-10-22,UA-05,6.9,0.0,90,2.44
2025-10-22,UA-07,9.8,0.0,76,3.19
2025-10-22,UA-09,6.7,0.9,81,3.19
2025-10-22,UA-12,6.9,2.3,82,1.96
2025-10-22,UA-14,6.6,0.1,75,2.39
2025-10-22,UA-18,5.5,0.0,94,3.33
2025-10-22,UA-21,12.6,0.0,63,2.45
2025-10-22,UA-23,9.0,0.0,75,2.24
2025-10-22,UA-26,9.8,0.0,79,2.55
2025-10-22,UA-30,5.8,0.1,89,3.66
2025-10-22,UA-32,6.3,0.1,94,3.1
2025-10-22,UA-35,7.3,4.8,89,3.28
2025-10-22,UA-40,13.5,0.0,73,2.47
2025-10-22,UA-43,9.1,0.0,83,2.02
2025-10-22,UA-46,10.2,0.0,79,2.86
2025-10-22,UA-48,9.9,0.0,73,3.55
2025-10-22,UA-51,12.7,0.0,75,4.62
2025-10-22,UA-53,6.1,1.0,83,2.01
2025-10-22,UA-56,8.5,0.0,82,3.5
2025-10-22,UA-59,4.2,0.0,84,1.61
2025-10-22,UA-61,9.0,0.0,80,2.82
2025-10-22,UA-63,5.0,0.2,80,2.17
2025-10-22,UA-65,9.4,0.0,72,3.0
2025-10-22,UA-68,7.2,0.0,87,2.85
2025-10-22,UA-71,6.7,2.4,92,3.69
2025-10-22,UA-74,6.3,0.1,84,3.37
2025-10-22,UA-77,8.7,0.0,79,1.96
2025-10-23,UA-05,11.5,0.7,92,4.63
2025-10-23,UA-07,12.6,0.0,78,4.65
2025-10-23,UA-09,6.8,0.0,77,2.91
2025-10-23,UA-12,10.4,0.0,72,3.62
2025-10-23,UA-14,8.7,0.0,70,3.4
2025-10-23,UA-18,11.0,0.1,91,4.97
2025-10-23,UA-21,14.0,1.0,74,3.9
2025-10-23,UA-23,10.8,0.0,71,4.46
2025-10-23,UA-26,11.9,0.0,81,3.42
2025-10-23,UA-30,10.3,0.3,84,4.54
2025-10-23,UA-32,11.5,0.0,82,4.39
2025-10-23,UA-35,10.6,0.0,83,3.81
2025-10-23,UA-40,15.0,0.0,77,2.39
2025-10-23,UA-43,11.9,0.0,82,1.41
2025-10-23,UA-46,13.4,1.0,74,4.62
2025-10-23,UA-48,10.4,0.0,87,2.7
2025-10-23,UA-51,13.0,0.0,87,4.15
2025-10-23,UA-53,9.0,1.0,79,3.86
2025-10-23,UA-56,11.4,0.1,85,4.8
2025-10-23,UA-59,6.2,0.4,86,4.64
2025-10-23,UA-61,11.1,0.0,85,4.22
2025-10-23,UA-63,6.2,1.2,83,3.55
2025-10-23,UA-65,10.7,0.0,85,2.5
2025-10-23,UA-68,11.2,0.0,88,4.92
2025-10-23,UA-71,10.3,1.2,85,3.98
2025-10-23,UA-74,9.3,0.8,85,4.86
2025-10-23,UA-77,11.1,0.0,82,3.15
2025-10-24,UA-05,13.4,13.1,90,5.71
2025-10-24,UA-07,12.1,9.6,88,5.86
2025-10-24,UA-09,11.0,0.0,85,5.04
2025-10-24,UA-12,13.5,1.2,84,5.36
2025-10-24,UA-14,11.8,0.3,84,4.47
2025-10-24,UA-18,13.2,16.6,90,6.38
2025-10-24,UA-21,11.0,16.6,87,4.01
2025-10-24,UA-23,13.4,2.5,88,6.01
2025-10-24,UA-26,10.6,5.1,86,5.04
2025-10-24,UA-30,12.2,5.1,89,5.96
2025-10-24,UA-32,13.1,14.8,93,5.56
2025-10-24,UA-35,13.2,10.1,91,5.82
2025-10-24,UA-40,16.6,8.5,84,6.52
2025-10-24,UA-43,15.8,5.4,77,3.4
2025-10-24,UA-46,10.5,6.3,87,5.93
2025-10-24,UA-48,14.8,11.8,89,5.72
2025-10-24,UA-51,15.7,8.1,92,6.83
2025-10-24,UA-53,12.2,0.7,82,5.43
2025-10-24,UA-56,12.9,8.4,88,6.26
2025-10-24,UA-59,10.1,0.3,84,5.42
2025-10-24,UA-61,11.0,6.9,91,6.1
2025-10-24,UA-63,10.5,0.5,84,4.57
2025-10-24,UA-65,14.8,10.2,86,5.13
2025-10-24,UA-68,12.6,8.6,90,6.44
2025-10-24,UA-71,12.3,7.1,90,5.72
2025-10-24,UA-74,11.9,1.6,87,6.52
2025-10-24,UA-77,11.5,5.2,84,4.9
2025-10-25,UA-05,8.3,0.1,72,5.18
2025-10-25,UA-07,8.3,2.9,76,6.19
2025-10-25,UA-09,10.4,4.4,89,5.1
2025-10-25,UA-12,11.3,9.8,82,5.07
2025-10-25,UA-14,10.0,7.1,87,4.47
2025-10-25,UA-18,7.7,4.2,81,5.94
2025-10-25,UA-21,8.0,2.7,78,2.79
2025-10-25,UA-23,11.7,8.3,82,5.6
2025-10-25,UA-26,8.4,0.4,67,4.61
2025-10-25,UA-30,8.1,11.9,87,5.64
2025-10-25,UA-32,8.4,2.5,79,5.18
2025-10-25,UA-35,10.0,1.2,78,4.91
2025-10-25,UA-40,14.6,0.0,73,3.73
2025-10-25,UA-43,11.6,0.0,81,3.48
2025-10-25,UA-46,8.3,0.2,70,5.62
2025-10-25,UA-48,10.9,0.0,75,4.36
2025-10-25,UA-51,10.7,0.0,70,3.99
2025-10-25,UA-53,9.9,11.8,89,5.5
2025-10-25,UA-56,8.2,3.0,76,6.09
2025-10-25,UA-59,10.2,10.7,89,6.11
2025-10-25,UA-61,7.8,0.2,71,5.47
2025-10-25,UA-63,10.1,12.2,91,5.64
2025-10-25,UA-65,11.0,0.0,76,4.18
2025-10-25,UA-68,7.9,0.5,72,5.56
2025-10-25,UA-71,9.5,4.9,83,4.96
2025-10-25,UA-74,8.9,11.4,92,6.01
2025-10-25,UA-77,9.0,0.0,60,3.66
2025-10-26,UA-05,7.7,0.0,72,2.85
2025-10-26,UA-07,8.5,0.7,79,3.95
2025-10-26,UA-09,9.1,0.2,73,2.7
2025-10-26,UA-12,9.6,6.2,80,4.41
2025-10-26,UA-14,8.3,1.3,78,2.71
2025-10-26,UA-18,8.1,0.0,74,3.56
2025-10-26,UA-21,9.0,0.4,84,2.54
2025-10-26,UA-23,10.5,2.4,81,4.57
2025-10-26,UA-26,9.0,1.6,77,2.48
2025-10-26,UA-30,6.9,0.0,76,3.4
2025-10-26,UA-32,7.1,0.0,74,2.98
2025-10-26,UA-35,8.7,2.2,87,3.25
2025-10-26,UA-40,14.4,0.2,76,4.64
2025-10-26,UA-43,11.9,1.0,72,2.77
2025-10-26,UA-46,8.9,0.0,76,3.82
2025-10-26,UA-48,11.8,22.8,88,4.24
2025-10-26,UA-51,12.1,1.6,82,3.91
2025-10-26,UA-53,8.3,2.6,82,4.12
2025-10-26,UA-56,8.8,0.1,75,3.71
2025-10-26,UA-59,8.2,0.5,79,4.69
2025-10-26,UA-61,8.6,0.0,75,3.07
2025-10-26,UA-63,8.8,0.8,77,3.78
2025-10-26,UA-65,11.9,18.0,83,4.21
2025-10-26,UA-68,8.4,0.6,77,3.33
2025-10-26,UA-71,8.0,0.0,82,3.23
2025-10-26,UA-74,6.8,1.9,83,3.99
2025-10-26,UA-77,9.8,3.4,73,2.14
2025-10-27,UA-05,7.6,0.8,77,2.31
2025-10-27,UA-07,6.8,1.0,72,4.45
2025-10-27,UA-09,10.1,10.6,85,5.81
2025-10-27,UA-12,10.4,14.2,93,4.73
2025-10-27,UA-14,9.7,23.3,98,5.17
2025-10-27,UA-18,7.3,0.6,79,2.9
2025-10-27,UA-21,7.3,4.1,79,2.91
2025-10-27,UA-23,11.4,19.4,93,5.4
2025-10-27,UA-26,7.7,0.8,69,3.1
2025-10-27,UA-30,6.6,0.0,85,2.37
2025-10-27,UA-32,7.0,0.4,83,2.19
2025-10-27,UA-35,9.1,10.2,95,2.7
2025-10-27,UA-40,15.2,15.0,90,6.68
2025-10-27,UA-43,13.7,10.9,88,4.27
2025-10-27,UA-46,7.0,0.6,70,4.56
2025-10-27,UA-48,11.7,8.8,93,3.39
2025-10-27,UA-51,11.1,0.8,89,2.84
2025-10-27,UA-53,8.8,14.9,94,4.12
2025-10-27,UA-56,6.9,0.2,76,3.7
2025-10-27,UA-59,8.5,14.8,94,3.86
2025-10-27,UA-61,6.7,0.6,75,3.4
2025-10-27,UA-63,9.6,21.3,94,5.25
2025-10-27,UA-65,12.1,12.0,92,3.6
2025-10-27,UA-68,7.3,0.4,76,2.75
2025-10-27,UA-71,8.6,4.8,92,1.92
2025-10-27,UA-74,6.9,0.0,86,2.91
2025-10-27,UA-77,8.3,0.3,71,2.16
2025-10-28,UA-05,7.4,0.5,74,4.02
2025-10-28,UA-07,7.0,3.7,86,5.54
2025-10-28,UA-09,9.1,1.4,84,2.95
2025-10-28,UA-12,7.4,4.1,93,3.07
2025-10-28,UA-14,7.7,2.9,87,2.39
2025-10-28,UA-18,6.9,1.3,80,4.74
2025-10-28,UA-21,9.3,2.2,76,3.09
2025-10-28,UA-23,9.0,6.6,89,3.05
2025-10-28,UA-26,8.4,2.3,70,4.71
2025-10-28,UA-30,6.9,0.8,81,4.22
2025-10-28,UA-32,7.4,0.5,77,3.96
2025-10-28,UA-35,7.0,0.5,84,2.86
2025-10-28,UA-40,13.1,1.3,83,4.14
2025-10-28,UA-43,10.4,1.1,89,2.56
2025-10-28,UA-46,7.6,2.5,77,6.07
2025-10-28,UA-48,8.7,0.8,88,2.47
2025-10-28,UA-51,8.7,0.7,78,2.56
2025-10-28,UA-53,5.9,1.6,95,3.41
2025-10-28,UA-56,7.0,3.4,85,5.14
2025-10-28,UA-59,6.4,0.7,91,4.07
2025-10-28,UA-61,7.0,1.4,78,5.18
2025-10-28,UA-63,7.2,1.4,88,3.54
2025-10-28,UA-65,8.5,2.8,90,2.31
2025-10-28,UA-68,6.6,1.4,80,4.6
2025-10-28,UA-71,7.6,0.5,80,3.42
2025-10-28,UA-74,6.1,1.2,87,4.21
2025-10-28,UA-77,8.7,0.6,64,3.07
2025-10-29,UA-05,7.9,1.5,77,4.1
2025-10-29,UA-07,8.3,1.4,83,5.15
2025-10-29,UA-09,9.4,1.5,79,3.15
2025-10-29,UA-12,8.1,1.0,82,3.68
2025-10-29,UA-14,8.3,0.6,82,3.15
2025-10-29,UA-18,7.6,2.4,84,5.09
2025-10-29,UA-21,11.0,1.0,74,2.35
2025-10-29,UA-23,9.3,1.2,81,3.79
2025-10-29,UA-26,9.8,1.7,71,4.42
2025-10-29,UA-30,7.5,4.7,86,4.65
2025-10-29,UA-32,7.9,1.1,80,4.29
2025-10-29,UA-35,8.2,0.0,78,3.56
2025-10-29,UA-40,13.7,0.2,70,4.88
2025-10-29,UA-43,10.2,0.6,79,3.7
2025-10-29,UA-46,9.1,1.8,77,5.13
2025-10-29,UA-48,9.3,0.0,75,2.88
2025-10-29,UA-51,9.6,0.0,69,3.27
2025-10-29,UA-53,6.8,1.4,86,4.14
2025-10-29,UA-56,8.2,2.0,83,5.13
2025-10-29,UA-59,6.6,3.2,91,4.08
2025-10-29,UA-61,8.6,2.2,76,4.89
2025-10-29,UA-63,7.0,2.8,88,3.98
2025-10-29,UA-65,9.1,0.0,78,3.03
2025-10-29,UA-68,7.9,1.7,78,4.57
2025-10-29,UA-71,8.2,1.0,81,4.24
2025-10-29,UA-74,6.8,3.5,92,4.3
2025-10-29,UA-77,10.0,1.1,68,2.96
2025-10-30,UA-05,10.0,0.0,71,3.94
2025-10-30,UA-07,10.6,1.8,75,5.94
2025-10-30,UA-09,8.0,0.0,80,3.42
2025-10-30,UA-12,9.4,0.0,79,3.22
2025-10-30,UA-14,7.1,0.1,85,2.93
2025-10-30,UA-18,9.6,0.8,73,4.66
2025-10-30,UA-21,13.1,0.5,67,4.14
2025-10-30,UA-23,9.7,0.0,83,3.22
2025-10-30,UA-26,11.5,0.5,68,4.56
2025-10-30,UA-30,9.1,0.0,75,4.12
2025-10-30,UA-32,9.4,0.0,73,3.84
2025-10-30,UA-35,9.3,0.0,81,3.4
2025-10-30,UA-40,14.6,0.0,80,4.55
2025-10-30,UA-43,11.4,0.0,79,2.89
2025-10-30,UA-46,11.2,0.8,71,6.13
2025-10-30,UA-48,11.9,0.0,83,3.69
2025-10-30,UA-51,12.8,0.0,80,4.55
2025-10-30,UA-53,7.9,0.0,79,3.47
2025-10-30,UA-56,10.7,1.8,75,5.46
2025-10-30,UA-59,7.8,0.1,85,3.92
2025-10-30,UA-61,10.8,0.4,70,5.08
2025-10-30,UA-63,7.7,0.1,84,3.29
2025-10-30,UA-65,11.7,0.0,80,3.35
2025-10-30,UA-68,10.1,0.6,72,4.76
2025-10-30,UA-71,9.7,0.2,78,3.53
2025-10-30,UA-74,8.9,0.3,80,4.53
2025-10-30,UA-77,11.4,0.6,67,2.85
2025-10-31,UA-05,9.1,0.0,67,4.95
2025-10-31,UA-07,7.8,0.0,72,6.02
2025-10-31,UA-09,10.4,1.0,87,5.16
2025-10-31,UA-12,11.0,0.8,80,4.61
2025-10-31,UA-14,10.3,0.5,89,4.39
2025-10-31,UA-18,8.9,0.0,70,6.5
2025-10-31,UA-21,7.8,0.0,75,1.41
2025-10-31,UA-23,11.4,0.3,79,5.43
2025-10-31,UA-26,8.1,0.0,65,3.6
2025-10-31,UA-30,9.5,1.1,74,6.6
2025-10-31,UA-32,10.2,0.1,66,5.75
2025-10-31,UA-35,11.0,0.4,69,4.59
2025-10-31,UA-40,14.6,0.0,88,4.01
2025-10-31,UA-43,12.8,0.0,78,3.24
2025-10-31,UA-46,7.3,0.0,71,4.62
2025-10-31,UA-48,12.9,0.0,71,3.8
2025-10-31,UA-51,12.5,0.0,71,3.43
2025-10-31,UA-53,10.3,3.1,76,5.61
2025-10-31,UA-56,8.0,0.0,72,6.03
2025-10-31,UA-59,9.0,7.9,85,6.05
2025-10-31,UA-61,7.5,0.0,69,4.94
2025-10-31,UA-63,9.6,4.7,83,5.28
2025-10-31,UA-65,13.2,0.0,72,3.73
2025-10-31,UA-68,7.8,0.0,70,5.03
2025-10-31,UA-71,10.8,1.8,70,5.34
2025-10-31,UA-74,8.8,6.8,86,7.23
2025-10-31,UA-77,10.3,0.0,63,2.37
2025-11-01,UA-05,5.8,0.0,76,2.03
2025-11-01,UA-07,6.3,0.0,81,2.56
2025-11-01,UA-09,8.9,0.6,78,4.45
2025-11-01,UA-12,8.8,0.1,81,4.4
2025-11-01,UA-14,8.0,0.1,82,3.68
2025-11-01,UA-18,5.8,0.0,79,2.59
2025-11-01,UA-21,8.9,0.0,74,1.94
2025-11-01,UA-23,9.2,0.0,79,4.28
2025-11-01,UA-26,6.6,0.0,77,2.41
2025-11-01,UA-30,7.4,0.0,82,3.29
2025-11-01,UA-32,6.9,0.0,78,2.59
2025-11-01,UA-35,7.3,0.0,80,2.84
2025-11-01,UA-40,12.1,0.0,70,3.54
2025-11-01,UA-43,8.2,0.0,79,1.57
2025-11-01,UA-46,6.5,0.0,79,2.86
2025-11-01,UA-48,7.8,0.0,80,2.56
2025-11-01,UA-51,8.0,0.0,73,2.33
2025-11-01,UA-53,8.4,1.3,84,4.6
2025-11-01,UA-56,6.4,0.0,79,2.42
2025-11-01,UA-59,8.3,1.2,89,3.63
2025-11-01,UA-61,5.8,0.0,81,2.39
2025-11-01,UA-63,8.4,0.2,86,3.83
2025-11-01,UA-65,7.5,0.0,79,2.48
2025-11-01,UA-68,5.4,0.0,79,1.96
2025-11-01,UA-71,8.0,0.0,82,3.29
2025-11-01,UA-74,8.1,0.2,86,3.91
2025-11-01,UA-77,7.3,0.0,77,2.1
2025-11-02,UA-05,7.8,0.0,84,3.61
2025-11-02,UA-07,10.5,0.0,75,3.73
2025-11-02,UA-09,6.9,0.2,84,1.9
2025-11-02,UA-12,8.0,0.0,85,1.91
2025-11-02,UA-14,7.4,0.0,90,1.8
2025-11-02,UA-18,7.0,0.0,84,3.74
2025-11-02,UA-21,12.2,0.0,75,2.63
2025-11-02,UA-23,8.8,0.0,83,1.83
2025-11-02,UA-26,9.2,0.0,83,2.87
2025-11-02,UA-30,6.2,0.0,87,3.67
2025-11-02,UA-32,6.9,0.0,83,3.47
2025-11-02,UA-35,7.3,0.0,83,3.06
2025-11-02,UA-40,12.9,0.0,76,3.35
2025-11-02,UA-43,8.4,0.0,84,1.56
2025-11-02,UA-46,10.8,0.0,78,3.54
2025-11-02,UA-48,7.9,0.0,88,2.64
2025-11-02,UA-51,11.0,0.0,82,3.81
2025-11-02,UA-53,7.2,0.0,86,2.32
2025-11-02,UA-56,9.0,0.0,80,4.01
2025-11-02,UA-59,7.8,0.0,86,2.45
2025-11-02,UA-61,8.3,0.0,84,3.45
2025-11-02,UA-63,7.7,0.1,88,2.21
2025-11-02,UA-65,7.4,0.0,87,2.3
2025-11-02,UA-68,7.8,0.0,85,3.86
2025-11-02,UA-71,7.2,0.0,86,2.99
2025-11-02,UA-74,6.5,0.0,89,3.76
2025-11-02,UA-77,8.7,0.0,86,2.56
2025-11-03,UA-05,11.5,0.6,81,4.23
2025-11-03,UA-07,13.0,4.5,80,3.59
2025-11-03,UA-09,6.0,0.0,79,3.35
2025-11-03,UA-12,8.3,0.0,84,3.91
2025-11-03,UA-14,6.9,0.0,79,3.65
2025-11-03,UA-18,11.4,0.8,81,4.36
2025-11-03,UA-21,13.0,6.5,78,3.2
2025-11-03,UA-23,9.2,0.0,81,4.56
2025-11-03,UA-26,11.0,2.7,85,3.13
2025-11-03,UA-30,10.3,0.0,84,4.73
2025-11-03,UA-32,10.8,0.0,84,4.49
2025-11-03,UA-35,9.2,0.0,87,4.12
2025-11-03,UA-40,13.8,0.0,77,4.5
2025-11-03,UA-43,10.0,0.0,82,2.22
2025-11-03,UA-46,12.7,4.2,79,4.23
2025-11-03,UA-48,10.0,0.0,88,3.12
2025-11-03,UA-51,13.1,0.0,87,3.97
2025-11-03,UA-53,7.2,0.0,87,4.4
2025-11-03,UA-56,11.6,2.7,86,3.61
2025-11-03,UA-59,7.9,0.0,87,5.62
2025-11-03,UA-61,10.5,2.5,89,3.27
2025-11-03,UA-63,7.5,0.0,86,4.03
2025-11-03,UA-65,9.7,0.0,87,3.13
2025-11-03,UA-68,10.8,0.0,86,3.81
2025-11-03,UA-71,9.6,0.0,84,4.28
2025-11-03,UA-74,9.8,0.2,82,5.28
2025-11-03,UA-77,10.9,0.6,85,2.45
2025-11-04,UA-05,9.2,0.5,94,3.49
2025-11-04,UA-07,8.2,6.8,94,4.3
2025-11-04,UA-09,7.5,0.0,81,3.78
2025-11-04,UA-12,7.3,0.0,88,1.8
2025-11-04,UA-14,6.0,0.0,85,2.84
2025-11-04,UA-18,9.9,2.6,95,3.24
2025-11-04,UA-21,8.6,0.0,80,2.45
2025-11-04,UA-23,8.3,0.0,87,2.21
2025-11-04,UA-26,9.0,1.6,89,3.92
2025-11-04,UA-30,10.6,1.6,92,2.09
2025-11-04,UA-32,10.8,3.2,94,2.13
2025-11-04,UA-35,8.6,0.3,92,1.31
2025-11-04,UA-40,13.8,0.0,89,2.77
2025-11-04,UA-43,10.0,0.0,85,1.39
2025-11-04,UA-46,8.4,3.1,88,3.64
2025-11-04,UA-48,9.8,0.4,94,1.34
2025-11-04,UA-51,12.9,0.5,88,2.67
2025-11-04,UA-53,6.8,0.0,87,1.73
2025-11-04,UA-56,8.5,13.8,95,4.76
2025-11-04,UA-59,7.7,0.0,86,2.35
2025-11-04,UA-61,8.5,1.5,90,4.53
2025-11-04,UA-63,5.1,0.0,89,2.32
2025-11-04,UA-65,9.2,0.0,95,1.24
2025-11-04,UA-68,8.4,2.8,95,4.85
2025-11-04,UA-71,9.0,0.4,91,1.91
2025-11-04,UA-74,10.0,0.3,92,2.0
2025-11-04,UA-77,9.8,0.8,84,4.66
2025-11-05,UA-05,8.9,1.9,95,2.78
2025-11-05,UA-07,6.7,0.0,89,1.71
2025-11-05,UA-09,7.9,0.0,93,2.39
2025-11-05,UA-12,8.1,0.0,87,2.18
2025-11-05,UA-14,6.3,0.0,96,1.87
2025-11-05,UA-18,9.5,1.6,97,2.89
2025-11-05,UA-21,5.0,0.0,85,1.02
2025-11-05,UA-23,8.7,0.0,88,2.59
2025-11-05,UA-26,8.1,0.0,82,1.9
2025-11-05,UA-30,9.6,0.1,93,1.86
2025-11-05,UA-32,9.5,1.3,90,2.29
2025-11-05,UA-35,8.8,0.1,90,1.98
2025-11-05,UA-40,12.6,0.0,84,3.25
2025-11-05,UA-43,9.9,0.0,89,1.66
2025-11-05,UA-46,6.7,0.0,84,1.71
2025-11-05,UA-48,10.4,0.5,95,1.58
2025-11-05,UA-51,9.8,1.7,88,2.56
2025-11-05,UA-53,7.7,0.2,86,2.3
2025-11-05,UA-56,7.7,0.0,91,2.17
2025-11-05,UA-59,7.8,0.0,87,2.23
2025-11-05,UA-61,8.0,0.2,88,2.37
2025-11-05,UA-63,6.7,0.0,92,2.2
2025-11-05,UA-65,10.2,0.3,90,1.2
2025-11-05,UA-68,7.8,1.4,98,3.16
2025-11-05,UA-71,8.7,0.2,89,1.98
2025-11-05,UA-74,9.8,0.1,93,1.79
2025-11-05,UA-77,8.1,4.0,91,3.22
2025-11-06,UA-05,7.8,0.0,87,1.04
2025-11-06,UA-07,8.3,0.0,86,2.92
2025-11-06,UA-09,10.2,0.0,92,1.68
2025-11-06,UA-12,8.0,0.1,88,2.37
2025-11-06,UA-14,8.5,0.0,96,1.78
2025-11-06,UA-18,8.1,0.0,87,1.48
2025-11-06,UA-21,5.8,0.0,83,1.56
2025-11-06,UA-23,8.9,0.0,87,2.89
2025-11-06,UA-26,7.9,0.0,86,3.59
2025-11-06,UA-30,8.1,0.0,88,1.11
2025-11-06,UA-32,7.7,0.1,84,0.99
2025-11-06,UA-35,7.9,0.1,86,2.18
2025-11-06,UA-40,12.8,0.0,84,3.05
2025-11-06,UA-43,9.7,0.0,91,2.98
2025-11-06,UA-46,7.6,0.0,87,3.98
2025-11-06,UA-48,9.1,0.0,85,3.07
2025-11-06,UA-51,9.8,0.0,84,4.01
2025-11-06,UA-53,7.3,0.0,85,1.92
2025-11-06,UA-56,8.6,0.0,87,2.5
2025-11-06,UA-59,6.9,0.0,85,0.94
2025-11-06,UA-61,7.9,0.0,88,3.03
2025-11-06,UA-63,7.4,0.1,89,1.47
2025-11-06,UA-65,8.9,0.0,85,2.9
2025-11-06,UA-68,8.0,0.0,92,1.91
2025-11-06,UA-71,7.9,0.0,86,1.44
2025-11-06,UA-74,8.6,0.2,91,1.43
2025-11-06,UA-77,8.2,0.6,88,2.71
2025-11-07,UA-05,6.0,0.0,86,1.54
2025-11-07,UA-07,6.2,0.0,90,3.0
2025-11-07,UA-09,9.8,0.3,88,1.25
2025-11-07,UA-12,8.7,0.1,85,2.59
2025-11-07,UA-14,8.6,0.0,88,1.88
2025-11-07,UA-18,6.1,0.0,85,1.44
2025-11-07,UA-21,7.1,0.0,79,1.57
2025-11-07,UA-23,9.6,0.0,85,3.38
2025-11-07,UA-26,5.8,0.0,91,3.93
2025-11-07,UA-30,6.3,0.0,85,0.83
2025-11-07,UA-32,6.1,0.0,83,1.13
2025-11-07,UA-35,7.4,0.1,83,2.53
2025-11-07,UA-40,13.7,0.0,84,1.88
2025-11-07,UA-43,11.1,0.0,89,3.97
2025-11-07,UA-46,5.6,0.0,92,3.78
2025-11-07,UA-48,9.3,0.1,86,3.88
2025-11-07,UA-51,9.1,0.0,86,4.73
2025-11-07,UA-53,5.7,0.0,83,1.67
2025-11-07,UA-56,6.8,0.0,88,2.84
2025-11-07,UA-59,6.5,0.0,86,2.03
2025-11-07,UA-61,5.7,0.0,92,3.68
2025-11-07,UA-63,5.7,0.0,85,1.46
2025-11-07,UA-65,9.4,0.0,87,3.84
2025-11-07,UA-68,6.2,0.0,89,2.48
2025-11-07,UA-71,6.6,0.0,83,1.54
2025-11-07,UA-74,6.7,0.1,87,1.63
2025-11-07,UA-77,6.5,0.0,90,3.55
2025-11-08,UA-05,6.0,0.0,92,2.28
2025-11-08,UA-07,5.9,0.1,92,3.25
2025-11-08,UA-09,8.2,0.0,87,1.33
2025-11-08,UA-12,8.0,0.0,89,2.14
2025-11-08,UA-14,8.3,0.0,88,1.92
2025-11-08,UA-18,5.2,0.1,92,2.16
2025-11-08,UA-21,9.4,2.4,89,1.4
2025-11-08,UA-23,9.3,0.0,88,3.2
2025-11-08,UA-26,6.5,0.2,91,4.23
2025-11-08,UA-30,5.2,0.1,89,1.71
2025-11-08,UA-32,5.9,0.0,91,1.64
2025-11-08,UA-35,7.5,0.2,91,1.64
2025-11-08,UA-40,13.7,0.0,82,2.28
2025-11-08,UA-43,11.0,0.2,89,1.58
2025-11-08,UA-46,6.0,0.0,92,4.09
2025-11-08,UA-48,9.4,0.0,91,2.63
2025-11-08,UA-51,9.5,0.0,91,2.45
2025-11-08,UA-53,4.7,0.0,90,0.83
2025-11-08,UA-56,5.9,0.1,92,3.17
2025-11-08,UA-59,4.1,0.0,93,2.04
2025-11-08,UA-61,5.8,0.0,94,3.92
2025-11-08,UA-63,3.7,0.0,95,1.6
2025-11-08,UA-65,9.0,0.0,90,2.49
2025-11-08,UA-68,5.7,0.0,93,3.17
2025-11-08,UA-71,6.3,0.0,91,1.33
2025-11-08,UA-74,4.5,0.1,91,1.74
2025-11-08,UA-77,7.2,0.3,93,4.18
2025-11-09,UA-05,8.1,0.9,98,2.73
2025-11-09,UA-07,7.9,1.3,96,1.62
2025-11-09,UA-09,5.4,0.0,96,1.2
2025-11-09,UA-12,7.5,0.7,94,1.38
2025-11-09,UA-14,7.2,0.0,95,1.5
2025-11-09,UA-18,7.7,0.8,97,2.76
2025-11-09,UA-21,10.3,3.4,96,2.25
2025-11-09,UA-23,8.2,1.4,92,1.63
2025-11-09,UA-26,9.2,3.0,93,1.6
2025-11-09,UA-30,7.4,0.2,94,2.33
2025-11-09,UA-32,8.1,0.2,94,2.37
2025-11-09,UA-35,8.3,0.6,96,2.04
2025-11-09,UA-40,14.0,0.0,87,2.1
2025-11-09,UA-43,12.2,0.0,88,1.33
2025-11-09,UA-46,8.2,2.5,96,1.69
2025-11-09,UA-48,10.4,5.0,93,2.12
2025-11-09,UA-51,11.8,5.4,95,3.06
2025-11-09,UA-53,5.7,0.0,94,1.47
2025-11-09,UA-56,8.3,0.9,96,2.28
2025-11-09,UA-59,4.4,0.0,97,1.85
2025-11-09,UA-61,8.7,1.5,96,2.41
2025-11-09,UA-63,4.4,0.3,98,1.29
2025-11-09,UA-65,9.9,7.2,93,1.82
2025-11-09,UA-68,8.5,0.6,97,3.17
2025-11-09,UA-71,7.8,0.9,93,1.96
2025-11-09,UA-74,6.1,0.5,96,2.08
2025-11-09,UA-77,9.4,2.2,95,2.19
2025-11-10,UA-05,9.8,1.9,94,1.37
2025-11-10,UA-07,7.5,0.0,94,1.95
2025-11-10,UA-09,8.6,3.1,94,1.74
2025-11-10,UA-12,10.1,1.1,95,2.27
2025-11-10,UA-14,9.3,2.3,96,1.77
2025-11-10,UA-18,9.9,2.0,94,1.65
2025-11-10,UA-21,8.3,0.0,95,1.24
2025-11-10,UA-23,10.4,2.5,94,2.46
2025-11-10,UA-26,7.8,0.0,89,1.5
2025-11-10,UA-30,9.7,1.3,93,1.84
2025-11-10,UA-32,10.0,2.7,92,1.34
2025-11-10,UA-35,11.0,5.7,99,2.06
2025-11-10,UA-40,15.0,0.0,90,4.47
2025-11-10,UA-43,14.0,0.0,88,2.05
2025-11-10,UA-46,7.7,0.5,87,1.54
2025-11-10,UA-48,12.9,7.5,95,2.62
2025-11-10,UA-51,12.9,4.3,94,2.87
2025-11-10,UA-53,8.6,0.5,97,2.48
2025-11-10,UA-56,8.7,0.0,92,1.73
2025-11-10,UA-59,8.0,0.0,99,2.37
2025-11-10,UA-61,8.3,0.6,88,1.72
2025-11-10,UA-63,7.9,0.7,98,2.31
2025-11-10,UA-65,13.1,3.5,95,2.41
2025-11-10,UA-68,8.8,1.2,93,1.53
2025-11-10,UA-71,10.0,4.3,98,1.36
2025-11-10,UA-74,9.0,0.2,95,1.95
2025-11-10,UA-77,7.3,1.4,94,1.64
2025-11-11,UA-05,8.1,1.6,92,2.87
2025-11-11,UA-07,5.9,1.5,93,2.3
2025-11-11,UA-09,10.4,0.3,93,3.24
2025-11-11,UA-12,12.0,14.0,96,3.96
2025-11-11,UA-14,10.3,0.0,94,3.28
2025-11-11,UA-18,7.7,3.4,95,2.53
2025-11-11,UA-21,6.5,0.2,93,1.4
2025-11-11,UA-23,11.5,3.7,94,4.34
2025-11-11,UA-26,7.0,0.8,90,2.78
2025-11-11,UA-30,8.5,3.7,97,2.48
2025-11-11,UA-32,8.7,1.9,95,2.76
2025-11-11,UA-35,11.3,28.5,97,3.61
2025-11-11,UA-40,15.0,0.5,84,3.56
2025-11-11,UA-43,13.0,1.6,83,1.68
2025-11-11,UA-46,6.6,3.8,91,3.1
2025-11-11,UA-48,13.1,7.9,96,3.87
2025-11-11,UA-51,12.5,11.5,94,4.22
2025-11-11,UA-53,10.6,16.7,98,4.17
2025-11-11,UA-56,6.4,0.6,92,2.58
2025-11-11,UA-59,9.3,21.9,99,3.64
2025-11-11,UA-61,6.3,2.3,91,2.76
2025-11-11,UA-63,10.6,15.2,97,3.42
2025-11-11,UA-65,13.3,5.6,96,3.26
2025-11-11,UA-68,7.1,0.9,91,2.88
2025-11-11,UA-71,9.7,9.2,97,3.12
2025-11-11,UA-74,8.6,14.1,97,2.51
2025-11-11,UA-77,7.9,0.0,89,3.19
2025-11-12,UA-05,5.9,0.4,89,2.99
2025-11-12,UA-07,6.3,0.7,91,2.1
2025-11-12,UA-09,9.6,5.6,95,1.81
2025-11-12,UA-12,8.6,0.2,91,3.22
2025-11-12,UA-14,8.9,8.0,99,1.91
2025-11-12,UA-18,6.3,1.0,92,3.85
2025-11-12,UA-21,6.9,0.4,92,1.65
2025-11-12,UA-23,9.1,1.6,90,3.54
2025-11-12,UA-26,6.8,3.6,90,3.34
2025-11-12,UA-30,6.4,1.6,95,3.23
2025-11-12,UA-32,6.5,1.3,91,3.5
2025-11-12,UA-35,7.4,1.2,90,3.45
2025-11-12,UA-40,11.9,1.8,86,5.76
2025-11-12,UA-43,9.8,4.7,90,2.58
2025-11-12,UA-46,6.5,3.5,94,2.79
2025-11-12,UA-48,7.7,0.0,88,3.76
2025-11-12,UA-51,7.7,0.3,87,4.12
2025-11-12,UA-53,7.7,0.4,92,2.81
2025-11-12,UA-56,6.5,0.5,89,3.01
2025-11-12,UA-59,7.8,1.5,93,2.54
2025-11-12,UA-61,6.6,2.5,92,3.18
2025-11-12,UA-63,8.7,0.4,93,2.12
2025-11-12,UA-65,7.9,0.0,86,3.4
2025-11-12,UA-68,6.1,1.2,91,2.63
2025-11-12,UA-71,7.2,2.6,93,3.25
2025-11-12,UA-74,5.1,0.3,89,3.9
2025-11-12,UA-77,6.8,2.8,90,2.79
2025-11-13,UA-05,6.3,0.1,85,2.63
2025-11-13,UA-07,5.9,0.0,87,3.7
2025-11-13,UA-09,8.1,0.0,87,2.05
2025-11-13,UA-12,7.1,0.3,90,1.8
2025-11-13,UA-14,6.6,0.0,89,1.87
2025-11-13,UA-18,5.5,0.2,89,2.33
2025-11-13,UA-21,7.0,1.1,88,2.08
2025-11-13,UA-23,7.7,0.1,85,2.07
2025-11-13,UA-26,5.7,0.0,80,1.95
2025-11-13,UA-30,4.6,0.0,88,2.5
2025-11-13,UA-32,5.5,0.6,90,2.26
2025-11-13,UA-35,6.1,1.0,94,1.87
2025-11-13,UA-40,10.2,0.8,78,2.73
2025-11-13,UA-43,7.0,1.3,89,1.6
2025-11-13,UA-46,6.0,0.0,82,3.2
2025-11-13,UA-48,7.4,0.3,90,1.48
2025-11-13,UA-51,7.8,0.2,84,2.39
2025-11-13,UA-53,6.0,0.1,87,1.56
2025-11-13,UA-56,6.3,0.1,86,3.08
2025-11-13,UA-59,5.7,1.6,96,2.04
2025-11-13,UA-61,5.4,0.0,85,2.73
2025-11-13,UA-63,6.5,0.2,90,2.11
2025-11-13,UA-65,7.2,0.1,87,1.35
2025-11-13,UA-68,5.7,0.1,87,2.64
2025-11-13,UA-71,5.7,3.2,89,1.68
2025-11-13,UA-74,4.6,0.0,85,3.04
2025-11-13,UA-77,5.2,0.0,84,1.68
2025-11-14,UA-05,5.3,0.0,88,3.81
2025-11-14,UA-07,8.3,0.0,76,4.54
2025-11-14,UA-09,5.0,0.0,86,1.02
2025-11-14,UA-12,6.6,0.0,86,2.9
2025-11-14,UA-14,4.6,0.0,88,1.02
2025-11-14,UA-18,6.6,0.0,83,4.6
2025-11-14,UA-21,7.6,1.6,91,2.62
2025-11-14,UA-23,7.7,0.0,80,1.86
2025-11-14,UA-26,7.7,0.0,77,1.82
2025-11-14,UA-30,6.6,0.0,83,4.85
2025-11-14,UA-32,6.5,0.0,83,4.48
2025-11-14,UA-35,6.6,0.0,87,3.73
2025-11-14,UA-40,10.5,0.0,75,2.15
2025-11-14,UA-43,5.9,0.0,89,2.31
2025-11-14,UA-46,8.6,0.0,74,3.53
2025-11-14,UA-48,7.8,0.0,90,2.17
2025-11-14,UA-51,7.6,0.0,78,1.58
2025-11-14,UA-53,5.7,0.0,84,4.07
2025-11-14,UA-56,8.1,0.0,78,4.27
2025-11-14,UA-59,5.5,0.0,83,5.71
2025-11-14,UA-61,6.6,0.0,83,3.01
2025-11-14,UA-63,6.0,0.0,86,4.16
2025-11-14,UA-65,7.2,0.0,84,2.0
2025-11-14,UA-68,5.6,0.0,87,3.73
2025-11-14,UA-71,7.0,0.0,81,4.41
2025-11-14,UA-74,6.5,0.0,85,5.33
2025-11-14,UA-77,4.6,0.0,87,1.75
2025-11-15,UA-05,5.7,0.2,88,4.12
2025-11-15,UA-07,5.1,0.9,86,4.48
2025-11-15,UA-09,6.0,0.0,86,3.64
2025-11-15,UA-12,7.7,0.0,85,4.55
2025-11-15,UA-14,4.7,0.0,88,2.86
2025-11-15,UA-18,5.1,0.9,89,4.84
2025-11-15,UA-21,8.8,0.1,86,1.81
2025-11-15,UA-23,7.6,0.2,88,4.03
2025-11-15,UA-26,8.7,0.6,81,3.34
2025-11-15,UA-30,5.4,1.3,86,4.74
2025-11-15,UA-32,6.1,0.7,84,4.72
2025-11-15,UA-35,7.8,0.0,87,4.69
2025-11-15,UA-40,11.3,0.0,72,2.37
2025-11-15,UA-43,6.3,0.0,87,1.55
2025-11-15,UA-46,7.8,0.3,84,4.62
2025-11-15,UA-48,9.1,0.0,88,3.72
2025-11-15,UA-51,8.7,0.0,89,3.77
2025-11-15,UA-53,6.9,0.3,84,5.57
2025-11-15,UA-56,5.5,0.9,85,4.49
2025-11-15,UA-59,5.5,2.3,86,5.93
2025-11-15,UA-61,6.5,0.5,86,4.18
2025-11-15,UA-63,6.7,1.6,84,5.8
2025-11-15,UA-65,8.4,0.0,89,3.33
2025-11-15,UA-68,5.2,0.1,90,4.27
2025-11-15,UA-71,7.3,0.0,80,4.94
2025-11-15,UA-74,4.1,1.9,88,4.67
2025-11-15,UA-77,6.9,0.0,87,1.83
2025-11-16,UA-05,4.2,1.5,91,3.51
2025-11-16,UA-07,5.4,2.7,93,4.19
2025-11-16,UA-09,6.8,0.2,93,2.6
2025-11-16,UA-12,5.9,0.3,89,3.25
2025-11-16,UA-14,6.9,0.3,97,1.91
2025-11-16,UA-18,2.6,3.1,92,3.97
2025-11-16,UA-21,9.9,9.1,92,3.15
2025-11-16,UA-23,8.7,2.1,93,2.53
2025-11-16,UA-26,7.9,3.3,95,3.45
2025-11-16,UA-30,1.8,2.0,90,3.69
2025-11-16,UA-32,3.2,1.1,88,3.3
2025-11-16,UA-35,4.8,0.3,91,2.74
2025-11-16,UA-40,12.8,0.0,74,4.18
2025-11-16,UA-43,8.4,0.0,82,2.35
2025-11-16,UA-46,7.9,2.6,92,3.71
2025-11-16,UA-48,8.9,0.0,96,3.01
2025-11-16,UA-51,7.9,0.0,96,3.06
2025-11-16,UA-53,2.3,0.3,87,3.44
2025-11-16,UA-56,4.7,4.3,93,4.41
2025-11-16,UA-59,-0.3,0.1,90,3.19
2025-11-16,UA-61,6.1,2.8,96,4.27
2025-11-16,UA-63,1.6,0.6,90,3.13
2025-11-16,UA-65,9.2,1.1,97,2.79
2025-11-16,UA-68,4.7,3.0,94,4.19
2025-11-16,UA-71,3.4,0.2,89,3.17
2025-11-16,UA-74,-0.4,1.2,90,3.6
2025-11-16,UA-77,7.6,2.1,95,3.56
2025-11-17,UA-05,8.8,0.1,88,4.49
2025-11-17,UA-07,8.7,8.0,94,4.45
2025-11-17,UA-09,10.3,0.0,91,5.57
2025-11-17,UA-12,11.3,0.6,87,5.75
2025-11-17,UA-14,9.7,0.0,95,4.52
2025-11-17,UA-18,9.0,0.3,88,5.12
2025-11-17,UA-21,10.8,24.1,85,4.4
2025-11-17,UA-23,11.2,0.6,88,6.02
2025-11-17,UA-26,11.4,2.4,78,3.98
2025-11-17,UA-30,8.1,1.5,91,5.03
2025-11-17,UA-32,8.7,0.0,89,4.74
2025-11-17,UA-35,10.4,0.6,93,5.15
2025-11-17,UA-40,14.5,0.0,83,6.23
2025-11-17,UA-43,13.0,0.0,77,5.38
2025-11-17,UA-46,9.6,10.6,87,4.69
2025-11-17,UA-48,12.8,0.0,90,5.74
2025-11-17,UA-51,11.7,0.0,89,5.15
2025-11-17,UA-53,9.5,0.6,91,5.41
2025-11-17,UA-56,9.7,3.3,88,4.76
2025-11-17,UA-59,7.6,2.6,96,5.48
2025-11-17,UA-61,9.9,1.8,83,4.75
2025-11-17,UA-63,9.1,1.4,93,4.94
2025-11-17,UA-65,13.1,0.0,88,5.4
2025-11-17,UA-68,9.0,0.2,87,5.07
2025-11-17,UA-71,8.9,0.1,91,4.54
2025-11-17,UA-74,7.2,3.2,95,5.68
2025-11-17,UA-77,9.9,0.2,83,3.2
2025-11-18,UA-05,4.2,0.0,80,4.15
2025-11-18,UA-07,2.4,1.1,82,4.59
2025-11-18,UA-09,13.8,3.2,79,6.86
2025-11-18,UA-12,11.7,0.8,81,5.7
2025-11-18,UA-14,13.0,1.5,83,5.27
2025-11-18,UA-18,3.5,0.0,81,5.03
2025-11-18,UA-21,3.1,1.5,81,2.76
2025-11-18,UA-23,12.0,1.0,83,6.07
2025-11-18,UA-26,2.0,2.6,84,3.88
2025-11-18,UA-30,4.4,0.1,82,4.67
2025-11-18,UA-32,4.9,0.0,79,4.08
2025-11-18,UA-35,8.8,0.4,85,4.27
2025-11-18,UA-40,15.8,1.2,83,7.08
2025-11-18,UA-43,15.0,0.7,79,5.68
2025-11-18,UA-46,1.7,1.5,85,4.18
2025-11-18,UA-48,11.4,2.1,85,4.53
2025-11-18,UA-51,10.3,2.7,84,4.87
2025-11-18,UA-53,9.2,0.5,84,5.38
2025-11-18,UA-56,2.2,1.5,85,4.37
2025-11-18,UA-59,7.6,0.1,85,5.77
2025-11-18,UA-61,1.7,1.5,85,4.04
2025-11-18,UA-63,10.3,0.9,84,5.72
2025-11-18,UA-65,12.2,1.6,86,4.48
2025-11-18,UA-68,2.5,0.9,83,4.3
2025-11-18,UA-71,7.0,0.2,83,4.2
2025-11-18,UA-74,4.1,0.3,84,5.28
2025-11-18,UA-77,3.1,2.2,85,3.97
2025-11-19,UA-05,0.9,0.0,82,1.82
2025-11-19,UA-07,0.8,0.0,82,3.46
2025-11-19,UA-09,6.0,13.1,95,3.36
2025-11-19,UA-12,3.1,7.1,94,3.48
2025-11-19,UA-14,5.6,11.0,97,2.89
2025-11-19,UA-18,-0.5,0.0,86,2.13
2025-11-19,UA-21,-0.0,0.0,82,1.44
2025-11-19,UA-23,5.2,12.4,89,4.82
2025-11-19,UA-26,0.2,0.0,88,2.89
2025-11-19,UA-30,-0.1,0.0,85,1.68
2025-11-19,UA-32,0.7,0.0,82,1.32
2025-11-19,UA-35,2.0,3.2,93,2.19
2025-11-19,UA-40,14.7,0.2,90,4.0
2025-11-19,UA-43,13.8,0.0,90,3.55
2025-11-19,UA-46,-0.0,0.0,83,3.21
2025-11-19,UA-48,4.8,7.0,91,4.11
2025-11-19,UA-51,4.7,7.6,92,4.39
2025-11-19,UA-53,0.5,1.8,96,1.97
2025-11-19,UA-56,0.3,0.0,85,3.06
2025-11-19,UA-59,-0.4,0.0,90,1.07
2025-11-19,UA-61,-0.5,0.0,89,3.25
2025-11-19,UA-63,0.7,2.0,92,1.93
2025-11-19,UA-65,5.2,8.2,90,3.77
2025-11-19,UA-68,-0.0,0.0,87,2.75
2025-11-19,UA-71,1.1,0.3,84,1.49
2025-11-19,UA-74,-1.1,0.0,85,2.08
2025-11-19,UA-77,1.3,0.0,90,3.17
2025-11-20,UA-05,3.4,0.3,97,3.21
2025-11-20,UA-07,2.1,1.1,96,3.62
2025-11-20,UA-09,4.8,2.7,96,2.88
2025-11-20,UA-12,5.2,5.3,96,3.82
2025-11-20,UA-14,5.1,2.9,97,2.87
2025-11-20,UA-18,2.3,0.3,94,3.71
2025-11-20,UA-21,5.8,0.7,91,2.14
2025-11-20,UA-23,7.1,7.3,93,4.16
2025-11-20,UA-26,3.2,0.5,93,2.86
2025-11-20,UA-30,1.4,0.6,96,3.84
2025-11-20,UA-32,2.4,1.1,96,3.16
2025-11-20,UA-35,4.1,0.9,99,3.03
2025-11-20,UA-40,14.7,0.0,88,4.57
2025-11-20,UA-43,13.7,0.0,81,2.79
2025-11-20,UA-46,2.6,0.9,92,3.16
2025-11-20,UA-48,8.4,8.2,98,3.38
2025-11-20,UA-51,9.9,4.0,97,3.41
2025-11-20,UA-53,2.1,1.3,96,3.62
2025-11-20,UA-56,2.9,0.7,95,3.78
2025-11-20,UA-59,0.6,0.4,92,3.81
2025-11-20,UA-61,2.7,0.0,97,3.53
2025-11-20,UA-63,1.4,0.8,97,3.36
2025-11-20,UA-65,9.2,10.3,98,3.58
2025-11-20,UA-68,3.8,0.1,96,3.78
2025-11-20,UA-71,3.1,1.5,96,3.43
2025-11-20,UA-74,-0.3,0.6,95,4.42
2025-11-20,UA-77,4.4,0.0,95,3.17
2025-11-21,UA-05,7.5,0.7,99,2.51
2025-11-21,UA-07,2.5,4.4,98,3.14
2025-11-21,UA-09,8.4,0.0,96,3.41
2025-11-21,UA-12,11.7,0.0,92,4.95
2025-11-21,UA-14,8.5,0.0,97,3.28
2025-11-21,UA-18,5.5,1.7,98,2.37
2025-11-21,UA-21,5.1,18.9,92,3.87
2025-11-21,UA-23,11.1,0.2,94,5.59
2025-11-21,UA-26,3.4,2.6,98,2.21
2025-11-21,UA-30,6.4,1.6,98,2.58
2025-11-21,UA-32,8.0,1.2,98,2.51
2025-11-21,UA-35,12.6,1.8,94,4.28
2025-11-21,UA-40,15.7,0.0,71,6.35
2025-11-21,UA-43,15.0,0.0,59,3.36
2025-11-21,UA-46,2.2,10.0,97,3.65
2025-11-21,UA-48,14.3,0.0,86,4.9
2025-11-21,UA-51,14.8,0.2,88,5.96
2025-11-21,UA-53,10.7,1.4,93,4.44
2025-11-21,UA-56,4.1,1.1,97,2.6
2025-11-21,UA-59,8.4,2.8,97,4.25
2025-11-21,UA-61,4.4,0.6,97,2.35
2025-11-21,UA-63,9.5,1.4,97,4.15
2025-11-21,UA-65,14.5,0.0,81,4.51
2025-11-21,UA-68,5.6,0.5,98,2.38
2025-11-21,UA-71,10.0,6.8,97,3.0
2025-11-21,UA-74,3.4,3.2,99,2.65
2025-11-21,UA-77,5.9,0.3,98,2.17
2025-11-22,UA-05,3.8,2.1,98,3.27
2025-11-22,UA-07,0.5,4.2,96,3.3
2025-11-22,UA-09,10.3,0.0,78,3.78
2025-11-22,UA-12,11.2,0.0,87,3.3
2025-11-22,UA-14,9.2,0.0,86,3.17
2025-11-22,UA-18,2.5,2.9,97,3.79
2025-11-22,UA-21,2.7,10.9,80,4.85
2025-11-22,UA-23,10.7,0.0,88,3.51
2025-11-22,UA-26,0.9,5.8,94,2.82
2025-11-22,UA-30,3.6,3.1,98,3.68
2025-11-22,UA-32,4.5,2.3,98,3.34
2025-11-22,UA-35,12.6,0.4,92,3.08
2025-11-22,UA-40,15.4,0.0,70,4.06
2025-11-22,UA-43,14.3,0.0,58,2.02
2025-11-22,UA-46,-0.3,7.1,98,3.91
2025-11-22,UA-48,13.6,0.0,86,3.33
2025-11-22,UA-51,13.3,0.0,89,3.71
2025-11-22,UA-53,11.4,0.6,88,3.09
2025-11-22,UA-56,0.6,4.0,94,3.64
2025-11-22,UA-59,11.4,7.8,96,3.34
2025-11-22,UA-61,0.7,4.8,92,3.8
2025-11-22,UA-63,10.9,0.1,90,3.23
2025-11-22,UA-65,13.9,0.0,83,3.11
2025-11-22,UA-68,1.8,2.8,96,3.64
2025-11-22,UA-71,10.1,3.1,96,2.55
2025-11-22,UA-74,2.8,4.5,98,3.52
2025-11-22,UA-77,2.5,2.4,95,3.19
2025-11-23,UA-05,2.5,8.3,98,2.48
2025-11-23,UA-07,0.7,5.4,94,3.4
2025-11-23,UA-09,8.1,0.0,92,2.7
2025-11-23,UA-12,10.6,0.0,88,3.31
2025-11-23,UA-14,8.5,0.0,90,3.04
2025-11-23,UA-18,1.1,8.4,98,2.99
2025-11-23,UA-21,1.9,8.4,96,2.6
2025-11-23,UA-23,11.0,0.0,85,3.94
2025-11-23,UA-26,0.2,7.4,92,2.44
2025-11-23,UA-30,2.8,7.1,97,2.93
2025-11-23,UA-32,3.5,5.0,98,2.47
2025-11-23,UA-35,10.2,0.7,95,3.41
2025-11-23,UA-40,16.1,0.0,65,4.7
2025-11-23,UA-43,14.8,0.0,61,2.37
2025-11-23,UA-46,-0.2,6.6,96,3.2
2025-11-23,UA-48,12.3,0.1,92,3.11
2025-11-23,UA-51,11.7,1.0,96,3.33
2025-11-23,UA-53,9.1,0.0,94,3.21
2025-11-23,UA-56,0.5,7.6,96,2.94
2025-11-23,UA-59,6.9,3.9,96,4.6
2025-11-23,UA-61,0.6,8.9,92,2.81
2025-11-23,UA-63,8.9,0.1,93,3.06
2025-11-23,UA-65,12.7,0.0,87,2.94
2025-11-23,UA-68,1.1,9.1,97,2.59
2025-11-23,UA-71,7.7,6.4,96,3.06
2025-11-23,UA-74,2.2,7.9,97,4.12
2025-11-23,UA-77,1.9,5.4,96,1.44
2025-11-24,UA-05,2.2,0.1,89,2.93
2025-11-24,UA-07,0.8,0.5,78,4.19
2025-11-24,UA-09,9.7,0.4,83,3.32
2025-11-24,UA-12,6.6,0.4,92,3.03
2025-11-24,UA-14,8.7,1.7,88,2.77
2025-11-24,UA-18,1.1,0.1,90,3.56
2025-11-24,UA-21,1.8,2.2,81,4.64
2025-11-24,UA-23,8.5,2.2,93,3.2
2025-11-24,UA-26,0.8,0.2,76,2.62
2025-11-24,UA-30,1.6,0.3,87,3.72
2025-11-24,UA-32,2.7,0.1,85,3.16
2025-11-24,UA-35,5.5,0.7,85,2.98
2025-11-24,UA-40,11.9,3.4,88,3.39
2025-11-24,UA-43,9.7,4.1,92,2.94
2025-11-24,UA-46,-0.6,0.7,85,3.68
2025-11-24,UA-48,8.0,0.1,88,3.2
2025-11-24,UA-51,6.6,0.0,87,3.55
2025-11-24,UA-53,4.6,0.0,86,3.41
2025-11-24,UA-56,1.2,0.1,84,3.75
2025-11-24,UA-59,4.0,0.4,86,4.55
2025-11-24,UA-61,1.2,0.1,80,3.24
2025-11-24,UA-63,6.1,0.9,88,4.12
2025-11-24,UA-65,8.0,0.0,90,2.95
2025-11-24,UA-68,1.3,0.0,90,3.24
2025-11-24,UA-71,4.0,1.8,84,3.35
2025-11-24,UA-74,0.9,1.1,90,4.24
2025-11-24,UA-77,2.8,0.1,83,1.85
2025-11-25,UA-05,4.3,0.0,90,4.19
2025-11-25,UA-07,3.3,3.4,90,3.61
2025-11-25,UA-09,2.6,0.0,90,1.56
2025-11-25,UA-12,5.5,0.0,89,3.97
2025-11-25,UA-14,2.3,0.0,89,1.61
2025-11-25,UA-18,3.5,0.0,90,4.24
2025-11-25,UA-21,5.2,3.4,83,3.86
2025-11-25,UA-23,6.7,0.0,86,4.06
2025-11-25,UA-26,3.1,0.5,87,3.78
2025-11-25,UA-30,4.7,0.0,89,4.37
2025-11-25,UA-32,5.6,0.0,88,4.39
2025-11-25,UA-35,7.7,0.0,84,4.87
2025-11-25,UA-40,12.0,0.0,75,4.57
2025-11-25,UA-43,7.9,0.0,81,2.14
2025-11-25,UA-46,2.9,3.3,91,4.1
2025-11-25,UA-48,9.1,0.0,82,4.47
2025-11-25,UA-51,10.6,0.0,84,6.08
2025-11-25,UA-53,4.5,0.0,86,4.58
2025-11-25,UA-56,3.5,1.0,85,3.77
2025-11-25,UA-59,3.7,0.0,85,4.77
2025-11-25,UA-61,2.6,0.4,84,4.02
2025-11-25,UA-63,2.7,0.0,85,3.43
2025-11-25,UA-65,8.1,0.0,82,3.86
2025-11-25,UA-68,2.7,0.0,90,4.24
2025-11-25,UA-71,7.3,0.0,84,4.58
2025-11-25,UA-74,4.2,0.4,89,4.63
2025-11-25,UA-77,3.6,0.0,81,3.15
2025-11-26,UA-05,8.9,0.0,93,4.08
2025-11-26,UA-07,4.4,0.3,92,3.45
2025-11-26,UA-09,4.4,0.0,94,3.1
2025-11-26,UA-12,6.7,0.0,93,4.13
2025-11-26,UA-14,4.3,0.0,98,3.12
2025-11-26,UA-18,8.5,0.0,93,4.07
2025-11-26,UA-21,6.5,10.8,89,3.19
2025-11-26,UA-23,7.9,0.0,92,4.38
2025-11-26,UA-26,3.8,0.0,92,2.87
2025-11-26,UA-30,9.7,0.3,91,4.8
2025-11-26,UA-32,10.8,0.1,91,4.66
2025-11-26,UA-35,9.9,0.1,93,5.24
2025-11-26,UA-40,13.9,0.0,89,5.99
2025-11-26,UA-43,11.1,0.2,84,2.57
2025-11-26,UA-46,3.4,2.7,90,3.51
2025-11-26,UA-48,11.8,0.3,89,5.14
2025-11-26,UA-51,13.1,0.0,88,6.07
2025-11-26,UA-53,5.7,0.0,93,4.64
2025-11-26,UA-56,5.6,0.0,91,3.63
2025-11-26,UA-59,5.5,0.0,90,4.95
2025-11-26,UA-61,4.0,0.0,94,3.38
2025-11-26,UA-63,3.7,0.1,94,3.83
2025-11-26,UA-65,11.2,1.8,90,4.38
2025-11-26,UA-68,6.3,0.1,94,3.85
2025-11-26,UA-71,9.5,0.6,90,5.06
2025-11-26,UA-74,8.7,0.5,92,5.22
2025-11-26,UA-77,5.3,1.7,89,2.36
2025-11-27,UA-05,5.5,1.2,87,2.88
2025-11-27,UA-07,2.0,0.0,83,3.82
2025-11-27,UA-09,7.5,0.0,95,2.69
2025-11-27,UA-12,9.7,0.2,95,4.21
2025-11-27,UA-14,7.0,0.1,97,2.74
2025-11-27,UA-18,4.8,1.0,86,2.97
2025-11-27,UA-21,4.3,0.0,79,3.54
2025-11-27,UA-23,9.7,0.0,93,4.41
2025-11-27,UA-26,2.1,0.0,82,2.47
2025-11-27,UA-30,7.6,1.4,93,3.23
2025-11-27,UA-32,8.0,1.9,93,2.66
2025-11-27,UA-35,11.8,0.1,93,4.0
2025-11-27,UA-40,14.5,0.0,78,4.93
2025-11-27,UA-43,12.3,0.0,78,2.44
2025-11-27,UA-46,1.7,0.0,83,3.09
2025-11-27,UA-48,13.0,0.1,90,3.46
2025-11-27,UA-51,13.0,0.0,93,3.75
2025-11-27,UA-53,8.7,3.6,98,4.59
2025-11-27,UA-56,2.4,0.0,84,3.22
2025-11-27,UA-59,7.9,0.9,98,4.57
2025-11-27,UA-61,1.7,0.0,85,2.65
2025-11-27,UA-63,6.9,1.1,98,3.9
2025-11-27,UA-65,12.6,0.0,89,3.13
2025-11-27,UA-68,3.3,1.2,86,2.75
2025-11-27,UA-71,11.1,2.6,93,2.98
2025-11-27,UA-74,7.5,3.4,95,3.85
2025-11-27,UA-77,3.5,5.6,93,3.08
2025-11-28,UA-05,2.0,2.5,96,2.33
2025-11-28,UA-07,1.8,0.1,88,1.74
2025-11-28,UA-09,5.9,0.0,98,2.04
2025-11-28,UA-12,8.0,1.7,99,1.96
2025-11-28,UA-14,5.4,0.0,99,1.95
2025-11-28,UA-18,1.9,0.0,88,1.78
2025-11-28,UA-21,3.4,0.0,81,1.72
2025-11-28,UA-23,8.0,0.0,96,2.33
2025-11-28,UA-26,1.9,0.0,89,2.65
2025-11-28,UA-30,2.6,0.0,84,1.82
2025-11-28,UA-32,2.8,1.2,90,2.26
2025-11-28,UA-35,9.0,0.0,99,2.47
2025-11-28,UA-40,13.3,0.0,83,2.58
2025-11-28,UA-43,10.5,0.0,84,1.81
2025-11-28,UA-46,1.7,0.0,89,2.42
2025-11-28,UA-48,9.7,0.0,96,2.34
2025-11-28,UA-51,10.3,0.0,97,2.63
2025-11-28,UA-53,8.0,0.0,97,2.42
2025-11-28,UA-56,1.9,0.0,89,1.56
2025-11-28,UA-59,3.8,1.2,88,2.72
2025-11-28,UA-61,1.8,0.0,89,2.25
2025-11-28,UA-63,7.7,0.1,97,2.37
2025-11-28,UA-65,9.5,0.0,96,2.51
2025-11-28,UA-68,2.0,0.6,90,2.24
2025-11-28,UA-71,5.1,0.0,91,2.57
2025-11-28,UA-74,1.0,0.0,89,1.63
2025-11-28,UA-77,2.1,2.1,95,1.68
2025-11-29,UA-05,5.2,0.4,100,2.62
2025-11-29,UA-07,4.4,0.0,95,2.37
2025-11-29,UA-09,2.8,0.0,95,3.07
2025-11-29,UA-12,4.5,0.0,98,3.46
2025-11-29,UA-14,3.5,0.0,95,3.09
2025-11-29,UA-18,4.5,0.0,98,2.74
2025-11-29,UA-21,5.5,0.9,86,1.26
2025-11-29,UA-23,5.1,0.0,95,4.13
2025-11-29,UA-26,3.6,0.4,96,3.13
2025-11-29,UA-30,4.5,0.1,96,2.35
2025-11-29,UA-32,5.1,0.0,98,2.45
2025-11-29,UA-35,5.8,0.0,99,3.09
2025-11-29,UA-40,13.4,0.0,81,3.4
2025-11-29,UA-43,10.1,0.0,87,3.3
2025-11-29,UA-46,3.2,0.0,95,2.65
2025-11-29,UA-48,6.6,0.0,96,4.38
2025-11-29,UA-51,7.8,0.0,94,4.8
2025-11-29,UA-53,4.9,0.0,96,3.73
2025-11-29,UA-56,4.8,0.0,97,2.66
2025-11-29,UA-59,3.2,0.2,92,2.97
2025-11-29,UA-61,4.1,0.1,99,3.09
2025-11-29,UA-63,4.7,0.0,97,3.53
2025-11-29,UA-65,6.5,0.0,95,4.16
2025-11-29,UA-68,4.8,0.0,99,2.72
2025-11-29,UA-71,5.6,0.0,98,2.93
2025-11-29,UA-74,3.8,0.1,95,2.5
2025-11-29,UA-77,4.4,1.1,98,2.75
2025-11-30,UA-05,3.7,0.0,97,2.69
2025-11-30,UA-07,4.6,0.0,97,2.43
2025-11-30,UA-09,2.6,0.0,94,4.73
2025-11-30,UA-12,3.9,0.0,92,4.52
2025-11-30,UA-14,3.5,0.0,93,4.54
2025-11-30,UA-18,3.0,0.0,99,3.01
2025-11-30,UA-21,5.4,1.3,93,1.29
2025-11-30,UA-23,4.9,0.0,88,5.42
2025-11-30,UA-26,5.1,0.3,95,2.34
2025-11-30,UA-30,2.8,0.0,96,3.07
2025-11-30,UA-32,3.2,0.1,97,3.01
2025-11-30,UA-35,3.7,0.0,95,3.86
2025-11-30,UA-40,12.9,3.2,87,4.04
2025-11-30,UA-43,9.5,5.3,96,2.57
2025-11-30,UA-46,4.8,0.0,94,2.42
2025-11-30,UA-48,5.5,7.2,95,5.07
2025-11-30,UA-51,6.1,4.4,95,6.27
2025-11-30,UA-53,2.1,0.0,91,4.35
2025-11-30,UA-56,4.3,0.1,97,2.42
2025-11-30,UA-59,2.4,0.0,90,4.15
2025-11-30,UA-61,4.4,0.0,96,2.13
2025-11-30,UA-63,2.0,0.0,90,4.57
2025-11-30,UA-65,5.6,7.7,95,4.81
2025-11-30,UA-68,4.0,0.0,97,2.33
2025-11-30,UA-71,3.2,0.0,94,3.73
2025-11-30,UA-74,2.3,0.2,95,3.14
2025-11-30,UA-77,5.3,0.8,98,1.39
2025-12-01,UA-05,2.8,0.7,93,1.31
2025-12-01,UA-07,4.3,0.3,96,0.94
2025-12-01,UA-09,2.4,0.0,95,4.58
2025-12-01,UA-12,5.4,0.4,95,4.13
2025-12-01,UA-14,3.3,1.4,99,4.09
2025-12-01,UA-18,2.1,0.0,93,1.2
2025-12-01,UA-21,5.1,0.2,96,1.28
2025-12-01,UA-23,6.8,4.1,91,4.57
2025-12-01,UA-26,5.0,1.4,96,1.83
2025-12-01,UA-30,2.8,0.1,92,1.75
2025-12-01,UA-32,3.2,0.1,92,1.64
2025-12-01,UA-35,5.1,1.1,97,2.73
2025-12-01,UA-40,10.7,1.4,89,4.59
2025-12-01,UA-43,9.2,0.0,93,2.9
2025-12-01,UA-46,4.1,0.4,94,2.37
2025-12-01,UA-48,7.3,4.5,98,2.97
2025-12-01,UA-51,6.1,0.8,94,4.01
2025-12-01,UA-53,3.1,0.1,95,4.11
2025-12-01,UA-56,3.6,0.7,96,0.75
2025-12-01,UA-59,1.9,0.7,95,4.1
2025-12-01,UA-61,4.5,1.9,97,1.45
2025-12-01,UA-63,1.7,0.4,95,4.42
2025-12-01,UA-65,8.0,3.5,98,2.29
2025-12-01,UA-68,3.2,1.0,97,1.23
2025-12-01,UA-71,4.5,0.0,94,2.78
2025-12-01,UA-74,2.4,0.3,96,2.29
2025-12-01,UA-77,5.3,3.9,98,1.7
2025-12-02,UA-05,3.4,0.0,92,0.88
2025-12-02,UA-07,4.0,0.0,97,1.8
2025-12-02,UA-09,3.6,0.1,92,3.21
2025-12-02,UA-12,5.5,0.0,94,2.47
2025-12-02,UA-14,3.3,2.6,98,2.64
2025-12-02,UA-18,2.6,0.0,90,0.94
2025-12-02,UA-21,5.5,0.0,92,1.4
2025-12-02,UA-23,6.3,1.2,89,2.74
2025-12-02,UA-26,4.6,0.0,94,1.69
2025-12-02,UA-30,3.7,0.4,98,1.57
2025-12-02,UA-32,3.9,0.9,98,1.28
2025-12-02,UA-35,6.2,1.2,100,1.53
2025-12-02,UA-40,10.5,1.3,82,2.34
2025-12-02,UA-43,8.0,0.8,91,1.7
2025-12-02,UA-46,3.9,0.0,93,1.76
2025-12-02,UA-48,7.6,0.4,98,1.34
2025-12-02,UA-51,6.1,0.0,89,1.99
2025-12-02,UA-53,3.6,1.6,98,2.64
2025-12-02,UA-56,3.8,0.1,95,1.6
2025-12-02,UA-59,2.3,0.5,95,2.6
2025-12-02,UA-61,4.3,0.0,98,1.54
2025-12-02,UA-63,2.7,0.2,95,2.69
2025-12-02,UA-65,7.9,0.2,96,1.0
2025-12-02,UA-68,3.6,0.0,95,1.16
2025-12-02,UA-71,4.9,1.3,97,1.96
2025-12-02,UA-74,3.1,0.1,98,1.89
2025-12-02,UA-77,5.6,0.0,94,1.86
2025-12-03,UA-05,4.7,0.0,95,2.4
2025-12-03,UA-07,5.1,0.0,92,3.48
2025-12-03,UA-09,3.5,0.0,89,2.65
2025-12-03,UA-12,4.8,0.0,89,3.08
2025-12-03,UA-14,2.8,0.0,88,2.62
2025-12-03,UA-18,4.6,0.3,98,2.5
2025-12-03,UA-21,5.7,0.3,87,1.69
2025-12-03,UA-23,5.3,1.5,88,3.61
2025-12-03,UA-26,4.9,0.0,93,3.31
2025-12-03,UA-30,5.2,0.4,97,3.23
2025-12-03,UA-32,5.9,0.5,98,2.84
2025-12-03,UA-35,6.4,0.3,97,2.93
2025-12-03,UA-40,11.1,0.1,78,2.27
2025-12-03,UA-43,7.5,0.6,91,1.64
2025-12-03,UA-46,4.3,0.0,93,3.29
2025-12-03,UA-48,8.0,0.0,97,2.87
2025-12-03,UA-51,7.4,0.6,94,1.81
2025-12-03,UA-53,3.6,0.4,95,3.19
2025-12-03,UA-56,4.9,0.6,91,3.58
2025-12-03,UA-59,2.8,0.8,96,3.15
2025-12-03,UA-61,4.7,0.1,96,3.94
2025-12-03,UA-63,2.7,0.0,90,2.67
2025-12-03,UA-65,7.5,0.8,97,2.9
2025-12-03,UA-68,4.4,0.0,93,3.54
2025-12-03,UA-71,6.0,0.1,96,2.8
2025-12-03,UA-74,4.6,0.0,97,3.18
2025-12-03,UA-77,6.1,0.1,94,4.06
2025-12-04,UA-05,6.6,1.1,98,4.21
2025-12-04,UA-07,6.4,0.0,89,3.34
2025-12-04,UA-09,2.6,0.0,83,2.67
2025-12-04,UA-12,4.4,0.0,89,2.94
2025-12-04,UA-14,2.3,0.0,88,2.87
2025-12-04,UA-18,6.5,1.8,98,4.18
2025-12-04,UA-21,7.4,0.0,82,2.08
2025-12-04,UA-23,4.9,0.0,84,3.69
2025-12-04,UA-26,5.5,0.0,93,3.18
2025-12-04,UA-30,5.5,1.7,96,4.48
2025-12-04,UA-32,6.3,1.2,98,4.17
2025-12-04,UA-35,5.3,0.1,94,3.58
2025-12-04,UA-40,10.9,0.0,80,4.14
2025-12-04,UA-43,6.9,0.0,93,3.49
2025-12-04,UA-46,5.3,0.1,93,3.53
2025-12-04,UA-48,7.0,0.1,90,4.0
2025-12-04,UA-51,8.3,0.0,93,5.06
2025-12-04,UA-53,3.3,0.0,92,3.05
2025-12-04,UA-56,7.0,0.0,90,3.46
2025-12-04,UA-59,2.6,0.0,94,3.04
2025-12-04,UA-61,6.5,0.0,93,3.79
2025-12-04,UA-63,2.8,0.0,90,2.69
2025-12-04,UA-65,6.4,0.2,90,3.86
2025-12-04,UA-68,6.8,0.1,96,4.22
2025-12-04,UA-71,5.4,0.1,94,3.53
2025-12-04,UA-74,4.9,2.1,95,4.44
2025-12-04,UA-77,7.3,0.0,93,3.78
2025-12-05,UA-05,4.0,0.0,90,4.24
2025-12-05,UA-07,7.3,0.0,85,5.37
2025-12-05,UA-09,1.5,0.0,87,3.13
2025-12-05,UA-12,2.2,0.0,82,4.28
2025-12-05,UA-14,1.0,0.0,85,3.2
2025-12-05,UA-18,4.4,0.0,91,4.49
2025-12-05,UA-21,7.9,0.0,75,2.81
2025-12-05,UA-23,2.8,0.0,80,5.62
2025-12-05,UA-26,6.6,0.0,91,6.15
2025-12-05,UA-30,3.8,0.0,91,3.99
2025-12-05,UA-32,3.9,0.0,89,3.77
2025-12-05,UA-35,2.4,0.0,87,4.12
2025-12-05,UA-40,9.7,0.0,78,4.83
2025-12-05,UA-43,5.4,0.0,90,5.43
2025-12-05,UA-46,6.7,0.3,91,5.67
2025-12-05,UA-48,4.0,0.0,86,5.77
2025-12-05,UA-51,5.2,0.0,87,6.64
2025-12-05,UA-53,1.7,0.0,83,3.32
2025-12-05,UA-56,6.7,0.0,85,5.49
2025-12-05,UA-59,2.3,0.0,89,2.26
2025-12-05,UA-61,6.0,0.0,90,6.27
2025-12-05,UA-63,1.7,0.0,85,2.6
2025-12-05,UA-65,3.9,0.0,85,5.65
2025-12-05,UA-68,4.9,0.0,89,5.46
2025-12-05,UA-71,3.1,0.0,87,4.06
2025-12-05,UA-74,3.9,0.9,92,3.82
2025-12-05,UA-77,6.7,0.0,90,6.07
2025-12-06,UA-05,0.1,0.0,87,3.61
2025-12-06,UA-07,2.3,0.0,83,5.17
2025-12-06,UA-09,2.3,0.4,98,3.72
2025-12-06,UA-12,2.4,0.0,86,4.89
2025-12-06,UA-14,2.0,0.1,94,3.86
2025-12-06,UA-18,0.5,0.0,85,4.45
2025-12-06,UA-21,4.5,0.0,82,1.99
2025-12-06,UA-23,3.6,0.0,85,6.14
2025-12-06,UA-26,1.6,0.0,90,6.23
2025-12-06,UA-30,0.7,0.0,81,3.97
2025-12-06,UA-32,0.7,0.0,84,3.67
2025-12-06,UA-35,1.4,0.0,86,4.72
2025-12-06,UA-40,11.2,0.0,70,5.04
2025-12-06,UA-43,5.8,0.0,89,5.95
2025-12-06,UA-46,1.9,0.0,89,5.98
2025-12-06,UA-48,3.5,0.1,86,5.94
2025-12-06,UA-51,3.7,0.0,87,6.66
2025-12-06,UA-53,1.0,0.1,82,4.3
2025-12-06,UA-56,1.7,0.0,83,5.39
2025-12-06,UA-59,-0.1,0.0,88,3.58
2025-12-06,UA-61,0.8,0.0,89,5.71
2025-12-06,UA-63,1.2,0.0,87,3.92
2025-12-06,UA-65,3.6,0.0,85,5.69
2025-12-06,UA-68,0.4,0.0,87,4.44
2025-12-06,UA-71,1.4,0.0,84,4.32
2025-12-06,UA-74,0.9,0.0,83,3.7
2025-12-06,UA-77,1.5,0.0,89,4.97
2025-12-07,UA-05,0.9,0.0,94,2.29
2025-12-07,UA-07,0.7,0.1,90,3.43
2025-12-07,UA-09,1.5,0.0,90,5.57
2025-12-07,UA-12,3.1,0.0,81,5.67
2025-12-07,UA-14,1.3,0.0,84,5.84
2025-12-07,UA-18,1.0,0.0,92,2.86
2025-12-07,UA-21,5.7,1.4,87,1.06
2025-12-07,UA-23,3.7,0.0,78,7.27
2025-12-07,UA-26,0.7,0.0,92,3.49
2025-12-07,UA-30,1.9,0.1,89,3.03
2025-12-07,UA-32,2.1,0.1,90,2.56
2025-12-07,UA-35,3.1,0.0,86,4.34
2025-12-07,UA-40,10.7,8.7,74,5.15
2025-12-07,UA-43,5.8,3.4,89,5.82
2025-12-07,UA-46,1.1,0.1,92,3.42
2025-12-07,UA-48,4.7,0.0,83,5.81
2025-12-07,UA-51,5.1,0.0,84,6.34
2025-12-07,UA-53,1.9,0.0,84,4.88
2025-12-07,UA-56,0.9,0.0,89,3.68
2025-12-07,UA-59,1.8,0.0,87,4.31
2025-12-07,UA-61,0.4,0.0,93,3.54
2025-12-07,UA-63,2.0,0.0,87,4.95
2025-12-07,UA-65,4.8,0.0,81,5.94
2025-12-07,UA-68,0.4,0.0,93,3.02
2025-12-07,UA-71,3.0,0.0,87,4.06
2025-12-07,UA-74,1.6,0.1,88,3.45
2025-12-07,UA-77,1.2,0.0,92,2.97
2025-12-08,UA-05,1.0,0.0,90,1.23
2025-12-08,UA-07,3.3,0.0,91,2.91
2025-12-08,UA-09,0.2,0.0,83,5.76
2025-12-08,UA-12,1.6,0.0,81,5.05
2025-12-08,UA-14,-0.1,0.0,83,5.31
2025-12-08,UA-18,1.3,0.0,89,1.99
2025-12-08,UA-21,6.7,0.2,91,1.93
2025-12-08,UA-23,2.4,0.0,77,6.54
2025-12-08,UA-26,2.7,0.0,90,2.09
2025-12-08,UA-30,0.7,0.0,89,1.93
2025-12-08,UA-32,0.8,0.0,91,1.26
2025-12-08,UA-35,1.8,0.0,86,3.27
2025-12-08,UA-40,11.1,5.2,86,2.95
2025-12-08,UA-43,6.3,1.6,96,3.5
2025-12-08,UA-46,4.5,0.0,88,2.6
2025-12-08,UA-48,3.2,0.3,86,4.41
2025-12-08,UA-51,3.6,0.1,85,5.11
2025-12-08,UA-53,0.7,0.0,81,4.5
2025-12-08,UA-56,2.5,0.0,92,2.84
2025-12-08,UA-59,0.6,0.0,84,4.05
2025-12-08,UA-61,2.4,0.0,93,2.38
2025-12-08,UA-63,0.5,0.0,83,4.86
2025-12-08,UA-65,3.0,0.4,87,4.39
2025-12-08,UA-68,1.6,0.0,94,1.63
2025-12-08,UA-71,2.0,0.0,86,3.1
2025-12-08,UA-74,0.4,0.0,89,2.84
2025-12-08,UA-77,1.8,0.0,95,1.29
2025-12-09,UA-05,1.5,3.5,94,3.14
2025-12-09,UA-07,6.3,5.4,96,4.55
2025-12-09,UA-09,0.2,4.1,96,4.04
2025-12-09,UA-12,0.8,0.3,89,2.13
2025-12-09,UA-14,-0.6,0.7,98,2.36
2025-12-09,UA-18,2.7,6.6,93,4.04
2025-12-09,UA-21,7.0,4.4,96,2.97
2025-12-09,UA-23,2.1,0.2,84,2.31
2025-12-09,UA-26,6.4,2.8,84,3.09
2025-12-09,UA-30,1.5,6.5,93,3.83
2025-12-09,UA-32,1.3,6.2,93,3.11
2025-12-09,UA-35,1.2,2.4,91,1.93
2025-12-09,UA-40,8.8,0.5,83,3.68
2025-12-09,UA-43,4.7,0.0,94,2.09
2025-12-09,UA-46,6.9,5.9,88,4.85
2025-12-09,UA-48,2.6,0.1,87,2.01
2025-12-09,UA-51,3.1,0.0,82,2.68
2025-12-09,UA-53,-0.4,1.9,89,2.59
2025-12-09,UA-56,5.6,6.0,95,4.28
2025-12-09,UA-59,-0.8,3.8,92,3.77
2025-12-09,UA-61,5.0,6.5,93,3.93
2025-12-09,UA-63,-0.6,1.0,91,3.1
2025-12-09,UA-65,2.5,0.1,88,1.8
2025-12-09,UA-68,2.8,4.2,97,3.76
2025-12-09,UA-71,1.6,5.0,91,2.58
2025-12-09,UA-74,1.4,5.5,94,4.44
2025-12-09,UA-77,2.8,0.9,94,1.67
2025-12-10,UA-05,6.4,0.0,98,1.95
2025-12-10,UA-07,8.5,0.0,95,2.8
2025-12-10,UA-09,1.0,4.7,98,1.75
2025-12-10,UA-12,2.0,4.3,97,2.42
2025-12-10,UA-14,0.0,5.0,99,1.65
2025-12-10,UA-18,7.0,0.0,98,2.39
2025-12-10,UA-21,7.2,0.0,89,1.57
2025-12-10,UA-23,2.8,4.4,94,2.82
2025-12-10,UA-26,8.1,0.6,85,1.55
2025-12-10,UA-30,5.9,0.3,97,2.19
2025-12-10,UA-32,6.2,0.2,97,2.1
2025-12-10,UA-35,4.1,1.3,96,2.27
2025-12-10,UA-40,8.2,3.9,83,3.93
2025-12-10,UA-43,4.6,5.2,94,1.77
2025-12-10,UA-46,8.1,0.5,86,2.95
2025-12-10,UA-48,4.4,2.5,93,1.86
2025-12-10,UA-51,5.1,1.9,92,2.29
2025-12-10,UA-53,1.9,3.8,95,2.53
2025-12-10,UA-56,8.3,0.0,95,2.59
2025-12-10,UA-59,1.3,1.8,99,2.16
2025-12-10,UA-61,7.5,0.6,92,2.46
2025-12-10,UA-63,0.7,4.8,98,2.39
2025-12-10,UA-65,4.1,2.8,93,1.69
2025-12-10,UA-68,7.1,0.2,96,2.11
2025-12-10,UA-71,4.8,0.2,96,2.1
2025-12-10,UA-74,5.1,0.0,96,2.42
2025-12-10,UA-77,7.2,1.8,92,1.26
2025-12-11,UA-05,7.3,0.4,95,3.6
2025-12-11,UA-07,8.0,0.7,95,4.53
2025-12-11,UA-09,2.2,0.0,96,1.95
2025-12-11,UA-12,4.6,4.5,94,3.13
2025-12-11,UA-14,1.5,0.5,99,2.03
2025-12-11,UA-18,7.6,0.8,96,4.07
2025-12-11,UA-21,4.9,0.6,97,0.99
2025-12-11,UA-23,4.9,3.7,90,3.02
2025-12-11,UA-26,5.8,1.2,90,3.3
2025-12-11,UA-30,7.0,0.9,97,3.62
2025-12-11,UA-32,7.5,0.4,96,3.45
2025-12-11,UA-35,6.0,3.2,98,3.21
2025-12-11,UA-40,6.6,0.1,77,2.57
2025-12-11,UA-43,3.9,0.6,86,1.46
2025-12-11,UA-46,6.7,1.5,91,4.64
2025-12-11,UA-48,6.2,1.5,94,2.59
2025-12-11,UA-51,6.9,0.4,93,2.42
2025-12-11,UA-53,4.0,4.4,96,2.99
2025-12-11,UA-56,8.0,1.1,94,4.58
2025-12-11,UA-59,3.9,2.9,98,3.44
2025-12-11,UA-61,6.7,0.5,93,4.52
2025-12-11,UA-63,2.1,4.7,99,2.8
2025-12-11,UA-65,6.0,2.4,90,2.39
2025-12-11,UA-68,7.1,0.2,95,4.15
2025-12-11,UA-71,6.3,1.5,97,3.14
2025-12-11,UA-74,6.6,4.1,97,4.08
2025-12-11,UA-77,7.4,1.3,88,2.75
2025-12-12,UA-05,6.7,0.6,89,4.77
2025-12-12,UA-07,6.9,1.0,91,5.08
2025-12-12,UA-09,4.8,4.6,94,4.72
2025-12-12,UA-12,6.8,4.0,92,4.62
2025-12-12,UA-14,4.2,5.3,98,3.99
2025-12-12,UA-18,6.6,2.4,91,5.67
2025-12-12,UA-21,5.4,0.1,96,1.46
2025-12-12,UA-23,6.4,4.6,92,4.93
2025-12-12,UA-26,6.8,1.0,84,5.34
2025-12-12,UA-30,6.4,1.2,90,5.35
2025-12-12,UA-32,7.0,1.8,89,4.88
2025-12-12,UA-35,7.4,1.8,90,4.68
2025-12-12,UA-40,9.6,3.7,86,5.42
2025-12-12,UA-43,6.6,3.3,95,2.87
2025-12-12,UA-46,6.1,1.9,89,5.22
2025-12-12,UA-48,8.0,0.9,89,4.18
2025-12-12,UA-51,8.2,0.7,87,4.93
2025-12-12,UA-53,6.4,2.5,90,4.8
2025-12-12,UA-56,7.0,1.3,92,5.19
2025-12-12,UA-59,5.5,3.3,92,5.44
2025-12-12,UA-61,6.1,1.0,91,5.3
2025-12-12,UA-63,5.8,3.1,93,4.57
2025-12-12,UA-65,7.6,1.4,90,3.88
2025-12-12,UA-68,6.3,1.6,93,5.09
2025-12-12,UA-71,7.1,1.5,89,4.74
2025-12-12,UA-74,5.8,1.0,89,5.83
2025-12-12,UA-77,7.4,0.0,81,4.94
2025-12-13,UA-05,0.9,0.4,78,2.81
2025-12-13,UA-07,3.3,0.3,90,2.97
2025-12-13,UA-09,-1.8,2.3,67,8.16
2025-12-13,UA-12,-0.7,0.4,70,6.39
2025-12-13,UA-14,-1.9,1.6,71,6.42
2025-12-13,UA-18,-0.9,0.1,77,3.13
2025-12-13,UA-21,4.4,0.6,90,1.75
2025-12-13,UA-23,0.5,0.5,67,7.54
2025-12-13,UA-26,3.8,0.1,86,2.5
2025-12-13,UA-30,-1.8,0.0,74,3.7
2025-12-13,UA-32,-0.8,0.1,74,3.22
2025-12-13,UA-35,-0.1,0.4,75,4.47
2025-12-13,UA-40,6.4,2.5,75,7.39
2025-12-13,UA-43,2.2,1.1,84,3.29
2025-12-13,UA-46,3.9,0.8,89,2.98
2025-12-13,UA-48,2.1,0.1,77,4.45
2025-12-13,UA-51,3.3,0.0,76,4.68
2025-12-13,UA-53,-2.5,0.0,68,5.98
2025-12-13,UA-56,2.5,0.8,85,2.83
2025-12-13,UA-59,-3.6,0.0,69,6.12
2025-12-13,UA-61,4.2,0.0,91,2.56
2025-12-13,UA-63,-3.0,0.0,68,6.64
2025-12-13,UA-65,1.9,0.1,74,4.4
2025-12-13,UA-68,2.7,0.7,85,2.7
2025-12-13,UA-71,-0.8,0.0,72,4.75
2025-12-13,UA-74,-2.9,0.0,69,4.12
2025-12-13,UA-77,4.7,0.3,86,3.05
2025-12-14,UA-05,2.4,2.8,90,4.25
2025-12-14,UA-07,4.0,1.5,90,5.2
2025-12-14,UA-09,-5.3,0.0,74,3.94
2025-12-14,UA-12,-2.6,1.3,81,2.19
2025-12-14,UA-14,-5.1,0.3,75,2.61
2025-12-14,UA-18,1.9,5.9,95,3.96
2025-12-14,UA-21,3.8,0.0,90,1.68
2025-12-14,UA-23,-1.6,1.4,76,2.86
2025-12-14,UA-26,3.8,0.8,83,4.78
2025-12-14,UA-30,-1.4,3.3,92,1.97
2025-12-14,UA-32,0.6,4.0,92,3.05
2025-12-14,UA-35,-1.4,3.2,88,2.11
2025-12-14,UA-40,5.0,2.4,63,3.0
2025-12-14,UA-43,-0.0,2.3,72,1.47
2025-12-14,UA-46,3.8,1.2,90,5.46
2025-12-14,UA-48,0.4,3.5,92,2.53
2025-12-14,UA-51,2.4,0.8,83,4.11
2025-12-14,UA-53,-4.2,1.1,81,1.95
2025-12-14,UA-56,3.8,1.6,90,5.19
2025-12-14,UA-59,-5.4,0.0,80,2.22
2025-12-14,UA-61,3.2,1.8,92,5.49
2025-12-14,UA-63,-5.7,0.0,80,2.75
2025-12-14,UA-65,-0.2,3.3,87,2.25
2025-12-14,UA-68,3.1,1.9,92,4.91
2025-12-14,UA-71,-1.4,2.9,90,1.9
2025-12-14,UA-74,-3.2,1.5,84,2.39
2025-12-14,UA-77,3.7,0.2,83,4.26
2025-12-15,UA-05,3.8,0.3,84,3.67
2025-12-15,UA-07,2.8,0.0,86,4.58
2025-12-15,UA-09,-5.2,0.3,86,1.5
2025-12-15,UA-12,-0.5,2.1,92,1.85
2025-12-15,UA-14,-3.7,0.4,85,0.99
2025-12-15,UA-18,3.4,0.7,89,4.3
2025-12-15,UA-21,2.9,0.6,89,2.28
2025-12-15,UA-23,0.3,2.2,87,2.12
2025-12-15,UA-26,2.4,0.0,78,2.4
2025-12-15,UA-30,1.8,2.2,92,3.39
2025-12-15,UA-32,2.9,1.2,91,3.21
2025-12-15,UA-35,1.5,1.2,94,2.83
2025-12-15,UA-40,5.7,0.3,82,6.24
2025-12-15,UA-43,1.1,0.6,92,1.73
2025-12-15,UA-46,2.2,0.0,84,3.75
2025-12-15,UA-48,3.9,0.2,87,3.16
2025-12-15,UA-51,4.9,0.0,77,4.42
2025-12-15,UA-53,-1.7,2.4,93,2.15
2025-12-15,UA-56,3.2,0.0,86,4.61
2025-12-15,UA-59,-2.4,3.7,97,3.02
2025-12-15,UA-61,2.8,0.0,82,4.14
2025-12-15,UA-63,-3.7,1.9,93,2.39
2025-12-15,UA-65,2.8,0.2,90,2.63
2025-12-15,UA-68,3.2,0.0,83,3.98
2025-12-15,UA-71,1.4,1.9,94,2.85
2025-12-15,UA-74,0.9,2.2,95,3.77
2025-12-15,UA-77,2.7,0.0,77,2.01
2025-12-16,UA-05,1.7,0.0,90,1.68
2025-12-16,UA-07,0.4,0.0,91,2.31
2025-12-16,UA-09,-1.9,0.0,85,2.2
2025-12-16,UA-12,1.9,0.0,95,1.76
2025-12-16,UA-14,-1.5,0.0,89,1.64
2025-12-16,UA-18,1.4,0.0,92,2.09
2025-12-16,UA-21,1.5,0.0,90,1.47
2025-12-16,UA-23,2.5,0.1,90,1.95
2025-12-16,UA-26,1.1,0.0,87,1.97
2025-12-16,UA-30,1.7,0.3,96,1.94
2025-12-16,UA-32,2.3,0.0,92,1.84
2025-12-16,UA-35,2.2,0.1,96,2.12
2025-12-16,UA-40,8.0,0.7,76,3.92
2025-12-16,UA-43,3.1,1.1,91,1.9
2025-12-16,UA-46,1.4,0.0,87,2.33
2025-12-16,UA-48,3.3,0.2,89,2.24
2025-12-16,UA-51,4.5,0.0,81,2.64
2025-12-16,UA-53,1.3,0.0,97,2.04
2025-12-16,UA-56,0.6,0.0,90,2.32
2025-12-16,UA-59,1.4,0.5,99,2.54
2025-12-16,UA-61,1.4,0.0,87,2.21
2025-12-16,UA-63,0.9,0.0,97,2.05
2025-12-16,UA-65,2.5,0.2,91,2.09
2025-12-16,UA-68,0.9,0.0,88,2.01
2025-12-16,UA-71,2.8,0.0,95,1.91
2025-12-16,UA-74,1.1,0.4,99,2.26
2025-12-16,UA-77,1.6,0.0,83,1.69
2025-12-17,UA-05,1.1,0.1,97,3.27
2025-12-17,UA-07,2.2,0.0,84,3.55
2025-12-17,UA-09,0.6,0.1,93,3.07
2025-12-17,UA-12,2.0,0.0,92,2.69
2025-12-17,UA-14,-0.4,0.5,94,2.34
2025-12-17,UA-18,0.6,0.0,95,3.64
2025-12-17,UA-21,2.1,0.0,84,1.79
2025-12-17,UA-23,3.2,0.5,90,2.55
2025-12-17,UA-26,0.5,0.0,90,2.4
2025-12-17,UA-30,1.0,0.1,97,3.17
2025-12-17,UA-32,1.9,0.0,95,3.18
2025-12-17,UA-35,2.9,0.1,95,2.95
2025-12-17,UA-40,7.4,0.0,76,3.51
2025-12-17,UA-43,2.8,0.0,89,1.7
2025-12-17,UA-46,2.9,0.0,74,3.0
2025-12-17,UA-48,4.2,0.0,91,2.14
2025-12-17,UA-51,6.4,0.0,86,2.79
2025-12-17,UA-53,1.2,0.4,95,2.91
2025-12-17,UA-56,1.1,0.0,90,3.69
2025-12-17,UA-59,0.8,0.1,98,2.9
2025-12-17,UA-61,0.0,0.0,94,2.94
2025-12-17,UA-63,1.0,1.0,98,3.04
2025-12-17,UA-65,3.5,0.0,93,1.96
2025-12-17,UA-68,0.0,0.0,97,3.54
2025-12-17,UA-71,3.1,0.1,93,2.78
2025-12-17,UA-74,0.7,0.1,99,3.35
2025-12-17,UA-77,-1.1,0.0,96,1.93
2025-12-18,UA-05,1.6,0.1,91,2.46
2025-12-18,UA-07,1.7,0.0,87,3.41
2025-12-18,UA-09,2.3,0.3,95,3.5
2025-12-18,UA-12,5.1,0.1,93,2.99
2025-12-18,UA-14,2.3,0.6,97,3.22
2025-12-18,UA-18,1.4,0.0,88,2.79
2025-12-18,UA-21,5.1,0.8,88,1.46
2025-12-18,UA-23,5.9,2.2,91,3.91
2025-12-18,UA-26,3.5,0.2,85,2.09
2025-12-18,UA-30,1.4,0.0,92,2.45
2025-12-18,UA-32,2.1,0.0,90,2.47
2025-12-18,UA-35,4.1,0.3,91,2.71
2025-12-18,UA-40,9.2,0.0,79,3.12
2025-12-18,UA-43,5.1,0.0,87,2.55
2025-12-18,UA-46,4.3,0.1,81,2.98
2025-12-18,UA-48,5.4,0.0,94,2.39
2025-12-18,UA-51,3.9,0.4,94,2.65
2025-12-18,UA-53,3.3,0.0,92,2.96
2025-12-18,UA-56,1.6,0.1,87,3.18
2025-12-18,UA-59,1.8,0.4,96,2.97
2025-12-18,UA-61,2.7,0.0,84,2.98
2025-12-18,UA-63,2.3,1.2,96,2.77
2025-12-18,UA-65,5.5,0.0,94,2.7
2025-12-18,UA-68,1.3,0.0,90,2.82
2025-12-18,UA-71,3.3,0.1,90,2.52
2025-12-18,UA-74,1.2,0.0,95,2.62
2025-12-18,UA-77,2.2,0.8,91,1.35
2025-12-19,UA-05,-0.5,0.0,93,1.36
2025-12-19,UA-07,1.5,0.0,96,1.91
2025-12-19,UA-09,2.0,0.4,96,1.92
2025-12-19,UA-12,1.8,0.0,95,1.66
2025-12-19,UA-14,1.6,0.4,98,1.85
2025-12-19,UA-18,-0.8,0.1,94,1.24
2025-12-19,UA-21,7.1,0.5,88,1.83
2025-12-19,UA-23,3.5,0.0,92,1.97
2025-12-19,UA-26,1.4,0.0,94,1.87
2025-12-19,UA-30,-0.1,0.1,97,1.05
2025-12-19,UA-32,0.3,0.1,95,1.12
2025-12-19,UA-35,0.6,0.0,98,1.7
2025-12-19,UA-40,10.6,0.0,86,1.47
2025-12-19,UA-43,6.7,0.1,93,1.47
2025-12-19,UA-46,1.6,0.0,94,2.23
2025-12-19,UA-48,3.6,0.0,94,1.59
2025-12-19,UA-51,4.3,0.6,88,2.28
2025-12-19,UA-53,0.3,0.2,96,1.41
2025-12-19,UA-56,-0.3,0.1,98,1.51
2025-12-19,UA-59,-1.1,0.1,98,0.95
2025-12-19,UA-61,0.6,0.0,98,1.5
2025-12-19,UA-63,-0.1,0.0,97,1.23
2025-12-19,UA-65,3.1,0.0,94,1.37
2025-12-19,UA-68,-0.5,0.0,99,1.36
2025-12-19,UA-71,0.5,0.0,95,1.25
2025-12-19,UA-74,-0.5,0.4,97,0.88
2025-12-19,UA-77,1.5,0.0,95,1.29
2025-12-20,UA-05,-1.3,0.0,98,1.26
2025-12-20,UA-07,3.2,0.0,94,2.33
2025-12-20,UA-09,-1.8,0.1,96,1.63
2025-12-20,UA-12,0.1,0.1,94,0.97
2025-12-20,UA-14,-2.2,0.0,99,1.46
2025-12-20,UA-18,-0.9,0.1,96,1.85
2025-12-20,UA-21,7.8,0.3,90,1.59
2025-12-20,UA-23,1.6,0.0,90,1.82
2025-12-20,UA-26,2.2,1.0,95,2.64
2025-12-20,UA-30,-0.8,0.0,95,1.6
2025-12-20,UA-32,-0.6,0.1,92,1.31
2025-12-20,UA-35,0.1,0.4,100,1.37
2025-12-20,UA-40,9.3,0.0,86,1.94
2025-12-20,UA-43,4.4,0.0,96,1.87
2025-12-20,UA-46,3.2,0.0,94,1.72
2025-12-20,UA-48,2.1,0.0,97,2.16
2025-12-20,UA-51,3.3,0.0,97,3.03
2025-12-20,UA-53,-1.3,0.0,96,1.12
2025-12-20,UA-56,-0.2,0.0,98,3.14
2025-12-20,UA-59,-1.8,0.0,98,1.6
2025-12-20,UA-61,0.4,0.2,98,2.8
2025-12-20,UA-63,-2.4,0.2,99,1.15
2025-12-20,UA-65,1.7,0.0,98,2.14
2025-12-20,UA-68,-0.9,0.8,100,2.45
2025-12-20,UA-71,0.1,0.0,92,0.99
2025-12-20,UA-74,-1.1,0.0,97,2.15
2025-12-20,UA-77,0.9,0.0,100,2.86
2025-12-21,UA-05,-0.2,1.2,99,1.85
2025-12-21,UA-07,3.1,1.1,94,2.11
2025-12-21,UA-09,-1.5,0.2,91,2.06
2025-12-21,UA-12,0.4,0.1,94,1.94
2025-12-21,UA-14,-2.2,0.3,97,1.41
2025-12-21,UA-18,0.5,0.6,97,2.52
2025-12-21,UA-21,6.8,0.9,94,1.02
2025-12-21,UA-23,1.2,1.0,90,1.76
2025-12-21,UA-26,3.0,0.0,97,0.88
2025-12-21,UA-30,0.4,1.1,95,2.35
2025-12-21,UA-32,0.5,0.1,95,2.01
2025-12-21,UA-35,0.4,0.4,100,1.58
2025-12-21,UA-40,8.4,0.0,86,2.54
2025-12-21,UA-43,4.8,0.0,95,1.59
2025-12-21,UA-46,3.2,0.5,96,1.37
2025-12-21,UA-48,2.6,0.1,96,1.47
2025-12-21,UA-51,4.3,0.0,95,2.81
2025-12-21,UA-53,-0.7,0.6,98,2.2
2025-12-21,UA-56,1.4,0.2,97,1.93
2025-12-21,UA-59,-0.8,0.9,98,2.61
2025-12-21,UA-61,1.4,0.0,98,1.35
2025-12-21,UA-63,-1.5,0.3,99,2.23
2025-12-21,UA-65,1.8,0.0,96,1.29
2025-12-21,UA-68,0.3,1.6,99,1.86
2025-12-21,UA-71,0.6,0.1,94,2.04
2025-12-21,UA-74,0.0,1.7,97,2.9
2025-12-21,UA-77,2.3,0.9,98,1.15
2025-12-22,UA-05,0.9,0.0,87,2.16
2025-12-22,UA-07,1.5,0.2,84,1.47
2025-12-22,UA-09,1.4,0.0,90,3.79
2025-12-22,UA-12,2.7,0.0,86,3.48
2025-12-22,UA-14,0.3,0.0,96,2.95
2025-12-22,UA-18,1.5,0.1,88,2.98
2025-12-22,UA-21,6.1,0.0,94,1.11
2025-12-22,UA-23,3.0,0.2,85,3.64
2025-12-22,UA-26,2.7,0.0,93,2.21
2025-12-22,UA-30,2.3,0.1,85,3.73
2025-12-22,UA-32,2.1,0.0,84,3.04
2025-12-22,UA-35,1.8,0.0,87,2.86
2025-12-22,UA-40,6.9,0.0,83,3.71
2025-12-22,UA-43,3.7,0.0,92,1.38
2025-12-22,UA-46,1.4,0.1,89,2.4
2025-12-22,UA-48,3.3,0.0,82,2.53
2025-12-22,UA-51,2.9,0.0,86,3.04
2025-12-22,UA-53,1.8,0.2,88,3.76
2025-12-22,UA-56,1.2,0.1,89,1.8
2025-12-22,UA-59,1.1,0.2,92,4.58
2025-12-22,UA-61,0.8,0.0,89,1.54
2025-12-22,UA-63,1.2,0.0,92,4.14
2025-12-22,UA-65,2.9,0.0,84,2.28
2025-12-22,UA-68,0.3,0.2,88,1.53
2025-12-22,UA-71,2.7,0.0,84,3.5
2025-12-22,UA-74,1.9,0.2,88,4.45
2025-12-22,UA-77,2.7,0.0,93,1.92
2025-12-23,UA-05,0.7,0.5,86,1.49
2025-12-23,UA-07,0.5,0.9,86,2.54
2025-12-23,UA-09,0.6,0.1,82,2.39
2025-12-23,UA-12,1.5,0.0,80,2.15
2025-12-23,UA-14,0.4,0.4,86,1.81
2025-12-23,UA-18,0.0,0.5,87,2.09
2025-12-23,UA-21,5.1,1.9,92,1.36
2025-12-23,UA-23,2.2,0.4,80,2.39
2025-12-23,UA-26,0.8,4.3,89,3.23
2025-12-23,UA-30,-0.7,0.0,83,2.61
2025-12-23,UA-32,0.7,0.0,83,1.99
2025-12-23,UA-35,1.2,0.0,85,1.78
2025-12-23,UA-40,6.6,0.5,82,3.27
2025-12-23,UA-43,2.8,0.0,87,1.91
2025-12-23,UA-46,0.6,1.0,86,3.48
2025-12-23,UA-48,2.2,0.0,76,1.19
2025-12-23,UA-51,2.0,0.0,76,1.6
2025-12-23,UA-53,-0.1,0.0,81,2.5
2025-12-23,UA-56,0.4,1.0,90,2.26
2025-12-23,UA-59,-2.5,0.2,80,3.55
2025-12-23,UA-61,-0.1,0.3,86,2.82
2025-12-23,UA-63,-0.7,0.2,81,2.87
2025-12-23,UA-65,1.7,0.0,76,1.05
2025-12-23,UA-68,0.1,0.8,87,1.55
2025-12-23,UA-71,1.0,0.0,81,2.46
2025-12-23,UA-74,-2.4,0.0,75,3.5
2025-12-23,UA-77,0.7,3.5,93,2.58
2025-12-24,UA-05,-5.4,0.0,81,3.16
2025-12-24,UA-07,-8.1,0.0,78,4.16
2025-12-24,UA-09,-7.1,0.0,77,3.55
2025-12-24,UA-12,-4.9,0.3,80,4.04
2025-12-24,UA-14,-5.6,0.2,81,2.88
2025-12-24,UA-18,-9.3,0.0,82,3.05
2025-12-24,UA-21,3.1,1.3,71,3.89
2025-12-24,UA-23,-2.7,0.9,80,4.87
2025-12-24,UA-26,-1.8,1.8,89,4.73
2025-12-24,UA-30,-9.1,0.0,81,3.05
2025-12-24,UA-32,-7.4,0.0,79,3.08
2025-12-24,UA-35,-4.6,0.3,81,3.91
2025-12-24,UA-40,5.6,0.0,77,4.18
2025-12-24,UA-43,0.6,0.0,87,3.44
2025-12-24,UA-46,-3.6,0.3,83,5.03
2025-12-24,UA-48,-1.0,0.3,84,4.65
2025-12-24,UA-51,0.1,0.0,80,5.43
2025-12-24,UA-53,-8.3,0.0,74,3.81
2025-12-24,UA-56,-8.1,0.1,78,3.74
2025-12-24,UA-59,-11.3,0.0,78,3.25
2025-12-24,UA-61,-4.6,0.5,86,4.14
2025-12-24,UA-63,-9.6,0.0,73,3.47
2025-12-24,UA-65,-0.9,0.0,83,4.24
2025-12-24,UA-68,-5.8,0.5,85,3.56
2025-12-24,UA-71,-6.4,0.0,77,3.46
2025-12-24,UA-74,-10.4,0.0,77,2.89
2025-12-24,UA-77,-1.7,2.1,94,3.61
2025-12-25,UA-05,-9.6,0.0,81,1.97
2025-12-25,UA-07,-9.3,0.0,83,1.9
2025-12-25,UA-09,-9.3,0.0,80,3.34
2025-12-25,UA-12,-7.0,0.0,81,3.74
2025-12-25,UA-14,-9.7,0.0,79,2.73
2025-12-25,UA-18,-9.1,0.0,83,3.21
2025-12-25,UA-21,0.7,0.0,77,2.39
2025-12-25,UA-23,-6.4,0.0,76,3.87
2025-12-25,UA-26,-8.4,0.0,89,3.14
2025-12-25,UA-30,-6.9,0.0,83,4.21
2025-12-25,UA-32,-8.0,0.0,81,3.07
2025-12-25,UA-35,-7.3,0.0,81,3.15
2025-12-25,UA-40,1.7,0.0,72,5.43
2025-12-25,UA-43,-4.5,0.0,83,3.97
2025-12-25,UA-46,-6.8,0.0,81,2.86
2025-12-25,UA-48,-7.3,0.0,79,3.66
2025-12-25,UA-51,-7.1,0.0,75,4.81
2025-12-25,UA-53,-7.8,0.0,82,3.88
2025-12-25,UA-56,-9.5,0.0,83,1.86
2025-12-25,UA-59,-6.7,0.7,88,4.87
2025-12-25,UA-61,-8.3,0.0,82,2.18
2025-12-25,UA-63,-7.7,0.0,86,4.35
2025-12-25,UA-65,-7.5,0.0,75,3.36
2025-12-25,UA-68,-9.8,0.0,86,1.69
2025-12-25,UA-71,-6.2,0.0,81,3.63
2025-12-25,UA-74,-5.5,0.2,81,5.12
2025-12-25,UA-77,-9.0,0.0,90,1.94
2025-12-26,UA-05,-3.0,1.5,77,5.65
2025-12-26,UA-07,-2.4,0.6,85,5.94
2025-12-26,UA-09,-4.0,3.6,85,5.32
2025-12-26,UA-12,-2.9,3.4,87,5.65
2025-12-26,UA-14,-5.0,3.8,87,4.6
2025-12-26,UA-18,-2.4,1.4,80,6.55
2025-12-26,UA-21,-1.0,0.0,74,2.69
2025-12-26,UA-23,-2.6,3.6,84,6.85
2025-12-26,UA-26,-4.0,0.8,84,5.77
2025-12-26,UA-30,-1.9,2.9,82,6.42
2025-12-26,UA-32,-2.2,2.7,78,5.87
2025-12-26,UA-35,-2.9,2.2,81,5.65
2025-12-26,UA-40,1.6,3.9,76,7.13
2025-12-26,UA-43,-3.5,3.8,79,3.39
2025-12-26,UA-46,-4.3,0.7,86,5.5
2025-12-26,UA-48,-4.3,1.4,79,5.28
2025-12-26,UA-51,-4.5,0.8,73,6.67
2025-12-26,UA-53,-3.0,4.6,87,6.2
2025-12-26,UA-56,-2.2,0.3,84,6.28
2025-12-26,UA-59,-1.7,6.7,90,6.6
2025-12-26,UA-61,-4.2,0.7,84,6.18
2025-12-26,UA-63,-2.4,5.9,90,5.9
2025-12-26,UA-65,-4.7,1.6,79,4.76
2025-12-26,UA-68,-3.4,1.3,80,6.17
2025-12-26,UA-71,-2.0,3.1,82,5.85
2025-12-26,UA-74,-0.9,2.6,84,6.99
2025-12-26,UA-77,-4.2,0.9,87,5.99
2025-12-27,UA-05,0.6,1.8,86,5.5
2025-12-27,UA-07,0.8,2.0,96,6.44
2025-12-27,UA-09,-0.2,0.9,90,3.71
2025-12-27,UA-12,-0.0,0.8,83,4.82
2025-12-27,UA-14,-0.7,1.4,89,3.65
2025-12-27,UA-18,0.7,2.1,88,6.06
2025-12-27,UA-21,1.0,0.5,82,2.73
2025-12-27,UA-23,0.3,0.8,82,5.65
2025-12-27,UA-26,0.5,1.4,87,6.75
2025-12-27,UA-30,0.5,5.3,87,5.5
2025-12-27,UA-32,0.7,3.0,85,5.16
2025-12-27,UA-35,0.3,1.6,82,4.75
2025-12-27,UA-40,2.1,2.2,77,5.36
2025-12-27,UA-43,-2.3,1.2,92,1.83
2025-12-27,UA-46,-0.1,2.4,92,6.85
2025-12-27,UA-48,0.8,1.1,82,4.61
2025-12-27,UA-51,1.3,0.3,81,5.84
2025-12-27,UA-53,-0.6,1.7,81,5.0
2025-12-27,UA-56,1.1,2.2,94,6.55
2025-12-27,UA-59,-0.6,2.7,84,5.38
2025-12-27,UA-61,0.0,1.5,91,7.02
2025-12-27,UA-63,-0.5,0.8,86,4.65
2025-12-27,UA-65,0.3,0.5,82,4.22
2025-12-27,UA-68,0.4,1.3,90,6.43
2025-12-27,UA-71,0.5,3.9,83,4.83
2025-12-27,UA-74,0.5,6.1,86,5.58
2025-12-27,UA-77,0.3,0.9,89,5.99
2025-12-28,UA-05,-0.2,5.0,89,8.04
2025-12-28,UA-07,0.6,2.2,82,8.87
2025-12-28,UA-09,-0.5,3.0,88,4.76
2025-12-28,UA-12,-0.9,6.2,88,5.01
2025-12-28,UA-14,-1.8,6.2,89,4.09
2025-12-28,UA-18,-0.2,5.7,89,8.57
2025-12-28,UA-21,2.5,0.0,64,5.75
2025-12-28,UA-23,-0.4,6.6,87,6.06
2025-12-28,UA-26,0.5,3.9,85,9.78
2025-12-28,UA-30,-0.3,6.7,88,7.5
2025-12-28,UA-32,0.0,7.3,89,7.22
2025-12-28,UA-35,0.1,6.6,88,5.82
2025-12-28,UA-40,3.5,16.9,89,7.61
2025-12-28,UA-43,-0.7,9.4,94,3.88
2025-12-28,UA-46,0.5,2.7,83,9.06
2025-12-28,UA-48,1.0,4.2,86,6.73
2025-12-28,UA-51,1.5,2.5,81,8.66
2025-12-28,UA-53,-1.4,6.4,90,4.8
2025-12-28,UA-56,0.4,3.4,83,9.07
2025-12-28,UA-59,-1.3,4.1,93,4.28
2025-12-28,UA-61,-0.1,5.3,87,9.45
2025-12-28,UA-63,-1.4,7.6,92,4.28
2025-12-28,UA-65,0.6,4.8,87,6.19
2025-12-28,UA-68,-0.4,5.3,88,8.91
2025-12-28,UA-71,-0.0,5.9,89,5.99
2025-12-28,UA-74,-0.3,5.3,90,6.74
2025-12-28,UA-77,0.5,4.1,88,9.6
2025-12-29,UA-05,-1.5,0.4,80,6.39
2025-12-29,UA-07,-0.4,1.9,84,6.7
2025-12-29,UA-09,-1.4,0.2,82,3.61
2025-12-29,UA-12,-2.2,2.2,91,5.19
2025-12-29,UA-14,-2.6,1.2,86,3.57
2025-12-29,UA-18,-1.9,1.4,84,6.98
2025-12-29,UA-21,-1.6,0.0,79,1.86
2025-12-29,UA-23,-1.3,3.9,88,6.95
2025-12-29,UA-26,0.3,0.6,70,7.21
2025-12-29,UA-30,-2.0,2.7,84,6.88
2025-12-29,UA-32,-1.8,1.9,82,6.53
2025-12-29,UA-35,-2.1,2.2,86,6.68
2025-12-29,UA-40,2.8,13.5,85,9.43
2025-12-29,UA-43,-2.0,3.9,88,4.09
2025-12-29,UA-46,-0.8,0.6,82,6.99
2025-12-29,UA-48,-0.5,0.3,75,6.96
2025-12-29,UA-51,0.2,0.0,68,8.21
2025-12-29,UA-53,-3.0,2.9,91,5.04
2025-12-29,UA-56,-0.6,1.6,85,6.87
2025-12-29,UA-59,-3.4,3.4,92,4.56
2025-12-29,UA-61,-1.2,1.1,84,7.39
2025-12-29,UA-63,-3.0,3.1,91,3.99
2025-12-29,UA-65,-0.8,0.3,75,6.58
2025-12-29,UA-68,-1.3,1.0,82,6.95
2025-12-29,UA-71,-1.9,3.3,86,6.48
2025-12-29,UA-74,-2.3,3.4,89,6.27
2025-12-29,UA-77,-0.2,1.0,76,6.39
2025-12-30,UA-05,-3.1,2.5,79,5.94
2025-12-30,UA-07,-3.0,2.3,78,7.11
2025-12-30,UA-09,-2.5,0.8,78,5.63
2025-12-30,UA-12,-3.8,0.6,81,5.22
2025-12-30,UA-14,-3.8,1.2,83,4.86
2025-12-30,UA-18,-4.1,2.6,83,6.25
2025-12-30,UA-21,-1.4,0.1,68,3.18
2025-12-30,UA-23,-2.1,0.7,81,6.28
2025-12-30,UA-26,-1.9,1.9,72,7.25
2025-12-30,UA-30,-3.3,1.6,76,6.1
2025-12-30,UA-32,-2.7,1.8,76,5.79
2025-12-30,UA-35,-2.9,0.3,78,5.23
2025-12-30,UA-40,4.5,3.5,74,6.56
2025-12-30,UA-43,-0.6,1.9,86,2.38
2025-12-30,UA-46,-2.9,2.3,81,7.31
2025-12-30,UA-48,-1.5,0.3,73,4.66
2025-12-30,UA-51,-0.9,0.0,67,5.34
2025-12-30,UA-53,-4.2,1.2,81,5.6
2025-12-30,UA-56,-3.4,3.3,82,6.69
2025-12-30,UA-59,-4.1,1.5,84,6.14
2025-12-30,UA-61,-3.6,3.1,84,6.98
2025-12-30,UA-63,-3.9,1.8,83,5.72
2025-12-30,UA-65,-1.4,0.2,72,4.46
2025-12-30,UA-68,-3.7,3.0,84,6.34
2025-12-30,UA-71,-3.3,1.1,79,5.47
2025-12-30,UA-74,-4.6,1.3,83,5.37
2025-12-30,UA-77,-2.8,0.3,76,5.76
2025-12-31,UA-05,-5.9,1.5,80,5.63
2025-12-31,UA-07,-5.6,0.3,76,5.45
2025-12-31,UA-09,-5.9,0.4,76,4.92
2025-12-31,UA-12,-6.6,0.6,82,5.18
2025-12-31,UA-14,-7.3,0.6,80,4.37
2025-12-31,UA-18,-6.5,1.9,87,5.86
2025-12-31,UA-21,-2.5,0.4,66,3.43
2025-12-31,UA-23,-4.6,0.6,79,6.62
2025-12-31,UA-26,-3.6,2.9,74,6.81
2025-12-31,UA-30,-5.9,2.5,85,5.31
2025-12-31,UA-32,-5.5,2.4,82,5.45
2025-12-31,UA-35,-5.7,0.5,82,5.29
2025-12-31,UA-40,0.7,13.0,79,6.26
2025-12-31,UA-43,-4.8,1.0,86,2.47
2025-12-31,UA-46,-4.1,3.2,83,6.41
2025-12-31,UA-48,-3.8,0.0,70,5.55
2025-12-31,UA-51,-2.9,0.0,64,6.75
2025-12-31,UA-53,-6.9,1.4,85,4.88
2025-12-31,UA-56,-6.4,1.2,80,5.72
2025-12-31,UA-59,-8.0,1.0,86,4.09
2025-12-31,UA-61,-5.8,2.5,85,5.85
2025-12-31,UA-63,-7.1,1.2,85,4.74
2025-12-31,UA-65,-3.7,0.0,66,5.27
2025-12-31,UA-68,-6.8,1.2,85,5.52
2025-12-31,UA-71,-5.5,1.0,83,5.07
2025-12-31,UA-74,-7.0,0.8,88,4.41
2025-12-31,UA-77,-4.8,2.0,79,5.99
