date,region,temperature,precipitation,humidity,wind
1950-01-01,UA-05,-15.2,0.0,79,3.56
1950-01-01,UA-07,-13.9,0.0,82,2.96
1950-01-01,UA-09,-16.3,0.0,80,4.92
1950-01-01,UA-12,-15.8,0.0,81,4.73
1950-01-01,UA-14,-17.4,0.2,81,4.49
1950-01-01,UA-18,-14.2,0.0,78,4.0
1950-01-01,UA-21,-6.5,0.0,59,3.28
1950-01-01,UA-23,-14.0,0.4,83,6.33
1950-01-01,UA-26,-11.9,0.5,80,3.74
1950-01-01,UA-30,-12.0,0.0,76,3.89
1950-01-01,UA-32,-13.8,0.0,77,3.84
1950-01-01,UA-35,-14.8,0.0,79,4.45
1950-01-01,UA-40,-4.5,0.6,79,8.13
1950-01-01,UA-43,-11.6,0.7,76,2.8
1950-01-01,UA-46,-11.5,0.8,83,3.5
1950-01-01,UA-48,-13.3,0.1,69,5.0
1950-01-01,UA-51,-12.1,0.0,57,6.41
1950-01-01,UA-53,-15.6,0.0,81,4.76
1950-01-01,UA-56,-15.2,0.0,80,3.2
1950-01-01,UA-59,-15.3,0.0,81,4.7
1950-01-01,UA-61,-14.2,0.2,82,3.75
1950-01-01,UA-63,-15.1,0.0,81,4.67
1950-01-01,UA-65,-13.6,0.3,65,4.68
1950-01-01,UA-68,-15.8,0.0,81,3.41
1950-01-01,UA-71,-13.4,0.0,78,4.13
1950-01-01,UA-74,-15.2,0.0,80,4.16
1950-01-01,UA-77,-12.6,0.1,74,4.26
1950-01-02,UA-05,-8.7,2.4,82,4.1
1950-01-02,UA-07,-4.1,3.6,86,6.46
1950-01-02,UA-09,-17.5,0.0,75,4.6
1950-01-02,UA-12,-15.0,0.2,80,4.15
1950-01-02,UA-14,-18.1,0.0,79,4.02
1950-01-02,UA-18,-8.7,2.6,84,4.82
1950-01-02,UA-21,-4.4,2.6,64,3.64
1950-01-02,UA-23,-11.7,0.0,79,5.25
1950-01-02,UA-26,-4.9,1.8,76,5.9
1950-01-02,UA-30,-9.0,2.1,83,4.19
1950-01-02,UA-32,-9.4,2.2,81,4.15
1950-01-02,UA-35,-12.0,0.4,79,4.26
1950-01-02,UA-40,-3.2,1.2,65,6.11
1950-01-02,UA-43,-10.1,0.0,69,2.31
1950-01-02,UA-46,-5.4,3.3,81,6.59
1950-01-02,UA-48,-9.5,0.0,68,4.08
1950-01-02,UA-51,-7.5,0.0,58,5.19
1950-01-02,UA-53,-15.9,0.7,80,3.98
1950-01-02,UA-56,-4.9,2.7,85,5.94
1950-01-02,UA-59,-16.0,1.2,78,4.0
1950-01-02,UA-61,-5.2,2.9,83,5.86
1950-01-02,UA-63,-16.9,0.5,77,4.09
1950-01-02,UA-65,-9.6,0.0,67,3.7
1950-01-02,UA-68,-6.7,3.4,85,4.7
1950-01-02,UA-71,-10.8,1.2,80,4.01
1950-01-02,UA-74,-11.5,1.7,84,3.84
1950-01-02,UA-77,-4.3,0.5,71,3.34
1950-01-03,UA-05,-2.6,1.9,87,3.9
1950-01-03,UA-07,-0.7,1.7,93,5.44
1950-01-03,UA-09,-6.3,6.8,89,4.09
1950-01-03,UA-12,-4.4,2.6,88,3.68
1950-01-03,UA-14,-5.3,7.2,91,4.09
1950-01-03,UA-18,-2.2,1.0,89,4.64
1950-01-03,UA-21,-2.2,8.3,90,2.65
1950-01-03,UA-23,-3.0,3.1,88,4.55
1950-01-03,UA-26,-2.1,3.2,79,4.54
1950-01-03,UA-30,-2.7,3.8,90,3.55
1950-01-03,UA-32,-2.5,0.7,87,3.77
1950-01-03,UA-35,-3.9,1.2,86,3.45
1950-01-03,UA-40,4.3,2.9,70,9.01
1950-01-03,UA-43,0.9,3.0,78,5.75
1950-01-03,UA-46,-2.0,4.3,87,5.7
1950-01-03,UA-48,-2.5,0.5,76,3.64
1950-01-03,UA-51,-2.2,0.1,62,4.13
1950-01-03,UA-53,-5.6,2.3,89,3.53
1950-01-03,UA-56,-1.2,1.4,91,5.61
1950-01-03,UA-59,-7.1,3.2,90,3.46
1950-01-03,UA-61,-2.5,2.9,87,5.35
1950-01-03,UA-63,-7.0,3.9,89,2.48
1950-01-03,UA-65,-1.7,0.2,79,3.84
1950-01-03,UA-68,-2.5,2.4,88,4.64
1950-01-03,UA-71,-3.3,1.4,86,3.51
1950-01-03,UA-74,-4.2,4.2,94,2.45
1950-01-03,UA-77,-2.0,2.7,78,2.67
1950-01-04,UA-05,-2.1,1.4,90,2.32
1950-01-04,UA-07,-4.6,0.6,92,3.17
1950-01-04,UA-09,-5.7,0.5,91,2.51
1950-01-04,UA-12,-4.5,0.0,91,2.18
1950-01-04,UA-14,-5.8,0.4,90,2.1
1950-01-04,UA-18,-2.8,0.7,92,2.74
1950-01-04,UA-21,-2.5,1.2,88,1.86
1950-01-04,UA-23,-4.5,0.0,95,2.4
1950-01-04,UA-26,-3.2,1.7,89,3.19
1950-01-04,UA-30,-3.3,2.3,92,2.37
1950-01-04,UA-32,-2.8,1.1,91,2.36
1950-01-04,UA-35,-4.0,0.3,88,2.09
1950-01-04,UA-40,4.6,4.7,79,3.46
1950-01-04,UA-43,0.0,6.4,94,2.33
1950-01-04,UA-46,-4.0,2.1,92,3.37
1950-01-04,UA-48,-2.8,0.0,76,1.49
1950-01-04,UA-51,-1.3,0.0,70,1.51
1950-01-04,UA-53,-4.3,0.7,92,3.15
1950-01-04,UA-56,-3.6,0.9,92,3.05
1950-01-04,UA-59,-6.9,1.1,90,5.26
1950-01-04,UA-61,-3.6,2.1,92,3.02
1950-01-04,UA-63,-7.1,0.5,91,3.3
1950-01-04,UA-65,-3.0,0.1,77,1.56
1950-01-04,UA-68,-3.1,2.0,92,2.45
1950-01-04,UA-71,-3.2,0.9,90,2.25
1950-01-04,UA-74,-4.1,2.8,95,3.34
1950-01-04,UA-77,-2.5,1.2,86,2.08
1950-01-05,UA-05,-10.5,0.0,80,3.84
1950-01-05,UA-07,-10.0,0.1,86,4.51
1950-01-05,UA-09,-11.7,9.7,88,4.99
1950-01-05,UA-12,-9.6,0.0,87,2.46
1950-01-05,UA-14,-11.5,5.5,86,4.11
1950-01-05,UA-18,-10.7,0.0,82,4.41
1950-01-05,UA-21,-7.6,0.6,79,2.72
1950-01-05,UA-23,-8.0,0.0,89,3.75
1950-01-05,UA-26,-9.6,0.6,81,3.93
1950-01-05,UA-30,-11.0,0.3,83,3.94
1950-01-05,UA-32,-9.9,0.4,81,3.72
1950-01-05,UA-35,-7.3,0.0,85,3.22
1950-01-05,UA-40,1.0,0.6,82,6.34
1950-01-05,UA-43,-3.9,0.7,89,1.5
1950-01-05,UA-46,-9.7,0.4,85,4.24
1950-01-05,UA-48,-4.6,0.0,77,3.71
1950-01-05,UA-51,-4.7,0.6,70,4.69
1950-01-05,UA-53,-10.4,0.5,86,3.01
1950-01-05,UA-56,-10.1,0.0,84,4.88
1950-01-05,UA-59,-13.3,0.7,84,4.12
1950-01-05,UA-61,-10.3,0.3,83,4.46
1950-01-05,UA-63,-14.3,0.0,84,3.02
1950-01-05,UA-65,-4.4,0.0,76,3.29
1950-01-05,UA-68,-10.7,0.0,83,4.03
1950-01-05,UA-71,-8.4,1.3,84,3.24
1950-01-05,UA-74,-11.2,1.4,85,3.64
1950-01-05,UA-77,-9.7,0.2,78,3.82
1950-01-06,UA-05,-12.0,0.0,82,2.73
1950-01-06,UA-07,-11.5,0.8,86,2.41
1950-01-06,UA-09,-14.7,0.0,80,4.84
1950-01-06,UA-12,-14.7,0.0,83,3.2
1950-01-06,UA-14,-15.1,0.0,82,3.94
1950-01-06,UA-18,-13.8,0.4,83,2.98
1950-01-06,UA-21,-3.9,5.5,90,2.78
1950-01-06,UA-23,-11.5,0.0,81,4.73
1950-01-06,UA-26,-6.8,3.4,86,1.91
1950-01-06,UA-30,-15.8,0.2,81,2.56
1950-01-06,UA-32,-13.2,0.1,80,2.94
1950-01-06,UA-35,-14.1,0.0,80,2.77
1950-01-06,UA-40,-0.3,3.9,71,6.8
1950-01-06,UA-43,-7.5,2.7,80,2.63
1950-01-06,UA-46,-7.1,4.0,90,2.09
1950-01-06,UA-48,-10.3,0.0,73,2.49
1950-01-06,UA-51,-7.6,0.2,60,3.42
1950-01-06,UA-53,-15.4,0.0,81,2.95
1950-01-06,UA-56,-11.6,0.5,85,2.85
1950-01-06,UA-59,-15.6,0.0,84,3.8
1950-01-06,UA-61,-8.6,2.8,88,2.37
1950-01-06,UA-63,-15.4,0.0,81,3.16
1950-01-06,UA-65,-9.9,0.0,68,2.66
1950-01-06,UA-68,-10.6,0.7,85,2.51
1950-01-06,UA-71,-13.7,0.2,80,2.99
1950-01-06,UA-74,-18.0,0.0,83,2.36
1950-01-06,UA-77,-7.6,1.2,79,1.29
1950-01-07,UA-05,-5.4,2.1,88,2.69
1950-01-07,UA-07,-3.8,6.0,93,3.14
1950-01-07,UA-09,-18.2,0.0,80,4.06
1950-01-07,UA-12,-16.4,0.7,81,1.83
1950-01-07,UA-14,-16.9,0.0,81,3.1
1950-01-07,UA-18,-12.2,4.0,87,2.84
1950-01-07,UA-21,-2.3,0.6,94,1.83
1950-01-07,UA-23,-13.3,0.8,83,2.6
1950-01-07,UA-26,-0.5,2.6,82,4.1
1950-01-07,UA-30,-17.1,1.8,81,2.43
1950-01-07,UA-32,-12.5,3.5,85,2.44
1950-01-07,UA-35,-12.8,1.4,84,2.09
1950-01-07,UA-40,3.3,2.4,79,2.31
1950-01-07,UA-43,-3.9,0.2,89,1.39
1950-01-07,UA-46,-0.6,7.9,91,5.57
1950-01-07,UA-48,-6.3,0.0,77,1.71
1950-01-07,UA-51,-2.8,0.0,73,1.93
1950-01-07,UA-53,-18.1,0.0,79,1.97
1950-01-07,UA-56,-4.7,4.3,92,2.74
1950-01-07,UA-59,-22.2,0.0,79,2.42
1950-01-07,UA-61,-1.7,6.6,91,4.73
1950-01-07,UA-63,-19.3,0.0,78,2.68
1950-01-07,UA-65,-6.8,0.0,72,1.41
1950-01-07,UA-68,-3.6,4.4,91,3.64
1950-01-07,UA-71,-14.4,2.0,82,2.2
1950-01-07,UA-74,-22.1,0.0,78,2.02
1950-01-07,UA-77,-3.1,0.7,81,2.76
1950-01-08,UA-05,-11.8,4.5,84,2.54
1950-01-08,UA-07,-11.6,4.6,85,3.46
1950-01-08,UA-09,-21.7,0.2,76,2.38
1950-01-08,UA-12,-17.1,2.5,77,3.93
1950-01-08,UA-14,-17.7,1.7,75,2.52
1950-01-08,UA-18,-17.4,1.1,80,3.29
1950-01-08,UA-21,-1.1,2.5,92,1.56
1950-01-08,UA-23,-13.0,6.6,84,5.89
1950-01-08,UA-26,-3.8,4.4,88,4.12
1950-01-08,UA-30,-20.5,0.3,76,2.98
1950-01-08,UA-32,-16.9,1.1,79,3.03
1950-01-08,UA-35,-14.0,3.6,83,4.13
1950-01-08,UA-40,3.7,3.4,81,6.07
1950-01-08,UA-43,-1.5,4.0,91,3.87
1950-01-08,UA-46,-5.2,8.4,91,4.37
1950-01-08,UA-48,-7.0,4.9,87,3.85
1950-01-08,UA-51,-4.6,1.7,79,5.21
1950-01-08,UA-53,-21.6,0.0,75,3.48
1950-01-08,UA-56,-12.7,4.6,84,3.35
1950-01-08,UA-59,-25.3,0.0,74,3.64
1950-01-08,UA-61,-6.4,6.1,90,4.04
1950-01-08,UA-63,-23.4,0.0,74,2.66
1950-01-08,UA-65,-6.2,4.2,88,3.77
1950-01-08,UA-68,-9.2,6.3,88,3.34
1950-01-08,UA-71,-18.0,1.3,77,3.55
1950-01-08,UA-74,-23.8,0.0,74,2.93
1950-01-08,UA-77,-4.1,2.4,87,3.91
1950-01-09,UA-05,-8.0,8.9,86,5.22
1950-01-09,UA-07,-4.0,12.3,92,5.96
1950-01-09,UA-09,-23.7,4.5,74,3.34
1950-01-09,UA-12,-18.8,6.5,78,3.47
1950-01-09,UA-14,-21.2,6.2,73,3.55
1950-01-09,UA-18,-12.4,8.9,84,5.15
1950-01-09,UA-21,-0.1,1.8,96,1.96
1950-01-09,UA-23,-14.8,7.9,84,5.09
1950-01-09,UA-26,1.4,7.8,84,6.39
1950-01-09,UA-30,-17.2,5.8,80,3.94
1950-01-09,UA-32,-13.6,8.2,81,4.39
1950-01-09,UA-35,-15.2,6.2,81,4.12
1950-01-09,UA-40,0.0,4.9,81,7.96
1950-01-09,UA-43,-4.8,6.1,84,4.63
1950-01-09,UA-46,0.8,12.0,92,7.23
1950-01-09,UA-48,-9.3,5.1,82,4.22
1950-01-09,UA-51,-5.2,2.5,72,5.05
1950-01-09,UA-53,-20.9,6.0,77,4.31
1950-01-09,UA-56,-5.5,14.4,91,5.85
1950-01-09,UA-59,-22.3,3.2,75,4.96
1950-01-09,UA-61,-1.3,14.1,93,7.15
1950-01-09,UA-63,-23.1,4.8,75,3.89
1950-01-09,UA-65,-9.0,5.2,80,4.21
1950-01-09,UA-68,-4.7,11.8,91,6.48
1950-01-09,UA-71,-16.5,6.1,79,3.4
1950-01-09,UA-74,-20.1,3.1,78,4.84
1950-01-09,UA-77,0.0,3.2,81,4.66
1950-01-10,UA-05,-21.9,0.0,75,4.23
1950-01-10,UA-07,-23.4,0.0,78,3.11
1950-01-10,UA-09,-24.6,5.9,74,6.63
1950-01-10,UA-12,-22.7,0.0,73,6.4
1950-01-10,UA-14,-23.9,1.8,74,4.99
1950-01-10,UA-18,-24.4,0.0,77,4.26
1950-01-10,UA-21,-6.0,0.0,77,3.89
1950-01-10,UA-23,-19.5,0.0,82,8.55
1950-01-10,UA-26,-15.8,0.6,80,3.25
1950-01-10,UA-30,-24.6,0.0,75,4.32
1950-01-10,UA-32,-23.6,0.0,75,4.36
1950-01-10,UA-35,-21.8,0.0,75,5.68
1950-01-10,UA-40,-4.5,5.6,83,9.12
1950-01-10,UA-43,-11.6,6.4,80,4.07
1950-01-10,UA-46,-18.5,0.1,80,3.06
1950-01-10,UA-48,-18.1,0.1,74,5.9
1950-01-10,UA-51,-13.9,0.1,64,7.22
1950-01-10,UA-53,-25.2,0.1,71,6.2
1950-01-10,UA-56,-23.3,0.0,78,3.47
1950-01-10,UA-59,-27.1,0.0,69,6.39
1950-01-10,UA-61,-19.4,0.1,78,3.76
1950-01-10,UA-63,-25.0,0.9,69,5.39
1950-01-10,UA-65,-17.6,0.2,74,5.68
1950-01-10,UA-68,-21.7,0.0,77,4.28
1950-01-10,UA-71,-22.9,0.0,74,4.96
1950-01-10,UA-74,-26.5,0.0,72,4.41
1950-01-10,UA-77,-14.6,1.0,79,3.94
1950-01-11,UA-05,-28.0,0.0,71,3.39
1950-01-11,UA-07,-30.5,0.0,73,2.14
1950-01-11,UA-09,-30.0,0.0,69,5.39
1950-01-11,UA-12,-28.9,0.0,69,5.34
1950-01-11,UA-14,-29.8,0.0,69,4.3
1950-01-11,UA-18,-30.1,0.0,72,3.37
1950-01-11,UA-21,-13.6,0.0,71,3.17
1950-01-11,UA-23,-27.3,1.7,78,6.68
1950-01-11,UA-26,-25.1,0.0,75,1.97
1950-01-11,UA-30,-28.8,0.0,71,4.03
1950-01-11,UA-32,-28.9,0.0,70,3.65
1950-01-11,UA-35,-28.1,0.0,70,4.87
1950-01-11,UA-40,-14.3,2.4,82,8.4
1950-01-11,UA-43,-24.0,0.0,66,2.3
1950-01-11,UA-46,-26.4,0.0,75,2.26
1950-01-11,UA-48,-27.4,0.0,70,4.37
1950-01-11,UA-51,-23.1,0.0,53,6.43
1950-01-11,UA-53,-29.3,0.0,69,5.6
1950-01-11,UA-56,-30.2,0.0,72,2.02
1950-01-11,UA-59,-27.7,0.0,71,5.82
1950-01-11,UA-61,-27.3,0.0,73,2.14
1950-01-11,UA-63,-27.5,0.0,69,4.88
1950-01-11,UA-65,-27.4,0.0,68,4.15
1950-01-11,UA-68,-28.4,0.0,72,2.96
1950-01-11,UA-71,-28.1,0.0,70,4.32
1950-01-11,UA-74,-28.7,0.0,72,4.38
1950-01-11,UA-77,-24.6,0.0,75,2.39
1950-01-12,UA-05,-22.7,0.0,72,3.08
1950-01-12,UA-07,-26.8,0.0,71,2.48
1950-01-12,UA-09,-22.3,0.0,77,3.93
1950-01-12,UA-12,-20.1,0.0,76,3.98
1950-01-12,UA-14,-23.1,0.0,75,2.89
1950-01-12,UA-18,-25.1,0.0,73,2.9
1950-01-12,UA-21,-18.5,0.0,67,1.75
1950-01-12,UA-23,-19.9,0.6,81,5.0
1950-01-12,UA-26,-22.3,0.0,70,2.18
1950-01-12,UA-30,-22.2,0.0,75,3.6
1950-01-12,UA-32,-22.3,0.0,73,3.31
1950-01-12,UA-35,-20.7,0.0,75,4.19
1950-01-12,UA-40,-13.7,0.7,85,7.72
1950-01-12,UA-43,-22.4,0.0,67,1.87
1950-01-12,UA-46,-22.7,0.0,70,3.47
1950-01-12,UA-48,-22.6,0.0,75,3.61
1950-01-12,UA-51,-19.2,0.0,59,5.46
1950-01-12,UA-53,-20.1,0.0,76,4.56
1950-01-12,UA-56,-26.9,0.0,71,2.19
1950-01-12,UA-59,-18.3,0.0,78,4.97
1950-01-12,UA-61,-23.6,0.0,70,2.04
1950-01-12,UA-63,-16.3,0.0,79,3.61
1950-01-12,UA-65,-22.9,0.0,73,3.38
1950-01-12,UA-68,-25.1,0.0,74,2.52
1950-01-12,UA-71,-20.5,0.0,74,3.64
1950-01-12,UA-74,-22.2,0.0,75,3.72
1950-01-12,UA-77,-21.1,0.0,70,2.28
1950-01-13,UA-05,-19.2,0.0,74,2.5
1950-01-13,UA-07,-13.9,0.0,71,5.07
1950-01-13,UA-09,-20.1,0.0,86,2.39
1950-01-13,UA-12,-21.4,0.0,79,2.55
1950-01-13,UA-14,-21.1,0.0,82,1.87
1950-01-13,UA-18,-21.3,0.0,73,2.93
1950-01-13,UA-21,-11.4,3.7,72,3.02
1950-01-13,UA-23,-18.1,0.0,83,3.11
1950-01-13,UA-26,-15.9,0.4,71,2.41
1950-01-13,UA-30,-22.9,0.0,74,2.51
1950-01-13,UA-32,-22.0,0.0,74,2.26
1950-01-13,UA-35,-22.0,0.0,75,2.01
1950-01-13,UA-40,-10.2,0.0,77,5.63
1950-01-13,UA-43,-18.3,0.0,77,2.31
1950-01-13,UA-46,-12.7,1.2,73,4.44
1950-01-13,UA-48,-22.3,0.0,78,2.35
1950-01-13,UA-51,-16.0,0.0,57,3.05
1950-01-13,UA-53,-25.6,0.0,77,2.47
1950-01-13,UA-56,-17.0,0.0,69,4.69
1950-01-13,UA-59,-26.4,0.0,77,2.62
1950-01-13,UA-61,-16.7,0.0,72,3.81
1950-01-13,UA-63,-20.4,0.0,79,2.49
1950-01-13,UA-65,-22.6,0.0,77,2.38
1950-01-13,UA-68,-18.9,0.0,72,3.61
1950-01-13,UA-71,-22.5,0.0,75,1.85
1950-01-13,UA-74,-25.0,0.0,76,2.58
1950-01-13,UA-77,-17.6,0.0,75,2.72
1950-01-14,UA-05,-10.9,0.5,78,4.09
1950-01-14,UA-07,-2.8,1.1,89,6.55
1950-01-14,UA-09,-21.0,0.0,81,3.8
1950-01-14,UA-12,-21.7,0.0,78,3.99
1950-01-14,UA-14,-23.1,0.0,78,2.33
1950-01-14,UA-18,-8.5,0.5,82,5.47
1950-01-14,UA-21,-7.1,2.9,85,3.41
1950-01-14,UA-23,-16.9,0.0,83,3.71
1950-01-14,UA-26,-4.6,0.8,76,4.62
1950-01-14,UA-30,-11.2,0.8,80,5.11
1950-01-14,UA-32,-11.6,0.4,77,4.58
1950-01-14,UA-35,-16.7,0.3,74,4.19
1950-01-14,UA-40,-6.4,0.0,65,3.78
1950-01-14,UA-43,-15.6,0.0,63,2.1
1950-01-14,UA-46,-4.2,1.6,82,6.9
1950-01-14,UA-48,-16.4,0.0,76,2.6
1950-01-14,UA-51,-9.2,0.0,51,3.74
1950-01-14,UA-53,-21.7,0.4,76,4.72
1950-01-14,UA-56,-4.0,1.5,86,6.22
1950-01-14,UA-59,-18.2,0.5,74,7.23
1950-01-14,UA-61,-4.9,1.2,82,6.12
1950-01-14,UA-63,-20.7,0.0,72,4.5
1950-01-14,UA-65,-15.4,0.0,77,2.44
1950-01-14,UA-68,-7.2,1.0,82,5.07
1950-01-14,UA-71,-14.4,0.4,72,4.52
1950-01-14,UA-74,-11.8,0.8,83,5.75
1950-01-14,UA-77,-7.4,0.7,78,2.2
1950-01-15,UA-05,-0.0,1.7,88,5.16
1950-01-15,UA-07,1.0,1.6,95,6.25
1950-01-15,UA-09,-10.5,1.2,84,6.38
1950-01-15,UA-12,-6.5,3.4,88,5.64
1950-01-15,UA-14,-8.6,2.5,86,4.42
1950-01-15,UA-18,-0.2,2.4,92,6.07
1950-01-15,UA-21,-3.9,1.7,91,1.81
1950-01-15,UA-23,-4.7,3.5,89,6.4
1950-01-15,UA-26,0.3,2.5,88,6.59
1950-01-15,UA-30,-1.1,3.6,91,5.38
1950-01-15,UA-32,-0.7,3.0,88,5.06
1950-01-15,UA-35,-3.7,2.1,88,4.94
1950-01-15,UA-40,2.0,7.0,76,7.76
1950-01-15,UA-43,-2.3,4.6,85,4.26
1950-01-15,UA-46,0.3,4.3,95,6.86
1950-01-15,UA-48,-4.0,1.6,86,4.45
1950-01-15,UA-51,-3.0,1.0,75,4.83
1950-01-15,UA-53,-6.7,2.8,88,5.79
1950-01-15,UA-56,1.1,2.1,94,6.47
1950-01-15,UA-59,-6.3,1.9,89,6.13
1950-01-15,UA-61,0.2,2.9,93,6.85
1950-01-15,UA-63,-8.3,2.3,87,4.8
1950-01-15,UA-65,-3.4,1.6,87,4.15
1950-01-15,UA-68,0.4,1.7,92,6.36
1950-01-15,UA-71,-2.5,2.8,88,4.94
1950-01-15,UA-74,-2.1,2.2,91,5.32
1950-01-15,UA-77,0.5,0.8,83,5.99
1950-01-16,UA-05,1.8,2.2,89,5.75
1950-01-16,UA-07,1.8,2.9,95,7.18
1950-01-16,UA-09,-3.5,2.1,87,6.46
1950-01-16,UA-12,-1.7,2.6,90,6.25
1950-01-16,UA-14,-3.5,3.2,89,5.39
1950-01-16,UA-18,1.4,2.7,92,7.07
1950-01-16,UA-21,-0.3,4.1,94,1.94
1950-01-16,UA-23,-0.9,3.0,89,7.34
1950-01-16,UA-26,2.1,1.7,82,5.62
1950-01-16,UA-30,0.6,3.1,91,6.44
1950-01-16,UA-32,1.5,2.3,89,5.66
1950-01-16,UA-35,0.1,1.9,90,5.72
1950-01-16,UA-40,3.9,1.9,77,8.11
1950-01-16,UA-43,0.0,1.7,88,5.01
1950-01-16,UA-46,1.6,3.8,91,6.91
1950-01-16,UA-48,0.0,1.9,89,5.03
1950-01-16,UA-51,1.6,0.0,76,5.39
1950-01-16,UA-53,-2.6,3.4,90,6.64
1950-01-16,UA-56,2.0,3.2,94,7.51
1950-01-16,UA-59,-3.4,4.9,91,7.34
1950-01-16,UA-61,1.7,2.8,91,7.3
1950-01-16,UA-63,-3.2,3.6,90,5.96
1950-01-16,UA-65,-0.4,2.7,89,4.96
1950-01-16,UA-68,1.8,2.0,91,6.86
1950-01-16,UA-71,0.4,2.6,88,5.5
1950-01-16,UA-74,-1.4,5.3,92,6.6
1950-01-16,UA-77,2.3,0.3,79,3.87
1950-01-17,UA-05,-0.2,0.0,88,3.54
1950-01-17,UA-07,-1.5,0.2,93,4.2
1950-01-17,UA-09,-3.8,2.0,87,6.89
1950-01-17,UA-12,-1.8,0.1,87,5.73
1950-01-17,UA-14,-2.4,0.6,89,5.51
1950-01-17,UA-18,-3.5,0.8,90,4.94
1950-01-17,UA-21,1.3,9.7,97,2.21
1950-01-17,UA-23,-0.1,0.0,89,6.26
1950-01-17,UA-26,1.2,6.5,96,2.15
1950-01-17,UA-30,-5.8,1.4,87,4.74
1950-01-17,UA-32,-2.3,0.5,87,4.34
1950-01-17,UA-35,-0.5,0.0,87,4.45
1950-01-17,UA-40,5.7,0.1,84,4.59
1950-01-17,UA-43,2.5,0.2,92,3.56
1950-01-17,UA-46,0.8,3.2,97,2.65
1950-01-17,UA-48,-0.3,0.0,92,3.16
1950-01-17,UA-51,1.3,0.0,83,2.74
1950-01-17,UA-53,-5.9,2.3,86,6.34
1950-01-17,UA-56,-1.3,0.4,92,4.42
1950-01-17,UA-59,-12.7,0.5,84,5.45
1950-01-17,UA-61,0.6,1.5,95,2.83
1950-01-17,UA-63,-8.5,1.9,86,5.3
1950-01-17,UA-65,-0.4,0.1,91,3.09
1950-01-17,UA-68,-0.0,0.0,91,3.41
1950-01-17,UA-71,-2.9,0.9,85,4.85
1950-01-17,UA-74,-10.6,2.0,85,4.48
1950-01-17,UA-77,1.8,4.5,92,1.83
1950-01-18,UA-05,-12.5,0.0,78,3.92
1950-01-18,UA-07,-14.8,0.0,79,5.77
1950-01-18,UA-09,-22.4,0.0,76,4.36
1950-01-18,UA-12,-19.1,0.0,78,3.65
1950-01-18,UA-14,-20.0,0.0,77,3.24
1950-01-18,UA-18,-18.0,0.0,79,3.57
1950-01-18,UA-21,1.4,10.4,85,3.28
1950-01-18,UA-23,-15.6,0.0,83,5.26
1950-01-18,UA-26,-5.2,8.6,87,6.37
1950-01-18,UA-30,-20.4,0.0,77,2.69
1950-01-18,UA-32,-17.1,0.0,78,2.97
1950-01-18,UA-35,-16.3,0.0,79,3.71
1950-01-18,UA-40,3.3,0.3,84,3.96
1950-01-18,UA-43,-2.8,0.3,88,4.18
1950-01-18,UA-46,-7.8,7.1,84,6.68
1950-01-18,UA-48,-11.2,0.0,82,5.28
1950-01-18,UA-51,-6.5,1.7,76,6.58
1950-01-18,UA-53,-22.4,0.0,75,3.76
1950-01-18,UA-56,-14.9,0.0,78,5.17
1950-01-18,UA-59,-24.6,0.0,74,3.98
1950-01-18,UA-61,-8.9,5.0,83,5.89
1950-01-18,UA-63,-23.1,0.0,74,3.49
1950-01-18,UA-65,-10.6,0.0,79,4.99
1950-01-18,UA-68,-11.0,0.1,79,5.0
1950-01-18,UA-71,-18.2,0.0,78,2.84
1950-01-18,UA-74,-23.5,0.0,75,2.89
1950-01-18,UA-77,-4.8,10.0,90,4.55
1950-01-19,UA-05,-14.8,0.0,74,2.66
1950-01-19,UA-07,-14.8,0.6,78,4.86
1950-01-19,UA-09,-23.7,0.0,76,4.11
1950-01-19,UA-12,-22.4,0.0,75,2.99
1950-01-19,UA-14,-23.0,0.0,75,3.23
1950-01-19,UA-18,-18.3,0.0,78,2.58
1950-01-19,UA-21,-1.1,5.8,86,2.96
1950-01-19,UA-23,-19.9,0.0,81,4.67
1950-01-19,UA-26,-11.0,4.3,79,7.15
1950-01-19,UA-30,-20.0,0.0,77,2.28
1950-01-19,UA-32,-18.4,0.0,76,2.15
1950-01-19,UA-35,-18.6,0.0,76,3.09
1950-01-19,UA-40,-2.0,0.0,72,5.21
1950-01-19,UA-43,-9.0,0.0,78,5.26
1950-01-19,UA-46,-11.0,4.0,77,7.42
1950-01-19,UA-48,-17.5,0.0,75,4.33
1950-01-19,UA-51,-11.6,0.0,66,6.35
1950-01-19,UA-53,-23.7,0.0,76,3.23
1950-01-19,UA-56,-15.2,0.1,77,3.96
1950-01-19,UA-59,-23.9,0.0,79,3.94
1950-01-19,UA-61,-12.0,3.5,77,5.24
1950-01-19,UA-63,-22.1,0.0,76,3.39
1950-01-19,UA-65,-17.5,0.0,71,4.33
1950-01-19,UA-68,-13.4,0.9,74,3.62
1950-01-19,UA-71,-20.5,0.0,76,2.18
1950-01-19,UA-74,-21.9,0.0,77,2.53
1950-01-19,UA-77,-11.2,4.1,80,3.92
1950-01-20,UA-05,-16.4,0.0,78,1.6
1950-01-20,UA-07,-15.4,0.1,81,1.99
1950-01-20,UA-09,-23.4,0.0,76,2.78
1950-01-20,UA-12,-23.1,0.0,78,2.22
1950-01-20,UA-14,-22.9,0.0,73,2.26
1950-01-20,UA-18,-17.8,0.0,81,1.83
1950-01-20,UA-21,-7.2,0.0,79,2.87
1950-01-20,UA-23,-20.0,0.0,80,3.77
1950-01-20,UA-26,-14.4,0.0,80,3.78
1950-01-20,UA-30,-18.0,0.0,80,2.24
1950-01-20,UA-32,-18.1,0.0,79,1.78
1950-01-20,UA-35,-19.0,0.0,78,2.32
1950-01-20,UA-40,-4.1,0.0,69,5.4
1950-01-20,UA-43,-11.3,0.0,78,5.39
1950-01-20,UA-46,-13.4,0.0,78,3.81
1950-01-20,UA-48,-19.8,0.0,74,3.54
1950-01-20,UA-51,-13.8,0.0,61,5.51
1950-01-20,UA-53,-23.7,0.0,79,2.14
1950-01-20,UA-56,-15.7,0.1,79,1.87
1950-01-20,UA-59,-21.9,0.0,79,3.18
1950-01-20,UA-61,-14.4,0.0,79,2.51
1950-01-20,UA-63,-22.5,0.0,78,2.4
1950-01-20,UA-65,-19.8,0.0,70,3.67
1950-01-20,UA-68,-15.2,0.0,79,1.63
1950-01-20,UA-71,-18.7,0.0,78,1.81
1950-01-20,UA-74,-17.8,0.3,79,3.07
1950-01-20,UA-77,-14.9,0.0,82,2.17
1950-01-21,UA-05,-10.4,0.8,82,2.02
1950-01-21,UA-07,-6.1,2.8,89,4.17
1950-01-21,UA-09,-22.0,0.0,78,1.71
1950-01-21,UA-12,-21.1,0.0,79,1.71
1950-01-21,UA-14,-20.4,0.0,73,2.0
1950-01-21,UA-18,-10.1,1.1,86,2.38
1950-01-21,UA-21,-6.5,0.5,75,3.85
1950-01-21,UA-23,-17.5,0.0,80,3.09
1950-01-21,UA-26,-8.9,2.6,82,4.37
1950-01-21,UA-30,-11.9,0.9,84,2.27
1950-01-21,UA-32,-11.6,0.5,82,1.89
1950-01-21,UA-35,-16.1,0.0,80,1.67
1950-01-21,UA-40,-4.8,0.0,70,5.04
1950-01-21,UA-43,-10.9,0.0,80,4.11
1950-01-21,UA-46,-8.3,2.2,87,4.84
1950-01-21,UA-48,-19.3,0.0,78,2.39
1950-01-21,UA-51,-11.7,0.0,53,3.08
1950-01-21,UA-53,-21.7,0.0,80,1.87
1950-01-21,UA-56,-7.1,2.2,88,3.67
1950-01-21,UA-59,-19.5,0.0,81,2.81
1950-01-21,UA-61,-8.7,1.9,85,4.09
1950-01-21,UA-63,-20.9,0.0,80,1.94
1950-01-21,UA-65,-19.4,0.0,73,2.43
1950-01-21,UA-68,-9.1,1.7,85,2.63
1950-01-21,UA-71,-14.7,0.4,80,2.03
1950-01-21,UA-74,-12.6,0.8,86,2.94
1950-01-21,UA-77,-9.1,1.5,80,3.6
1950-01-22,UA-05,-14.4,0.2,83,3.1
1950-01-22,UA-07,-9.6,0.0,83,4.17
1950-01-22,UA-09,-21.2,0.0,77,4.13
1950-01-22,UA-12,-19.3,0.0,76,4.42
1950-01-22,UA-14,-19.6,0.0,76,4.13
1950-01-22,UA-18,-15.8,0.2,85,3.48
1950-01-22,UA-21,-6.9,0.0,72,3.94
1950-01-22,UA-23,-16.8,0.0,82,6.38
1950-01-22,UA-26,-9.4,2.1,82,3.41
1950-01-22,UA-30,-18.7,0.0,82,2.96
1950-01-22,UA-32,-16.8,0.0,82,2.91
1950-01-22,UA-35,-17.8,0.0,79,3.92
1950-01-22,UA-40,-4.9,0.0,74,6.55
1950-01-22,UA-43,-11.5,0.4,82,4.74
1950-01-22,UA-46,-9.0,0.2,84,4.58
1950-01-22,UA-48,-18.6,0.0,77,4.53
1950-01-22,UA-51,-14.0,0.0,65,5.57
1950-01-22,UA-53,-20.5,0.0,77,4.26
1950-01-22,UA-56,-11.1,0.0,83,4.02
1950-01-22,UA-59,-21.8,0.0,79,4.19
1950-01-22,UA-61,-10.9,0.1,83,3.84
1950-01-22,UA-63,-19.9,0.0,77,3.7
1950-01-22,UA-65,-18.5,0.0,75,4.4
1950-01-22,UA-68,-12.8,0.1,84,3.61
1950-01-22,UA-71,-18.4,0.0,79,3.07
1950-01-22,UA-74,-20.2,0.0,81,3.6
1950-01-22,UA-77,-11.0,1.9,85,2.28
1950-01-23,UA-05,-18.7,0.0,81,2.5
1950-01-23,UA-07,-15.8,0.0,83,1.93
1950-01-23,UA-09,-22.7,0.0,79,2.89
1950-01-23,UA-12,-20.0,0.0,76,4.07
1950-01-23,UA-14,-19.3,0.0,76,3.56
1950-01-23,UA-18,-19.7,0.0,84,1.99
1950-01-23,UA-21,-13.1,0.0,75,1.97
1950-01-23,UA-23,-17.0,0.0,82,6.49
1950-01-23,UA-26,-17.7,0.0,82,2.72
1950-01-23,UA-30,-20.7,0.0,81,2.35
1950-01-23,UA-32,-19.5,0.0,81,2.45
1950-01-23,UA-35,-19.6,0.0,77,4.11
1950-01-23,UA-40,-4.6,2.0,74,7.58
1950-01-23,UA-43,-10.7,1.2,80,6.55
1950-01-23,UA-46,-16.4,0.0,82,3.06
1950-01-23,UA-48,-18.5,0.0,76,5.3
1950-01-23,UA-51,-15.1,0.0,64,6.89
1950-01-23,UA-53,-21.9,0.0,77,3.84
1950-01-23,UA-56,-17.1,0.0,84,1.66
1950-01-23,UA-59,-22.7,0.0,79,3.79
1950-01-23,UA-61,-17.7,0.0,84,2.14
1950-01-23,UA-63,-20.5,0.0,77,3.22
1950-01-23,UA-65,-18.1,0.0,74,5.3
1950-01-23,UA-68,-18.2,0.0,83,2.18
1950-01-23,UA-71,-20.5,0.0,77,2.78
1950-01-23,UA-74,-21.6,0.2,81,2.91
1950-01-23,UA-77,-18.1,0.0,84,1.59
1950-01-24,UA-05,-14.4,0.0,82,2.69
1950-01-24,UA-07,-15.4,0.0,84,1.36
1950-01-24,UA-09,-15.1,0.2,83,4.04
1950-01-24,UA-12,-14.7,0.3,83,4.3
1950-01-24,UA-14,-16.5,0.0,82,3.45
1950-01-24,UA-18,-12.9,0.0,85,3.52
1950-01-24,UA-21,-15.9,0.0,72,1.65
1950-01-24,UA-23,-14.0,0.6,84,5.25
1950-01-24,UA-26,-19.8,0.0,79,1.96
1950-01-24,UA-30,-10.8,0.7,86,4.02
1950-01-24,UA-32,-12.1,0.3,84,3.44
1950-01-24,UA-35,-12.7,0.0,83,4.07
1950-01-24,UA-40,-6.8,0.0,78,7.22
1950-01-24,UA-43,-13.3,0.0,74,1.78
1950-01-24,UA-46,-19.3,0.0,81,2.51
1950-01-24,UA-48,-14.6,0.0,80,3.59
1950-01-24,UA-51,-13.0,0.0,63,4.82
1950-01-24,UA-53,-13.0,0.2,84,4.59
1950-01-24,UA-56,-15.0,0.0,84,1.91
1950-01-24,UA-59,-9.4,0.3,87,4.69
1950-01-24,UA-61,-17.2,0.0,81,1.56
1950-01-24,UA-63,-10.7,0.2,84,4.1
1950-01-24,UA-65,-15.0,0.0,79,3.41
1950-01-24,UA-68,-16.1,0.0,82,2.04
1950-01-24,UA-71,-11.9,0.2,84,3.65
1950-01-24,UA-74,-7.9,0.4,88,4.49
1950-01-24,UA-77,-19.2,0.0,79,1.55
1950-01-25,UA-05,-5.3,0.0,88,2.79
1950-01-25,UA-07,-8.0,0.0,88,1.17
1950-01-25,UA-09,-6.9,0.0,87,3.57
1950-01-25,UA-12,-6.0,0.0,88,4.6
1950-01-25,UA-14,-7.2,0.3,86,3.06
1950-01-25,UA-18,-4.7,0.0,91,3.0
1950-01-25,UA-21,-13.2,0.0,70,1.3
1950-01-25,UA-23,-5.5,0.0,85,5.64
1950-01-25,UA-26,-12.2,0.0,80,2.37
1950-01-25,UA-30,-4.3,0.0,90,3.31
1950-01-25,UA-32,-4.3,0.0,90,3.14
1950-01-25,UA-35,-5.7,0.0,87,4.42
1950-01-25,UA-40,-4.5,0.0,78,7.4
1950-01-25,UA-43,-9.4,0.7,82,2.33
1950-01-25,UA-46,-12.2,0.0,85,3.1
1950-01-25,UA-48,-5.7,0.0,85,4.0
1950-01-25,UA-51,-5.0,0.0,76,4.75
1950-01-25,UA-53,-6.7,0.0,88,4.97
1950-01-25,UA-56,-7.7,0.0,90,1.3
1950-01-25,UA-59,-6.4,0.0,90,4.66
1950-01-25,UA-61,-9.8,0.0,87,1.98
1950-01-25,UA-63,-5.5,0.0,88,3.95
1950-01-25,UA-65,-6.3,0.0,84,3.88
1950-01-25,UA-68,-7.5,0.0,87,1.93
1950-01-25,UA-71,-5.5,0.0,89,3.74
1950-01-25,UA-74,-4.7,0.1,90,3.93
1950-01-25,UA-77,-10.8,0.0,81,1.44
1950-01-26,UA-05,-4.1,0.0,89,2.65
1950-01-26,UA-07,-6.7,0.0,90,1.31
1950-01-26,UA-09,-8.8,0.0,81,2.57
1950-01-26,UA-12,-5.6,0.5,88,2.27
1950-01-26,UA-14,-9.7,0.0,80,1.87
1950-01-26,UA-18,-4.4,0.0,93,3.24
1950-01-26,UA-21,-10.8,0.0,71,0.91
1950-01-26,UA-23,-5.7,0.3,82,2.35
1950-01-26,UA-26,-9.4,0.0,89,2.92
1950-01-26,UA-30,-4.3,0.4,93,3.57
1950-01-26,UA-32,-3.9,0.4,90,3.07
1950-01-26,UA-35,-5.3,0.0,88,2.71
1950-01-26,UA-40,-4.0,0.0,75,6.06
1950-01-26,UA-43,-8.9,0.2,84,2.91
1950-01-26,UA-46,-9.3,0.0,89,3.85
1950-01-26,UA-48,-5.8,0.0,85,3.12
1950-01-26,UA-51,-4.5,0.0,76,4.16
1950-01-26,UA-53,-5.7,0.0,89,3.0
1950-01-26,UA-56,-5.2,0.0,91,1.42
1950-01-26,UA-59,-4.7,0.4,92,3.65
1950-01-26,UA-61,-8.0,0.0,89,1.85
1950-01-26,UA-63,-5.1,0.0,89,2.69
1950-01-26,UA-65,-6.2,0.0,84,2.75
1950-01-26,UA-68,-5.6,0.0,89,1.92
1950-01-26,UA-71,-4.3,0.3,89,2.84
1950-01-26,UA-74,-4.3,0.0,91,4.55
1950-01-26,UA-77,-9.0,0.0,89,1.02
1950-01-27,UA-05,-6.9,0.0,88,2.95
1950-01-27,UA-07,-7.6,0.0,91,2.2
1950-01-27,UA-09,-7.2,0.0,86,4.42
1950-01-27,UA-12,-5.6,0.0,87,3.94
1950-01-27,UA-14,-7.8,0.0,87,3.31
1950-01-27,UA-18,-6.5,0.1,89,3.33
1950-01-27,UA-21,-11.2,0.0,70,0.91
1950-01-27,UA-23,-4.7,0.5,85,4.21
1950-01-27,UA-26,-8.8,0.0,91,2.18
1950-01-27,UA-30,-6.5,0.2,88,3.77
1950-01-27,UA-32,-6.3,0.1,87,3.23
1950-01-27,UA-35,-5.4,0.0,87,3.37
1950-01-27,UA-40,-3.3,0.3,72,4.75
1950-01-27,UA-43,-8.3,0.0,80,1.19
1950-01-27,UA-46,-8.5,0.0,91,2.76
1950-01-27,UA-48,-4.7,0.0,87,3.11
1950-01-27,UA-51,-4.2,0.0,78,3.97
1950-01-27,UA-53,-6.9,0.1,87,4.56
1950-01-27,UA-56,-6.9,0.0,90,2.5
1950-01-27,UA-59,-8.6,0.0,87,4.79
1950-01-27,UA-61,-7.7,0.0,91,2.18
1950-01-27,UA-63,-7.5,0.0,86,4.23
1950-01-27,UA-65,-4.8,0.0,85,2.72
1950-01-27,UA-68,-7.4,0.0,90,2.98
1950-01-27,UA-71,-5.8,0.2,86,3.7
1950-01-27,UA-74,-7.7,0.0,88,4.46
1950-01-27,UA-77,-7.8,0.0,90,1.41
1950-01-28,UA-05,-8.5,0.5,80,3.73
1950-01-28,UA-07,-8.9,0.3,85,3.56
1950-01-28,UA-09,-12.4,0.0,85,3.43
1950-01-28,UA-12,-10.3,0.7,85,3.45
1950-01-28,UA-14,-12.1,0.3,83,2.57
1950-01-28,UA-18,-9.1,0.7,84,4.43
1950-01-28,UA-21,-9.0,0.0,72,3.89
1950-01-28,UA-23,-8.5,1.2,79,4.14
1950-01-28,UA-26,-8.7,0.6,82,2.84
1950-01-28,UA-30,-9.4,1.0,83,4.43
1950-01-28,UA-32,-8.7,0.8,81,3.99
1950-01-28,UA-35,-9.4,0.5,83,3.54
1950-01-28,UA-40,-1.4,3.1,73,5.58
1950-01-28,UA-43,-6.8,1.9,81,1.86
1950-01-28,UA-46,-9.1,0.0,84,3.4
1950-01-28,UA-48,-8.7,0.0,79,3.45
1950-01-28,UA-51,-6.3,0.0,62,4.56
1950-01-28,UA-53,-11.2,0.3,84,4.05
1950-01-28,UA-56,-8.6,0.3,84,3.82
1950-01-28,UA-59,-12.0,0.7,83,5.02
1950-01-28,UA-61,-8.9,0.1,83,3.51
1950-01-28,UA-63,-11.8,0.4,83,3.74
1950-01-28,UA-65,-8.4,0.1,76,3.17
1950-01-28,UA-68,-8.7,0.4,82,4.04
1950-01-28,UA-71,-9.1,0.6,83,3.9
1950-01-28,UA-74,-10.3,0.6,82,5.39
1950-01-28,UA-77,-8.3,0.6,80,3.44
1950-01-29,UA-05,-11.1,0.0,82,3.28
1950-01-29,UA-07,-10.7,0.0,85,3.47
1950-01-29,UA-09,-15.1,0.2,84,2.86
1950-01-29,UA-12,-14.8,0.2,83,3.34
1950-01-29,UA-14,-14.9,0.3,82,2.39
1950-01-29,UA-18,-11.7,0.3,84,3.85
1950-01-29,UA-21,-12.5,0.0,73,2.51
1950-01-29,UA-23,-12.1,0.6,80,4.22
1950-01-29,UA-26,-13.5,0.0,85,2.34
1950-01-29,UA-30,-12.0,0.0,83,3.3
1950-01-29,UA-32,-11.5,0.0,82,3.19
1950-01-29,UA-35,-12.4,0.4,81,3.39
1950-01-29,UA-40,-5.5,0.0,69,5.51
1950-01-29,UA-43,-12.7,0.0,76,2.01
1950-01-29,UA-46,-13.7,0.0,89,2.5
1950-01-29,UA-48,-12.5,0.1,80,3.61
1950-01-29,UA-51,-10.0,0.0,63,4.68
1950-01-29,UA-53,-15.8,0.0,82,3.37
1950-01-29,UA-56,-10.8,0.0,86,3.65
1950-01-29,UA-59,-15.3,0.1,83,3.0
1950-01-29,UA-61,-12.4,0.0,86,3.05
1950-01-29,UA-63,-15.3,0.0,82,2.81
1950-01-29,UA-65,-12.6,0.0,78,3.3
1950-01-29,UA-68,-11.3,0.0,85,3.52
1950-01-29,UA-71,-12.7,0.2,81,3.15
1950-01-29,UA-74,-12.8,0.1,85,3.71
1950-01-29,UA-77,-13.2,0.0,83,3.04
1950-01-30,UA-05,-11.7,0.0,82,2.35
1950-01-30,UA-07,-14.2,0.0,83,3.22
1950-01-30,UA-09,-17.5,0.0,80,3.32
1950-01-30,UA-12,-17.2,0.0,80,2.34
1950-01-30,UA-14,-18.1,0.0,80,2.27
1950-01-30,UA-18,-11.9,0.0,83,2.58
1950-01-30,UA-21,-15.7,0.0,65,1.39
1950-01-30,UA-23,-14.6,0.0,77,3.1
1950-01-30,UA-26,-17.4,0.0,82,3.55
1950-01-30,UA-30,-11.9,0.0,84,2.4
1950-01-30,UA-32,-11.3,0.0,83,2.06
1950-01-30,UA-35,-12.9,0.0,81,1.53
1950-01-30,UA-40,-5.6,0.0,71,4.38
1950-01-30,UA-43,-14.8,0.0,79,3.31
1950-01-30,UA-46,-17.9,0.0,85,3.25
1950-01-30,UA-48,-12.8,0.0,78,2.32
1950-01-30,UA-51,-9.9,0.0,65,3.49
1950-01-30,UA-53,-17.5,0.0,81,2.37
1950-01-30,UA-56,-13.2,0.0,82,3.31
1950-01-30,UA-59,-19.6,0.0,83,2.8
1950-01-30,UA-61,-15.6,0.0,85,3.61
1950-01-30,UA-63,-20.5,0.0,82,2.22
1950-01-30,UA-65,-13.7,0.0,74,2.82
1950-01-30,UA-68,-13.5,0.0,83,3.09
1950-01-30,UA-71,-12.5,0.0,83,1.86
1950-01-30,UA-74,-14.1,1.6,85,4.68
1950-01-30,UA-77,-16.3,0.0,82,3.05
1950-01-31,UA-05,-11.8,0.0,78,1.21
1950-01-31,UA-07,-13.8,0.0,83,3.02
1950-01-31,UA-09,-20.3,0.0,80,4.64
1950-01-31,UA-12,-19.9,0.0,79,3.63
1950-01-31,UA-14,-21.1,0.0,78,3.35
1950-01-31,UA-18,-11.5,0.0,78,1.16
1950-01-31,UA-21,-12.4,0.2,73,1.81
1950-01-31,UA-23,-17.4,0.0,84,4.34
1950-01-31,UA-26,-16.5,0.0,81,2.87
1950-01-31,UA-30,-16.0,0.0,83,1.83
1950-01-31,UA-32,-11.9,0.0,81,1.01
1950-01-31,UA-35,-17.4,0.0,81,2.25
1950-01-31,UA-40,-8.0,0.0,71,4.94
1950-01-31,UA-43,-17.9,0.0,80,3.2
1950-01-31,UA-46,-16.2,0.0,80,3.5
1950-01-31,UA-48,-16.1,0.0,79,2.91
1950-01-31,UA-51,-12.2,0.0,66,3.56
1950-01-31,UA-53,-20.9,0.0,79,3.85
1950-01-31,UA-56,-12.4,0.0,82,3.03
1950-01-31,UA-59,-20.9,0.0,81,5.05
1950-01-31,UA-61,-13.8,0.0,85,3.4
1950-01-31,UA-63,-20.0,0.0,78,4.4
1950-01-31,UA-65,-16.7,0.0,75,2.87
1950-01-31,UA-68,-12.4,0.0,83,2.8
1950-01-31,UA-71,-19.1,0.0,81,2.01
1950-01-31,UA-74,-21.6,0.0,82,3.02
1950-01-31,UA-77,-13.6,0.0,86,2.81
1950-02-01,UA-05,-14.0,0.0,80,1.5
1950-02-01,UA-07,-14.3,0.0,83,2.2
1950-02-01,UA-09,-18.3,0.0,79,2.48
1950-02-01,UA-12,-17.2,0.0,81,2.82
1950-02-01,UA-14,-19.4,0.0,80,2.4
1950-02-01,UA-18,-13.7,0.0,80,2.2
1950-02-01,UA-21,-8.4,2.7,82,1.86
1950-02-01,UA-23,-15.4,0.0,82,3.27
1950-02-01,UA-26,-14.3,0.0,83,2.35
1950-02-01,UA-30,-14.2,0.0,82,2.78
1950-02-01,UA-32,-13.4,0.0,79,2.2
1950-02-01,UA-35,-15.3,0.0,79,2.39
1950-02-01,UA-40,-8.5,0.0,67,4.75
1950-02-01,UA-43,-17.6,0.0,72,1.76
1950-02-01,UA-46,-14.2,0.5,84,2.66
1950-02-01,UA-48,-15.1,0.0,79,1.95
1950-02-01,UA-51,-11.5,0.0,62,2.28
1950-02-01,UA-53,-16.9,0.0,81,3.22
1950-02-01,UA-56,-13.4,0.0,84,1.69
1950-02-01,UA-59,-14.3,0.0,82,4.06
1950-02-01,UA-61,-14.3,0.0,85,1.99
1950-02-01,UA-63,-14.6,0.0,80,2.88
1950-02-01,UA-65,-15.3,0.0,76,1.87
1950-02-01,UA-68,-14.0,0.0,82,1.58
1950-02-01,UA-71,-14.3,0.0,79,2.87
1950-02-01,UA-74,-15.2,0.0,83,3.83
1950-02-01,UA-77,-13.5,0.0,86,1.57
1950-02-02,UA-05,-13.8,0.0,79,3.19
1950-02-02,UA-07,-13.8,0.0,84,2.25
1950-02-02,UA-09,-18.7,0.0,79,1.72
1950-02-02,UA-12,-16.5,0.0,80,3.03
1950-02-02,UA-14,-18.7,0.0,79,1.53
1950-02-02,UA-18,-13.7,0.0,82,3.51
1950-02-02,UA-21,-13.9,0.0,74,2.12
1950-02-02,UA-23,-14.7,0.1,79,4.0
1950-02-02,UA-26,-15.3,0.0,82,2.05
1950-02-02,UA-30,-13.9,0.0,81,3.98
1950-02-02,UA-32,-13.6,0.0,80,3.63
1950-02-02,UA-35,-15.4,0.2,80,3.73
1950-02-02,UA-40,-8.2,0.0,72,6.34
1950-02-02,UA-43,-16.6,0.0,73,2.15
1950-02-02,UA-46,-14.7,0.0,83,2.58
1950-02-02,UA-48,-16.0,0.0,79,3.58
1950-02-02,UA-51,-12.5,0.0,63,5.05
1950-02-02,UA-53,-16.7,0.5,80,3.79
1950-02-02,UA-56,-13.4,0.0,82,2.39
1950-02-02,UA-59,-15.7,0.5,80,4.51
1950-02-02,UA-61,-14.5,0.0,83,2.15
1950-02-02,UA-63,-17.4,0.0,79,3.1
1950-02-02,UA-65,-16.2,0.0,76,3.39
1950-02-02,UA-68,-14.1,0.0,81,3.0
1950-02-02,UA-71,-14.2,0.2,79,3.83
1950-02-02,UA-74,-13.8,0.0,81,5.0
1950-02-02,UA-77,-15.0,0.0,83,2.06
1950-02-03,UA-05,-13.6,0.0,81,4.2
1950-02-03,UA-07,-16.8,0.0,85,2.15
1950-02-03,UA-09,-21.0,0.8,83,2.57
1950-02-03,UA-12,-14.9,1.1,79,5.14
1950-02-03,UA-14,-19.7,0.2,82,2.93
1950-02-03,UA-18,-13.6,0.0,83,4.37
1950-02-03,UA-21,-16.9,0.0,70,0.93
1950-02-03,UA-23,-13.8,1.6,81,5.92
1950-02-03,UA-26,-16.6,0.0,84,1.86
1950-02-03,UA-30,-12.4,0.0,82,4.77
1950-02-03,UA-32,-12.3,0.0,81,4.51
1950-02-03,UA-35,-12.5,0.6,79,5.76
1950-02-03,UA-40,-9.0,1.9,76,7.81
1950-02-03,UA-43,-15.7,1.1,76,2.04
1950-02-03,UA-46,-16.0,0.0,84,1.9
1950-02-03,UA-48,-12.1,0.2,78,5.5
1950-02-03,UA-51,-10.3,0.0,65,6.8
1950-02-03,UA-53,-14.8,0.4,77,6.37
1950-02-03,UA-56,-16.2,0.0,84,2.83
1950-02-03,UA-59,-14.8,0.5,77,7.39
1950-02-03,UA-61,-15.8,0.0,82,2.95
1950-02-03,UA-63,-15.8,0.3,78,5.58
1950-02-03,UA-65,-12.6,0.0,75,5.03
1950-02-03,UA-68,-14.9,0.0,83,3.67
1950-02-03,UA-71,-12.2,0.4,78,5.18
1950-02-03,UA-74,-12.7,0.0,80,5.6
1950-02-03,UA-77,-15.6,0.0,80,3.23
1950-02-04,UA-05,-15.7,0.0,77,2.51
1950-02-04,UA-07,-14.1,0.0,78,4.47
1950-02-04,UA-09,-19.8,0.2,79,5.03
1950-02-04,UA-12,-18.8,0.0,76,5.26
1950-02-04,UA-14,-19.0,0.0,78,4.46
1950-02-04,UA-18,-17.8,0.0,79,2.49
1950-02-04,UA-21,-16.0,0.0,68,1.22
1950-02-04,UA-23,-16.9,0.0,82,7.65
1950-02-04,UA-26,-17.2,0.0,78,5.2
1950-02-04,UA-30,-19.8,0.0,77,2.43
1950-02-04,UA-32,-18.9,0.0,77,2.45
1950-02-04,UA-35,-18.9,0.0,76,4.54
1950-02-04,UA-40,-11.2,0.9,83,10.47
1950-02-04,UA-43,-18.3,1.2,78,5.23
1950-02-04,UA-46,-16.2,0.0,76,6.42
1950-02-04,UA-48,-18.3,0.0,74,5.73
1950-02-04,UA-51,-15.3,0.0,62,7.32
1950-02-04,UA-53,-19.4,0.0,76,4.76
1950-02-04,UA-56,-14.7,0.0,77,3.82
1950-02-04,UA-59,-20.6,0.0,76,4.77
1950-02-04,UA-61,-16.0,0.0,80,4.4
1950-02-04,UA-63,-18.5,0.0,77,4.53
1950-02-04,UA-65,-18.5,0.0,72,5.66
1950-02-04,UA-68,-14.5,0.0,77,2.87
1950-02-04,UA-71,-19.0,0.0,75,3.18
1950-02-04,UA-74,-21.1,0.0,77,3.44
1950-02-04,UA-77,-17.0,0.0,81,2.74
1950-02-05,UA-05,-13.0,0.0,71,4.38
1950-02-05,UA-07,-10.2,0.0,71,5.47
1950-02-05,UA-09,-24.1,0.0,77,3.58
1950-02-05,UA-12,-20.6,0.0,76,2.82
1950-02-05,UA-14,-21.5,0.0,75,3.58
1950-02-05,UA-18,-12.3,0.0,71,5.22
1950-02-05,UA-21,-9.6,0.0,59,2.79
1950-02-05,UA-23,-18.0,0.0,80,5.18
1950-02-05,UA-26,-13.3,0.0,71,4.35
1950-02-05,UA-30,-15.0,0.0,76,4.23
1950-02-05,UA-32,-14.4,0.0,74,3.69
1950-02-05,UA-35,-17.7,0.0,79,1.91
1950-02-05,UA-40,-9.3,0.0,82,8.45
1950-02-05,UA-43,-15.4,0.5,82,4.94
1950-02-05,UA-46,-11.6,0.0,65,5.45
1950-02-05,UA-48,-18.6,0.0,79,3.14
1950-02-05,UA-51,-11.9,0.0,64,3.33
1950-02-05,UA-53,-20.4,0.0,76,2.01
1950-02-05,UA-56,-10.6,0.0,70,6.41
1950-02-05,UA-59,-19.9,0.0,77,3.16
1950-02-05,UA-61,-12.6,0.0,73,5.7
1950-02-05,UA-63,-21.2,0.0,77,2.07
1950-02-05,UA-65,-18.5,0.0,76,3.34
1950-02-05,UA-68,-12.1,0.0,70,6.17
1950-02-05,UA-71,-16.9,0.0,78,2.26
1950-02-05,UA-74,-16.3,0.0,78,5.4
1950-02-05,UA-77,-11.6,0.0,73,5.02
1950-02-06,UA-05,-7.8,0.0,69,5.33
1950-02-06,UA-07,-4.3,0.0,76,4.88
1950-02-06,UA-09,-23.5,0.0,79,1.77
1950-02-06,UA-12,-18.8,0.0,78,3.53
1950-02-06,UA-14,-20.3,0.0,74,1.74
1950-02-06,UA-18,-7.4,0.0,71,6.03
1950-02-06,UA-21,-3.1,0.0,69,3.3
1950-02-06,UA-23,-14.7,0.0,80,3.8
1950-02-06,UA-26,-7.4,0.0,74,3.87
1950-02-06,UA-30,-8.3,0.0,74,5.91
1950-02-06,UA-32,-8.0,0.0,72,5.69
1950-02-06,UA-35,-15.0,0.0,77,4.76
1950-02-06,UA-40,-5.6,0.0,70,3.25
1950-02-06,UA-43,-12.9,0.0,78,2.25
1950-02-06,UA-46,-3.8,0.0,71,4.17
1950-02-06,UA-48,-14.4,0.0,78,4.0
1950-02-06,UA-51,-4.6,0.0,70,5.45
1950-02-06,UA-53,-18.5,0.0,75,4.83
1950-02-06,UA-56,-6.7,0.0,75,5.52
1950-02-06,UA-59,-16.5,0.0,73,7.15
1950-02-06,UA-61,-8.5,0.0,77,4.68
1950-02-06,UA-63,-19.0,0.0,76,3.7
1950-02-06,UA-65,-15.2,0.0,75,3.27
1950-02-06,UA-68,-8.5,0.1,73,5.72
1950-02-06,UA-71,-12.3,0.0,75,4.87
1950-02-06,UA-74,-9.2,0.0,77,7.21
1950-02-06,UA-77,-7.8,0.0,76,3.44
1950-02-07,UA-05,-4.8,0.1,79,3.82
1950-02-07,UA-07,-0.6,2.2,86,4.24
1950-02-07,UA-09,-17.4,0.0,76,4.67
1950-02-07,UA-12,-9.2,0.0,85,6.18
1950-02-07,UA-14,-14.8,0.0,82,3.48
1950-02-07,UA-18,-3.8,0.1,79,4.8
1950-02-07,UA-21,0.0,1.1,80,1.77
1950-02-07,UA-23,-6.7,0.0,85,6.81
1950-02-07,UA-26,-3.2,0.9,84,2.91
1950-02-07,UA-30,-3.0,0.0,81,5.09
1950-02-07,UA-32,-2.9,0.0,80,4.67
1950-02-07,UA-35,-4.1,0.0,90,5.8
1950-02-07,UA-40,1.3,0.0,69,7.14
1950-02-07,UA-43,-4.8,0.0,76,3.08
1950-02-07,UA-46,-0.2,1.4,84,3.65
1950-02-07,UA-48,-0.8,0.0,84,5.65
1950-02-07,UA-51,1.8,0.0,79,6.45
1950-02-07,UA-53,-9.6,0.0,85,6.66
1950-02-07,UA-56,-2.2,1.2,84,4.53
1950-02-07,UA-59,-8.5,0.0,87,8.42
1950-02-07,UA-61,-3.8,0.9,85,3.49
1950-02-07,UA-63,-10.2,0.0,84,5.82
1950-02-07,UA-65,-2.3,0.0,82,5.04
1950-02-07,UA-68,-5.2,0.5,82,4.08
1950-02-07,UA-71,-3.0,0.0,86,5.23
1950-02-07,UA-74,-3.3,0.0,84,6.5
1950-02-07,UA-77,-4.6,0.9,85,2.49
1950-02-08,UA-05,-0.6,0.2,89,2.04
1950-02-08,UA-07,1.2,0.7,94,3.57
1950-02-08,UA-09,-5.7,0.4,90,4.85
1950-02-08,UA-12,-2.0,0.0,92,3.44
1950-02-08,UA-14,-4.1,0.4,93,3.47
1950-02-08,UA-18,0.1,0.1,91,2.99
1950-02-08,UA-21,1.1,2.6,94,1.45
1950-02-08,UA-23,-0.6,0.4,92,3.87
1950-02-08,UA-26,0.4,2.7,93,2.16
1950-02-08,UA-30,-0.0,0.0,92,3.11
1950-02-08,UA-32,0.0,0.0,90,2.36
1950-02-08,UA-35,-0.5,0.4,93,2.32
1950-02-08,UA-40,5.7,5.2,82,5.57
1950-02-08,UA-43,2.6,2.6,84,5.02
1950-02-08,UA-46,0.5,0.9,93,3.45
1950-02-08,UA-48,0.3,0.0,89,2.35
1950-02-08,UA-51,0.0,0.3,82,1.75
1950-02-08,UA-53,-2.5,0.0,91,3.98
1950-02-08,UA-56,1.1,0.3,93,3.34
1950-02-08,UA-59,-2.0,0.6,94,5.89
1950-02-08,UA-61,0.5,0.8,92,3.11
1950-02-08,UA-63,-3.4,0.1,90,4.03
1950-02-08,UA-65,0.5,0.2,90,2.62
1950-02-08,UA-68,-0.1,0.4,92,2.52
1950-02-08,UA-71,0.8,0.0,90,2.57
1950-02-08,UA-74,0.1,0.2,94,4.46
1950-02-08,UA-77,-0.4,1.4,92,1.77
1950-02-09,UA-05,0.3,0.7,92,2.25
1950-02-09,UA-07,0.4,0.0,92,3.46
1950-02-09,UA-09,-0.0,2.6,94,1.93
1950-02-09,UA-12,-0.4,4.5,96,2.1
1950-02-09,UA-14,-0.4,5.6,95,1.68
1950-02-09,UA-18,0.0,0.5,92,2.68
1950-02-09,UA-21,1.1,3.3,94,2.22
1950-02-09,UA-23,0.1,6.7,97,2.43
1950-02-09,UA-26,-1.0,0.4,93,1.77
1950-02-09,UA-30,-0.1,1.4,94,2.63
1950-02-09,UA-32,0.5,0.9,93,2.32
1950-02-09,UA-35,-1.2,2.1,95,1.91
1950-02-09,UA-40,5.9,0.7,82,3.91
1950-02-09,UA-43,3.9,0.9,82,3.67
1950-02-09,UA-46,0.3,0.7,90,2.76
1950-02-09,UA-48,-0.4,3.8,98,1.74
1950-02-09,UA-51,0.9,3.0,94,1.76
1950-02-09,UA-53,-1.2,0.8,95,2.22
1950-02-09,UA-56,0.5,0.6,92,3.12
1950-02-09,UA-59,-1.1,0.0,92,2.51
1950-02-09,UA-61,-0.7,0.5,95,2.34
1950-02-09,UA-63,-0.6,0.0,94,1.68
1950-02-09,UA-65,-0.4,4.4,99,1.62
1950-02-09,UA-68,-1.0,0.3,94,2.38
1950-02-09,UA-71,0.1,0.0,93,2.21
1950-02-09,UA-74,-0.6,1.2,94,3.55
1950-02-09,UA-77,-1.5,0.0,92,1.53
1950-02-10,UA-05,-1.4,0.7,93,2.29
1950-02-10,UA-07,0.0,5.0,96,2.45
1950-02-10,UA-09,0.7,6.4,91,4.0
1950-02-10,UA-12,-0.1,0.8,98,2.73
1950-02-10,UA-14,0.4,4.3,98,3.05
1950-02-10,UA-18,-0.9,2.0,94,2.57
1950-02-10,UA-21,0.3,8.0,96,1.77
1950-02-10,UA-23,0.7,2.9,99,2.65
1950-02-10,UA-26,-0.7,1.7,91,1.6
1950-02-10,UA-30,0.3,2.8,94,2.3
1950-02-10,UA-32,0.8,1.7,93,2.3
1950-02-10,UA-35,0.4,0.8,97,2.4
1950-02-10,UA-40,5.9,2.0,85,4.15
1950-02-10,UA-43,4.0,1.8,84,3.44
1950-02-10,UA-46,-0.5,5.9,96,1.85
1950-02-10,UA-48,1.1,0.0,99,2.23
1950-02-10,UA-51,1.4,0.1,95,2.47
1950-02-10,UA-53,-1.0,1.8,96,3.84
1950-02-10,UA-56,0.6,7.4,96,2.73
1950-02-10,UA-59,-1.4,1.8,95,5.14
1950-02-10,UA-61,-1.0,2.5,94,2.35
1950-02-10,UA-63,-1.3,0.1,96,3.5
1950-02-10,UA-65,1.4,0.4,98,2.26
1950-02-10,UA-68,-1.9,1.4,94,2.79
1950-02-10,UA-71,0.4,0.9,93,2.37
1950-02-10,UA-74,-0.1,4.0,97,3.28
1950-02-10,UA-77,-1.8,0.3,89,1.27
1950-02-11,UA-05,-0.5,0.9,85,3.62
1950-02-11,UA-07,-0.1,3.2,90,5.27
1950-02-11,UA-09,1.3,6.1,92,6.33
1950-02-11,UA-12,0.2,2.1,94,3.01
1950-02-11,UA-14,0.7,5.2,97,3.87
1950-02-11,UA-18,-0.4,1.9,88,4.6
1950-02-11,UA-21,1.2,6.6,95,3.05
1950-02-11,UA-23,0.7,2.6,95,3.45
1950-02-11,UA-26,0.3,1.4,85,4.29
1950-02-11,UA-30,-0.2,2.4,88,4.09
1950-02-11,UA-32,0.4,1.3,85,3.88
1950-02-11,UA-35,-0.0,0.0,87,3.47
1950-02-11,UA-40,4.2,6.6,89,5.3
1950-02-11,UA-43,1.8,5.2,93,3.63
1950-02-11,UA-46,0.4,3.9,87,5.63
1950-02-11,UA-48,0.7,0.9,87,3.42
1950-02-11,UA-51,1.5,1.5,83,3.93
1950-02-11,UA-53,-0.4,1.1,92,3.3
1950-02-11,UA-56,-0.2,3.2,89,4.84
1950-02-11,UA-59,-0.8,1.0,94,4.38
1950-02-11,UA-61,-1.4,3.1,90,4.53
1950-02-11,UA-63,0.3,2.6,97,3.08
1950-02-11,UA-65,0.5,1.8,88,3.24
1950-02-11,UA-68,-1.6,2.4,91,3.9
1950-02-11,UA-71,-0.0,0.5,86,3.46
1950-02-11,UA-74,-1.0,3.0,91,5.07
1950-02-11,UA-77,-1.8,0.1,88,2.67
1950-02-12,UA-05,2.0,1.6,89,2.92
1950-02-12,UA-07,2.2,0.6,90,4.7
1950-02-12,UA-09,0.9,3.1,89,7.3
1950-02-12,UA-12,0.8,1.1,93,5.92
1950-02-12,UA-14,0.2,0.3,90,5.13
1950-02-12,UA-18,1.7,4.0,90,3.35
1950-02-12,UA-21,1.6,8.8,98,1.83
1950-02-12,UA-23,1.5,1.2,92,6.2
1950-02-12,UA-26,2.5,7.0,87,2.95
1950-02-12,UA-30,1.6,5.1,90,3.41
1950-02-12,UA-32,2.0,1.7,88,3.23
1950-02-12,UA-35,1.2,1.1,92,3.82
1950-02-12,UA-40,6.8,1.1,86,6.89
1950-02-12,UA-43,5.0,0.0,81,5.49
1950-02-12,UA-46,2.4,2.0,88,4.65
1950-02-12,UA-48,3.5,0.5,88,4.39
1950-02-12,UA-51,3.9,0.2,82,4.72
1950-02-12,UA-53,0.5,1.6,92,5.55
1950-02-12,UA-56,2.5,1.8,89,4.44
1950-02-12,UA-59,0.6,6.8,94,6.07
1950-02-12,UA-61,2.0,5.6,91,3.6
1950-02-12,UA-63,0.7,2.4,92,5.32
1950-02-12,UA-65,3.9,0.1,89,4.52
1950-02-12,UA-68,1.7,4.9,91,3.1
1950-02-12,UA-71,1.4,1.5,88,3.69
1950-02-12,UA-74,1.0,3.7,93,4.6
1950-02-12,UA-77,2.8,2.0,87,2.53
1950-02-13,UA-05,1.9,0.1,82,5.18
1950-02-13,UA-07,2.6,0.0,84,6.24
1950-02-13,UA-09,2.0,3.5,90,8.18
1950-02-13,UA-12,1.6,3.9,91,5.24
1950-02-13,UA-14,1.2,3.4,92,5.95
1950-02-13,UA-18,1.7,0.0,86,5.75
1950-02-13,UA-21,1.9,0.2,87,2.94
1950-02-13,UA-23,2.3,3.0,90,6.02
1950-02-13,UA-26,2.9,0.0,77,5.4
1950-02-13,UA-30,1.5,0.4,88,5.26
1950-02-13,UA-32,2.1,0.1,84,4.92
1950-02-13,UA-35,2.0,0.8,87,4.65
1950-02-13,UA-40,6.1,0.5,86,6.26
1950-02-13,UA-43,3.8,0.8,87,5.3
1950-02-13,UA-46,2.6,0.2,81,6.78
1950-02-13,UA-48,3.3,1.1,77,4.71
1950-02-13,UA-51,3.7,0.5,73,5.2
1950-02-13,UA-53,0.9,1.2,91,5.68
1950-02-13,UA-56,2.5,0.0,84,6.11
1950-02-13,UA-59,0.9,0.4,95,6.45
1950-02-13,UA-61,2.0,0.0,82,5.92
1950-02-13,UA-63,1.3,3.1,94,5.47
1950-02-13,UA-65,3.3,1.0,77,4.47
1950-02-13,UA-68,1.8,0.2,83,5.5
1950-02-13,UA-71,2.2,0.1,86,4.78
1950-02-13,UA-74,1.0,0.6,91,5.66
1950-02-13,UA-77,2.1,0.0,76,3.99
1950-02-14,UA-05,3.5,0.0,68,4.18
1950-02-14,UA-07,4.3,1.3,81,5.11
1950-02-14,UA-09,1.1,0.1,90,4.53
1950-02-14,UA-12,1.0,0.0,85,4.36
1950-02-14,UA-14,0.7,0.0,87,3.65
1950-02-14,UA-18,2.9,0.0,75,4.85
1950-02-14,UA-21,4.6,8.1,79,3.11
1950-02-14,UA-23,1.9,0.0,81,4.49
1950-02-14,UA-26,3.8,0.3,75,2.86
1950-02-14,UA-30,2.4,0.0,77,4.58
1950-02-14,UA-32,3.2,0.0,72,4.19
1950-02-14,UA-35,1.8,0.0,78,3.79
1950-02-14,UA-40,6.1,0.0,76,5.73
1950-02-14,UA-43,4.2,0.0,66,4.59
1950-02-14,UA-46,4.3,2.8,78,5.29
1950-02-14,UA-48,3.3,0.0,77,4.18
1950-02-14,UA-51,3.8,0.0,75,4.44
1950-02-14,UA-53,0.6,0.0,86,4.37
1950-02-14,UA-56,3.6,0.4,80,4.84
1950-02-14,UA-59,0.9,0.0,86,6.5
1950-02-14,UA-61,3.5,0.4,76,4.6
1950-02-14,UA-63,1.2,0.0,88,4.11
1950-02-14,UA-65,3.5,0.0,76,4.17
1950-02-14,UA-68,3.3,0.0,73,5.23
1950-02-14,UA-71,2.2,0.0,77,3.97
1950-02-14,UA-74,1.6,0.0,83,5.32
1950-02-14,UA-77,4.0,0.0,69,3.91
1950-02-15,UA-05,1.9,1.1,85,3.23
1950-02-15,UA-07,2.1,2.0,84,4.53
1950-02-15,UA-09,2.4,0.4,88,5.72
1950-02-15,UA-12,1.3,0.9,89,4.22
1950-02-15,UA-14,1.6,0.8,88,4.18
1950-02-15,UA-18,1.5,2.1,89,3.87
1950-02-15,UA-21,1.7,1.7,82,3.05
1950-02-15,UA-23,3.0,1.5,82,4.72
1950-02-15,UA-26,0.8,4.9,89,3.6
1950-02-15,UA-30,1.1,3.1,89,3.77
1950-02-15,UA-32,1.6,1.5,86,3.35
1950-02-15,UA-35,2.4,0.0,81,3.71
1950-02-15,UA-40,6.8,0.0,82,4.95
1950-02-15,UA-43,5.9,0.0,73,4.99
1950-02-15,UA-46,1.2,3.0,88,4.41
1950-02-15,UA-48,4.6,0.0,80,3.75
1950-02-15,UA-51,5.3,0.0,75,4.58
1950-02-15,UA-53,-0.1,0.4,91,4.2
1950-02-15,UA-56,1.7,2.5,89,4.12
1950-02-15,UA-59,0.2,0.9,90,5.95
1950-02-15,UA-61,1.3,3.6,90,4.18
1950-02-15,UA-63,0.7,0.2,91,4.17
1950-02-15,UA-65,4.2,0.1,81,3.9
1950-02-15,UA-68,1.5,1.7,89,3.86
1950-02-15,UA-71,1.3,0.1,86,3.52
1950-02-15,UA-74,0.9,3.1,89,4.61
1950-02-15,UA-77,0.1,1.2,89,3.48
1950-02-16,UA-05,1.9,3.2,88,5.75
1950-02-16,UA-07,4.4,10.5,92,6.95
1950-02-16,UA-09,-0.3,8.7,88,4.67
1950-02-16,UA-12,0.6,4.6,86,5.7
1950-02-16,UA-14,-0.8,5.2,88,4.48
1950-02-16,UA-18,1.6,5.3,91,6.63
1950-02-16,UA-21,1.4,0.8,89,2.06
1950-02-16,UA-23,1.1,3.2,82,6.32
1950-02-16,UA-26,3.7,0.7,80,7.12
1950-02-16,UA-30,0.7,5.5,91,6.27
1950-02-16,UA-32,1.6,4.2,89,5.86
1950-02-16,UA-35,1.9,4.0,83,5.87
1950-02-16,UA-40,4.1,1.0,85,5.98
1950-02-16,UA-43,2.1,2.2,84,4.14
1950-02-16,UA-46,3.8,2.7,86,7.56
1950-02-16,UA-48,3.2,0.7,76,5.24
1950-02-16,UA-51,3.9,0.0,71,5.73
1950-02-16,UA-53,-0.3,6.0,89,6.18
1950-02-16,UA-56,3.1,9.1,92,6.4
1950-02-16,UA-59,-1.1,6.8,91,6.59
1950-02-16,UA-61,2.6,3.9,87,7.59
1950-02-16,UA-63,-0.4,5.9,88,4.68
1950-02-16,UA-65,2.5,0.5,77,5.09
1950-02-16,UA-68,1.7,5.7,89,6.69
1950-02-16,UA-71,1.2,4.8,87,5.9
1950-02-16,UA-74,-0.3,5.2,92,6.59
1950-02-16,UA-77,3.6,0.0,71,5.37
1950-02-17,UA-05,4.1,2.3,95,4.08
1950-02-17,UA-07,6.2,3.0,90,6.35
1950-02-17,UA-09,-2.4,1.7,92,5.13
1950-02-17,UA-12,-1.4,1.2,89,4.85
1950-02-17,UA-14,-2.0,0.6,90,4.92
1950-02-17,UA-18,2.8,3.5,96,4.07
1950-02-17,UA-21,1.0,0.0,95,1.44
1950-02-17,UA-23,-0.2,0.8,83,5.82
1950-02-17,UA-26,5.3,0.0,82,5.87
1950-02-17,UA-30,1.2,2.2,93,3.49
1950-02-17,UA-32,2.4,1.8,93,3.43
1950-02-17,UA-35,1.2,1.0,88,3.73
1950-02-17,UA-40,5.6,1.1,83,5.73
1950-02-17,UA-43,3.6,1.5,81,3.66
1950-02-17,UA-46,5.1,0.2,87,6.49
1950-02-17,UA-48,4.7,0.4,82,4.12
1950-02-17,UA-51,7.1,0.3,84,5.26
1950-02-17,UA-53,-2.2,1.7,88,4.44
1950-02-17,UA-56,5.5,4.5,93,5.67
1950-02-17,UA-59,-2.8,1.8,87,4.82
1950-02-17,UA-61,4.1,0.9,92,6.64
1950-02-17,UA-63,-3.3,0.4,88,4.1
1950-02-17,UA-65,4.4,0.2,79,4.05
1950-02-17,UA-68,4.4,2.8,94,5.69
1950-02-17,UA-71,0.4,1.3,90,3.44
1950-02-17,UA-74,-0.1,3.3,93,4.0
1950-02-17,UA-77,6.0,0.0,78,4.68
1950-02-18,UA-05,5.1,0.0,77,5.02
1950-02-18,UA-07,6.1,0.0,71,5.8
1950-02-18,UA-09,-0.1,1.9,93,5.17
1950-02-18,UA-12,2.7,1.1,94,5.06
1950-02-18,UA-14,0.2,2.0,95,4.58
1950-02-18,UA-18,4.4,0.0,83,5.78
1950-02-18,UA-21,2.9,0.2,97,1.65
1950-02-18,UA-23,3.1,2.3,92,5.47
1950-02-18,UA-26,5.3,0.0,69,3.84
1950-02-18,UA-30,3.7,0.0,88,5.49
1950-02-18,UA-32,4.4,0.0,85,5.02
1950-02-18,UA-35,4.5,0.0,88,4.61
1950-02-18,UA-40,5.6,0.4,88,5.27
1950-02-18,UA-43,4.2,1.0,90,4.02
1950-02-18,UA-46,5.0,0.0,69,5.33
1950-02-18,UA-48,5.9,0.1,81,4.46
1950-02-18,UA-51,7.3,0.0,71,5.56
1950-02-18,UA-53,1.8,1.4,94,5.33
1950-02-18,UA-56,5.6,0.0,75,5.95
1950-02-18,UA-59,1.5,2.1,96,7.19
1950-02-18,UA-61,4.9,0.0,71,5.83
1950-02-18,UA-63,1.0,2.2,95,5.12
1950-02-18,UA-65,5.3,0.1,83,4.4
1950-02-18,UA-68,5.1,0.0,74,5.53
1950-02-18,UA-71,3.9,0.0,89,4.8
1950-02-18,UA-74,2.8,0.3,93,5.95
1950-02-18,UA-77,6.2,0.0,67,3.21
1950-02-19,UA-05,4.7,0.0,80,3.4
1950-02-19,UA-07,5.2,0.0,79,3.88
1950-02-19,UA-09,1.8,1.4,93,5.67
1950-02-19,UA-12,3.2,0.0,88,4.54
1950-02-19,UA-14,1.8,0.7,94,4.61
1950-02-19,UA-18,4.1,0.0,83,4.27
1950-02-19,UA-21,2.4,0.1,95,1.22
1950-02-19,UA-23,3.6,0.0,85,4.62
1950-02-19,UA-26,3.3,0.0,74,1.88
1950-02-19,UA-30,3.4,0.0,85,4.36
1950-02-19,UA-32,3.8,0.0,83,3.89
1950-02-19,UA-35,3.9,0.0,82,3.86
1950-02-19,UA-40,5.8,0.0,84,3.0
1950-02-19,UA-43,4.9,0.0,77,3.02
1950-02-19,UA-46,4.2,0.0,71,3.52
1950-02-19,UA-48,5.2,0.0,77,3.37
1950-02-19,UA-51,6.4,0.0,72,3.7
1950-02-19,UA-53,1.8,0.0,91,4.98
1950-02-19,UA-56,4.9,0.0,82,3.98
1950-02-19,UA-59,1.4,0.2,91,7.53
1950-02-19,UA-61,4.2,0.0,73,3.68
1950-02-19,UA-63,1.9,0.6,91,5.75
1950-02-19,UA-65,4.8,0.0,78,3.3
1950-02-19,UA-68,4.4,0.0,80,3.53
1950-02-19,UA-71,3.4,0.0,85,4.04
1950-02-19,UA-74,2.3,0.0,89,4.97
1950-02-19,UA-77,4.7,0.0,66,2.09
1950-02-20,UA-05,1.4,0.4,92,2.89
1950-02-20,UA-07,3.2,0.0,82,3.62
1950-02-20,UA-09,-1.8,0.0,89,2.51
1950-02-20,UA-12,1.9,0.0,90,2.65
1950-02-20,UA-14,-0.3,0.0,86,2.32
1950-02-20,UA-18,1.3,0.2,94,3.03
1950-02-20,UA-21,2.0,0.0,93,1.25
1950-02-20,UA-23,2.3,0.0,91,3.07
1950-02-20,UA-26,2.8,0.1,83,3.45
1950-02-20,UA-30,1.1,0.0,94,2.57
1950-02-20,UA-32,1.3,0.0,94,2.65
1950-02-20,UA-35,2.8,0.0,87,2.38
1950-02-20,UA-40,6.0,0.0,81,2.52
1950-02-20,UA-43,4.2,0.0,71,2.37
1950-02-20,UA-46,3.1,0.1,85,3.66
1950-02-20,UA-48,2.5,0.0,88,2.51
1950-02-20,UA-51,3.9,0.0,80,3.8
1950-02-20,UA-53,-0.8,0.0,93,2.95
1950-02-20,UA-56,2.8,0.1,84,3.55
1950-02-20,UA-59,-3.8,2.7,92,4.07
1950-02-20,UA-61,1.9,0.2,87,3.74
1950-02-20,UA-63,-3.1,0.2,90,2.89
1950-02-20,UA-65,2.2,0.0,88,2.52
1950-02-20,UA-68,1.6,0.1,90,3.29
1950-02-20,UA-71,1.5,0.0,91,2.13
1950-02-20,UA-74,0.5,0.9,98,2.32
1950-02-20,UA-77,2.7,0.0,79,3.58
1950-02-21,UA-05,1.3,0.9,89,3.38
1950-02-21,UA-07,3.4,1.2,81,4.12
1950-02-21,UA-09,-5.2,0.0,90,5.03
1950-02-21,UA-12,1.2,0.3,90,3.46
1950-02-21,UA-14,-2.2,0.0,88,3.95
1950-02-21,UA-18,1.1,0.2,88,3.77
1950-02-21,UA-21,2.3,2.2,90,2.23
1950-02-21,UA-23,1.9,1.1,91,3.6
1950-02-21,UA-26,2.8,1.1,81,3.09
1950-02-21,UA-30,1.2,0.4,90,3.73
1950-02-21,UA-32,1.2,1.3,89,3.17
1950-02-21,UA-35,1.5,0.1,97,2.73
1950-02-21,UA-40,4.1,0.0,88,2.43
1950-02-21,UA-43,3.1,0.0,84,1.29
1950-02-21,UA-46,3.1,1.5,80,3.89
1950-02-21,UA-48,1.3,0.0,94,2.23
1950-02-21,UA-51,2.6,0.0,90,3.17
1950-02-21,UA-53,-0.1,0.6,93,3.96
1950-02-21,UA-56,3.0,0.4,83,3.92
1950-02-21,UA-59,-2.1,0.6,91,6.01
1950-02-21,UA-61,2.1,1.1,87,3.56
1950-02-21,UA-63,-3.1,0.3,89,4.45
1950-02-21,UA-65,0.8,0.0,95,1.84
1950-02-21,UA-68,1.5,0.5,89,3.9
1950-02-21,UA-71,1.6,0.1,95,2.97
1950-02-21,UA-74,1.0,1.4,96,3.99
1950-02-21,UA-77,1.7,0.9,90,2.4
1950-02-22,UA-05,2.5,2.5,90,3.02
1950-02-22,UA-07,2.1,4.4,95,4.9
1950-02-22,UA-09,-0.8,0.0,93,4.12
1950-02-22,UA-12,0.5,0.5,91,2.17
1950-02-22,UA-14,-0.7,0.0,92,2.95
1950-02-22,UA-18,2.1,2.8,93,3.09
1950-02-22,UA-21,2.1,1.5,84,3.39
1950-02-22,UA-23,1.6,1.0,93,2.26
1950-02-22,UA-26,2.0,5.7,90,5.14
1950-02-22,UA-30,1.5,2.2,95,2.4
1950-02-22,UA-32,2.0,1.5,92,2.41
1950-02-22,UA-35,1.9,1.2,94,2.28
1950-02-22,UA-40,5.3,0.0,90,3.46
1950-02-22,UA-43,4.6,0.0,83,2.27
1950-02-22,UA-46,1.7,8.0,93,5.47
1950-02-22,UA-48,2.9,0.0,92,2.08
1950-02-22,UA-51,4.1,0.0,90,2.32
1950-02-22,UA-53,-0.5,1.4,93,2.63
1950-02-22,UA-56,2.5,4.4,93,4.4
1950-02-22,UA-59,-1.6,2.2,93,4.21
1950-02-22,UA-61,1.3,4.2,93,5.09
1950-02-22,UA-63,-1.9,1.7,92,2.68
1950-02-22,UA-65,2.5,0.0,93,2.04
1950-02-22,UA-68,1.8,3.3,92,3.98
1950-02-22,UA-71,1.9,3.1,95,2.18
1950-02-22,UA-74,1.3,2.2,96,2.82
1950-02-22,UA-77,2.6,2.2,86,4.18
1950-02-23,UA-05,0.1,0.1,73,4.42
1950-02-23,UA-07,0.5,0.2,72,5.28
1950-02-23,UA-09,1.2,0.0,93,3.19
1950-02-23,UA-12,1.3,0.5,88,3.15
1950-02-23,UA-14,1.1,0.1,94,2.97
1950-02-23,UA-18,0.1,0.0,74,5.1
1950-02-23,UA-21,1.4,0.0,73,2.85
1950-02-23,UA-23,1.9,0.0,88,3.52
1950-02-23,UA-26,-0.5,0.1,74,4.37
1950-02-23,UA-30,0.5,0.0,76,4.89
1950-02-23,UA-32,0.6,0.3,75,4.46
1950-02-23,UA-35,1.7,0.0,79,3.55
1950-02-23,UA-40,4.4,0.0,89,3.65
1950-02-23,UA-43,2.9,0.6,89,1.96
1950-02-23,UA-46,-0.1,0.2,76,5.12
1950-02-23,UA-48,1.6,0.0,84,3.4
1950-02-23,UA-51,2.3,0.0,76,4.66
1950-02-23,UA-53,0.1,0.5,88,3.54
1950-02-23,UA-56,0.4,0.4,72,5.29
1950-02-23,UA-59,-0.5,0.5,91,5.8
1950-02-23,UA-61,-0.7,0.1,75,4.95
1950-02-23,UA-63,-0.5,0.5,92,3.64
1950-02-23,UA-65,1.3,0.0,86,3.08
1950-02-23,UA-68,-0.5,0.1,75,4.69
1950-02-23,UA-71,1.3,0.3,79,4.23
1950-02-23,UA-74,0.6,0.0,78,5.5
1950-02-23,UA-77,-0.0,0.1,74,4.07
1950-02-24,UA-05,1.2,0.0,63,3.62
1950-02-24,UA-07,2.3,0.9,70,5.91
1950-02-24,UA-09,-1.1,0.0,83,3.0
1950-02-24,UA-12,1.0,0.0,71,4.06
1950-02-24,UA-14,-0.8,0.0,79,2.48
1950-02-24,UA-18,1.5,0.0,60,4.78
1950-02-24,UA-21,1.9,0.0,72,3.38
1950-02-24,UA-23,1.2,0.0,75,3.75
1950-02-24,UA-26,1.5,0.0,57,3.63
1950-02-24,UA-30,1.7,0.0,62,4.78
1950-02-24,UA-32,1.7,0.0,62,4.13
1950-02-24,UA-35,1.4,0.0,70,4.22
1950-02-24,UA-40,4.0,0.0,83,2.86
1950-02-24,UA-43,1.9,0.0,84,2.29
1950-02-24,UA-46,2.2,0.4,64,5.99
1950-02-24,UA-48,0.9,0.0,78,4.01
1950-02-24,UA-51,1.6,0.0,78,4.69
1950-02-24,UA-53,-0.0,0.0,75,4.51
1950-02-24,UA-56,2.0,0.5,67,5.3
1950-02-24,UA-59,-0.2,0.0,83,6.98
1950-02-24,UA-61,1.1,0.1,61,4.16
1950-02-24,UA-63,-0.3,0.0,83,4.49
1950-02-24,UA-65,0.7,0.0,76,3.57
1950-02-24,UA-68,0.7,0.0,63,3.86
1950-02-24,UA-71,2.0,0.0,65,4.29
1950-02-24,UA-74,1.4,0.2,69,5.7
1950-02-24,UA-77,1.2,0.0,60,2.14
1950-02-25,UA-05,4.1,0.3,70,3.21
1950-02-25,UA-07,4.9,0.7,81,5.03
1950-02-25,UA-09,1.5,0.0,84,4.99
1950-02-25,UA-12,2.4,0.0,83,4.47
1950-02-25,UA-14,1.4,0.0,84,4.04
1950-02-25,UA-18,4.6,0.3,74,4.18
1950-02-25,UA-21,5.4,0.5,77,3.55
1950-02-25,UA-23,2.8,0.0,83,4.98
1950-02-25,UA-26,5.3,0.4,71,3.81
1950-02-25,UA-30,4.1,0.0,72,4.03
1950-02-25,UA-32,4.1,0.1,69,3.48
1950-02-25,UA-35,2.9,0.2,79,3.05
1950-02-25,UA-40,5.2,0.0,87,4.88
1950-02-25,UA-43,3.6,0.0,80,3.96
1950-02-25,UA-46,4.8,0.4,77,4.6
1950-02-25,UA-48,2.9,0.0,86,3.36
1950-02-25,UA-51,3.0,0.0,81,3.03
1950-02-25,UA-53,1.7,0.0,84,3.99
1950-02-25,UA-56,4.8,0.5,80,4.57
1950-02-25,UA-59,1.3,0.0,87,5.67
1950-02-25,UA-61,4.5,0.4,76,3.95
1950-02-25,UA-63,1.3,0.0,87,4.28
1950-02-25,UA-65,3.5,0.0,86,3.89
1950-02-25,UA-68,4.3,0.5,77,3.52
1950-02-25,UA-71,3.7,0.0,73,3.41
1950-02-25,UA-74,3.3,0.1,81,4.39
1950-02-25,UA-77,5.2,0.0,73,1.96
1950-02-26,UA-05,5.2,0.0,70,4.21
1950-02-26,UA-07,6.9,0.0,70,5.57
1950-02-26,UA-09,2.6,0.0,83,3.88
1950-02-26,UA-12,3.0,0.0,87,4.52
1950-02-26,UA-14,1.9,0.0,88,3.62
1950-02-26,UA-18,5.0,0.0,72,4.72
1950-02-26,UA-21,8.8,0.4,65,4.53
1950-02-26,UA-23,3.0,0.0,86,4.82
1950-02-26,UA-26,6.4,0.0,71,3.93
1950-02-26,UA-30,4.8,0.0,74,4.92
1950-02-26,UA-32,5.1,0.0,72,4.52
1950-02-26,UA-35,3.1,0.0,88,4.47
1950-02-26,UA-40,5.6,0.0,84,5.22
1950-02-26,UA-43,4.1,0.0,69,2.97
1950-02-26,UA-46,6.8,0.0,68,4.95
1950-02-26,UA-48,4.0,0.0,88,4.59
1950-02-26,UA-51,4.6,0.0,89,5.2
1950-02-26,UA-53,2.0,0.0,88,4.6
1950-02-26,UA-56,6.4,0.0,72,5.23
1950-02-26,UA-59,1.6,0.0,91,5.94
1950-02-26,UA-61,6.0,0.0,73,4.7
1950-02-26,UA-63,2.1,0.0,90,4.05
1950-02-26,UA-65,4.1,0.0,85,4.21
1950-02-26,UA-68,5.2,0.0,74,4.54
1950-02-26,UA-71,3.9,0.0,80,4.33
1950-02-26,UA-74,4.9,0.0,76,5.68
1950-02-26,UA-77,6.6,0.0,71,3.35
1950-02-27,UA-05,5.0,4.9,88,3.77
1950-02-27,UA-07,5.4,1.4,84,2.78
1950-02-27,UA-09,0.2,0.0,89,4.05
1950-02-27,UA-12,3.8,0.4,75,6.33
1950-02-27,UA-14,0.9,0.0,87,4.03
1950-02-27,UA-18,4.7,3.2,86,4.3
1950-02-27,UA-21,8.1,13.2,86,2.1
1950-02-27,UA-23,4.2,0.2,77,7.11
1950-02-27,UA-26,4.9,3.2,87,2.03
1950-02-27,UA-30,4.8,4.2,84,5.63
1950-02-27,UA-32,5.5,4.3,84,5.24
1950-02-27,UA-35,4.6,0.9,74,6.38
1950-02-27,UA-40,7.7,0.0,68,7.75
1950-02-27,UA-43,7.5,0.0,56,4.56
1950-02-27,UA-46,6.0,1.1,80,2.84
1950-02-27,UA-48,5.4,2.2,73,6.54
1950-02-27,UA-51,6.2,0.4,86,7.21
1950-02-27,UA-53,3.3,0.4,75,6.28
1950-02-27,UA-56,4.8,2.9,86,3.25
1950-02-27,UA-59,2.0,1.1,85,6.79
1950-02-27,UA-61,4.4,3.1,88,2.72
1950-02-27,UA-63,2.8,4.2,78,5.23
1950-02-27,UA-65,5.9,0.7,66,5.92
1950-02-27,UA-68,4.3,3.2,89,3.66
1950-02-27,UA-71,4.8,1.5,76,5.9
1950-02-27,UA-74,4.2,4.9,84,6.14
1950-02-27,UA-77,4.6,4.1,87,2.24
1950-02-28,UA-05,3.0,0.4,91,1.84
1950-02-28,UA-07,1.2,0.8,76,2.71
1950-02-28,UA-09,1.0,2.8,87,4.96
1950-02-28,UA-12,6.0,5.1,85,5.99
1950-02-28,UA-14,2.1,3.8,90,4.82
1950-02-28,UA-18,3.8,1.1,92,2.27
1950-02-28,UA-21,2.3,2.7,89,1.41
1950-02-28,UA-23,5.4,9.5,85,6.93
1950-02-28,UA-26,1.0,1.3,83,2.33
1950-02-28,UA-30,5.3,3.8,89,1.76
1950-02-28,UA-32,5.2,1.5,92,2.03
1950-02-28,UA-35,5.9,0.2,93,3.61
1950-02-28,UA-40,8.9,1.4,74,5.46
1950-02-28,UA-43,10.7,1.2,64,4.29
1950-02-28,UA-46,0.3,1.0,72,2.96
1950-02-28,UA-48,5.5,0.0,91,4.25
1950-02-28,UA-51,5.4,1.8,93,3.72
1950-02-28,UA-53,5.5,8.9,86,5.01
1950-02-28,UA-56,1.3,2.0,87,2.21
1950-02-28,UA-59,3.0,2.5,93,4.53
1950-02-28,UA-61,1.2,2.4,89,2.3
1950-02-28,UA-63,4.5,6.7,87,5.31
1950-02-28,UA-65,6.6,0.6,87,4.56
1950-02-28,UA-68,1.0,1.3,95,1.83
1950-02-28,UA-71,5.5,0.4,91,2.77
1950-02-28,UA-74,4.9,3.5,89,1.85
1950-02-28,UA-77,2.7,6.0,91,1.75
1950-03-01,UA-05,1.1,0.0,77,1.65
1950-03-01,UA-07,-0.4,0.0,71,2.46
1950-03-01,UA-09,3.7,0.4,88,3.48
1950-03-01,UA-12,5.3,0.1,90,3.08
1950-03-01,UA-14,4.0,0.1,93,2.54
1950-03-01,UA-18,-0.2,0.0,79,2.13
1950-03-01,UA-21,2.5,0.0,78,2.78
1950-03-01,UA-23,4.8,0.0,91,3.06
1950-03-01,UA-26,1.4,0.0,76,2.9
1950-03-01,UA-30,0.9,1.6,78,3.21
1950-03-01,UA-32,1.5,0.1,78,2.4
1950-03-01,UA-35,4.2,0.0,85,2.49
1950-03-01,UA-40,8.6,0.0,81,2.31
1950-03-01,UA-43,9.7,0.1,76,2.65
1950-03-01,UA-46,0.3,0.0,73,1.89
1950-03-01,UA-48,3.4,0.2,88,2.71
1950-03-01,UA-51,4.3,3.0,88,3.62
1950-03-01,UA-53,3.8,0.0,94,3.01
1950-03-01,UA-56,0.2,0.0,72,2.31
1950-03-01,UA-59,0.6,1.5,97,3.15
1950-03-01,UA-61,0.9,0.0,74,1.85
1950-03-01,UA-63,4.5,1.7,93,3.7
1950-03-01,UA-65,3.7,0.2,89,2.54
1950-03-01,UA-68,-0.1,0.0,77,1.54
1950-03-01,UA-71,2.8,0.0,82,2.85
1950-03-01,UA-74,2.0,1.6,77,3.45
1950-03-01,UA-77,1.3,0.0,87,2.11
1950-03-02,UA-05,0.6,0.4,71,3.69
1950-03-02,UA-07,1.1,0.0,74,3.7
1950-03-02,UA-09,1.7,0.0,91,2.99
1950-03-02,UA-12,2.9,0.0,81,4.36
1950-03-02,UA-14,1.5,0.0,91,3.77
1950-03-02,UA-18,0.1,0.0,72,3.15
1950-03-02,UA-21,3.4,2.5,84,3.06
1950-03-02,UA-23,3.2,0.0,86,6.04
1950-03-02,UA-26,2.6,0.0,78,4.87
1950-03-02,UA-30,-0.2,0.0,74,2.81
1950-03-02,UA-32,0.4,0.0,71,3.26
1950-03-02,UA-35,1.0,1.8,80,4.71
1950-03-02,UA-40,9.1,0.0,71,4.14
1950-03-02,UA-43,6.8,0.0,80,5.85
1950-03-02,UA-46,2.3,0.0,76,4.76
1950-03-02,UA-48,3.6,0.0,80,6.69
1950-03-02,UA-51,3.8,0.0,80,7.44
1950-03-02,UA-53,0.7,0.0,80,3.7
1950-03-02,UA-56,1.1,0.0,73,3.53
1950-03-02,UA-59,-0.4,0.0,91,2.99
1950-03-02,UA-61,1.5,0.1,76,4.36
1950-03-02,UA-63,1.5,0.0,83,3.11
1950-03-02,UA-65,3.8,0.3,81,6.55
1950-03-02,UA-68,0.9,0.5,73,3.88
1950-03-02,UA-71,0.2,0.0,76,3.39
1950-03-02,UA-74,0.4,0.0,70,2.31
1950-03-02,UA-77,1.9,1.3,83,2.98
1950-03-03,UA-05,0.2,0.0,81,3.22
1950-03-03,UA-07,0.7,0.0,74,2.87
1950-03-03,UA-09,0.4,0.0,85,4.77
1950-03-03,UA-12,1.0,0.6,80,4.92
1950-03-03,UA-14,-0.2,0.0,84,4.55
1950-03-03,UA-18,-0.4,0.0,84,3.02
1950-03-03,UA-21,3.4,0.0,76,3.17
1950-03-03,UA-23,1.8,0.7,81,6.03
1950-03-03,UA-26,1.9,0.1,75,3.01
1950-03-03,UA-30,-0.1,0.0,86,2.95
1950-03-03,UA-32,0.1,0.0,85,3.01
1950-03-03,UA-35,0.6,0.9,87,4.17
1950-03-03,UA-40,6.5,0.0,82,3.16
1950-03-03,UA-43,3.2,0.0,85,4.82
1950-03-03,UA-46,1.2,0.0,75,3.79
1950-03-03,UA-48,2.7,0.0,76,5.58
1950-03-03,UA-51,2.9,0.0,76,6.08
1950-03-03,UA-53,0.5,0.0,78,4.46
1950-03-03,UA-56,0.8,0.0,76,2.92
1950-03-03,UA-59,-0.1,0.0,88,3.53
1950-03-03,UA-61,0.8,0.1,76,3.28
1950-03-03,UA-63,0.2,0.0,80,4.35
1950-03-03,UA-65,2.7,0.0,75,5.5
1950-03-03,UA-68,0.5,0.1,78,3.3
1950-03-03,UA-71,0.6,0.0,85,3.37
1950-03-03,UA-74,0.2,0.0,86,2.69
1950-03-03,UA-77,1.3,0.0,80,1.83
1950-03-04,UA-05,-0.0,0.0,82,2.0
1950-03-04,UA-07,0.6,0.0,81,1.94
1950-03-04,UA-09,-0.2,0.9,87,4.67
1950-03-04,UA-12,0.9,0.0,83,3.31
1950-03-04,UA-14,-0.3,0.2,87,3.63
1950-03-04,UA-18,-0.9,0.0,86,1.75
1950-03-04,UA-21,3.1,0.0,79,1.58
1950-03-04,UA-23,1.6,0.0,82,4.15
1950-03-04,UA-26,0.8,0.0,81,2.91
1950-03-04,UA-30,-0.5,0.1,86,1.84
1950-03-04,UA-32,-0.4,0.0,85,1.92
1950-03-04,UA-35,0.5,0.0,85,3.02
1950-03-04,UA-40,5.4,0.0,81,3.82
1950-03-04,UA-43,2.6,0.0,86,3.81
1950-03-04,UA-46,0.8,0.0,80,2.54
1950-03-04,UA-48,1.7,0.0,76,4.08
1950-03-04,UA-51,1.9,0.0,75,4.65
1950-03-04,UA-53,0.2,0.0,82,3.17
1950-03-04,UA-56,0.7,0.0,80,1.79
1950-03-04,UA-59,-0.6,0.0,88,2.39
1950-03-04,UA-61,0.2,0.0,80,2.11
1950-03-04,UA-63,0.0,0.2,83,3.43
1950-03-04,UA-65,1.5,0.0,76,3.94
1950-03-04,UA-68,0.3,0.0,81,1.56
1950-03-04,UA-71,0.6,0.0,84,2.36
1950-03-04,UA-74,-0.3,0.0,84,1.58
1950-03-04,UA-77,0.6,0.0,81,1.84
1950-03-05,UA-05,0.2,0.0,75,2.58
1950-03-05,UA-07,1.9,0.1,80,3.15
1950-03-05,UA-09,0.4,0.5,89,3.43
1950-03-05,UA-12,1.1,0.1,81,3.73
1950-03-05,UA-14,0.0,0.1,87,3.17
1950-03-05,UA-18,0.4,0.0,77,2.41
1950-03-05,UA-21,3.5,0.0,74,3.91
1950-03-05,UA-23,1.7,0.0,83,5.05
1950-03-05,UA-26,1.4,0.0,79,2.17
1950-03-05,UA-30,0.1,0.0,79,2.6
1950-03-05,UA-32,-0.0,0.0,78,2.52
1950-03-05,UA-35,0.4,0.0,79,4.15
1950-03-05,UA-40,5.5,0.0,78,6.33
1950-03-05,UA-43,1.8,0.0,88,5.43
1950-03-05,UA-46,1.5,0.0,80,2.64
1950-03-05,UA-48,1.9,0.0,75,5.82
1950-03-05,UA-51,1.9,0.0,71,6.62
1950-03-05,UA-53,0.5,0.0,81,3.25
1950-03-05,UA-56,1.9,0.0,79,3.02
1950-03-05,UA-59,-0.4,0.0,85,2.28
1950-03-05,UA-61,1.5,0.0,78,2.53
1950-03-05,UA-63,0.4,0.1,84,2.1
1950-03-05,UA-65,1.9,0.0,75,5.54
1950-03-05,UA-68,1.0,0.0,77,2.46
1950-03-05,UA-71,0.2,0.0,79,2.91
1950-03-05,UA-74,0.9,0.2,77,2.61
1950-03-05,UA-77,1.3,0.0,76,2.74
1950-03-06,UA-05,3.5,0.2,73,5.66
1950-03-06,UA-07,4.9,0.3,80,5.92
1950-03-06,UA-09,-0.1,0.3,87,3.04
1950-03-06,UA-12,0.5,0.5,80,3.79
1950-03-06,UA-14,-0.5,0.3,84,3.52
1950-03-06,UA-18,4.0,0.3,73,6.43
1950-03-06,UA-21,6.3,0.0,76,3.64
1950-03-06,UA-23,1.2,0.0,79,4.87
1950-03-06,UA-26,4.9,0.5,79,5.99
1950-03-06,UA-30,3.7,0.6,72,6.31
1950-03-06,UA-32,3.7,0.3,70,5.86
1950-03-06,UA-35,2.2,0.2,68,4.97
1950-03-06,UA-40,3.5,0.0,78,7.79
1950-03-06,UA-43,0.5,0.4,81,3.8
1950-03-06,UA-46,5.0,0.7,82,5.69
1950-03-06,UA-48,2.2,0.0,66,5.21
1950-03-06,UA-51,2.6,0.0,65,6.29
1950-03-06,UA-53,0.7,1.0,75,4.23
1950-03-06,UA-56,4.9,0.2,78,6.09
1950-03-06,UA-59,0.6,1.8,85,4.99
1950-03-06,UA-61,4.2,0.4,80,6.02
1950-03-06,UA-63,0.6,1.4,82,3.71
1950-03-06,UA-65,1.6,0.0,67,4.69
1950-03-06,UA-68,3.7,0.3,77,6.06
1950-03-06,UA-71,2.9,0.3,71,5.33
1950-03-06,UA-74,3.9,0.9,71,6.58
1950-03-06,UA-77,4.6,0.3,73,6.32
1950-03-07,UA-05,4.1,0.7,83,6.27
1950-03-07,UA-07,5.1,0.9,86,6.93
1950-03-07,UA-09,1.6,1.3,78,5.56
1950-03-07,UA-12,2.2,0.0,77,5.38
1950-03-07,UA-14,1.0,0.3,78,4.84
1950-03-07,UA-18,4.2,1.1,82,7.13
1950-03-07,UA-21,8.1,0.0,76,3.39
1950-03-07,UA-23,2.8,0.0,77,5.61
1950-03-07,UA-26,5.7,1.4,84,7.34
1950-03-07,UA-30,3.6,0.4,79,6.55
1950-03-07,UA-32,4.2,0.1,79,6.4
1950-03-07,UA-35,3.4,0.1,77,5.57
1950-03-07,UA-40,4.7,1.4,84,6.61
1950-03-07,UA-43,2.5,1.2,83,4.26
1950-03-07,UA-46,5.1,2.8,89,7.07
1950-03-07,UA-48,4.2,0.1,75,5.54
1950-03-07,UA-51,4.9,0.0,74,7.12
1950-03-07,UA-53,2.0,0.2,72,5.63
1950-03-07,UA-56,5.0,1.2,86,6.95
1950-03-07,UA-59,1.1,0.9,80,6.06
1950-03-07,UA-61,4.7,1.2,87,7.13
1950-03-07,UA-63,1.2,0.5,78,5.34
1950-03-07,UA-65,3.8,0.0,74,5.08
1950-03-07,UA-68,4.4,1.2,86,6.72
1950-03-07,UA-71,3.5,0.0,76,5.75
1950-03-07,UA-74,3.3,0.1,74,7.01
1950-03-07,UA-77,6.2,0.2,78,7.19
1950-03-08,UA-05,0.3,1.0,53,7.17
1950-03-08,UA-07,1.1,1.0,60,6.9
1950-03-08,UA-09,-1.6,3.5,67,8.03
1950-03-08,UA-12,-1.7,3.2,62,7.87
1950-03-08,UA-14,-2.6,3.3,67,7.18
1950-03-08,UA-18,-0.4,1.5,51,8.59
1950-03-08,UA-21,7.0,0.4,71,4.25
1950-03-08,UA-23,-0.1,5.0,67,8.98
1950-03-08,UA-26,3.5,1.8,70,6.9
1950-03-08,UA-30,-1.2,1.5,54,9.31
1950-03-08,UA-32,-0.1,1.9,50,8.29
1950-03-08,UA-35,-0.0,1.7,52,8.08
1950-03-08,UA-40,4.4,1.4,73,8.04
1950-03-08,UA-43,1.1,2.7,74,5.54
1950-03-08,UA-46,2.7,1.4,72,6.49
1950-03-08,UA-48,1.9,0.7,51,7.04
1950-03-08,UA-51,3.1,0.1,54,7.45
1950-03-08,UA-53,-2.5,2.0,55,8.31
1950-03-08,UA-56,0.8,1.0,57,7.09
1950-03-08,UA-59,-3.9,1.4,68,8.99
1950-03-08,UA-61,1.4,1.2,67,7.11
1950-03-08,UA-63,-3.1,2.2,64,8.31
1950-03-08,UA-65,1.5,1.0,52,6.59
1950-03-08,UA-68,0.6,0.9,60,6.96
1950-03-08,UA-71,-0.7,2.9,56,8.63
1950-03-08,UA-74,-1.9,0.8,52,9.66
1950-03-08,UA-77,3.9,1.4,65,7.14
1950-03-09,UA-05,-2.1,0.0,53,5.46
1950-03-09,UA-07,-1.8,0.0,61,4.79
1950-03-09,UA-09,-4.0,0.4,60,6.33
1950-03-09,UA-12,-3.0,0.6,61,5.89
1950-03-09,UA-14,-4.3,0.6,60,5.46
1950-03-09,UA-18,-2.8,0.8,57,6.13
1950-03-09,UA-21,1.5,0.0,59,2.79
1950-03-09,UA-23,-1.5,0.5,59,6.7
1950-03-09,UA-26,-1.1,0.0,54,4.07
1950-03-09,UA-30,-2.9,1.1,59,6.35
1950-03-09,UA-32,-2.3,0.8,55,5.86
1950-03-09,UA-35,-2.2,0.5,53,5.56
1950-03-09,UA-40,2.7,0.2,55,6.46
1950-03-09,UA-43,-1.4,0.2,64,3.74
1950-03-09,UA-46,-1.6,0.0,58,3.67
1950-03-09,UA-48,-0.6,0.0,46,5.17
1950-03-09,UA-51,0.1,0.1,42,5.29
1950-03-09,UA-53,-3.8,0.7,59,5.66
1950-03-09,UA-56,-2.0,0.1,60,5.05
1950-03-09,UA-59,-5.2,0.8,69,6.27
1950-03-09,UA-61,-2.1,0.0,57,4.61
1950-03-09,UA-63,-4.5,0.6,63,6.2
1950-03-09,UA-65,-0.9,0.2,44,4.75
1950-03-09,UA-68,-2.3,0.0,57,5.24
1950-03-09,UA-71,-2.3,0.8,59,5.78
1950-03-09,UA-74,-3.0,0.8,58,6.25
1950-03-09,UA-77,-0.8,0.1,51,4.67
1950-03-10,UA-05,-1.4,1.1,62,2.94
1950-03-10,UA-07,-2.2,0.7,73,1.9
1950-03-10,UA-09,-4.4,0.5,57,4.52
1950-03-10,UA-12,-2.9,0.3,57,4.04
1950-03-10,UA-14,-4.5,0.7,57,4.01
1950-03-10,UA-18,-2.4,0.4,58,2.78
1950-03-10,UA-21,-0.9,3.6,75,2.08
1950-03-10,UA-23,-1.3,0.1,59,4.69
1950-03-10,UA-26,-1.3,3.3,65,1.81
1950-03-10,UA-30,-3.0,0.0,54,3.34
1950-03-10,UA-32,-1.7,1.0,55,3.05
1950-03-10,UA-35,-1.6,0.4,57,3.45
1950-03-10,UA-40,1.9,0.0,57,3.76
1950-03-10,UA-43,-1.7,0.0,64,2.43
1950-03-10,UA-46,-1.9,3.4,71,2.16
1950-03-10,UA-48,-0.5,0.3,59,4.04
1950-03-10,UA-51,0.2,1.3,58,4.72
1950-03-10,UA-53,-4.1,0.0,53,4.08
1950-03-10,UA-56,-2.1,1.8,72,2.22
1950-03-10,UA-59,-5.8,0.6,63,4.38
1950-03-10,UA-61,-1.7,1.6,65,2.4
1950-03-10,UA-63,-4.9,1.0,57,4.35
1950-03-10,UA-65,-1.1,0.1,57,3.61
1950-03-10,UA-68,-1.8,1.1,66,2.73
1950-03-10,UA-71,-2.0,0.5,53,3.62
1950-03-10,UA-74,-4.0,0.0,53,3.96
1950-03-10,UA-77,-0.3,1.6,59,2.21
1950-03-11,UA-05,-2.0,0.2,58,1.96
1950-03-11,UA-07,-2.3,0.0,62,3.75
1950-03-11,UA-09,-3.0,0.2,62,1.98
1950-03-11,UA-12,-2.4,1.0,68,2.85
1950-03-11,UA-14,-2.5,1.1,67,2.32
1950-03-11,UA-18,-3.0,0.0,55,2.34
1950-03-11,UA-21,-0.1,0.0,66,2.15
1950-03-11,UA-23,-0.8,0.0,64,2.99
1950-03-11,UA-26,-2.3,0.1,70,2.04
1950-03-11,UA-30,-2.1,0.0,49,2.42
1950-03-11,UA-32,-2.1,0.1,55,1.71
1950-03-11,UA-35,-1.9,1.7,67,3.17
1950-03-11,UA-40,3.6,0.6,80,5.35
1950-03-11,UA-43,0.7,0.5,80,2.82
1950-03-11,UA-46,-2.9,0.0,70,2.68
1950-03-11,UA-48,-1.5,11.8,84,4.52
1950-03-11,UA-51,0.1,5.4,77,5.04
1950-03-11,UA-53,-3.0,0.0,52,1.62
1950-03-11,UA-56,-2.3,0.0,59,3.07
1950-03-11,UA-59,-4.0,0.0,50,3.51
1950-03-11,UA-61,-2.8,0.0,67,2.63
1950-03-11,UA-63,-3.0,0.0,46,2.32
1950-03-11,UA-65,-1.9,9.5,82,4.38
1950-03-11,UA-68,-2.6,0.0,64,2.36
1950-03-11,UA-71,-1.7,0.3,60,1.86
1950-03-11,UA-74,-2.2,0.0,48,4.19
1950-03-11,UA-77,-1.6,0.3,68,2.17
1950-03-12,UA-05,1.1,0.9,64,5.66
1950-03-12,UA-07,1.4,1.2,69,8.02
1950-03-12,UA-09,-1.3,0.2,80,3.18
1950-03-12,UA-12,-0.9,0.0,69,4.73
1950-03-12,UA-14,-1.6,0.0,80,2.81
1950-03-12,UA-18,0.6,1.0,64,7.06
1950-03-12,UA-21,3.9,0.8,66,5.02
1950-03-12,UA-23,0.1,0.0,76,4.28
1950-03-12,UA-26,2.4,0.0,64,5.39
1950-03-12,UA-30,0.6,0.9,62,6.68
1950-03-12,UA-32,1.1,1.0,63,6.03
1950-03-12,UA-35,-0.2,0.2,71,5.48
1950-03-12,UA-40,3.3,0.0,79,3.45
1950-03-12,UA-43,1.6,0.0,77,2.06
1950-03-12,UA-46,1.9,1.1,69,7.73
1950-03-12,UA-48,-0.6,0.0,86,4.89
1950-03-12,UA-51,1.8,0.0,79,5.67
1950-03-12,UA-53,-1.1,0.9,61,5.63
1950-03-12,UA-56,1.3,1.5,68,7.46
1950-03-12,UA-59,-1.1,0.3,59,7.29
1950-03-12,UA-61,1.3,0.8,66,6.6
1950-03-12,UA-63,-1.3,0.4,59,5.19
1950-03-12,UA-65,-0.7,0.0,77,4.16
1950-03-12,UA-68,0.7,0.6,66,6.37
1950-03-12,UA-71,0.5,0.4,65,6.17
1950-03-12,UA-74,0.1,1.8,63,7.72
1950-03-12,UA-77,2.4,0.1,64,3.58
1950-03-13,UA-05,2.1,0.0,67,4.37
1950-03-13,UA-07,0.7,1.9,75,5.86
1950-03-13,UA-09,2.9,0.0,77,4.62
1950-03-13,UA-12,3.8,0.2,70,4.11
1950-03-13,UA-14,2.5,0.0,77,3.61
1950-03-13,UA-18,1.1,0.6,72,5.58
1950-03-13,UA-21,2.7,0.6,67,2.72
1950-03-13,UA-23,3.5,0.0,78,4.17
1950-03-13,UA-26,1.4,0.0,69,3.75
1950-03-13,UA-30,1.5,1.0,72,5.32
1950-03-13,UA-32,2.5,0.0,66,4.87
1950-03-13,UA-35,3.7,0.0,68,3.66
1950-03-13,UA-40,6.1,0.0,89,3.16
1950-03-13,UA-43,5.3,0.0,80,3.36
1950-03-13,UA-46,0.8,0.2,68,5.19
1950-03-13,UA-48,2.4,0.4,83,2.49
1950-03-13,UA-51,5.0,0.0,74,3.66
1950-03-13,UA-53,2.6,0.0,69,4.83
1950-03-13,UA-56,0.9,0.8,72,5.59
1950-03-13,UA-59,1.6,0.6,75,5.93
1950-03-13,UA-61,0.6,1.1,72,4.5
1950-03-13,UA-63,2.5,0.1,69,5.49
1950-03-13,UA-65,3.9,0.0,78,2.7
1950-03-13,UA-68,0.9,0.7,73,4.57
1950-03-13,UA-71,3.3,0.0,67,4.56
1950-03-13,UA-74,0.5,0.6,75,5.92
1950-03-13,UA-77,2.8,0.0,66,3.49
1950-03-14,UA-05,2.5,0.0,67,3.55
1950-03-14,UA-07,0.1,1.3,67,4.73
1950-03-14,UA-09,3.3,0.0,85,3.52
1950-03-14,UA-12,3.7,1.9,83,3.13
1950-03-14,UA-14,2.4,0.0,89,3.1
1950-03-14,UA-18,0.8,0.9,70,4.32
1950-03-14,UA-21,2.8,0.2,69,2.15
1950-03-14,UA-23,3.8,0.0,88,3.9
1950-03-14,UA-26,2.5,0.4,66,3.56
1950-03-14,UA-30,1.3,1.1,72,3.96
1950-03-14,UA-32,2.3,1.1,66,3.61
1950-03-14,UA-35,2.6,1.6,86,2.64
1950-03-14,UA-40,6.6,0.0,88,3.38
1950-03-14,UA-43,5.6,0.0,78,1.45
1950-03-14,UA-46,0.6,0.2,66,4.26
1950-03-14,UA-48,3.3,1.6,94,2.94
1950-03-14,UA-51,5.1,1.0,93,3.12
1950-03-14,UA-53,1.7,3.0,86,2.72
1950-03-14,UA-56,0.6,0.7,68,4.49
1950-03-14,UA-59,1.3,1.4,82,4.18
1950-03-14,UA-61,1.1,1.1,69,3.99
1950-03-14,UA-63,1.9,7.2,86,2.59
1950-03-14,UA-65,3.7,1.1,92,2.62
1950-03-14,UA-68,1.3,1.7,71,3.93
1950-03-14,UA-71,2.8,0.3,70,2.61
1950-03-14,UA-74,0.3,1.3,80,4.66
1950-03-14,UA-77,3.6,0.0,65,3.21
1950-03-15,UA-05,1.7,0.1,65,2.3
1950-03-15,UA-07,0.1,0.0,75,2.69
1950-03-15,UA-09,1.6,0.0,73,3.27
1950-03-15,UA-12,1.5,0.0,69,3.03
1950-03-15,UA-14,1.5,0.0,75,2.83
1950-03-15,UA-18,0.5,0.0,61,2.76
1950-03-15,UA-21,4.7,0.0,70,2.15
1950-03-15,UA-23,2.2,0.0,74,3.37
1950-03-15,UA-26,3.4,0.1,72,2.7
1950-03-15,UA-30,-0.1,0.2,56,3.1
1950-03-15,UA-32,0.9,0.3,56,2.37
1950-03-15,UA-35,1.6,0.0,60,2.33
1950-03-15,UA-40,6.3,0.0,89,2.56
1950-03-15,UA-43,5.6,0.0,83,2.65
1950-03-15,UA-46,2.1,0.8,77,3.17
1950-03-15,UA-48,4.0,0.1,72,2.78
1950-03-15,UA-51,4.2,0.0,78,2.84
1950-03-15,UA-53,-0.1,0.0,65,3.13
1950-03-15,UA-56,0.5,0.1,74,2.74
1950-03-15,UA-59,-1.4,0.0,66,3.94
1950-03-15,UA-61,2.0,0.2,76,2.78
1950-03-15,UA-63,0.1,0.0,67,3.54
1950-03-15,UA-65,4.2,0.0,73,2.65
1950-03-15,UA-68,1.9,0.8,72,2.69
1950-03-15,UA-71,0.8,0.0,59,2.57
1950-03-15,UA-74,-1.2,0.6,61,3.83
1950-03-15,UA-77,3.9,0.0,74,1.96
1950-03-16,UA-05,1.3,0.2,69,3.13
1950-03-16,UA-07,-0.1,0.0,73,2.67
1950-03-16,UA-09,0.9,1.5,60,3.05
1950-03-16,UA-12,-0.5,1.5,74,3.86
1950-03-16,UA-14,0.2,0.7,63,2.89
1950-03-16,UA-18,-0.5,0.1,74,3.44
1950-03-16,UA-21,6.7,0.0,72,1.61
1950-03-16,UA-23,1.3,1.3,73,3.87
1950-03-16,UA-26,3.4,0.1,70,2.57
1950-03-16,UA-30,-0.0,0.7,73,4.1
1950-03-16,UA-32,1.0,0.4,71,3.67
1950-03-16,UA-35,0.7,0.3,72,3.58
1950-03-16,UA-40,5.6,0.0,81,2.78
1950-03-16,UA-43,4.6,0.0,68,2.02
1950-03-16,UA-46,1.6,0.0,71,2.61
1950-03-16,UA-48,3.0,0.6,78,2.93
1950-03-16,UA-51,5.1,1.9,80,2.51
1950-03-16,UA-53,-1.5,1.4,71,4.5
1950-03-16,UA-56,-0.0,0.0,74,2.66
1950-03-16,UA-59,-1.3,1.6,72,5.28
1950-03-16,UA-61,1.5,0.0,72,2.66
1950-03-16,UA-63,-1.2,1.8,71,4.64
1950-03-16,UA-65,2.7,0.2,75,2.86
1950-03-16,UA-68,1.0,0.2,73,2.89
1950-03-16,UA-71,0.8,0.4,69,4.13
1950-03-16,UA-74,-0.8,0.6,72,4.41
1950-03-16,UA-77,3.8,0.0,70,2.72
1950-03-17,UA-05,-0.3,0.0,58,3.25
1950-03-17,UA-07,1.6,0.0,66,5.35
1950-03-17,UA-09,-2.8,0.9,76,6.56
1950-03-17,UA-12,-1.6,0.0,64,5.48
1950-03-17,UA-14,-2.8,0.2,69,6.14
1950-03-17,UA-18,-1.2,0.0,64,3.7
1950-03-17,UA-21,6.9,0.0,74,2.52
1950-03-17,UA-23,-0.4,0.0,64,7.22
1950-03-17,UA-26,2.9,0.0,71,5.46
1950-03-17,UA-30,-0.8,0.0,66,2.97
1950-03-17,UA-32,-0.5,0.0,62,2.97
1950-03-17,UA-35,-0.9,0.0,63,3.75
1950-03-17,UA-40,3.0,0.0,65,6.88
1950-03-17,UA-43,-0.3,0.0,71,4.07
1950-03-17,UA-46,3.0,0.0,71,5.67
1950-03-17,UA-48,-0.2,0.0,67,4.23
1950-03-17,UA-51,0.7,0.0,66,4.1
1950-03-17,UA-53,-2.7,0.0,63,4.51
1950-03-17,UA-56,0.9,0.0,62,5.04
1950-03-17,UA-59,-3.4,0.0,69,3.28
1950-03-17,UA-61,1.3,0.0,68,5.53
1950-03-17,UA-63,-2.7,0.0,65,5.18
1950-03-17,UA-65,-0.6,0.0,65,4.16
1950-03-17,UA-68,0.3,0.0,61,4.44
1950-03-17,UA-71,-0.6,0.0,65,2.91
1950-03-17,UA-74,-1.5,0.0,69,3.06
1950-03-17,UA-77,2.9,0.0,66,5.21
1950-03-18,UA-05,0.8,0.0,49,4.56
1950-03-18,UA-07,4.2,0.0,57,5.88
1950-03-18,UA-09,-3.3,0.0,60,4.96
1950-03-18,UA-12,-1.3,0.0,56,4.48
1950-03-18,UA-14,-2.6,0.0,52,5.14
1950-03-18,UA-18,0.8,0.0,50,5.28
1950-03-18,UA-21,8.4,0.0,73,2.7
1950-03-18,UA-23,-0.2,0.0,56,6.21
1950-03-18,UA-26,3.6,0.0,64,5.16
1950-03-18,UA-30,0.2,0.0,56,4.69
1950-03-18,UA-32,0.9,0.0,52,3.87
1950-03-18,UA-35,-0.6,0.0,58,3.22
1950-03-18,UA-40,1.6,0.1,68,6.82
1950-03-18,UA-43,-1.4,0.8,75,5.81
1950-03-18,UA-46,5.3,0.0,68,5.37
1950-03-18,UA-48,-0.2,0.0,61,4.24
1950-03-18,UA-51,-0.2,0.0,65,4.13
1950-03-18,UA-53,-1.7,0.0,56,3.58
1950-03-18,UA-56,2.7,0.0,53,6.36
1950-03-18,UA-59,-1.2,0.0,57,3.34
1950-03-18,UA-61,2.0,0.0,56,6.13
1950-03-18,UA-63,-1.8,0.0,56,3.15
1950-03-18,UA-65,-0.4,0.0,58,4.39
1950-03-18,UA-68,1.0,0.0,53,6.06
1950-03-18,UA-71,-0.9,0.0,62,3.16
1950-03-18,UA-74,-0.1,0.0,56,5.13
1950-03-18,UA-77,2.4,0.0,52,6.2
1950-03-19,UA-05,1.5,0.0,50,3.4
1950-03-19,UA-07,3.0,0.0,54,5.44
1950-03-19,UA-09,-2.6,0.0,55,5.12
1950-03-19,UA-12,-0.4,0.0,45,5.21
1950-03-19,UA-14,-1.6,0.0,43,5.35
1950-03-19,UA-18,1.3,0.0,55,3.94
1950-03-19,UA-21,7.2,0.0,57,2.75
1950-03-19,UA-23,0.7,0.0,46,6.74
1950-03-19,UA-26,2.6,0.0,57,5.94
1950-03-19,UA-30,0.7,0.0,54,3.31
1950-03-19,UA-32,1.1,0.0,51,3.06
1950-03-19,UA-35,0.4,0.0,46,4.04
1950-03-19,UA-40,1.5,0.3,70,4.84
1950-03-19,UA-43,-1.5,1.4,80,4.94
1950-03-19,UA-46,3.1,0.0,55,5.88
1950-03-19,UA-48,0.9,0.0,49,4.84
1950-03-19,UA-51,1.1,0.0,55,4.75
1950-03-19,UA-53,-0.8,0.0,45,4.22
1950-03-19,UA-56,2.3,0.0,57,5.29
1950-03-19,UA-59,-0.1,0.0,52,2.84
1950-03-19,UA-61,1.8,0.0,57,6.02
1950-03-19,UA-63,-1.0,0.0,49,3.6
1950-03-19,UA-65,0.2,0.0,49,4.59
1950-03-19,UA-68,1.4,0.0,56,4.83
1950-03-19,UA-71,0.1,0.0,53,3.4
1950-03-19,UA-74,0.8,0.0,53,3.34
1950-03-19,UA-77,1.8,0.0,58,5.3
1950-03-20,UA-05,1.0,0.0,50,2.77
1950-03-20,UA-07,3.9,0.0,48,4.45
1950-03-20,UA-09,-0.9,0.0,52,4.66
1950-03-20,UA-12,-0.1,0.0,53,4.45
1950-03-20,UA-14,-0.6,0.0,47,4.53
1950-03-20,UA-18,0.7,0.0,56,2.98
1950-03-20,UA-21,7.0,0.0,56,2.09
1950-03-20,UA-23,0.2,0.2,61,5.06
1950-03-20,UA-26,3.0,0.0,52,4.77
1950-03-20,UA-30,0.2,0.0,57,2.74
1950-03-20,UA-32,0.2,0.0,56,2.79
1950-03-20,UA-35,0.2,0.0,56,3.54
1950-03-20,UA-40,2.9,4.7,79,3.75
1950-03-20,UA-43,0.7,4.4,88,3.92
1950-03-20,UA-46,3.9,0.0,50,5.36
1950-03-20,UA-48,1.0,0.0,64,4.49
1950-03-20,UA-51,1.1,0.0,67,5.07
1950-03-20,UA-53,-0.0,0.0,50,4.21
1950-03-20,UA-56,2.9,0.0,50,4.1
1950-03-20,UA-59,1.2,0.0,51,3.29
1950-03-20,UA-61,2.2,0.0,53,4.1
1950-03-20,UA-63,0.4,0.0,53,3.95
1950-03-20,UA-65,0.9,0.0,65,4.5
1950-03-20,UA-68,1.2,0.0,54,2.94
1950-03-20,UA-71,0.2,0.0,58,3.32
1950-03-20,UA-74,0.9,0.0,55,2.87
1950-03-20,UA-77,1.4,0.0,57,2.99
1950-03-21,UA-05,1.5,0.0,61,2.04
1950-03-21,UA-07,2.3,0.0,66,3.31
1950-03-21,UA-09,0.6,0.0,56,4.07
1950-03-21,UA-12,2.2,0.0,53,3.83
1950-03-21,UA-14,1.6,0.0,44,4.29
1950-03-21,UA-18,1.0,0.0,65,2.35
1950-03-21,UA-21,4.8,0.0,64,2.07
1950-03-21,UA-23,2.5,0.0,57,4.65
1950-03-21,UA-26,2.1,0.0,64,4.03
1950-03-21,UA-30,1.0,0.0,66,2.4
1950-03-21,UA-32,1.0,0.0,65,2.17
1950-03-21,UA-35,1.8,0.0,62,3.01
1950-03-21,UA-40,4.7,2.0,83,2.02
1950-03-21,UA-43,2.4,2.2,85,2.49
1950-03-21,UA-46,2.8,0.0,62,4.31
1950-03-21,UA-48,2.8,0.3,69,3.83
1950-03-21,UA-51,2.3,1.0,73,3.93
1950-03-21,UA-53,1.6,0.0,51,3.64
1950-03-21,UA-56,1.9,0.0,67,2.71
1950-03-21,UA-59,2.2,0.0,52,3.34
1950-03-21,UA-61,1.1,0.0,68,3.46
1950-03-21,UA-63,1.9,0.0,54,3.72
1950-03-21,UA-65,2.4,1.1,70,3.69
1950-03-21,UA-68,1.4,0.0,64,2.24
1950-03-21,UA-71,1.1,0.0,65,2.64
1950-03-21,UA-74,1.4,0.0,64,2.6
1950-03-21,UA-77,0.9,0.0,67,3.05
1950-03-22,UA-05,2.9,0.0,64,2.88
1950-03-22,UA-07,3.3,0.0,71,2.31
1950-03-22,UA-09,2.0,0.0,72,3.85
1950-03-22,UA-12,3.7,0.7,67,3.14
1950-03-22,UA-14,3.5,0.0,58,3.66
1950-03-22,UA-18,2.3,0.0,68,2.69
1950-03-22,UA-21,5.9,0.0,69,1.57
1950-03-22,UA-23,3.2,1.3,74,3.31
1950-03-22,UA-26,3.5,0.0,68,2.62
1950-03-22,UA-30,2.6,0.0,70,2.51
1950-03-22,UA-32,3.0,0.0,68,2.64
1950-03-22,UA-35,2.6,0.6,72,3.1
1950-03-22,UA-40,4.6,0.7,77,3.76
1950-03-22,UA-43,2.1,4.3,82,2.25
1950-03-22,UA-46,3.8,0.0,68,2.89
1950-03-22,UA-48,1.6,1.5,83,3.36
1950-03-22,UA-51,1.2,6.9,86,4.21
1950-03-22,UA-53,3.2,0.0,68,3.65
1950-03-22,UA-56,2.7,0.0,72,2.41
1950-03-22,UA-59,2.8,0.0,75,3.06
1950-03-22,UA-61,2.6,0.0,71,2.47
1950-03-22,UA-63,2.9,0.0,75,3.72
1950-03-22,UA-65,1.5,2.5,86,2.92
1950-03-22,UA-68,2.2,0.0,70,2.6
1950-03-22,UA-71,2.8,0.0,70,2.69
1950-03-22,UA-74,2.6,0.0,67,2.44
1950-03-22,UA-77,3.0,0.0,68,2.09
1950-03-23,UA-05,3.9,0.1,73,1.67
1950-03-23,UA-07,4.6,0.7,74,2.54
1950-03-23,UA-09,2.7,0.0,79,2.35
1950-03-23,UA-12,3.9,1.7,85,1.13
1950-03-23,UA-14,2.6,0.0,82,1.48
1950-03-23,UA-18,4.0,1.4,71,2.17
1950-03-23,UA-21,6.0,0.3,67,2.05
1950-03-23,UA-23,2.9,0.2,91,1.55
1950-03-23,UA-26,4.2,1.6,71,1.85
1950-03-23,UA-30,3.6,0.0,74,1.64
1950-03-23,UA-32,3.7,0.0,77,1.43
1950-03-23,UA-35,4.4,0.7,85,1.29
1950-03-23,UA-40,5.5,0.0,80,2.05
1950-03-23,UA-43,2.9,0.0,78,2.24
1950-03-23,UA-46,4.5,1.3,72,2.11
1950-03-23,UA-48,3.1,0.0,86,1.62
1950-03-23,UA-51,3.0,0.5,90,3.04
1950-03-23,UA-53,3.1,1.1,82,1.15
1950-03-23,UA-56,4.5,1.7,73,2.54
1950-03-23,UA-59,2.9,0.1,75,1.44
1950-03-23,UA-61,3.8,1.4,71,2.42
1950-03-23,UA-63,2.6,0.7,78,1.64
1950-03-23,UA-65,3.4,0.0,83,1.55
1950-03-23,UA-68,3.4,1.4,72,2.26
1950-03-23,UA-71,3.3,1.4,82,1.13
1950-03-23,UA-74,3.7,1.0,75,2.01
1950-03-23,UA-77,3.8,0.2,73,2.26
1950-03-24,UA-05,2.9,2.3,82,2.99
1950-03-24,UA-07,2.2,0.0,76,3.81
1950-03-24,UA-09,1.6,0.0,82,3.96
1950-03-24,UA-12,3.1,1.4,79,3.21
1950-03-24,UA-14,1.8,0.3,83,3.39
1950-03-24,UA-18,2.9,2.4,82,4.28
1950-03-24,UA-21,4.6,0.0,64,3.93
1950-03-24,UA-23,3.4,1.9,82,3.84
1950-03-24,UA-26,3.4,2.1,79,3.8
1950-03-24,UA-30,2.6,0.9,84,3.67
1950-03-24,UA-32,3.3,1.3,83,3.05
1950-03-24,UA-35,3.5,0.8,85,2.75
1950-03-24,UA-40,4.8,1.9,82,3.46
1950-03-24,UA-43,2.2,3.3,90,2.9
1950-03-24,UA-46,2.6,0.5,76,4.12
1950-03-24,UA-48,4.2,1.7,77,2.62
1950-03-24,UA-51,4.5,0.8,78,2.31
1950-03-24,UA-53,2.7,0.4,81,3.05
1950-03-24,UA-56,2.4,0.2,80,3.79
1950-03-24,UA-59,1.6,0.2,87,3.48
1950-03-24,UA-61,2.2,1.2,84,4.38
1950-03-24,UA-63,1.5,0.0,88,3.13
1950-03-24,UA-65,3.9,2.1,76,2.67
1950-03-24,UA-68,2.0,2.9,86,4.02
1950-03-24,UA-71,3.2,0.9,86,2.53
1950-03-24,UA-74,1.4,0.1,84,4.38
1950-03-24,UA-77,2.6,4.3,86,3.64
1950-03-25,UA-05,0.5,6.9,91,4.45
1950-03-25,UA-07,0.7,0.3,79,3.89
1950-03-25,UA-09,0.6,0.0,83,5.44
1950-03-25,UA-12,1.1,2.2,85,5.42
1950-03-25,UA-14,1.4,0.0,80,5.3
1950-03-25,UA-18,0.4,4.2,89,4.8
1950-03-25,UA-21,4.4,0.1,66,2.84
1950-03-25,UA-23,2.7,2.5,84,5.84
1950-03-25,UA-26,1.2,2.2,83,2.75
1950-03-25,UA-30,0.5,3.0,88,4.63
1950-03-25,UA-32,0.4,5.7,92,4.44
1950-03-25,UA-35,0.9,5.6,92,4.7
1950-03-25,UA-40,4.7,2.9,89,4.28
1950-03-25,UA-43,2.0,3.8,94,2.35
1950-03-25,UA-46,1.5,0.7,79,3.71
1950-03-25,UA-48,1.9,9.2,95,3.98
1950-03-25,UA-51,2.5,2.6,89,4.66
1950-03-25,UA-53,0.1,1.4,82,5.64
1950-03-25,UA-56,0.2,1.1,85,3.89
1950-03-25,UA-59,0.1,0.3,81,5.39
1950-03-25,UA-61,0.1,2.6,87,3.65
1950-03-25,UA-63,0.0,0.5,82,5.43
1950-03-25,UA-65,1.7,8.7,95,3.62
1950-03-25,UA-68,0.3,3.4,89,4.14
1950-03-25,UA-71,0.6,4.2,89,4.67
1950-03-25,UA-74,0.8,0.0,79,5.24
1950-03-25,UA-77,1.1,3.3,91,2.74
1950-03-26,UA-05,0.4,0.7,88,3.93
1950-03-26,UA-07,1.4,0.8,83,3.41
1950-03-26,UA-09,2.2,0.1,80,5.35
1950-03-26,UA-12,2.8,0.0,82,5.63
1950-03-26,UA-14,3.0,0.0,78,5.18
1950-03-26,UA-18,0.3,0.1,87,3.88
1950-03-26,UA-21,4.4,0.0,67,3.17
1950-03-26,UA-23,3.9,0.0,79,6.62
1950-03-26,UA-26,1.6,0.9,84,2.59
1950-03-26,UA-30,0.4,0.0,85,3.84
1950-03-26,UA-32,0.6,0.0,87,3.88
1950-03-26,UA-35,1.8,0.0,86,4.79
1950-03-26,UA-40,6.0,0.0,87,2.39
1950-03-26,UA-43,2.7,0.8,92,2.6
1950-03-26,UA-46,1.5,0.9,83,3.61
1950-03-26,UA-48,3.7,0.0,80,5.06
1950-03-26,UA-51,3.2,0.0,81,5.55
1950-03-26,UA-53,2.2,0.0,79,5.4
1950-03-26,UA-56,0.8,1.4,88,3.32
1950-03-26,UA-59,1.2,0.0,78,4.84
1950-03-26,UA-61,0.3,1.6,89,3.29
1950-03-26,UA-63,2.1,0.0,80,5.25
1950-03-26,UA-65,3.5,0.0,80,4.5
1950-03-26,UA-68,0.2,1.9,89,3.68
1950-03-26,UA-71,1.9,0.0,81,4.28
1950-03-26,UA-74,0.5,0.0,79,4.25
1950-03-26,UA-77,1.4,1.2,87,2.81
1950-03-27,UA-05,1.2,0.0,84,2.02
1950-03-27,UA-07,2.7,0.0,82,1.63
1950-03-27,UA-09,0.6,0.0,75,3.4
1950-03-27,UA-12,1.4,0.0,79,2.89
1950-03-27,UA-14,0.6,0.0,78,2.86
1950-03-27,UA-18,0.7,0.0,84,1.88
1950-03-27,UA-21,5.5,0.0,76,1.77
1950-03-27,UA-23,2.7,0.0,80,3.55
1950-03-27,UA-26,2.5,0.0,82,1.35
1950-03-27,UA-30,0.2,0.0,85,1.66
1950-03-27,UA-32,1.1,0.0,84,1.57
1950-03-27,UA-35,2.4,0.0,81,2.42
1950-03-27,UA-40,5.7,0.0,82,2.19
1950-03-27,UA-43,2.8,4.6,93,0.93
1950-03-27,UA-46,2.8,0.0,81,1.42
1950-03-27,UA-48,4.0,0.3,82,2.77
1950-03-27,UA-51,3.5,0.9,87,3.11
1950-03-27,UA-53,1.2,0.7,78,2.22
1950-03-27,UA-56,1.8,0.0,84,1.62
1950-03-27,UA-59,0.5,1.7,86,2.02
1950-03-27,UA-61,1.2,0.0,86,1.49
1950-03-27,UA-63,0.6,0.3,76,2.76
1950-03-27,UA-65,3.2,0.5,85,2.7
1950-03-27,UA-68,1.0,0.0,86,1.9
1950-03-27,UA-71,1.4,0.7,85,1.74
1950-03-27,UA-74,-0.1,0.0,82,1.71
1950-03-27,UA-77,2.3,0.1,83,1.78
1950-03-28,UA-05,3.7,0.0,75,3.68
1950-03-28,UA-07,3.4,0.2,78,4.57
1950-03-28,UA-09,1.5,0.2,79,3.19
1950-03-28,UA-12,1.8,0.5,84,2.85
1950-03-28,UA-14,1.3,0.3,80,2.57
1950-03-28,UA-18,3.4,0.6,78,4.5
1950-03-28,UA-21,6.8,0.0,68,1.87
1950-03-28,UA-23,3.1,0.3,88,2.79
1950-03-28,UA-26,4.8,0.0,70,3.93
1950-03-28,UA-30,3.0,0.6,81,4.14
1950-03-28,UA-32,3.5,0.1,78,3.65
1950-03-28,UA-35,2.6,0.1,81,2.99
1950-03-28,UA-40,5.3,0.0,86,2.11
1950-03-28,UA-43,2.6,1.0,89,1.74
1950-03-28,UA-46,4.4,0.0,74,4.55
1950-03-28,UA-48,4.7,0.1,82,2.84
1950-03-28,UA-51,5.2,0.2,80,3.15
1950-03-28,UA-53,1.3,0.3,79,3.65
1950-03-28,UA-56,3.5,0.3,79,4.56
1950-03-28,UA-59,1.1,0.6,80,3.51
1950-03-28,UA-61,3.9,0.0,75,4.58
1950-03-28,UA-63,0.9,2.9,80,3.35
1950-03-28,UA-65,3.8,0.1,87,2.71
1950-03-28,UA-68,3.6,0.1,76,4.27
1950-03-28,UA-71,2.6,0.2,81,3.03
1950-03-28,UA-74,2.0,1.3,81,4.6
1950-03-28,UA-77,4.8,0.0,71,2.99
1950-03-29,UA-05,4.2,0.2,66,1.95
1950-03-29,UA-07,2.0,0.0,62,1.75
1950-03-29,UA-09,2.4,0.8,69,3.79
1950-03-29,UA-12,2.1,0.1,66,2.97
1950-03-29,UA-14,1.5,1.0,74,3.01
1950-03-29,UA-18,1.7,0.0,60,2.22
1950-03-29,UA-21,8.4,0.0,67,1.7
1950-03-29,UA-23,3.3,0.1,71,3.27
1950-03-29,UA-26,5.5,0.0,76,2.18
1950-03-29,UA-30,1.1,0.0,59,2.73
1950-03-29,UA-32,2.0,0.0,60,2.26
1950-03-29,UA-35,2.9,0.0,63,2.61
1950-03-29,UA-40,6.1,0.2,89,3.46
1950-03-29,UA-43,4.1,1.0,89,3.81
1950-03-29,UA-46,4.6,0.0,71,1.94
1950-03-29,UA-48,5.9,0.0,70,2.58
1950-03-29,UA-51,5.4,0.0,77,3.22
1950-03-29,UA-53,0.9,0.0,65,3.32
1950-03-29,UA-56,2.0,0.0,67,1.71
1950-03-29,UA-59,0.8,0.0,64,4.0
1950-03-29,UA-61,4.4,0.0,75,2.2
1950-03-29,UA-63,1.0,0.0,66,3.83
1950-03-29,UA-65,5.4,0.1,73,2.51
1950-03-29,UA-68,4.1,0.0,71,2.14
1950-03-29,UA-71,2.0,0.0,65,2.84
1950-03-29,UA-74,0.8,0.0,56,3.48
1950-03-29,UA-77,4.8,0.0,80,2.16
1950-03-30,UA-05,6.9,1.4,79,2.67
1950-03-30,UA-07,6.0,2.6,75,2.26
1950-03-30,UA-09,4.3,0.0,66,3.59
1950-03-30,UA-12,5.0,0.0,74,5.01
1950-03-30,UA-14,3.8,0.0,72,3.24
1950-03-30,UA-18,5.9,3.3,80,3.55
1950-03-30,UA-21,10.6,0.3,71,2.79
1950-03-30,UA-23,4.9,0.0,77,5.36
1950-03-30,UA-26,8.4,1.3,77,2.0
1950-03-30,UA-30,5.2,2.6,74,3.37
1950-03-30,UA-32,6.7,2.3,75,2.64
1950-03-30,UA-35,6.6,0.5,73,5.3
1950-03-30,UA-40,7.1,0.0,81,6.54
1950-03-30,UA-43,6.6,0.0,76,3.1
1950-03-30,UA-46,7.4,4.0,82,2.32
1950-03-30,UA-48,7.1,0.0,80,5.22
1950-03-30,UA-51,6.4,0.4,84,6.17
1950-03-30,UA-53,3.9,0.4,72,4.91
1950-03-30,UA-56,6.1,5.2,86,2.69
1950-03-30,UA-59,3.0,3.2,74,3.76
1950-03-30,UA-61,7.4,2.4,81,2.79
1950-03-30,UA-63,4.0,0.2,65,4.7
1950-03-30,UA-65,7.1,0.0,78,4.3
1950-03-30,UA-68,6.9,1.3,81,3.08
1950-03-30,UA-71,6.1,1.4,72,4.17
1950-03-30,UA-74,3.6,5.5,73,3.49
1950-03-30,UA-77,8.0,0.1,73,1.5
1950-03-31,UA-05,4.6,1.6,89,3.07
1950-03-31,UA-07,5.7,0.0,71,1.5
1950-03-31,UA-09,6.5,0.2,72,3.9
1950-03-31,UA-12,4.9,2.5,83,3.22
1950-03-31,UA-14,5.2,0.6,80,3.83
1950-03-31,UA-18,3.9,0.2,76,3.19
1950-03-31,UA-21,9.3,0.0,62,4.57
1950-03-31,UA-23,5.5,1.0,80,4.08
1950-03-31,UA-26,6.7,2.8,71,2.72
1950-03-31,UA-30,2.7,1.3,88,3.19
1950-03-31,UA-32,4.0,2.8,92,2.73
1950-03-31,UA-35,5.5,4.9,92,2.38
1950-03-31,UA-40,9.7,1.2,73,4.66
1950-03-31,UA-43,10.5,2.3,68,3.04
1950-03-31,UA-46,6.4,1.2,71,2.63
1950-03-31,UA-48,8.7,2.2,77,3.73
1950-03-31,UA-51,7.5,1.2,84,4.44
1950-03-31,UA-53,3.7,0.6,87,2.68
1950-03-31,UA-56,6.1,0.1,71,2.17
1950-03-31,UA-59,2.8,5.1,93,2.27
1950-03-31,UA-61,6.0,1.3,70,3.43
1950-03-31,UA-63,4.3,0.2,80,3.03
1950-03-31,UA-65,8.6,2.3,76,3.34
1950-03-31,UA-68,4.8,0.8,78,3.54
1950-03-31,UA-71,5.2,6.1,92,1.99
1950-03-31,UA-74,2.0,0.0,75,2.94
1950-03-31,UA-77,5.7,5.0,90,2.54
1950-04-01,UA-05,5.7,0.0,69,1.88
1950-04-01,UA-07,7.5,0.0,64,2.54
1950-04-01,UA-09,7.1,0.1,83,2.18
1950-04-01,UA-12,4.8,0.0,82,2.97
1950-04-01,UA-14,5.6,0.2,85,2.3
1950-04-01,UA-18,4.9,0.0,67,2.1
1950-04-01,UA-21,9.0,0.0,64,1.3
1950-04-01,UA-23,5.7,0.0,82,3.68
1950-04-01,UA-26,7.1,0.0,72,2.35
1950-04-01,UA-30,4.4,0.0,68,1.57
1950-04-01,UA-32,4.9,0.0,70,1.68
1950-04-01,UA-35,4.4,0.0,85,2.5
1950-04-01,UA-40,8.9,1.4,89,2.21
1950-04-01,UA-43,9.2,3.9,87,1.56
1950-04-01,UA-46,7.0,0.0,70,1.61
1950-04-01,UA-48,7.6,0.0,75,3.18
1950-04-01,UA-51,7.7,0.0,75,3.6
1950-04-01,UA-53,3.5,0.0,85,2.53
1950-04-01,UA-56,7.5,0.0,64,2.58
1950-04-01,UA-59,2.8,0.0,80,2.21
1950-04-01,UA-61,6.4,0.0,71,2.69
1950-04-01,UA-63,4.7,0.0,83,2.26
1950-04-01,UA-65,7.9,0.0,71,3.15
1950-04-01,UA-68,5.4,0.0,73,2.2
1950-04-01,UA-71,4.9,0.0,79,1.65
1950-04-01,UA-74,3.8,0.0,68,2.86
1950-04-01,UA-77,6.6,0.0,81,2.14
1950-04-02,UA-05,8.6,0.0,70,3.52
1950-04-02,UA-07,8.7,0.0,68,3.91
1950-04-02,UA-09,8.6,0.0,79,1.57
1950-04-02,UA-12,7.5,0.3,76,2.22
1950-04-02,UA-14,8.0,0.0,78,1.78
1950-04-02,UA-18,8.3,0.1,69,3.93
1950-04-02,UA-21,9.8,0.2,68,2.73
1950-04-02,UA-23,7.8,0.2,77,2.85
1950-04-02,UA-26,8.3,0.1,75,2.66
1950-04-02,UA-30,8.2,0.2,70,3.6
1950-04-02,UA-32,9.1,0.0,68,3.42
1950-04-02,UA-35,7.1,0.0,75,2.82
1950-04-02,UA-40,9.6,0.2,85,3.09
1950-04-02,UA-43,11.1,1.7,79,3.8
1950-04-02,UA-46,7.9,0.0,68,3.7
1950-04-02,UA-48,9.4,1.7,80,3.11
1950-04-02,UA-51,9.0,0.8,79,4.14
1950-04-02,UA-53,5.5,0.0,71,2.28
1950-04-02,UA-56,9.2,0.1,72,4.18
1950-04-02,UA-59,4.9,0.0,73,2.91
1950-04-02,UA-61,8.3,0.2,76,3.61
1950-04-02,UA-63,5.1,0.0,74,1.89
1950-04-02,UA-65,8.6,4.4,84,3.39
1950-04-02,UA-68,7.8,0.2,76,4.25
1950-04-02,UA-71,7.6,0.0,71,3.34
1950-04-02,UA-74,7.5,0.1,68,4.4
1950-04-02,UA-77,8.5,0.0,75,3.12
1950-04-03,UA-05,11.1,0.6,81,3.74
1950-04-03,UA-07,11.0,1.8,78,3.2
1950-04-03,UA-09,13.5,0.4,80,3.43
1950-04-03,UA-12,10.7,0.1,83,2.61
1950-04-03,UA-14,12.0,0.6,79,2.82
1950-04-03,UA-18,10.5,0.8,79,4.11
1950-04-03,UA-21,11.0,4.0,83,2.6
1950-04-03,UA-23,10.3,0.0,83,2.76
1950-04-03,UA-26,10.0,0.6,81,2.41
1950-04-03,UA-30,9.8,1.0,79,4.08
1950-04-03,UA-32,11.4,3.2,78,3.45
1950-04-03,UA-35,10.9,0.0,80,2.62
1950-04-03,UA-40,10.7,0.1,78,2.93
1950-04-03,UA-43,13.3,0.2,68,2.65
1950-04-03,UA-46,10.0,1.7,80,2.79
1950-04-03,UA-48,11.4,0.0,84,2.75
1950-04-03,UA-51,9.0,0.0,89,3.0
1950-04-03,UA-53,9.0,0.0,80,2.76
1950-04-03,UA-56,10.8,0.0,77,4.17
1950-04-03,UA-59,6.2,0.9,83,3.46
1950-04-03,UA-61,10.2,0.1,80,3.46
1950-04-03,UA-63,8.4,0.0,82,3.18
1950-04-03,UA-65,11.3,0.0,82,2.46
1950-04-03,UA-68,10.4,0.2,83,4.58
1950-04-03,UA-71,9.9,0.0,78,3.17
1950-04-03,UA-74,8.8,0.0,75,4.53
1950-04-03,UA-77,11.1,0.3,80,3.46
1950-04-04,UA-05,11.2,4.2,83,2.86
1950-04-04,UA-07,10.4,1.6,87,2.12
1950-04-04,UA-09,15.7,0.7,71,4.97
1950-04-04,UA-12,12.6,0.7,72,4.63
1950-04-04,UA-14,15.4,0.4,65,4.46
1950-04-04,UA-18,11.5,3.6,83,3.11
1950-04-04,UA-21,12.4,0.0,71,3.36
1950-04-04,UA-23,11.6,1.1,68,5.83
1950-04-04,UA-26,9.8,0.4,83,1.76
1950-04-04,UA-30,11.1,2.4,85,3.23
1950-04-04,UA-32,11.1,3.4,84,2.91
1950-04-04,UA-35,11.1,3.2,83,3.18
1950-04-04,UA-40,11.7,0.4,70,8.1
1950-04-04,UA-43,13.1,0.2,62,5.84
1950-04-04,UA-46,9.9,4.0,84,2.54
1950-04-04,UA-48,11.5,3.3,79,4.1
1950-04-04,UA-51,9.6,9.0,84,3.85
1950-04-04,UA-53,11.8,1.4,79,4.13
1950-04-04,UA-56,10.6,0.5,83,2.32
1950-04-04,UA-59,9.9,2.1,87,3.7
1950-04-04,UA-61,9.6,0.2,86,1.96
1950-04-04,UA-63,12.2,0.0,79,3.51
1950-04-04,UA-65,11.3,1.8,77,4.43
1950-04-04,UA-68,10.3,3.2,84,2.9
1950-04-04,UA-71,10.3,2.4,87,2.79
1950-04-04,UA-74,10.8,1.2,85,4.09
1950-04-04,UA-77,10.4,4.0,83,1.83
1950-04-05,UA-05,10.0,7.5,88,4.23
1950-04-05,UA-07,8.8,1.6,76,5.17
1950-04-05,UA-09,15.2,1.7,72,4.63
1950-04-05,UA-12,12.4,0.0,74,7.48
1950-04-05,UA-14,12.6,0.3,76,4.15
1950-04-05,UA-18,9.2,7.1,91,4.69
1950-04-05,UA-21,10.2,0.0,57,4.8
1950-04-05,UA-23,11.2,0.1,77,6.88
1950-04-05,UA-26,9.0,2.4,75,5.22
1950-04-05,UA-30,8.5,9.1,95,4.04
1950-04-05,UA-32,9.6,8.2,94,3.65
1950-04-05,UA-35,10.1,6.0,93,5.19
1950-04-05,UA-40,10.4,3.4,83,3.64
1950-04-05,UA-43,12.5,4.1,77,2.79
1950-04-05,UA-46,8.3,0.4,70,5.01
1950-04-05,UA-48,10.2,0.4,86,6.07
1950-04-05,UA-51,9.5,2.0,88,5.97
1950-04-05,UA-53,11.3,1.4,78,7.22
1950-04-05,UA-56,9.0,2.2,81,4.82
1950-04-05,UA-59,9.7,6.9,91,7.76
1950-04-05,UA-61,8.9,1.0,78,5.33
1950-04-05,UA-63,12.8,0.1,70,7.66
1950-04-05,UA-65,10.9,1.1,81,5.64
1950-04-05,UA-68,8.4,8.6,89,4.22
1950-04-05,UA-71,9.3,4.5,94,3.61
1950-04-05,UA-74,8.1,4.7,95,4.1
1950-04-05,UA-77,9.9,10.5,78,5.17
1950-04-06,UA-05,6.4,7.9,92,4.05
1950-04-06,UA-07,6.7,0.2,68,1.96
1950-04-06,UA-09,15.0,0.0,77,2.65
1950-04-06,UA-12,12.6,1.0,81,2.46
1950-04-06,UA-14,14.8,0.7,81,2.52
1950-04-06,UA-18,5.8,5.8,90,3.74
1950-04-06,UA-21,8.5,0.0,61,2.42
1950-04-06,UA-23,11.8,1.6,81,1.91
1950-04-06,UA-26,6.4,0.1,67,2.65
1950-04-06,UA-30,6.9,9.9,95,3.02
1950-04-06,UA-32,7.9,8.6,93,2.64
1950-04-06,UA-35,8.8,3.6,90,2.17
1950-04-06,UA-40,9.7,5.2,92,2.31
1950-04-06,UA-43,11.9,5.8,85,1.56
1950-04-06,UA-46,6.1,0.2,69,1.93
1950-04-06,UA-48,10.9,14.6,84,2.98
1950-04-06,UA-51,9.0,6.5,89,2.9
1950-04-06,UA-53,10.3,1.5,87,2.37
1950-04-06,UA-56,6.0,0.1,74,2.26
1950-04-06,UA-59,9.3,3.6,85,2.5
1950-04-06,UA-61,6.0,0.3,71,2.9
1950-04-06,UA-63,11.8,0.9,82,2.48
1950-04-06,UA-65,11.2,9.5,82,2.75
1950-04-06,UA-68,5.1,2.6,86,3.3
1950-04-06,UA-71,7.8,4.7,95,1.87
1950-04-06,UA-74,6.8,9.9,90,3.16
1950-04-06,UA-77,6.6,0.6,77,3.19
1950-04-07,UA-05,5.5,0.4,87,3.04
1950-04-07,UA-07,6.3,1.1,76,1.94
1950-04-07,UA-09,15.7,1.1,82,2.07
1950-04-07,UA-12,11.8,0.3,83,2.24
1950-04-07,UA-14,14.7,0.1,79,2.54
1950-04-07,UA-18,5.4,0.9,89,2.94
1950-04-07,UA-21,7.1,2.5,73,2.9
1950-04-07,UA-23,11.6,1.4,81,2.29
1950-04-07,UA-26,6.2,1.5,79,2.48
1950-04-07,UA-30,7.1,0.0,85,2.73
1950-04-07,UA-32,7.3,0.4,87,2.6
1950-04-07,UA-35,9.6,0.9,85,2.05
1950-04-07,UA-40,9.9,12.9,92,4.95
1950-04-07,UA-43,11.1,11.9,92,2.85
1950-04-07,UA-46,5.6,1.8,84,2.5
1950-04-07,UA-48,10.6,3.6,87,2.51
1950-04-07,UA-51,9.5,1.4,84,3.54
1950-04-07,UA-53,9.7,0.0,84,2.0
1950-04-07,UA-56,5.5,0.1,74,2.29
1950-04-07,UA-59,8.3,0.0,87,1.8
1950-04-07,UA-61,5.4,1.3,76,2.14
1950-04-07,UA-63,11.2,0.0,84,2.12
1950-04-07,UA-65,10.4,3.1,88,2.05
1950-04-07,UA-68,5.1,0.2,77,2.87
1950-04-07,UA-71,8.8,0.0,83,2.27
1950-04-07,UA-74,7.0,0.2,86,2.72
1950-04-07,UA-77,6.7,0.1,71,2.62
1950-04-08,UA-05,5.5,0.0,77,3.47
1950-04-08,UA-07,5.7,0.1,76,2.45
1950-04-08,UA-09,12.7,0.0,78,3.91
1950-04-08,UA-12,11.6,0.3,74,3.94
1950-04-08,UA-14,11.9,0.2,81,3.48
1950-04-08,UA-18,4.2,0.6,85,3.32
1950-04-08,UA-21,7.5,0.3,71,2.6
1950-04-08,UA-23,10.9,6.7,82,4.61
1950-04-08,UA-26,6.3,1.8,81,2.58
1950-04-08,UA-30,5.2,0.2,87,3.53
1950-04-08,UA-32,5.6,0.0,82,3.54
1950-04-08,UA-35,9.0,0.2,78,4.9
1950-04-08,UA-40,9.3,10.1,93,4.25
1950-04-08,UA-43,9.9,8.0,91,3.08
1950-04-08,UA-46,5.6,1.6,80,2.22
1950-04-08,UA-48,10.3,5.0,77,5.98
1950-04-08,UA-51,9.6,3.0,71,6.7
1950-04-08,UA-53,9.3,0.6,76,3.59
1950-04-08,UA-56,5.1,0.0,78,2.7
1950-04-08,UA-59,7.5,0.2,78,3.9
1950-04-08,UA-61,5.3,0.9,80,2.67
1950-04-08,UA-63,9.4,0.0,75,4.07
1950-04-08,UA-65,10.6,9.3,77,5.47
1950-04-08,UA-68,4.9,0.0,77,2.84
1950-04-08,UA-71,7.8,0.0,79,4.0
1950-04-08,UA-74,6.7,0.7,86,2.31
1950-04-08,UA-77,6.9,0.5,77,3.06
1950-04-09,UA-05,5.0,0.0,83,2.74
1950-04-09,UA-07,5.7,0.0,74,3.38
1950-04-09,UA-09,7.2,0.4,79,3.42
1950-04-09,UA-12,7.5,0.0,75,3.62
1950-04-09,UA-14,6.3,0.5,79,2.84
1950-04-09,UA-18,5.1,0.2,82,2.58
1950-04-09,UA-21,8.1,0.0,69,2.05
1950-04-09,UA-23,8.3,1.0,78,4.54
1950-04-09,UA-26,6.0,0.0,77,2.39
1950-04-09,UA-30,6.6,0.0,76,2.75
1950-04-09,UA-32,6.6,0.0,75,2.92
1950-04-09,UA-35,7.1,0.0,77,4.03
1950-04-09,UA-40,8.6,0.0,93,1.65
1950-04-09,UA-43,9.4,0.0,86,2.25
1950-04-09,UA-46,6.6,0.0,72,3.42
1950-04-09,UA-48,9.3,9.2,79,5.68
1950-04-09,UA-51,8.7,9.9,80,6.73
1950-04-09,UA-53,6.9,0.0,73,3.88
1950-04-09,UA-56,4.5,0.0,80,2.48
1950-04-09,UA-59,5.8,0.0,72,3.83
1950-04-09,UA-61,5.1,0.0,76,2.59
1950-04-09,UA-63,6.6,0.0,74,3.94
1950-04-09,UA-65,9.5,10.5,80,5.46
1950-04-09,UA-68,3.8,0.0,84,2.34
1950-04-09,UA-71,7.2,0.0,75,3.19
1950-04-09,UA-74,7.0,0.0,73,2.7
1950-04-09,UA-77,6.0,0.0,77,2.5
1950-04-10,UA-05,7.0,1.0,80,2.94
1950-04-10,UA-07,5.4,4.8,85,3.39
1950-04-10,UA-09,7.5,0.0,82,2.39
1950-04-10,UA-12,8.8,0.0,75,1.12
1950-04-10,UA-14,7.9,0.0,79,1.84
1950-04-10,UA-18,7.0,0.6,78,3.02
1950-04-10,UA-21,6.8,4.0,81,1.69
1950-04-10,UA-23,8.7,0.0,79,1.4
1950-04-10,UA-26,5.1,4.7,84,2.86
1950-04-10,UA-30,7.0,0.1,77,2.68
1950-04-10,UA-32,6.9,0.2,80,2.51
1950-04-10,UA-35,8.1,1.0,83,2.28
1950-04-10,UA-40,8.1,0.7,92,1.81
1950-04-10,UA-43,8.9,1.2,83,1.62
1950-04-10,UA-46,4.8,10.1,86,2.88
1950-04-10,UA-48,8.9,0.6,87,2.39
1950-04-10,UA-51,7.7,0.0,90,2.58
1950-04-10,UA-53,7.7,0.1,73,1.6
1950-04-10,UA-56,6.8,0.3,78,3.75
1950-04-10,UA-59,6.2,0.3,73,2.13
1950-04-10,UA-61,5.7,1.9,83,3.56
1950-04-10,UA-63,6.3,0.0,74,1.55
1950-04-10,UA-65,8.6,0.2,86,2.29
1950-04-10,UA-68,6.8,2.4,78,2.84
1950-04-10,UA-71,7.3,0.3,80,2.07
1950-04-10,UA-74,7.0,0.1,73,2.83
1950-04-10,UA-77,8.1,4.1,71,3.23
1950-04-11,UA-05,7.3,1.8,86,2.21
1950-04-11,UA-07,7.6,0.0,69,2.76
1950-04-11,UA-09,8.5,0.2,78,1.5
1950-04-11,UA-12,9.1,0.5,79,2.42
1950-04-11,UA-14,7.6,0.8,78,2.18
1950-04-11,UA-18,7.4,1.0,86,2.37
1950-04-11,UA-21,6.7,1.1,78,2.14
1950-04-11,UA-23,9.3,0.7,79,2.55
1950-04-11,UA-26,7.8,0.3,70,2.15
1950-04-11,UA-30,8.1,2.2,85,2.38
1950-04-11,UA-32,8.1,1.5,83,2.26
1950-04-11,UA-35,9.0,1.3,83,2.51
1950-04-11,UA-40,8.3,0.7,91,1.78
1950-04-11,UA-43,7.8,8.2,88,1.53
1950-04-11,UA-46,7.1,0.0,72,3.3
1950-04-11,UA-48,8.4,1.2,86,1.82
1950-04-11,UA-51,6.7,0.6,91,2.11
1950-04-11,UA-53,8.2,4.1,82,2.43
1950-04-11,UA-56,7.1,0.9,74,2.29
1950-04-11,UA-59,7.6,1.8,77,3.71
1950-04-11,UA-61,7.2,1.1,71,2.31
1950-04-11,UA-63,7.5,0.8,76,3.13
1950-04-11,UA-65,8.0,0.6,86,1.84
1950-04-11,UA-68,6.4,1.4,86,1.94
1950-04-11,UA-71,9.0,2.7,84,2.32
1950-04-11,UA-74,8.5,5.6,85,3.1
1950-04-11,UA-77,7.9,0.6,74,2.69
1950-04-12,UA-05,7.1,3.8,83,2.32
1950-04-12,UA-07,5.8,4.3,85,2.43
1950-04-12,UA-09,9.5,14.4,89,2.82
1950-04-12,UA-12,10.4,0.3,77,1.57
1950-04-12,UA-14,9.3,2.3,86,2.02
1950-04-12,UA-18,7.6,3.6,81,2.41
1950-04-12,UA-21,8.4,6.6,80,1.74
1950-04-12,UA-23,10.3,0.5,77,1.5
1950-04-12,UA-26,7.0,3.1,79,1.51
1950-04-12,UA-30,8.7,1.8,78,2.84
1950-04-12,UA-32,9.1,2.9,77,2.62
1950-04-12,UA-35,9.4,0.2,77,2.57
1950-04-12,UA-40,8.1,0.6,91,1.44
1950-04-12,UA-43,8.1,3.9,89,1.09
1950-04-12,UA-46,6.3,7.6,82,2.7
1950-04-12,UA-48,8.3,0.0,83,2.47
1950-04-12,UA-51,7.5,0.1,86,3.44
1950-04-12,UA-53,9.5,0.3,80,2.31
1950-04-12,UA-56,6.3,2.8,82,2.32
1950-04-12,UA-59,7.8,2.7,84,3.44
1950-04-12,UA-61,6.2,3.4,80,2.03
1950-04-12,UA-63,8.5,2.3,81,2.56
1950-04-12,UA-65,8.3,0.0,81,1.81
1950-04-12,UA-68,6.4,2.5,84,2.29
1950-04-12,UA-71,9.5,0.5,79,2.63
1950-04-12,UA-74,8.4,1.7,81,3.26
1950-04-12,UA-77,7.6,1.1,79,1.56
1950-04-13,UA-05,9.7,0.7,72,3.97
1950-04-13,UA-07,9.0,6.5,79,4.52
1950-04-13,UA-09,8.5,6.2,92,3.65
1950-04-13,UA-12,11.8,0.2,80,1.85
1950-04-13,UA-14,8.9,2.1,91,2.72
1950-04-13,UA-18,9.8,0.1,70,4.1
1950-04-13,UA-21,11.0,0.7,76,3.12
1950-04-13,UA-23,10.3,0.0,85,2.06
1950-04-13,UA-26,9.7,1.1,77,4.05
1950-04-13,UA-30,9.8,0.0,73,3.51
1950-04-13,UA-32,10.2,0.0,71,3.43
1950-04-13,UA-35,10.1,0.0,77,2.78
1950-04-13,UA-40,9.2,0.0,84,3.75
1950-04-13,UA-43,9.6,0.0,79,1.55
1950-04-13,UA-46,9.0,6.9,82,4.01
1950-04-13,UA-48,9.6,0.0,82,3.09
1950-04-13,UA-51,8.7,0.0,85,4.77
1950-04-13,UA-53,11.3,0.4,77,2.54
1950-04-13,UA-56,9.2,2.6,76,4.72
1950-04-13,UA-59,10.7,1.6,84,3.73
1950-04-13,UA-61,9.5,3.3,78,5.1
1950-04-13,UA-63,9.9,0.9,86,3.2
1950-04-13,UA-65,9.9,0.0,79,2.25
1950-04-13,UA-68,9.2,2.1,75,5.01
1950-04-13,UA-71,10.6,0.0,75,2.75
1950-04-13,UA-74,9.5,0.4,74,3.79
1950-04-13,UA-77,10.6,0.9,78,4.57
1950-04-14,UA-05,11.1,3.8,84,3.13
1950-04-14,UA-07,10.8,0.4,78,2.85
1950-04-14,UA-09,5.6,0.0,81,2.69
1950-04-14,UA-12,10.7,0.2,81,3.34
1950-04-14,UA-14,7.3,0.0,83,1.87
1950-04-14,UA-18,11.0,4.6,83,3.59
1950-04-14,UA-21,11.9,1.6,86,1.54
1950-04-14,UA-23,9.7,0.0,86,3.5
1950-04-14,UA-26,12.4,2.6,79,2.69
1950-04-14,UA-30,11.4,2.7,79,3.57
1950-04-14,UA-32,11.3,3.7,78,3.67
1950-04-14,UA-35,11.7,0.0,74,3.47
1950-04-14,UA-40,10.0,0.3,78,5.15
1950-04-14,UA-43,9.5,0.0,75,1.9
1950-04-14,UA-46,10.7,4.2,80,3.08
1950-04-14,UA-48,10.6,0.0,80,3.34
1950-04-14,UA-51,9.0,0.0,88,4.4
1950-04-14,UA-53,10.0,0.2,79,4.12
1950-04-14,UA-56,11.5,0.6,80,2.75
1950-04-14,UA-59,8.7,0.0,79,4.81
1950-04-14,UA-61,11.7,1.8,80,2.89
1950-04-14,UA-63,8.4,0.0,75,3.55
1950-04-14,UA-65,10.6,0.0,76,2.76
1950-04-14,UA-68,11.6,1.5,84,2.49
1950-04-14,UA-71,12.1,0.0,72,3.75
1950-04-14,UA-74,11.7,1.6,76,4.97
1950-04-14,UA-77,12.8,2.3,78,2.63
1950-04-15,UA-05,10.2,5.3,82,5.37
1950-04-15,UA-07,10.1,5.0,89,4.57
1950-04-15,UA-09,8.3,0.0,58,4.23
1950-04-15,UA-12,11.9,0.0,70,3.95
1950-04-15,UA-14,8.6,0.0,66,3.5
1950-04-15,UA-18,10.7,2.9,80,5.68
1950-04-15,UA-21,13.4,5.4,90,1.99
1950-04-15,UA-23,10.7,0.0,71,4.83
1950-04-15,UA-26,11.4,2.2,92,3.89
1950-04-15,UA-30,11.0,2.3,74,5.53
1950-04-15,UA-32,11.1,4.9,75,5.3
1950-04-15,UA-35,11.0,0.0,75,4.98
1950-04-15,UA-40,11.5,0.0,77,4.64
1950-04-15,UA-43,13.0,0.0,71,2.92
1950-04-15,UA-46,11.6,2.3,91,3.77
1950-04-15,UA-48,11.8,0.0,77,4.76
1950-04-15,UA-51,9.5,1.3,87,5.15
1950-04-15,UA-53,10.9,0.0,69,4.32
1950-04-15,UA-56,10.3,5.8,89,4.63
1950-04-15,UA-59,9.4,0.0,71,4.56
1950-04-15,UA-61,9.9,5.8,92,4.89
1950-04-15,UA-63,9.1,0.0,69,3.83
1950-04-15,UA-65,11.5,0.0,77,4.62
1950-04-15,UA-68,9.7,6.9,91,4.97
1950-04-15,UA-71,11.3,0.2,72,4.93
1950-04-15,UA-74,11.3,0.3,71,5.48
1950-04-15,UA-77,10.7,2.6,94,4.59
1950-04-16,UA-05,12.3,1.3,86,2.73
1950-04-16,UA-07,13.7,0.2,82,3.1
1950-04-16,UA-09,9.1,0.0,50,5.17
1950-04-16,UA-12,12.3,0.0,59,3.84
1950-04-16,UA-14,9.5,0.0,51,4.52
1950-04-16,UA-18,12.3,0.0,87,2.91
1950-04-16,UA-21,14.9,5.7,81,2.24
1950-04-16,UA-23,10.9,0.0,63,4.31
1950-04-16,UA-26,13.7,0.1,85,3.41
1950-04-16,UA-30,13.0,1.7,79,3.72
1950-04-16,UA-32,12.8,1.1,82,3.0
1950-04-16,UA-35,13.7,1.6,69,3.47
1950-04-16,UA-40,11.3,0.0,81,1.61
1950-04-16,UA-43,14.1,0.0,70,2.16
1950-04-16,UA-46,14.0,0.3,85,3.38
1950-04-16,UA-48,14.1,0.2,73,3.08
1950-04-16,UA-51,11.5,0.0,85,2.7
1950-04-16,UA-53,11.7,0.0,57,4.1
1950-04-16,UA-56,13.7,1.0,84,2.87
1950-04-16,UA-59,11.0,0.0,57,4.46
1950-04-16,UA-61,13.3,0.0,84,2.94
1950-04-16,UA-63,10.2,0.0,55,4.29
1950-04-16,UA-65,13.7,0.0,70,3.32
1950-04-16,UA-68,12.4,1.4,88,2.69
1950-04-16,UA-71,13.4,1.1,69,3.91
1950-04-16,UA-74,12.4,3.3,76,4.18
1950-04-16,UA-77,13.6,0.0,85,2.61
1950-04-17,UA-05,14.3,0.8,71,4.17
1950-04-17,UA-07,12.9,5.3,88,3.75
1950-04-17,UA-09,10.7,0.0,49,4.96
1950-04-17,UA-12,13.2,0.0,56,4.17
1950-04-17,UA-14,11.1,0.0,46,4.86
1950-04-17,UA-18,14.4,1.3,73,4.41
1950-04-17,UA-21,13.4,16.5,85,2.15
1950-04-17,UA-23,11.6,0.0,59,4.8
1950-04-17,UA-26,12.9,5.7,88,3.08
1950-04-17,UA-30,14.6,0.2,67,4.65
1950-04-17,UA-32,14.8,0.9,69,4.04
1950-04-17,UA-35,14.4,0.0,64,3.98
1950-04-17,UA-40,12.5,0.2,75,3.72
1950-04-17,UA-43,15.6,0.0,67,2.71
1950-04-17,UA-46,12.7,16.8,88,3.28
1950-04-17,UA-48,14.4,0.1,66,4.04
1950-04-17,UA-51,11.3,0.5,80,3.98
1950-04-17,UA-53,12.8,0.0,55,4.31
1950-04-17,UA-56,13.5,1.3,81,4.37
1950-04-17,UA-59,12.4,0.0,56,4.68
1950-04-17,UA-61,12.8,5.4,85,4.07
1950-04-17,UA-63,12.1,0.0,52,4.45
1950-04-17,UA-65,13.9,0.0,63,4.04
1950-04-17,UA-68,12.7,6.1,81,4.44
1950-04-17,UA-71,14.1,0.4,66,4.23
1950-04-17,UA-74,14.1,0.3,64,4.99
1950-04-17,UA-77,13.4,2.4,84,3.73
1950-04-18,UA-05,12.7,4.1,77,2.29
1950-04-18,UA-07,8.9,9.4,78,3.42
1950-04-18,UA-09,13.5,0.0,49,5.06
1950-04-18,UA-12,14.2,1.0,63,3.91
1950-04-18,UA-14,13.4,1.1,52,4.65
1950-04-18,UA-18,12.0,4.6,81,2.51
1950-04-18,UA-21,10.2,0.0,74,2.7
1950-04-18,UA-23,12.5,0.6,65,4.32
1950-04-18,UA-26,11.2,1.8,72,2.35
1950-04-18,UA-30,12.2,1.1,78,2.66
1950-04-18,UA-32,12.6,2.0,78,2.5
1950-04-18,UA-35,15.4,0.2,71,2.48
1950-04-18,UA-40,12.2,0.3,85,2.75
1950-04-18,UA-43,16.6,0.6,74,1.57
1950-04-18,UA-46,9.2,0.9,73,2.54
1950-04-18,UA-48,15.3,1.8,79,2.23
1950-04-18,UA-51,12.3,0.5,88,1.94
1950-04-18,UA-53,13.3,0.8,62,4.1
1950-04-18,UA-56,10.6,6.8,76,3.17
1950-04-18,UA-59,12.4,1.5,64,4.25
1950-04-18,UA-61,10.5,5.2,74,2.87
1950-04-18,UA-63,13.3,1.6,57,4.38
1950-04-18,UA-65,15.6,1.4,77,2.13
1950-04-18,UA-68,11.4,4.2,75,2.57
1950-04-18,UA-71,14.1,0.4,70,2.91
1950-04-18,UA-74,11.8,1.9,72,3.19
1950-04-18,UA-77,12.7,3.3,73,2.76
1950-04-19,UA-05,14.9,0.0,72,2.02
1950-04-19,UA-07,14.2,0.6,77,3.14
1950-04-19,UA-09,15.2,0.0,49,4.29
1950-04-19,UA-12,16.9,0.0,73,2.44
1950-04-19,UA-14,15.7,0.0,54,3.65
1950-04-19,UA-18,14.0,0.0,76,2.15
1950-04-19,UA-21,14.6,0.0,67,2.59
1950-04-19,UA-23,15.1,0.0,73,2.75
1950-04-19,UA-26,14.1,0.0,77,2.58
1950-04-19,UA-30,14.9,0.2,81,1.67
1950-04-19,UA-32,15.5,0.2,78,1.26
1950-04-19,UA-35,17.1,0.0,78,2.25
1950-04-19,UA-40,13.0,0.0,82,2.7
1950-04-19,UA-43,18.4,0.0,70,2.1
1950-04-19,UA-46,13.8,0.0,73,2.7
1950-04-19,UA-48,15.6,0.1,88,2.06
1950-04-19,UA-51,11.0,0.0,92,2.06
1950-04-19,UA-53,15.9,0.0,74,2.62
1950-04-19,UA-56,14.5,0.3,79,3.69
1950-04-19,UA-59,15.8,0.2,73,2.95
1950-04-19,UA-61,14.4,0.0,76,3.19
1950-04-19,UA-63,16.8,0.0,60,3.78
1950-04-19,UA-65,16.3,0.0,83,1.9
1950-04-19,UA-68,14.5,0.7,78,3.36
1950-04-19,UA-71,16.6,0.1,78,2.19
1950-04-19,UA-74,14.6,1.7,83,2.13
1950-04-19,UA-77,15.1,0.8,82,2.78
1950-04-20,UA-05,18.5,0.5,73,2.67
1950-04-20,UA-07,18.0,0.0,79,2.94
1950-04-20,UA-09,15.6,0.0,49,3.43
1950-04-20,UA-12,18.0,0.0,70,2.15
1950-04-20,UA-14,15.8,0.0,50,3.08
1950-04-20,UA-18,17.7,0.0,75,2.31
1950-04-20,UA-21,17.8,1.7,75,2.55
1950-04-20,UA-23,16.1,0.0,66,2.27
1950-04-20,UA-26,17.5,0.0,83,2.99
1950-04-20,UA-30,17.3,0.1,78,1.95
1950-04-20,UA-32,18.1,0.1,75,1.88
1950-04-20,UA-35,17.8,0.0,81,1.95
1950-04-20,UA-40,15.7,0.0,64,3.15
1950-04-20,UA-43,18.8,0.0,60,3.51
1950-04-20,UA-46,17.6,0.6,84,3.05
1950-04-20,UA-48,17.9,0.0,76,2.39
1950-04-20,UA-51,15.3,0.0,81,2.76
1950-04-20,UA-53,17.6,1.0,81,2.07
1950-04-20,UA-56,18.0,0.0,79,2.95
1950-04-20,UA-59,17.9,1.1,83,2.54
1950-04-20,UA-61,17.5,0.0,81,3.26
1950-04-20,UA-63,17.6,0.3,62,3.11
1950-04-20,UA-65,17.8,0.0,72,2.56
1950-04-20,UA-68,17.9,0.0,79,3.18
1950-04-20,UA-71,18.2,0.1,79,1.79
1950-04-20,UA-74,16.8,0.0,76,1.58
1950-04-20,UA-77,18.3,0.0,75,2.87
1950-04-21,UA-05,20.2,0.0,58,3.67
1950-04-21,UA-07,19.9,0.0,72,2.14
1950-04-21,UA-09,15.5,0.0,56,2.74
1950-04-21,UA-12,18.7,0.0,57,2.19
1950-04-21,UA-14,15.7,0.0,52,2.66
1950-04-21,UA-18,20.1,0.0,61,3.3
1950-04-21,UA-21,20.1,3.5,70,1.94
1950-04-21,UA-23,16.3,0.0,56,2.55
1950-04-21,UA-26,19.2,0.0,73,2.4
1950-04-21,UA-30,20.1,0.0,65,3.18
1950-04-21,UA-32,20.4,0.0,61,3.25
1950-04-21,UA-35,19.8,0.0,70,2.53
1950-04-21,UA-40,14.3,0.0,63,3.23
1950-04-21,UA-43,16.6,0.0,55,4.94
1950-04-21,UA-46,19.9,0.0,77,2.41
1950-04-21,UA-48,19.0,0.0,63,2.77
1950-04-21,UA-51,17.0,0.0,66,2.98
1950-04-21,UA-53,18.9,0.0,74,2.58
1950-04-21,UA-56,20.0,0.0,65,2.9
1950-04-21,UA-59,18.8,0.1,84,2.83
1950-04-21,UA-61,19.5,0.0,64,3.14
1950-04-21,UA-63,18.9,0.3,58,2.57
1950-04-21,UA-65,18.3,0.0,59,2.9
1950-04-21,UA-68,19.7,0.0,60,4.03
1950-04-21,UA-71,20.5,0.0,71,2.7
1950-04-21,UA-74,19.0,0.0,72,3.1
1950-04-21,UA-77,20.7,0.0,59,4.22
1950-04-22,UA-05,21.2,0.0,55,3.22
1950-04-22,UA-07,20.7,0.0,69,2.68
1950-04-22,UA-09,17.5,0.0,57,1.69
1950-04-22,UA-12,19.6,0.0,61,1.84
1950-04-22,UA-14,17.5,0.0,59,1.36
1950-04-22,UA-18,20.6,0.0,64,2.83
1950-04-22,UA-21,21.1,0.0,56,2.58
1950-04-22,UA-23,17.3,0.0,57,1.17
1950-04-22,UA-26,19.7,0.0,63,3.42
1950-04-22,UA-30,20.5,0.0,68,2.46
1950-04-22,UA-32,21.4,0.0,59,2.59
1950-04-22,UA-35,20.6,0.0,63,1.8
1950-04-22,UA-40,14.2,0.0,65,3.2
1950-04-22,UA-43,16.8,0.0,53,4.89
1950-04-22,UA-46,20.8,0.0,63,2.9
1950-04-22,UA-48,18.7,0.0,63,2.67
1950-04-22,UA-51,16.8,0.0,62,3.16
1950-04-22,UA-53,19.9,0.0,65,2.62
1950-04-22,UA-56,20.9,0.0,66,3.1
1950-04-22,UA-59,20.2,0.0,75,2.4
1950-04-22,UA-61,20.4,0.0,59,3.79
1950-04-22,UA-63,20.1,0.0,65,2.8
1950-04-22,UA-65,18.0,0.0,59,2.92
1950-04-22,UA-68,20.4,0.0,60,4.05
1950-04-22,UA-71,21.8,0.0,63,2.29
1950-04-22,UA-74,20.0,0.0,76,1.91
1950-04-22,UA-77,20.4,0.0,53,4.14
1950-04-23,UA-05,20.0,0.0,55,3.65
1950-04-23,UA-07,20.0,0.0,45,5.35
1950-04-23,UA-09,19.2,0.0,66,2.07
1950-04-23,UA-12,21.5,0.0,67,1.62
1950-04-23,UA-14,19.7,0.0,64,1.74
1950-04-23,UA-18,20.3,0.0,57,3.67
1950-04-23,UA-21,19.2,0.0,53,2.11
1950-04-23,UA-23,19.2,0.0,62,1.78
1950-04-23,UA-26,18.2,0.0,46,5.14
1950-04-23,UA-30,21.1,0.0,65,2.7
1950-04-23,UA-32,21.0,0.0,60,2.82
1950-04-23,UA-35,21.1,0.0,63,2.25
1950-04-23,UA-40,14.4,0.0,65,2.76
1950-04-23,UA-43,18.3,0.0,52,4.72
1950-04-23,UA-46,18.2,0.0,50,4.3
1950-04-23,UA-48,20.1,0.0,61,3.65
1950-04-23,UA-51,17.5,0.0,60,4.82
1950-04-23,UA-53,21.5,0.0,70,1.7
1950-04-23,UA-56,20.1,0.0,50,5.64
1950-04-23,UA-59,21.6,0.0,77,2.55
1950-04-23,UA-61,18.6,0.0,46,6.33
1950-04-23,UA-63,21.0,0.0,72,2.08
1950-04-23,UA-65,19.6,0.0,56,3.98
1950-04-23,UA-68,18.9,0.0,54,5.21
1950-04-23,UA-71,21.6,0.0,63,2.21
1950-04-23,UA-74,21.2,0.0,72,2.51
1950-04-23,UA-77,18.1,0.0,47,5.35
1950-04-24,UA-05,17.3,0.7,66,5.04
1950-04-24,UA-07,15.3,1.0,65,4.33
1950-04-24,UA-09,18.7,0.0,58,4.91
1950-04-24,UA-12,20.5,0.0,56,5.05
1950-04-24,UA-14,19.3,0.0,59,5.04
1950-04-24,UA-18,17.7,0.2,63,5.57
1950-04-24,UA-21,14.4,12.0,89,2.67
1950-04-24,UA-23,17.1,0.0,59,5.46
1950-04-24,UA-26,13.5,4.1,71,2.74
1950-04-24,UA-30,18.9,0.1,59,5.84
1950-04-24,UA-32,18.5,0.2,60,5.51
1950-04-24,UA-35,19.4,0.0,59,5.19
1950-04-24,UA-40,13.4,0.0,76,2.13
1950-04-24,UA-43,17.3,0.0,64,2.13
1950-04-24,UA-46,13.0,11.9,78,3.0
1950-04-24,UA-48,17.8,0.0,69,4.64
1950-04-24,UA-51,13.6,0.8,81,5.15
1950-04-24,UA-53,20.3,0.0,57,5.25
1950-04-24,UA-56,15.9,0.8,65,5.07
1950-04-24,UA-59,20.2,0.0,61,5.72
1950-04-24,UA-61,14.2,4.0,69,4.44
1950-04-24,UA-63,20.3,0.0,59,5.1
1950-04-24,UA-65,18.4,0.0,65,4.02
1950-04-24,UA-68,15.4,2.1,71,4.76
1950-04-24,UA-71,19.6,0.1,59,5.26
1950-04-24,UA-74,19.3,0.0,61,6.26
1950-04-24,UA-77,14.9,8.1,70,3.9
1950-04-25,UA-05,16.2,0.2,65,3.37
1950-04-25,UA-07,13.8,1.8,73,3.44
1950-04-25,UA-09,18.5,0.0,48,4.78
1950-04-25,UA-12,20.5,0.2,62,3.17
1950-04-25,UA-14,18.9,0.0,51,3.87
1950-04-25,UA-18,16.2,0.1,64,3.3
1950-04-25,UA-21,14.4,1.3,68,4.21
1950-04-25,UA-23,17.9,0.0,64,3.0
1950-04-25,UA-26,14.1,0.6,67,2.43
1950-04-25,UA-30,17.8,0.0,64,3.91
1950-04-25,UA-32,17.8,0.0,63,3.79
1950-04-25,UA-35,18.4,3.0,72,4.57
1950-04-25,UA-40,13.8,0.5,82,2.59
1950-04-25,UA-43,18.6,0.2,70,1.71
1950-04-25,UA-46,13.0,1.1,73,3.86
1950-04-25,UA-48,16.8,9.3,80,3.99
1950-04-25,UA-51,14.0,0.0,78,4.78
1950-04-25,UA-53,19.7,0.3,61,3.85
1950-04-25,UA-56,14.5,0.2,67,3.4
1950-04-25,UA-59,19.5,0.9,65,4.9
1950-04-25,UA-61,13.9,0.3,68,2.79
1950-04-25,UA-63,20.6,0.0,54,4.54
1950-04-25,UA-65,17.0,9.1,78,2.76
1950-04-25,UA-68,14.8,0.0,67,3.59
1950-04-25,UA-71,19.1,0.0,66,4.29
1950-04-25,UA-74,18.0,0.0,67,4.32
1950-04-25,UA-77,15.2,0.0,64,2.74
1950-04-26,UA-05,15.4,0.7,66,3.53
1950-04-26,UA-07,12.4,6.5,79,2.98
1950-04-26,UA-09,19.7,0.0,42,5.19
1950-04-26,UA-12,20.4,0.4,62,2.04
1950-04-26,UA-14,19.3,0.0,46,3.83
1950-04-26,UA-18,15.5,0.0,65,3.76
1950-04-26,UA-21,10.7,9.6,81,3.01
1950-04-26,UA-23,18.3,0.1,63,2.14
1950-04-26,UA-26,11.7,4.9,71,2.54
1950-04-26,UA-30,15.8,0.0,63,4.07
1950-04-26,UA-32,15.8,0.0,62,3.79
1950-04-26,UA-35,17.1,14.8,88,2.21
1950-04-26,UA-40,13.2,2.5,89,3.4
1950-04-26,UA-43,18.2,4.0,76,1.82
1950-04-26,UA-46,11.2,5.6,74,3.84
1950-04-26,UA-48,17.3,16.7,88,1.77
1950-04-26,UA-51,13.8,6.6,87,2.19
1950-04-26,UA-53,18.8,1.6,71,1.9
1950-04-26,UA-56,13.0,3.7,79,2.77
1950-04-26,UA-59,18.4,0.7,71,2.35
1950-04-26,UA-61,12.1,3.8,75,2.98
1950-04-26,UA-63,20.4,0.0,51,3.53
1950-04-26,UA-65,18.1,12.0,84,1.79
1950-04-26,UA-68,13.8,1.0,75,3.45
1950-04-26,UA-71,16.8,11.8,86,2.62
1950-04-26,UA-74,15.8,0.8,69,4.18
1950-04-26,UA-77,14.0,1.5,64,2.48
1950-04-27,UA-05,12.2,0.0,59,2.41
1950-04-27,UA-07,10.5,0.4,67,3.7
1950-04-27,UA-09,18.2,0.6,51,3.59
1950-04-27,UA-12,16.1,1.8,80,2.95
1950-04-27,UA-14,16.5,0.4,59,1.82
1950-04-27,UA-18,11.3,0.0,64,2.99
1950-04-27,UA-21,11.1,0.1,69,3.03
1950-04-27,UA-23,15.0,1.1,80,3.36
1950-04-27,UA-26,10.6,0.0,64,2.71
1950-04-27,UA-30,12.7,0.0,67,3.27
1950-04-27,UA-32,12.8,0.0,63,2.77
1950-04-27,UA-35,14.9,7.8,81,2.6
1950-04-27,UA-40,11.6,5.2,96,4.05
1950-04-27,UA-43,14.1,3.8,87,1.47
1950-04-27,UA-46,10.3,0.2,65,3.99
1950-04-27,UA-48,15.9,2.9,80,2.52
1950-04-27,UA-51,14.8,0.1,74,2.41
1950-04-27,UA-53,15.1,1.8,83,2.61
1950-04-27,UA-56,10.4,0.0,66,3.34
1950-04-27,UA-59,14.8,3.2,86,2.35
1950-04-27,UA-61,10.2,0.0,65,3.09
1950-04-27,UA-63,17.5,4.6,68,3.05
1950-04-27,UA-65,16.0,11.1,80,2.29
1950-04-27,UA-68,10.5,0.0,62,2.98
1950-04-27,UA-71,14.7,1.1,75,2.89
1950-04-27,UA-74,12.5,0.2,71,3.21
1950-04-27,UA-77,11.7,0.0,59,2.05
1950-04-28,UA-05,14.1,0.0,57,2.92
1950-04-28,UA-07,11.0,1.4,75,2.7
1950-04-28,UA-09,16.3,5.3,78,2.12
1950-04-28,UA-12,16.9,0.0,65,2.92
1950-04-28,UA-14,15.5,4.7,86,2.53
1950-04-28,UA-18,13.5,0.0,60,3.23
1950-04-28,UA-21,10.3,2.5,82,1.45
1950-04-28,UA-23,15.7,0.0,73,3.32
1950-04-28,UA-26,12.0,0.2,72,2.73
1950-04-28,UA-30,14.2,0.0,60,3.04
1950-04-28,UA-32,14.6,0.0,60,2.62
1950-04-28,UA-35,15.7,0.0,64,2.19
1950-04-28,UA-40,12.4,0.3,91,1.91
1950-04-28,UA-43,15.6,0.1,80,2.65
1950-04-28,UA-46,10.2,0.6,76,2.36
1950-04-28,UA-48,16.7,0.3,73,2.32
1950-04-28,UA-51,15.2,0.0,70,2.03
1950-04-28,UA-53,14.9,0.0,65,2.41
1950-04-28,UA-56,12.5,2.1,68,3.54
1950-04-28,UA-59,13.7,0.0,68,2.53
1950-04-28,UA-61,12.2,1.8,69,3.39
1950-04-28,UA-63,17.1,0.0,69,2.95
1950-04-28,UA-65,16.6,0.3,68,2.37
1950-04-28,UA-68,13.3,0.0,61,3.46
1950-04-28,UA-71,15.1,0.0,64,2.14
1950-04-28,UA-74,13.3,0.0,64,2.85
1950-04-28,UA-77,14.1,0.0,63,3.3
1950-04-29,UA-05,14.9,0.8,68,1.7
1950-04-29,UA-07,10.6,0.0,70,3.05
1950-04-29,UA-09,18.5,0.0,64,1.99
1950-04-29,UA-12,18.8,0.0,62,2.06
1950-04-29,UA-14,19.2,0.0,71,1.63
1950-04-29,UA-18,12.8,0.6,76,2.33
1950-04-29,UA-21,11.3,0.0,72,2.01
1950-04-29,UA-23,17.2,0.0,70,2.56
1950-04-29,UA-26,11.2,2.0,74,2.08
1950-04-29,UA-30,15.7,0.0,70,2.08
1950-04-29,UA-32,16.0,0.1,69,1.9
1950-04-29,UA-35,17.1,0.0,65,1.3
1950-04-29,UA-40,12.7,1.9,91,2.38
1950-04-29,UA-43,16.4,2.6,82,3.03
1950-04-29,UA-46,10.6,0.1,70,2.85
1950-04-29,UA-48,17.8,0.0,65,1.9
1950-04-29,UA-51,17.0,0.0,65,2.36
1950-04-29,UA-53,17.2,0.0,64,1.66
1950-04-29,UA-56,10.9,0.4,75,2.56
1950-04-29,UA-59,16.7,0.0,66,1.42
1950-04-29,UA-61,10.5,0.6,77,2.52
1950-04-29,UA-63,18.3,0.5,76,1.65
1950-04-29,UA-65,17.6,0.0,61,2.33
1950-04-29,UA-68,11.7,0.1,79,2.58
1950-04-29,UA-71,17.8,0.0,67,1.52
1950-04-29,UA-74,15.3,0.2,72,2.21
1950-04-29,UA-77,12.4,2.0,80,2.39
1950-04-30,UA-05,10.3,0.0,54,3.77
1950-04-30,UA-07,8.7,0.0,57,3.44
1950-04-30,UA-09,19.9,0.0,58,2.68
1950-04-30,UA-12,18.4,0.3,58,5.42
1950-04-30,UA-14,20.5,0.0,56,2.89
1950-04-30,UA-18,9.2,0.0,56,3.84
1950-04-30,UA-21,10.7,0.0,53,3.51
1950-04-30,UA-23,17.2,1.1,65,6.32
1950-04-30,UA-26,8.5,0.0,56,2.89
1950-04-30,UA-30,10.8,0.0,58,4.14
1950-04-30,UA-32,11.1,0.0,56,3.78
1950-04-30,UA-35,14.3,0.1,60,5.88
1950-04-30,UA-40,15.0,3.9,83,6.37
1950-04-30,UA-43,17.6,8.1,76,4.27
1950-04-30,UA-46,8.3,0.0,58,3.08
1950-04-30,UA-48,16.1,0.0,64,6.2
1950-04-30,UA-51,15.9,0.0,59,7.12
1950-04-30,UA-53,15.3,0.0,60,5.58
1950-04-30,UA-56,8.7,0.0,56,3.46
1950-04-30,UA-59,13.1,0.2,62,5.01
1950-04-30,UA-61,8.2,0.0,55,3.33
1950-04-30,UA-63,17.0,3.3,65,4.52
1950-04-30,UA-65,16.5,0.3,64,5.22
1950-04-30,UA-68,8.7,0.0,56,3.51
1950-04-30,UA-71,13.6,0.7,60,4.93
1950-04-30,UA-74,10.1,0.0,58,4.32
1950-04-30,UA-77,9.8,0.0,57,3.26
1950-05-01,UA-05,10.1,0.0,56,2.68
1950-05-01,UA-07,10.6,0.0,64,1.41
1950-05-01,UA-09,15.2,3.7,66,6.15
1950-05-01,UA-12,12.3,0.1,43,7.12
1950-05-01,UA-14,13.9,0.0,53,6.27
1950-05-01,UA-18,9.5,0.0,65,2.35
1950-05-01,UA-21,11.6,0.0,60,1.59
1950-05-01,UA-23,12.0,0.0,53,8.55
1950-05-01,UA-26,9.8,0.0,62,2.12
1950-05-01,UA-30,10.7,0.0,65,3.07
1950-05-01,UA-32,10.3,0.0,59,3.04
1950-05-01,UA-35,11.2,0.0,50,6.1
1950-05-01,UA-40,14.0,0.0,70,8.01
1950-05-01,UA-43,13.2,0.7,65,5.98
1950-05-01,UA-46,9.5,0.0,67,2.21
1950-05-01,UA-48,12.6,0.0,47,7.53
1950-05-01,UA-51,13.1,0.0,40,7.96
1950-05-01,UA-53,11.0,0.0,45,6.42
1950-05-01,UA-56,10.2,0.0,64,1.28
1950-05-01,UA-59,10.3,0.0,54,4.98
1950-05-01,UA-61,9.3,0.0,64,1.59
1950-05-01,UA-63,11.7,0.1,46,6.21
1950-05-01,UA-65,12.7,0.0,43,7.19
1950-05-01,UA-68,9.3,0.0,63,1.99
1950-05-01,UA-71,11.2,0.0,55,4.57
1950-05-01,UA-74,10.0,0.0,64,3.12
1950-05-01,UA-77,10.1,0.0,59,1.48
1950-05-02,UA-05,12.3,0.0,57,2.85
1950-05-02,UA-07,12.5,0.0,63,2.63
1950-05-02,UA-09,13.0,1.5,64,6.77
1950-05-02,UA-12,14.0,0.0,43,6.13
1950-05-02,UA-14,13.5,0.0,53,6.15
1950-05-02,UA-18,12.1,0.0,61,2.74
1950-05-02,UA-21,13.7,0.0,65,1.35
1950-05-02,UA-23,13.8,0.0,48,7.37
1950-05-02,UA-26,11.4,0.0,65,2.87
1950-05-02,UA-30,12.8,0.0,62,2.99
1950-05-02,UA-32,12.5,0.0,59,3.05
1950-05-02,UA-35,12.9,0.0,53,5.08
1950-05-02,UA-40,13.4,1.0,68,5.06
1950-05-02,UA-43,13.3,0.3,57,5.53
1950-05-02,UA-46,12.1,0.0,64,3.3
1950-05-02,UA-48,13.9,0.0,48,6.32
1950-05-02,UA-51,14.2,0.0,43,6.86
1950-05-02,UA-53,12.5,0.0,48,5.25
1950-05-02,UA-56,12.3,0.0,62,2.38
1950-05-02,UA-59,11.6,0.0,57,4.43
1950-05-02,UA-61,11.8,0.0,61,2.72
1950-05-02,UA-63,13.0,0.0,47,5.34
1950-05-02,UA-65,13.9,0.0,44,6.16
1950-05-02,UA-68,12.3,0.0,58,2.24
1950-05-02,UA-71,13.1,0.0,57,4.11
1950-05-02,UA-74,12.3,0.0,58,2.95
1950-05-02,UA-77,11.7,0.0,63,1.82
1950-05-03,UA-05,12.4,0.0,56,3.7
1950-05-03,UA-07,12.7,0.0,60,4.06
1950-05-03,UA-09,12.3,3.4,69,6.6
1950-05-03,UA-12,13.5,0.0,53,6.87
1950-05-03,UA-14,12.3,1.0,66,6.09
1950-05-03,UA-18,12.2,0.0,58,3.75
1950-05-03,UA-21,14.8,0.0,61,1.96
1950-05-03,UA-23,13.3,0.3,60,7.51
1950-05-03,UA-26,12.5,0.0,62,3.6
1950-05-03,UA-30,12.3,0.0,55,4.09
1950-05-03,UA-32,12.4,0.0,55,3.89
1950-05-03,UA-35,13.6,0.3,52,5.52
1950-05-03,UA-40,13.7,1.5,79,4.3
1950-05-03,UA-43,13.7,3.1,72,5.61
1950-05-03,UA-46,12.8,0.0,61,4.31
1950-05-03,UA-48,14.0,3.1,61,6.11
1950-05-03,UA-51,14.6,0.6,54,6.35
1950-05-03,UA-53,13.2,0.0,44,6.11
1950-05-03,UA-56,12.2,0.0,62,3.61
1950-05-03,UA-59,12.2,0.0,50,5.31
1950-05-03,UA-61,12.5,0.0,59,3.78
1950-05-03,UA-63,13.4,0.0,45,6.22
1950-05-03,UA-65,13.5,5.5,63,5.93
1950-05-03,UA-68,12.1,0.0,59,3.46
1950-05-03,UA-71,13.3,0.0,53,4.99
1950-05-03,UA-74,12.1,0.0,54,4.24
1950-05-03,UA-77,12.8,0.0,60,2.54
1950-05-04,UA-05,13.7,0.1,61,4.59
1950-05-04,UA-07,13.1,0.0,61,4.28
1950-05-04,UA-09,15.0,1.7,48,6.75
1950-05-04,UA-12,16.7,0.0,50,6.67
1950-05-04,UA-14,15.9,0.0,47,6.12
1950-05-04,UA-18,13.3,0.0,63,4.7
1950-05-04,UA-21,15.5,0.0,59,2.21
1950-05-04,UA-23,16.5,0.0,53,7.12
1950-05-04,UA-26,13.3,0.0,62,3.2
1950-05-04,UA-30,13.9,0.0,60,4.93
1950-05-04,UA-32,14.2,0.0,60,4.67
1950-05-04,UA-35,16.1,0.4,58,5.54
1950-05-04,UA-40,14.2,0.0,82,3.05
1950-05-04,UA-43,16.8,0.0,71,4.97
1950-05-04,UA-46,13.4,0.0,60,4.21
1950-05-04,UA-48,16.8,0.8,63,5.89
1950-05-04,UA-51,16.0,1.9,63,6.31
1950-05-04,UA-53,15.4,0.0,51,6.72
1950-05-04,UA-56,13.1,0.0,62,4.25
1950-05-04,UA-59,14.5,0.0,52,6.61
1950-05-04,UA-61,12.9,0.0,60,4.17
1950-05-04,UA-63,14.5,0.1,53,7.35
1950-05-04,UA-65,17.0,0.0,61,5.89
1950-05-04,UA-68,12.9,0.0,62,4.33
1950-05-04,UA-71,15.3,0.8,59,5.29
1950-05-04,UA-74,13.0,0.0,63,5.65
1950-05-04,UA-77,13.3,0.1,62,2.4
1950-05-05,UA-05,15.2,1.9,62,4.0
1950-05-05,UA-07,14.1,1.1,68,4.58
1950-05-05,UA-09,19.0,0.0,40,5.82
1950-05-05,UA-12,18.8,0.9,43,5.72
1950-05-05,UA-14,18.9,0.0,40,5.4
1950-05-05,UA-18,14.9,0.4,61,4.8
1950-05-05,UA-21,15.9,1.3,72,2.21
1950-05-05,UA-23,18.9,0.0,47,5.89
1950-05-05,UA-26,13.6,1.2,76,2.92
1950-05-05,UA-30,16.0,0.0,52,4.94
1950-05-05,UA-32,15.8,0.8,56,4.47
1950-05-05,UA-35,17.1,0.0,52,4.97
1950-05-05,UA-40,15.4,0.0,80,1.88
1950-05-05,UA-43,19.9,0.0,64,3.73
1950-05-05,UA-46,13.3,2.4,75,4.26
1950-05-05,UA-48,18.9,0.0,56,4.84
1950-05-05,UA-51,18.2,0.0,59,4.67
1950-05-05,UA-53,18.1,0.2,41,5.99
1950-05-05,UA-56,14.2,1.9,68,4.37
1950-05-05,UA-59,17.4,0.1,45,6.11
1950-05-05,UA-61,13.4,2.3,73,4.27
1950-05-05,UA-63,18.5,0.0,40,6.07
1950-05-05,UA-65,19.3,0.0,54,4.66
1950-05-05,UA-68,14.0,2.4,69,4.06
1950-05-05,UA-71,16.9,0.0,52,4.89
1950-05-05,UA-74,15.9,0.0,51,5.89
1950-05-05,UA-77,13.9,5.4,79,1.94
1950-05-06,UA-05,16.8,0.1,58,4.72
1950-05-06,UA-07,15.5,0.4,67,5.18
1950-05-06,UA-09,18.8,0.0,42,6.45
1950-05-06,UA-12,20.0,0.0,39,6.7
1950-05-06,UA-14,19.1,0.0,40,6.19
1950-05-06,UA-18,16.6,0.2,57,5.37
1950-05-06,UA-21,17.0,0.2,76,2.11
1950-05-06,UA-23,19.4,0.0,43,7.72
1950-05-06,UA-26,15.2,1.4,76,2.52
1950-05-06,UA-30,17.0,0.0,53,5.2
1950-05-06,UA-32,17.5,0.4,53,5.0
1950-05-06,UA-35,18.6,0.0,47,5.61
1950-05-06,UA-40,15.4,0.4,79,4.11
1950-05-06,UA-43,18.3,0.4,58,5.58
1950-05-06,UA-46,15.2,0.0,75,3.89
1950-05-06,UA-48,19.8,0.0,47,6.24
1950-05-06,UA-51,19.2,0.0,48,6.72
1950-05-06,UA-53,18.9,0.1,40,6.35
1950-05-06,UA-56,15.8,0.5,65,5.06
1950-05-06,UA-59,17.0,0.0,49,5.78
1950-05-06,UA-61,15.3,0.1,71,4.12
1950-05-06,UA-63,18.5,0.0,42,6.12
1950-05-06,UA-65,19.9,0.0,45,6.12
1950-05-06,UA-68,15.7,0.6,66,4.54
1950-05-06,UA-71,18.3,0.0,50,5.42
1950-05-06,UA-74,17.0,0.0,53,5.68
1950-05-06,UA-77,15.3,0.2,76,2.42
1950-05-07,UA-05,15.8,0.0,54,4.03
1950-05-07,UA-07,16.5,0.0,61,4.02
1950-05-07,UA-09,14.1,0.0,45,4.33
1950-05-07,UA-12,16.6,0.0,42,4.85
1950-05-07,UA-14,15.3,0.0,40,4.52
1950-05-07,UA-18,14.7,0.0,58,3.71
1950-05-07,UA-21,17.8,0.2,73,2.35
1950-05-07,UA-23,16.9,0.0,45,6.34
1950-05-07,UA-26,16.1,0.0,66,2.9
1950-05-07,UA-30,14.4,0.0,55,3.42
1950-05-07,UA-32,15.1,0.0,54,3.67
1950-05-07,UA-35,15.8,0.0,51,4.86
1950-05-07,UA-40,16.2,0.0,61,5.15
1950-05-07,UA-43,16.1,0.0,54,7.33
1950-05-07,UA-46,16.4,0.0,66,3.91
1950-05-07,UA-48,17.9,0.0,47,6.5
1950-05-07,UA-51,18.2,0.0,44,7.47
1950-05-07,UA-53,15.0,0.0,44,4.34
1950-05-07,UA-56,16.2,0.0,61,3.66
1950-05-07,UA-59,13.1,0.0,54,3.27
1950-05-07,UA-61,16.0,0.0,61,3.83
1950-05-07,UA-63,14.7,0.0,45,3.68
1950-05-07,UA-65,18.1,0.0,44,6.58
1950-05-07,UA-68,15.7,0.0,59,3.8
1950-05-07,UA-71,15.4,0.0,51,4.02
1950-05-07,UA-74,13.6,0.0,56,3.16
1950-05-07,UA-77,15.7,0.0,64,2.39
1950-05-08,UA-05,14.9,0.0,54,3.22
1950-05-08,UA-07,14.9,0.0,60,2.99
1950-05-08,UA-09,12.6,0.0,50,4.0
1950-05-08,UA-12,15.0,0.0,43,4.57
1950-05-08,UA-14,13.6,0.0,42,3.98
1950-05-08,UA-18,14.1,0.0,56,3.2
1950-05-08,UA-21,17.9,0.0,61,2.23
1950-05-08,UA-23,15.7,0.0,46,5.36
1950-05-08,UA-26,15.0,0.0,64,2.41
1950-05-08,UA-30,13.9,0.0,55,3.56
1950-05-08,UA-32,14.5,0.0,54,3.41
1950-05-08,UA-35,15.0,0.0,51,4.3
1950-05-08,UA-40,14.8,0.0,65,3.64
1950-05-08,UA-43,15.1,0.0,52,4.7
1950-05-08,UA-46,14.7,0.0,65,3.14
1950-05-08,UA-48,16.8,0.0,47,4.86
1950-05-08,UA-51,17.5,0.0,43,5.57
1950-05-08,UA-53,13.6,0.0,45,4.76
1950-05-08,UA-56,14.8,0.0,59,2.76
1950-05-08,UA-59,11.5,0.0,55,4.22
1950-05-08,UA-61,14.6,0.0,61,2.81
1950-05-08,UA-63,12.9,0.0,45,4.56
1950-05-08,UA-65,16.8,0.0,43,4.71
1950-05-08,UA-68,14.5,0.0,59,2.93
1950-05-08,UA-71,14.8,0.0,52,4.02
1950-05-08,UA-74,12.5,0.0,56,3.65
1950-05-08,UA-77,14.8,0.0,64,2.18
1950-05-09,UA-05,12.8,0.0,50,2.39
1950-05-09,UA-07,12.8,0.0,57,3.3
1950-05-09,UA-09,8.1,0.0,42,4.07
1950-05-09,UA-12,10.9,0.0,43,3.69
1950-05-09,UA-14,8.7,0.0,40,3.74
1950-05-09,UA-18,11.7,0.0,55,2.38
1950-05-09,UA-21,17.4,0.0,60,2.74
1950-05-09,UA-23,12.1,0.0,43,4.85
1950-05-09,UA-26,14.4,0.0,62,2.19
1950-05-09,UA-30,11.1,0.4,57,1.93
1950-05-09,UA-32,11.2,0.0,55,2.07
1950-05-09,UA-35,11.1,0.0,49,2.97
1950-05-09,UA-40,13.5,0.0,63,4.17
1950-05-09,UA-43,11.7,0.0,58,4.37
1950-05-09,UA-46,13.6,0.0,65,3.1
1950-05-09,UA-48,13.6,0.0,44,4.06
1950-05-09,UA-51,14.7,0.0,46,3.69
1950-05-09,UA-53,9.5,0.0,47,2.49
1950-05-09,UA-56,12.8,0.0,57,2.65
1950-05-09,UA-59,8.7,0.3,56,2.2
1950-05-09,UA-61,13.7,0.1,58,2.47
1950-05-09,UA-63,8.7,0.0,48,2.65
1950-05-09,UA-65,13.5,0.0,40,4.09
1950-05-09,UA-68,12.8,0.1,56,2.32
1950-05-09,UA-71,11.7,0.1,55,2.04
1950-05-09,UA-74,10.2,0.4,60,1.97
1950-05-09,UA-77,14.5,0.0,61,1.76
1950-05-10,UA-05,10.1,0.0,57,3.35
1950-05-10,UA-07,10.8,0.0,53,3.59
1950-05-10,UA-09,8.3,0.0,42,2.0
1950-05-10,UA-12,9.3,3.5,69,2.24
1950-05-10,UA-14,8.6,0.0,41,1.97
1950-05-10,UA-18,9.1,0.2,56,3.79
1950-05-10,UA-21,15.9,0.0,51,4.19
1950-05-10,UA-23,11.3,2.4,56,2.19
1950-05-10,UA-26,12.3,0.1,56,2.88
1950-05-10,UA-30,9.0,0.2,65,3.83
1950-05-10,UA-32,9.2,1.3,63,3.4
1950-05-10,UA-35,9.4,1.6,65,3.18
1950-05-10,UA-40,11.7,0.0,65,3.21
1950-05-10,UA-43,10.1,0.0,52,2.82
1950-05-10,UA-46,11.4,0.0,55,3.93
1950-05-10,UA-48,12.1,0.2,56,2.5
1950-05-10,UA-51,13.3,0.1,46,2.85
1950-05-10,UA-53,8.6,4.0,66,2.92
1950-05-10,UA-56,10.6,0.0,52,3.51
1950-05-10,UA-59,7.3,3.4,72,3.26
1950-05-10,UA-61,11.1,0.0,54,3.5
1950-05-10,UA-63,8.7,1.4,59,1.89
1950-05-10,UA-65,11.9,0.1,51,2.6
1950-05-10,UA-68,10.0,0.0,57,3.39
1950-05-10,UA-71,9.6,2.8,70,3.31
1950-05-10,UA-74,7.7,0.3,62,4.22
1950-05-10,UA-77,12.5,0.0,55,2.77
1950-05-11,UA-05,9.8,0.0,52,1.8
1950-05-11,UA-07,11.6,0.0,57,1.95
1950-05-11,UA-09,10.7,0.1,41,1.64
1950-05-11,UA-12,9.9,0.0,61,2.51
1950-05-11,UA-14,9.7,0.4,46,1.49
1950-05-11,UA-18,10.1,0.0,54,1.69
1950-05-11,UA-21,15.1,0.0,49,2.51
1950-05-11,UA-23,11.4,0.7,60,3.08
1950-05-11,UA-26,11.1,0.0,56,2.15
1950-05-11,UA-30,9.9,0.0,54,2.12
1950-05-11,UA-32,9.8,0.0,53,1.97
1950-05-11,UA-35,8.9,0.0,63,2.89
1950-05-11,UA-40,12.0,0.5,65,4.49
1950-05-11,UA-43,9.5,0.8,59,3.24
1950-05-11,UA-46,11.7,0.0,58,1.63
1950-05-11,UA-48,10.0,0.0,61,3.98
1950-05-11,UA-51,11.1,0.0,53,4.03
1950-05-11,UA-53,9.0,0.1,60,2.35
1950-05-11,UA-56,11.6,0.0,53,1.64
1950-05-11,UA-59,8.6,0.0,58,2.72
1950-05-11,UA-61,10.9,0.0,55,1.63
1950-05-11,UA-63,9.1,0.4,61,2.1
1950-05-11,UA-65,9.5,0.0,59,3.84
1950-05-11,UA-68,10.4,0.0,53,1.64
1950-05-11,UA-71,9.9,0.0,59,2.22
1950-05-11,UA-74,9.6,0.3,56,2.94
1950-05-11,UA-77,10.9,0.0,55,1.72
1950-05-12,UA-05,10.5,3.6,69,2.06
1950-05-12,UA-07,11.1,1.9,72,2.52
1950-05-12,UA-09,12.4,0.0,45,1.98
1950-05-12,UA-12,12.9,0.0,51,1.11
1950-05-12,UA-14,11.6,0.0,47,1.67
1950-05-12,UA-18,10.8,3.8,71,1.99
1950-05-12,UA-21,13.9,0.1,60,2.86
1950-05-12,UA-23,13.7,0.0,49,1.83
1950-05-12,UA-26,10.7,6.9,73,2.38
1950-05-12,UA-30,11.6,1.6,67,2.24
1950-05-12,UA-32,11.3,1.8,66,1.87
1950-05-12,UA-35,11.6,0.0,54,1.94
1950-05-12,UA-40,12.5,0.1,71,2.91
1950-05-12,UA-43,11.2,0.1,53,3.07
1950-05-12,UA-46,11.1,3.6,74,2.85
1950-05-12,UA-48,12.4,0.0,56,1.75
1950-05-12,UA-51,12.3,0.0,50,2.27
1950-05-12,UA-53,11.5,0.2,53,2.42
1950-05-12,UA-56,11.2,1.8,69,2.32
1950-05-12,UA-59,11.2,2.2,59,2.88
1950-05-12,UA-61,10.8,5.0,70,2.49
1950-05-12,UA-63,11.5,0.0,51,2.64
1950-05-12,UA-65,12.7,0.0,48,2.04
1950-05-12,UA-68,10.3,4.1,73,2.13
1950-05-12,UA-71,12.5,0.4,57,2.51
1950-05-12,UA-74,10.4,5.1,73,2.66
1950-05-12,UA-77,11.0,2.6,69,2.06
1950-05-13,UA-05,11.0,0.3,67,2.67
1950-05-13,UA-07,11.4,1.1,80,1.64
1950-05-13,UA-09,14.4,0.0,46,2.41
1950-05-13,UA-12,14.1,0.0,52,1.7
1950-05-13,UA-14,13.4,0.0,44,2.43
1950-05-13,UA-18,10.3,0.0,66,2.61
1950-05-13,UA-21,14.7,0.4,69,2.68
1950-05-13,UA-23,15.1,0.0,52,1.96
1950-05-13,UA-26,11.8,5.0,84,1.84
1950-05-13,UA-30,10.7,0.3,69,2.64
1950-05-13,UA-32,10.8,0.2,70,2.49
1950-05-13,UA-35,12.8,0.9,67,1.53
1950-05-13,UA-40,12.9,0.3,71,2.25
1950-05-13,UA-43,12.5,0.1,54,3.53
1950-05-13,UA-46,12.2,0.9,78,1.86
1950-05-13,UA-48,14.4,0.0,55,2.03
1950-05-13,UA-51,14.3,0.0,46,2.24
1950-05-13,UA-53,13.0,0.5,56,2.05
1950-05-13,UA-56,10.7,1.6,76,1.54
1950-05-13,UA-59,10.8,10.1,86,1.21
1950-05-13,UA-61,11.3,3.3,78,1.89
1950-05-13,UA-63,13.2,0.5,52,1.89
1950-05-13,UA-65,13.3,0.1,55,1.88
1950-05-13,UA-68,11.0,0.2,71,2.41
1950-05-13,UA-71,11.7,4.1,86,1.46
1950-05-13,UA-74,10.1,0.3,66,2.77
1950-05-13,UA-77,12.0,0.7,77,2.42
1950-05-14,UA-05,10.8,0.7,69,1.45
1950-05-14,UA-07,12.7,0.2,71,1.18
1950-05-14,UA-09,16.2,0.0,42,3.36
1950-05-14,UA-12,15.7,0.0,49,2.7
1950-05-14,UA-14,15.3,0.1,40,3.19
1950-05-14,UA-18,10.8,0.1,66,1.57
1950-05-14,UA-21,14.0,0.1,67,2.03
1950-05-14,UA-23,15.4,0.4,54,3.04
1950-05-14,UA-26,11.6,3.0,82,0.78
1950-05-14,UA-30,12.0,1.0,70,1.33
1950-05-14,UA-32,11.3,2.4,73,1.46
1950-05-14,UA-35,13.7,0.2,69,2.78
1950-05-14,UA-40,14.0,3.1,76,3.74
1950-05-14,UA-43,13.5,2.6,72,3.78
1950-05-14,UA-46,11.9,1.3,84,1.25
1950-05-14,UA-48,14.9,0.0,56,2.92
1950-05-14,UA-51,14.8,0.0,55,4.04
1950-05-14,UA-53,14.9,0.0,53,2.14
1950-05-14,UA-56,11.8,0.0,66,1.49
1950-05-14,UA-59,13.6,0.0,71,1.99
1950-05-14,UA-61,11.5,0.0,72,1.33
1950-05-14,UA-63,16.1,0.0,45,2.28
1950-05-14,UA-65,14.9,0.0,52,2.96
1950-05-14,UA-68,10.5,0.6,66,1.74
1950-05-14,UA-71,12.7,0.1,79,1.7
1950-05-14,UA-74,11.6,0.5,71,1.56
1950-05-14,UA-77,12.2,0.7,74,1.51
1950-05-15,UA-05,12.3,0.2,68,1.43
1950-05-15,UA-07,14.3,2.5,74,3.0
1950-05-15,UA-09,16.7,1.0,48,2.69
1950-05-15,UA-12,13.8,2.0,67,1.71
1950-05-15,UA-14,15.2,0.5,50,2.39
1950-05-15,UA-18,12.5,0.2,64,1.83
1950-05-15,UA-21,15.5,1.6,75,1.52
1950-05-15,UA-23,13.8,4.6,76,2.39
1950-05-15,UA-26,13.6,0.7,72,1.95
1950-05-15,UA-30,13.0,1.1,74,1.65
1950-05-15,UA-32,12.4,0.0,73,1.45
1950-05-15,UA-35,13.5,0.9,74,1.78
1950-05-15,UA-40,13.4,1.8,87,4.35
1950-05-15,UA-43,13.3,4.7,84,2.37
1950-05-15,UA-46,14.2,1.5,71,2.6
1950-05-15,UA-48,14.4,0.2,67,1.86
1950-05-15,UA-51,15.2,0.1,56,2.83
1950-05-15,UA-53,13.6,0.2,60,2.23
1950-05-15,UA-56,13.9,1.1,72,2.49
1950-05-15,UA-59,13.8,0.0,65,2.44
1950-05-15,UA-61,13.3,1.3,73,2.0
1950-05-15,UA-63,14.7,0.3,53,2.16
1950-05-15,UA-65,14.4,0.4,68,1.77
1950-05-15,UA-68,12.3,0.6,69,1.88
1950-05-15,UA-71,13.0,2.7,77,1.64
1950-05-15,UA-74,13.1,0.0,70,2.2
1950-05-15,UA-77,13.5,0.2,69,1.59
1950-05-16,UA-05,11.8,0.7,72,2.61
1950-05-16,UA-07,9.6,0.0,65,2.85
1950-05-16,UA-09,15.5,1.4,65,3.0
1950-05-16,UA-12,14.9,0.1,65,2.69
1950-05-16,UA-14,15.2,0.4,60,2.78
1950-05-16,UA-18,10.2,0.1,72,3.06
1950-05-16,UA-21,13.6,10.2,84,1.47
1950-05-16,UA-23,15.6,0.0,70,3.44
1950-05-16,UA-26,11.0,14.2,86,2.48
1950-05-16,UA-30,10.8,0.3,73,3.12
1950-05-16,UA-32,11.8,0.4,71,2.7
1950-05-16,UA-35,14.2,1.4,70,2.49
1950-05-16,UA-40,13.5,0.0,84,2.08
1950-05-16,UA-43,13.9,0.3,71,2.29
1950-05-16,UA-46,10.5,2.9,75,2.46
1950-05-16,UA-48,15.5,0.4,71,2.99
1950-05-16,UA-51,16.0,0.1,66,3.14
1950-05-16,UA-53,14.0,0.1,65,2.57
1950-05-16,UA-56,9.8,0.0,68,3.01
1950-05-16,UA-59,12.9,0.1,75,3.07
1950-05-16,UA-61,10.3,5.4,79,2.86
1950-05-16,UA-63,15.1,0.1,62,2.58
1950-05-16,UA-65,15.3,0.6,73,2.84
1950-05-16,UA-68,10.2,1.2,76,3.0
1950-05-16,UA-71,13.4,2.5,73,2.56
1950-05-16,UA-74,10.6,2.3,71,3.37
1950-05-16,UA-77,12.4,1.8,79,2.24
1950-05-17,UA-05,10.4,9.1,69,2.78
1950-05-17,UA-07,11.9,0.0,56,2.47
1950-05-17,UA-09,15.7,0.5,66,2.95
1950-05-17,UA-12,12.6,4.6,76,3.56
1950-05-17,UA-14,15.1,0.4,62,2.97
1950-05-17,UA-18,11.3,1.1,55,1.98
1950-05-17,UA-21,13.9,0.3,74,1.56
1950-05-17,UA-23,15.1,0.2,75,4.23
1950-05-17,UA-26,10.8,2.9,76,3.89
1950-05-17,UA-30,10.7,1.2,62,1.71
1950-05-17,UA-32,9.9,4.5,67,2.03
1950-05-17,UA-35,10.8,6.5,82,2.91
1950-05-17,UA-40,14.0,0.0,78,2.42
1950-05-17,UA-43,14.9,0.0,67,1.18
1950-05-17,UA-46,11.2,0.1,71,3.85
1950-05-17,UA-48,15.4,2.3,78,3.59
1950-05-17,UA-51,15.9,6.0,79,3.34
1950-05-17,UA-53,8.3,7.8,81,3.35
1950-05-17,UA-56,11.7,0.0,55,2.45
1950-05-17,UA-59,8.2,4.0,75,1.88
1950-05-17,UA-61,10.7,4.1,69,3.56
1950-05-17,UA-63,9.3,4.0,78,3.28
1950-05-17,UA-65,15.3,0.0,73,3.33
1950-05-17,UA-68,10.7,6.2,66,2.96
1950-05-17,UA-71,9.8,6.8,75,2.64
1950-05-17,UA-74,10.7,0.1,60,1.83
1950-05-17,UA-77,11.3,3.7,76,3.04
1950-05-18,UA-05,13.8,0.5,75,3.78
1950-05-18,UA-07,16.8,0.1,66,4.06
1950-05-18,UA-09,13.7,0.0,59,2.58
1950-05-18,UA-12,13.3,0.0,58,2.83
1950-05-18,UA-14,14.4,0.0,55,2.48
1950-05-18,UA-18,13.8,0.0,71,4.2
1950-05-18,UA-21,18.3,0.4,68,3.36
1950-05-18,UA-23,15.1,0.0,60,3.79
1950-05-18,UA-26,16.0,0.0,77,2.98
1950-05-18,UA-30,13.6,0.0,59,4.24
1950-05-18,UA-32,13.6,0.0,68,3.48
1950-05-18,UA-35,13.7,0.0,62,2.58
1950-05-18,UA-40,16.3,0.4,65,2.96
1950-05-18,UA-43,17.0,0.8,56,3.81
1950-05-18,UA-46,16.2,0.0,74,3.65
1950-05-18,UA-48,16.5,0.0,66,3.15
1950-05-18,UA-51,16.6,0.0,70,3.23
1950-05-18,UA-53,11.2,0.0,59,2.42
1950-05-18,UA-56,16.0,0.7,68,4.29
1950-05-18,UA-59,11.3,0.0,63,1.96
1950-05-18,UA-61,15.8,0.2,74,3.95
1950-05-18,UA-63,12.1,0.0,58,2.32
1950-05-18,UA-65,16.7,0.0,64,3.19
1950-05-18,UA-68,14.7,0.3,74,4.33
1950-05-18,UA-71,13.1,0.0,64,3.22
1950-05-18,UA-74,13.0,0.0,56,4.18
1950-05-18,UA-77,16.6,0.5,75,3.65
1950-05-19,UA-05,17.8,0.0,63,3.25
1950-05-19,UA-07,19.6,0.0,62,3.87
1950-05-19,UA-09,16.8,0.0,49,3.58
1950-05-19,UA-12,17.4,0.0,47,3.98
1950-05-19,UA-14,17.4,0.0,44,3.94
1950-05-19,UA-18,18.5,0.0,61,4.01
1950-05-19,UA-21,19.9,0.0,64,2.69
1950-05-19,UA-23,18.0,0.0,49,5.24
1950-05-19,UA-26,17.6,0.0,69,2.91
1950-05-19,UA-30,17.9,0.0,59,3.92
1950-05-19,UA-32,18.1,0.0,62,3.31
1950-05-19,UA-35,17.1,0.0,52,3.31
1950-05-19,UA-40,16.7,0.9,77,3.94
1950-05-19,UA-43,17.7,8.2,73,4.89
1950-05-19,UA-46,18.3,0.3,69,3.24
1950-05-19,UA-48,19.6,0.0,49,4.8
1950-05-19,UA-51,19.7,0.0,51,5.12
1950-05-19,UA-53,15.8,0.0,50,3.47
1950-05-19,UA-56,19.0,0.0,60,4.23
1950-05-19,UA-59,15.2,0.0,58,2.81
1950-05-19,UA-61,17.9,0.0,63,3.96
1950-05-19,UA-63,16.1,0.0,50,3.09
1950-05-19,UA-65,19.9,0.0,46,4.93
1950-05-19,UA-68,17.9,0.0,59,4.26
1950-05-19,UA-71,17.0,0.0,60,3.11
1950-05-19,UA-74,17.2,1.4,61,4.29
1950-05-19,UA-77,18.3,0.0,59,4.03
1950-05-20,UA-05,17.9,0.0,56,2.31
1950-05-20,UA-07,19.4,0.9,68,2.05
1950-05-20,UA-09,20.4,0.0,45,3.83
1950-05-20,UA-12,20.8,0.0,47,3.63
1950-05-20,UA-14,20.8,0.1,43,4.06
1950-05-20,UA-18,18.0,0.0,57,2.72
1950-05-20,UA-21,19.5,0.0,74,1.37
1950-05-20,UA-23,20.0,0.6,52,5.02
1950-05-20,UA-26,17.9,0.3,73,1.28
1950-05-20,UA-30,18.0,0.0,57,2.28
1950-05-20,UA-32,17.9,0.0,57,2.25
1950-05-20,UA-35,19.1,0.0,51,3.43
1950-05-20,UA-40,14.9,4.4,90,2.23
1950-05-20,UA-43,16.6,7.5,80,3.79
1950-05-20,UA-46,18.5,0.9,75,1.42
1950-05-20,UA-48,20.7,0.1,52,3.84
1950-05-20,UA-51,20.4,0.1,48,3.59
1950-05-20,UA-53,19.1,0.0,48,3.31
1950-05-20,UA-56,19.6,0.0,61,2.75
1950-05-20,UA-59,17.8,0.0,58,2.72
1950-05-20,UA-61,18.6,0.0,65,1.96
1950-05-20,UA-63,19.9,0.0,48,3.36
1950-05-20,UA-65,20.5,0.5,49,4.17
1950-05-20,UA-68,18.1,0.0,63,2.25
1950-05-20,UA-71,18.3,0.0,60,2.63
1950-05-20,UA-74,17.9,0.0,59,2.5
1950-05-20,UA-77,19.1,0.0,61,1.81
1950-05-21,UA-05,19.5,0.0,60,1.49
1950-05-21,UA-07,21.1,0.8,78,1.14
1950-05-21,UA-09,21.0,0.0,43,3.17
1950-05-21,UA-12,22.5,0.1,48,2.24
1950-05-21,UA-14,21.8,0.0,40,3.56
1950-05-21,UA-18,19.9,0.0,57,1.07
1950-05-21,UA-21,20.6,0.0,76,1.01
1950-05-21,UA-23,21.5,1.7,55,3.62
1950-05-21,UA-26,19.9,0.0,73,1.2
1950-05-21,UA-30,20.7,0.0,58,1.72
1950-05-21,UA-32,20.7,0.0,61,1.56
1950-05-21,UA-35,21.4,0.2,61,2.76
1950-05-21,UA-40,15.4,0.0,89,2.73
1950-05-21,UA-43,17.9,0.9,76,2.77
1950-05-21,UA-46,20.1,0.2,78,1.17
1950-05-21,UA-48,21.3,1.9,67,3.49
1950-05-21,UA-51,20.8,0.5,66,4.27
1950-05-21,UA-53,21.4,0.5,53,2.38
1950-05-21,UA-56,21.4,0.0,58,1.43
1950-05-21,UA-59,20.4,0.0,63,2.14
1950-05-21,UA-61,20.4,0.4,68,1.12
1950-05-21,UA-63,22.0,0.0,46,2.22
1950-05-21,UA-65,21.0,2.8,65,3.83
1950-05-21,UA-68,19.6,0.0,56,1.56
1950-05-21,UA-71,20.4,0.5,66,2.01
1950-05-21,UA-74,20.2,0.0,60,1.67
1950-05-21,UA-77,19.8,0.0,63,1.75
1950-05-22,UA-05,20.7,0.0,57,1.7
1950-05-22,UA-07,22.0,0.0,72,1.5
1950-05-22,UA-09,21.5,0.0,44,2.2
1950-05-22,UA-12,23.0,0.2,48,2.57
1950-05-22,UA-14,21.5,0.0,39,2.52
1950-05-22,UA-18,20.5,0.0,62,1.56
1950-05-22,UA-21,21.5,0.0,76,1.1
1950-05-22,UA-23,22.0,0.0,49,3.6
1950-05-22,UA-26,20.8,0.0,67,1.01
1950-05-22,UA-30,21.8,0.0,54,1.84
1950-05-22,UA-32,21.1,0.0,59,1.8
1950-05-22,UA-35,21.6,0.3,62,2.65
1950-05-22,UA-40,17.2,0.0,82,1.93
1950-05-22,UA-43,19.2,0.0,66,3.72
1950-05-22,UA-46,21.4,0.0,69,1.14
1950-05-22,UA-48,23.1,1.2,55,3.44
1950-05-22,UA-51,23.6,0.1,53,4.59
1950-05-22,UA-53,21.6,0.2,54,2.43
1950-05-22,UA-56,21.6,0.0,70,1.61
1950-05-22,UA-59,20.6,0.0,63,1.9
1950-05-22,UA-61,21.2,0.0,67,1.32
1950-05-22,UA-63,22.3,0.1,50,1.69
1950-05-22,UA-65,23.1,0.2,49,3.78
1950-05-22,UA-68,20.8,0.0,60,1.31
1950-05-22,UA-71,21.4,0.0,62,1.89
1950-05-22,UA-74,20.8,0.7,63,1.41
1950-05-22,UA-77,20.7,0.0,57,1.13
1950-05-23,UA-05,21.9,0.2,68,1.84
1950-05-23,UA-07,22.7,0.2,71,3.02
1950-05-23,UA-09,22.1,0.0,42,1.83
1950-05-23,UA-12,23.1,0.1,52,2.77
1950-05-23,UA-14,21.7,0.0,42,2.16
1950-05-23,UA-18,22.1,0.2,70,2.09
1950-05-23,UA-21,23.0,0.2,71,1.66
1950-05-23,UA-23,22.1,0.0,55,3.22
1950-05-23,UA-26,21.6,0.1,71,1.58
1950-05-23,UA-30,21.9,0.2,72,2.17
1950-05-23,UA-32,21.9,0.0,71,2.09
1950-05-23,UA-35,21.5,0.3,66,2.72
1950-05-23,UA-40,18.1,0.0,71,3.56
1950-05-23,UA-43,21.4,0.0,54,2.75
1950-05-23,UA-46,21.7,0.0,73,2.49
1950-05-23,UA-48,23.7,0.0,55,3.18
1950-05-23,UA-51,24.5,0.0,46,3.32
1950-05-23,UA-53,21.4,0.2,62,2.3
1950-05-23,UA-56,23.1,0.0,68,2.56
1950-05-23,UA-59,20.7,0.3,72,1.71
1950-05-23,UA-61,22.5,0.0,67,2.14
1950-05-23,UA-63,22.4,0.3,57,2.25
1950-05-23,UA-65,24.0,0.0,49,3.3
1950-05-23,UA-68,22.3,0.0,67,1.93
1950-05-23,UA-71,21.3,0.3,72,2.52
1950-05-23,UA-74,21.3,0.0,73,2.62
1950-05-23,UA-77,22.5,0.0,59,1.68
1950-05-24,UA-05,20.9,0.1,66,2.39
1950-05-24,UA-07,20.0,1.8,66,1.88
1950-05-24,UA-09,23.3,0.6,51,2.28
1950-05-24,UA-12,22.3,2.0,70,2.6
1950-05-24,UA-14,22.2,2.6,57,2.41
1950-05-24,UA-18,19.1,0.0,69,3.14
1950-05-24,UA-21,22.3,3.2,79,1.57
1950-05-24,UA-23,20.9,3.5,75,2.92
1950-05-24,UA-26,19.7,2.9,86,1.76
1950-05-24,UA-30,19.3,0.0,70,3.52
1950-05-24,UA-32,20.0,0.0,68,3.09
1950-05-24,UA-35,21.7,4.5,71,2.45
1950-05-24,UA-40,18.1,0.0,77,2.68
1950-05-24,UA-43,22.0,0.0,62,2.21
1950-05-24,UA-46,19.6,7.7,83,2.05
1950-05-24,UA-48,23.5,2.6,72,2.39
1950-05-24,UA-51,25.5,0.2,55,2.75
1950-05-24,UA-53,21.0,5.3,72,2.95
1950-05-24,UA-56,20.2,1.5,66,2.24
1950-05-24,UA-59,20.3,0.5,74,3.92
1950-05-24,UA-61,19.8,15.5,82,1.74
1950-05-24,UA-63,21.2,7.4,71,3.06
1950-05-24,UA-65,23.6,0.5,67,2.43
1950-05-24,UA-68,20.2,2.1,73,2.06
1950-05-24,UA-71,21.0,0.4,68,3.33
1950-05-24,UA-74,18.4,0.0,73,3.77
1950-05-24,UA-77,21.0,2.7,81,1.94
1950-05-25,UA-05,18.9,0.7,70,4.43
1950-05-25,UA-07,16.3,14.0,84,4.73
1950-05-25,UA-09,22.2,0.0,61,3.04
1950-05-25,UA-12,21.2,3.5,69,3.04
1950-05-25,UA-14,21.3,0.7,65,2.83
1950-05-25,UA-18,16.6,5.7,81,4.28
1950-05-25,UA-21,20.8,0.0,67,2.31
1950-05-25,UA-23,20.8,0.1,76,3.25
1950-05-25,UA-26,19.0,0.3,68,4.67
1950-05-25,UA-30,16.4,9.2,80,2.38
1950-05-25,UA-32,17.6,2.5,77,3.58
1950-05-25,UA-35,20.3,1.2,71,3.23
1950-05-25,UA-40,17.6,0.0,81,2.16
1950-05-25,UA-43,20.7,0.2,67,3.34
1950-05-25,UA-46,17.4,0.8,74,5.72
1950-05-25,UA-48,23.7,1.0,67,2.88
1950-05-25,UA-51,25.1,1.4,57,2.96
1950-05-25,UA-53,19.4,0.6,71,2.93
1950-05-25,UA-56,16.5,9.5,84,4.77
1950-05-25,UA-59,17.3,2.4,78,2.25
1950-05-25,UA-61,17.6,2.9,74,5.44
1950-05-25,UA-63,19.6,2.6,68,2.42
1950-05-25,UA-65,23.7,1.4,67,2.82
1950-05-25,UA-68,18.0,0.4,74,5.25
1950-05-25,UA-71,18.7,0.8,75,2.98
1950-05-25,UA-74,16.5,3.3,78,1.77
1950-05-25,UA-77,20.5,0.1,65,3.92
1950-05-26,UA-05,18.0,0.0,67,2.77
1950-05-26,UA-07,18.3,0.0,69,3.28
1950-05-26,UA-09,18.2,4.8,69,4.02
1950-05-26,UA-12,18.6,0.2,69,3.8
1950-05-26,UA-14,17.7,1.5,68,3.49
1950-05-26,UA-18,17.7,0.1,67,3.13
1950-05-26,UA-21,22.3,0.0,61,2.69
1950-05-26,UA-23,19.1,0.0,69,3.55
1950-05-26,UA-26,19.5,0.0,73,2.82
1950-05-26,UA-30,17.2,0.3,73,2.87
1950-05-26,UA-32,17.6,1.9,72,2.82
1950-05-26,UA-35,18.0,1.3,74,2.8
1950-05-26,UA-40,18.0,0.0,81,2.5
1950-05-26,UA-43,20.2,1.0,66,1.88
1950-05-26,UA-46,19.4,0.0,72,3.32
1950-05-26,UA-48,20.7,0.0,62,3.08
1950-05-26,UA-51,22.3,0.1,51,3.46
1950-05-26,UA-53,16.9,0.4,75,3.39
1950-05-26,UA-56,18.2,0.0,67,3.2
1950-05-26,UA-59,16.8,0.2,69,2.96
1950-05-26,UA-61,18.7,0.0,72,3.34
1950-05-26,UA-63,17.8,1.0,68,3.28
1950-05-26,UA-65,21.3,0.1,56,2.98
1950-05-26,UA-68,18.4,0.1,67,3.05
1950-05-26,UA-71,18.0,0.3,75,2.62
1950-05-26,UA-74,16.9,1.0,72,2.98
1950-05-26,UA-77,20.0,0.0,69,2.8
1950-05-27,UA-05,22.7,0.3,56,4.11
1950-05-27,UA-07,19.3,0.4,68,4.43
1950-05-27,UA-09,21.6,0.0,54,3.36
1950-05-27,UA-12,22.9,0.0,56,5.17
1950-05-27,UA-14,21.0,0.0,55,3.09
1950-05-27,UA-18,22.0,0.5,61,4.79
1950-05-27,UA-21,22.1,0.0,54,3.76
1950-05-27,UA-23,21.6,0.0,65,4.6
1950-05-27,UA-26,21.3,0.0,60,3.89
1950-05-27,UA-30,22.2,0.9,60,4.21
1950-05-27,UA-32,22.6,0.8,57,4.32
1950-05-27,UA-35,22.8,0.2,60,5.61
1950-05-27,UA-40,18.4,0.0,77,3.64
1950-05-27,UA-43,21.0,0.0,63,1.69
1950-05-27,UA-46,18.6,0.2,74,3.33
1950-05-27,UA-48,21.7,0.0,65,5.6
1950-05-27,UA-51,21.9,0.0,63,6.43
1950-05-27,UA-53,22.5,0.0,56,5.51
1950-05-27,UA-56,20.6,0.0,65,4.61
1950-05-27,UA-59,21.5,0.4,68,5.43
1950-05-27,UA-61,20.5,0.3,69,4.23
1950-05-27,UA-63,22.5,0.0,56,5.07
1950-05-27,UA-65,22.2,0.0,60,4.57
1950-05-27,UA-68,21.6,0.0,63,4.54
1950-05-27,UA-71,22.5,1.6,64,4.86
1950-05-27,UA-74,21.3,0.3,64,4.86
1950-05-27,UA-77,23.7,0.0,53,3.7
1950-05-28,UA-05,19.4,1.4,64,2.57
1950-05-28,UA-07,17.6,0.9,67,2.96
1950-05-28,UA-09,25.3,0.0,49,4.47
1950-05-28,UA-12,22.9,5.2,67,3.5
1950-05-28,UA-14,24.0,0.0,52,3.52
1950-05-28,UA-18,19.1,0.1,59,2.4
1950-05-28,UA-21,19.8,0.0,54,2.98
1950-05-28,UA-23,22.4,0.0,68,3.81
1950-05-28,UA-26,18.7,0.1,58,2.78
1950-05-28,UA-30,19.1,0.3,62,2.37
1950-05-28,UA-32,20.1,0.0,61,2.55
1950-05-28,UA-35,22.6,0.6,57,2.44
1950-05-28,UA-40,18.5,0.0,75,3.58
1950-05-28,UA-43,21.8,0.0,64,1.64
1950-05-28,UA-46,17.8,0.2,65,3.15
1950-05-28,UA-48,21.8,0.0,73,3.28
1950-05-28,UA-51,21.8,0.0,68,3.35
1950-05-28,UA-53,22.2,0.1,60,3.27
1950-05-28,UA-56,18.2,0.1,61,2.82
1950-05-28,UA-59,20.5,0.1,72,2.65
1950-05-28,UA-61,18.5,0.0,60,3.03
1950-05-28,UA-63,23.0,0.8,64,3.34
1950-05-28,UA-65,21.9,0.0,68,3.34
1950-05-28,UA-68,19.0,0.2,61,2.74
1950-05-28,UA-71,22.0,0.3,60,2.02
1950-05-28,UA-74,18.4,0.0,64,2.79
1950-05-28,UA-77,20.7,3.8,58,2.07
1950-05-29,UA-05,15.6,6.6,75,3.46
1950-05-29,UA-07,13.5,4.0,71,4.02
1950-05-29,UA-09,25.9,0.0,52,1.96
1950-05-29,UA-12,23.8,2.6,70,3.53
1950-05-29,UA-14,25.4,0.0,50,2.17
1950-05-29,UA-18,14.5,4.4,79,3.52
1950-05-29,UA-21,15.5,2.0,59,3.56
1950-05-29,UA-23,23.8,0.0,68,3.7
1950-05-29,UA-26,13.5,3.4,69,4.25
1950-05-29,UA-30,16.2,4.8,76,3.45
1950-05-29,UA-32,16.6,6.7,76,3.13
1950-05-29,UA-35,21.0,3.6,75,3.35
1950-05-29,UA-40,18.7,0.0,76,1.88
1950-05-29,UA-43,22.9,0.0,62,1.61
1950-05-29,UA-46,13.1,1.4,68,4.3
1950-05-29,UA-48,22.5,0.0,72,3.72
1950-05-29,UA-51,21.8,0.6,69,3.97
1950-05-29,UA-53,21.6,3.1,69,3.84
1950-05-29,UA-56,14.1,3.5,70,3.69
1950-05-29,UA-59,17.8,11.7,81,2.78
1950-05-29,UA-61,13.5,2.3,69,3.98
1950-05-29,UA-63,22.1,5.2,71,2.82
1950-05-29,UA-65,23.2,0.0,66,3.53
1950-05-29,UA-68,14.3,4.1,73,3.62
1950-05-29,UA-71,19.7,4.7,73,3.33
1950-05-29,UA-74,16.0,4.9,76,3.54
1950-05-29,UA-77,15.5,17.1,69,4.08
1950-05-30,UA-05,14.3,0.0,60,2.39
1950-05-30,UA-07,14.9,0.0,61,3.64
1950-05-30,UA-09,22.2,0.0,53,4.42
1950-05-30,UA-12,18.8,0.0,55,5.02
1950-05-30,UA-14,21.5,0.0,53,4.49
1950-05-30,UA-18,14.0,0.0,61,2.73
1950-05-30,UA-21,15.9,0.0,57,1.59
1950-05-30,UA-23,19.6,0.2,59,6.56
1950-05-30,UA-26,13.9,0.0,64,1.57
1950-05-30,UA-30,14.8,0.0,61,2.96
1950-05-30,UA-32,15.3,0.0,57,2.51
1950-05-30,UA-35,16.7,0.2,55,3.97
1950-05-30,UA-40,21.8,0.0,65,5.77
1950-05-30,UA-43,23.2,0.2,61,4.63
1950-05-30,UA-46,14.3,0.0,64,2.63
1950-05-30,UA-48,19.6,0.0,52,5.88
1950-05-30,UA-51,19.2,0.0,48,6.62
1950-05-30,UA-53,16.6,0.0,56,4.01
1950-05-30,UA-56,14.6,0.0,61,3.11
1950-05-30,UA-59,15.1,0.0,67,3.3
1950-05-30,UA-61,13.6,0.0,64,2.32
1950-05-30,UA-63,17.1,0.0,59,3.71
1950-05-30,UA-65,20.7,0.3,48,5.85
1950-05-30,UA-68,13.7,0.0,62,2.22
1950-05-30,UA-71,16.7,0.0,58,3.21
1950-05-30,UA-74,14.8,0.0,59,3.5
1950-05-30,UA-77,14.5,0.0,61,1.98
1950-05-31,UA-05,15.1,0.0,56,4.09
1950-05-31,UA-07,13.4,0.1,55,5.57
1950-05-31,UA-09,21.1,0.0,43,3.88
1950-05-31,UA-12,18.7,0.0,50,3.72
1950-05-31,UA-14,20.4,0.0,39,3.79
1950-05-31,UA-18,14.0,0.2,53,5.53
1950-05-31,UA-21,17.8,0.0,56,2.44
1950-05-31,UA-23,19.7,0.0,52,4.76
1950-05-31,UA-26,15.4,0.1,58,4.3
1950-05-31,UA-30,14.4,0.3,54,5.24
1950-05-31,UA-32,15.2,0.1,54,4.34
1950-05-31,UA-35,17.7,0.0,54,3.02
1950-05-31,UA-40,21.2,0.0,57,6.82
1950-05-31,UA-43,22.1,0.0,47,3.68
1950-05-31,UA-46,14.2,0.2,56,5.15
1950-05-31,UA-48,20.3,0.0,47,3.79
1950-05-31,UA-51,21.1,0.0,40,3.85
1950-05-31,UA-53,17.0,0.0,51,3.56
1950-05-31,UA-56,13.9,0.3,54,5.61
1950-05-31,UA-59,14.6,0.4,61,4.71
1950-05-31,UA-61,14.1,0.1,57,4.96
1950-05-31,UA-63,17.2,0.0,54,3.49
1950-05-31,UA-65,20.9,0.0,40,3.86
1950-05-31,UA-68,14.4,0.2,55,4.81
1950-05-31,UA-71,17.1,0.1,56,4.05
1950-05-31,UA-74,13.2,2.2,57,6.0
1950-05-31,UA-77,16.8,0.0,60,3.29
1950-06-01,UA-05,11.3,0.0,47,3.44
1950-06-01,UA-07,11.3,0.0,52,3.47
1950-06-01,UA-09,14.9,0.0,39,5.05
1950-06-01,UA-12,13.9,0.0,42,5.28
1950-06-01,UA-14,14.2,0.0,37,4.38
1950-06-01,UA-18,10.3,0.0,48,4.78
1950-06-01,UA-21,16.2,0.0,43,3.42
1950-06-01,UA-23,15.8,0.0,45,5.43
1950-06-01,UA-26,11.9,0.0,55,1.87
1950-06-01,UA-30,11.0,0.0,47,5.75
1950-06-01,UA-32,11.0,0.0,46,4.52
1950-06-01,UA-35,12.9,0.0,42,4.27
1950-06-01,UA-40,19.2,0.0,56,6.16
1950-06-01,UA-43,18.2,0.0,44,3.31
1950-06-01,UA-46,11.7,0.0,54,1.79
1950-06-01,UA-48,15.9,0.0,44,4.04
1950-06-01,UA-51,17.5,0.0,34,4.33
1950-06-01,UA-53,11.8,0.0,40,5.84
1950-06-01,UA-56,11.3,0.0,49,3.73
1950-06-01,UA-59,9.6,0.0,54,6.9
1950-06-01,UA-61,11.2,0.0,52,2.42
1950-06-01,UA-63,11.6,0.0,46,6.05
1950-06-01,UA-65,16.2,0.0,38,3.77
1950-06-01,UA-68,11.0,0.0,48,3.18
1950-06-01,UA-71,12.4,0.0,46,5.36
1950-06-01,UA-74,10.2,0.0,47,7.03
1950-06-01,UA-77,13.7,0.0,49,2.17
1950-06-02,UA-05,12.3,0.0,52,1.78
1950-06-02,UA-07,12.9,0.0,57,1.51
1950-06-02,UA-09,12.4,0.0,41,4.51
1950-06-02,UA-12,13.0,0.0,38,4.51
1950-06-02,UA-14,12.2,0.0,35,3.83
1950-06-02,UA-18,11.6,0.0,54,2.26
1950-06-02,UA-21,18.0,0.0,46,2.67
1950-06-02,UA-23,14.5,0.0,40,5.33
1950-06-02,UA-26,13.6,0.0,56,2.97
1950-06-02,UA-30,11.5,0.0,53,3.01
1950-06-02,UA-32,11.7,0.0,52,2.46
1950-06-02,UA-35,12.1,0.0,46,3.55
1950-06-02,UA-40,17.9,0.0,45,3.45
1950-06-02,UA-43,15.5,0.0,38,3.93
1950-06-02,UA-46,14.2,0.0,49,2.72
1950-06-02,UA-48,15.3,0.0,38,4.25
1950-06-02,UA-51,16.8,0.0,32,4.57
1950-06-02,UA-53,11.1,0.0,40,4.4
1950-06-02,UA-56,12.9,0.0,54,1.47
1950-06-02,UA-59,9.4,0.0,53,4.54
1950-06-02,UA-61,13.5,0.0,49,2.19
1950-06-02,UA-63,10.7,0.0,44,4.73
1950-06-02,UA-65,15.5,0.0,32,4.16
1950-06-02,UA-68,12.4,0.0,52,1.81
1950-06-02,UA-71,12.6,0.0,50,3.19
1950-06-02,UA-74,10.6,0.0,52,3.11
1950-06-02,UA-77,14.4,0.0,52,2.17
1950-06-03,UA-05,15.0,0.0,51,1.83
1950-06-03,UA-07,15.1,0.0,56,1.83
1950-06-03,UA-09,12.4,0.0,38,3.01
1950-06-03,UA-12,13.6,0.0,41,3.02
1950-06-03,UA-14,12.1,0.0,36,3.08
1950-06-03,UA-18,14.0,0.0,55,2.09
1950-06-03,UA-21,19.2,0.0,57,1.03
1950-06-03,UA-23,14.9,0.0,39,4.34
1950-06-03,UA-26,15.6,0.0,58,2.3
1950-06-03,UA-30,14.1,0.0,56,1.79
1950-06-03,UA-32,14.5,0.0,52,1.69
1950-06-03,UA-35,14.0,0.0,47,2.29
1950-06-03,UA-40,17.0,0.0,44,5.05
1950-06-03,UA-43,13.8,0.0,43,4.32
1950-06-03,UA-46,16.1,0.0,54,2.25
1950-06-03,UA-48,15.6,0.0,38,3.78
1950-06-03,UA-51,16.8,0.0,33,3.69
1950-06-03,UA-53,12.7,0.0,45,2.47
1950-06-03,UA-56,15.0,0.0,56,1.74
1950-06-03,UA-59,12.6,0.0,56,2.56
1950-06-03,UA-61,15.5,0.0,54,1.54
1950-06-03,UA-63,12.6,0.0,47,2.58
1950-06-03,UA-65,15.5,0.0,32,3.9
1950-06-03,UA-68,15.1,0.0,52,1.72
1950-06-03,UA-71,14.7,0.0,55,1.25
1950-06-03,UA-74,14.0,0.0,56,2.31
1950-06-03,UA-77,16.2,0.0,51,2.18
1950-06-04,UA-05,16.1,0.0,53,2.02
1950-06-04,UA-07,16.6,0.0,60,1.83
1950-06-04,UA-09,15.0,0.0,46,2.86
1950-06-04,UA-12,16.2,0.0,49,2.79
1950-06-04,UA-14,14.9,0.0,41,2.79
1950-06-04,UA-18,15.8,0.0,57,2.44
1950-06-04,UA-21,20.3,0.0,56,0.92
1950-06-04,UA-23,17.4,0.0,45,3.14
1950-06-04,UA-26,16.9,0.0,60,1.0
1950-06-04,UA-30,16.5,0.0,60,2.74
1950-06-04,UA-32,16.0,0.0,57,2.21
1950-06-04,UA-35,16.2,0.0,50,2.39
1950-06-04,UA-40,17.6,0.0,45,3.51
1950-06-04,UA-43,14.5,0.0,42,3.3
1950-06-04,UA-46,17.2,0.0,55,1.93
1950-06-04,UA-48,17.3,0.0,44,2.52
1950-06-04,UA-51,18.6,0.0,36,2.54
1950-06-04,UA-53,15.7,0.1,48,3.29
1950-06-04,UA-56,16.7,0.0,56,1.73
1950-06-04,UA-59,14.8,0.4,61,3.47
1950-06-04,UA-61,16.3,0.0,55,1.92
1950-06-04,UA-63,15.2,0.5,50,3.6
1950-06-04,UA-65,17.1,0.0,37,2.86
1950-06-04,UA-68,15.9,0.0,54,1.89
1950-06-04,UA-71,16.9,0.1,58,2.55
1950-06-04,UA-74,16.6,0.2,63,2.94
1950-06-04,UA-77,17.1,0.0,54,1.53
1950-06-05,UA-05,17.6,0.2,58,2.06
1950-06-05,UA-07,19.0,0.0,58,1.16
1950-06-05,UA-09,16.9,0.0,41,2.58
1950-06-05,UA-12,18.1,0.0,47,2.28
1950-06-05,UA-14,16.5,0.0,41,2.55
1950-06-05,UA-18,17.6,0.1,62,2.37
1950-06-05,UA-21,20.1,0.0,58,1.27
1950-06-05,UA-23,19.0,0.0,45,3.14
1950-06-05,UA-26,17.9,0.1,59,1.25
1950-06-05,UA-30,18.1,0.3,65,2.24
1950-06-05,UA-32,17.7,0.1,64,2.16
1950-06-05,UA-35,18.4,0.0,56,2.49
1950-06-05,UA-40,18.9,0.0,58,4.12
1950-06-05,UA-43,18.2,0.0,43,2.37
1950-06-05,UA-46,18.1,0.0,58,1.49
1950-06-05,UA-48,20.3,0.0,48,3.0
1950-06-05,UA-51,21.0,0.1,40,2.69
1950-06-05,UA-53,17.1,0.0,51,2.2
1950-06-05,UA-56,18.8,0.0,58,1.36
1950-06-05,UA-59,17.0,0.0,61,2.23
1950-06-05,UA-61,18.0,0.0,55,1.44
1950-06-05,UA-63,17.1,0.0,52,2.3
1950-06-05,UA-65,20.0,0.0,42,2.88
1950-06-05,UA-68,17.7,0.0,56,1.79
1950-06-05,UA-71,18.8,0.0,59,1.86
1950-06-05,UA-74,18.5,0.0,62,2.06
1950-06-05,UA-77,18.2,0.0,55,1.28
1950-06-06,UA-05,19.5,0.0,52,2.86
1950-06-06,UA-07,20.5,0.0,52,3.23
1950-06-06,UA-09,20.9,0.3,42,4.0
1950-06-06,UA-12,20.6,0.0,49,3.42
1950-06-06,UA-14,19.7,0.3,43,3.08
1950-06-06,UA-18,20.0,0.0,51,3.65
1950-06-06,UA-21,21.2,0.0,52,0.94
1950-06-06,UA-23,21.1,0.0,51,3.09
1950-06-06,UA-26,19.0,0.0,55,2.08
1950-06-06,UA-30,20.5,0.0,50,3.98
1950-06-06,UA-32,19.9,0.0,51,3.27
1950-06-06,UA-35,20.3,0.0,50,3.25
1950-06-06,UA-40,19.0,0.0,68,2.41
1950-06-06,UA-43,18.3,0.4,53,2.22
1950-06-06,UA-46,20.0,0.0,52,2.37
1950-06-06,UA-48,21.1,0.3,49,2.39
1950-06-06,UA-51,22.0,0.4,40,2.34
1950-06-06,UA-53,20.3,0.1,47,3.93
1950-06-06,UA-56,20.4,0.0,51,3.41
1950-06-06,UA-59,19.5,0.0,59,4.27
1950-06-06,UA-61,20.0,0.0,50,2.71
1950-06-06,UA-63,20.3,0.6,51,4.13
1950-06-06,UA-65,21.2,0.0,44,2.42
1950-06-06,UA-68,19.6,0.0,51,2.84
1950-06-06,UA-71,20.6,0.0,52,3.56
1950-06-06,UA-74,20.6,0.0,52,4.62
1950-06-06,UA-77,19.5,0.0,52,2.24
1950-06-07,UA-05,17.4,0.4,59,4.92
1950-06-07,UA-07,17.6,0.0,62,4.27
1950-06-07,UA-09,18.0,2.0,56,4.46
1950-06-07,UA-12,17.9,3.0,60,4.14
1950-06-07,UA-14,17.7,3.0,56,3.44
1950-06-07,UA-18,16.3,1.0,66,4.93
1950-06-07,UA-21,21.3,0.0,54,2.74
1950-06-07,UA-23,19.6,2.1,61,4.09
1950-06-07,UA-26,19.0,0.0,54,4.57
1950-06-07,UA-30,15.8,2.2,66,4.93
1950-06-07,UA-32,16.5,2.9,64,4.74
1950-06-07,UA-35,17.8,1.6,60,4.38
1950-06-07,UA-40,18.8,0.0,76,3.76
1950-06-07,UA-43,18.3,0.1,60,4.07
1950-06-07,UA-46,18.6,0.0,57,4.28
1950-06-07,UA-48,20.1,1.4,53,3.97
1950-06-07,UA-51,21.7,2.2,43,4.34
1950-06-07,UA-53,16.1,5.8,62,4.64
1950-06-07,UA-56,17.5,0.0,63,4.59
1950-06-07,UA-59,13.1,6.7,71,4.44
1950-06-07,UA-61,18.1,0.0,57,4.76
1950-06-07,UA-63,14.8,6.4,65,4.1
1950-06-07,UA-65,20.5,1.6,49,3.73
1950-06-07,UA-68,17.6,0.0,58,5.1
1950-06-07,UA-71,16.8,3.2,63,4.61
1950-06-07,UA-74,14.7,7.5,67,4.68
1950-06-07,UA-77,19.8,0.0,50,4.88
1950-06-08,UA-05,14.9,0.0,59,2.66
1950-06-08,UA-07,18.1,0.0,61,1.56
1950-06-08,UA-09,14.6,0.0,52,3.4
1950-06-08,UA-12,15.2,1.0,62,3.91
1950-06-08,UA-14,12.9,1.5,73,3.34
1950-06-08,UA-18,15.1,0.0,57,2.39
1950-06-08,UA-21,20.7,0.0,53,2.17
1950-06-08,UA-23,15.9,1.2,76,4.98
1950-06-08,UA-26,17.2,0.0,62,1.8
1950-06-08,UA-30,14.7,0.0,56,2.47
1950-06-08,UA-32,14.7,0.0,57,2.72
1950-06-08,UA-35,15.6,0.0,58,3.85
1950-06-08,UA-40,18.7,0.6,80,2.23
1950-06-08,UA-43,17.5,5.0,74,1.64
1950-06-08,UA-46,18.0,0.0,60,1.82
1950-06-08,UA-48,16.2,0.0,69,4.31
1950-06-08,UA-51,16.5,0.5,63,4.93
1950-06-08,UA-53,15.1,0.0,47,3.72
1950-06-08,UA-56,17.0,0.0,60,1.9
1950-06-08,UA-59,13.9,0.0,56,1.98
1950-06-08,UA-61,16.7,0.0,60,2.16
1950-06-08,UA-63,14.3,0.0,49,3.36
1950-06-08,UA-65,16.6,0.0,69,3.78
1950-06-08,UA-68,15.4,0.0,61,2.44
1950-06-08,UA-71,15.6,0.0,54,3.07
1950-06-08,UA-74,14.6,0.0,59,1.75
1950-06-08,UA-77,16.4,0.2,62,2.53
1950-06-09,UA-05,17.4,0.0,56,2.67
1950-06-09,UA-07,20.0,0.7,48,4.02
1950-06-09,UA-09,17.8,0.0,51,2.0
1950-06-09,UA-12,18.8,0.0,65,2.68
1950-06-09,UA-14,18.1,0.0,57,2.15
1950-06-09,UA-18,18.5,0.0,48,3.21
1950-06-09,UA-21,21.2,0.0,52,1.94
1950-06-09,UA-23,19.1,0.1,70,3.16
1950-06-09,UA-26,18.4,0.0,54,2.53
1950-06-09,UA-30,18.6,0.0,51,3.0
1950-06-09,UA-32,18.0,0.0,55,2.55
1950-06-09,UA-35,18.3,0.0,63,2.62
1950-06-09,UA-40,19.1,0.0,71,2.17
1950-06-09,UA-43,18.3,0.0,69,1.37
1950-06-09,UA-46,19.5,0.1,55,3.02
1950-06-09,UA-48,18.3,0.7,73,2.46
1950-06-09,UA-51,18.2,0.4,73,3.5
1950-06-09,UA-53,18.2,0.0,55,2.2
1950-06-09,UA-56,19.3,0.0,47,4.04
1950-06-09,UA-59,18.1,0.0,57,2.66
1950-06-09,UA-61,18.2,0.0,51,3.45
1950-06-09,UA-63,18.5,0.0,51,1.94
1950-06-09,UA-65,18.8,1.2,73,2.06
1950-06-09,UA-68,17.9,0.0,50,3.26
1950-06-09,UA-71,18.9,0.0,59,2.44
1950-06-09,UA-74,18.7,0.0,51,3.79
1950-06-09,UA-77,17.8,0.0,55,2.86
1950-06-10,UA-05,15.9,8.4,75,2.8
1950-06-10,UA-07,15.9,0.5,61,4.54
1950-06-10,UA-09,21.0,0.0,48,2.56
1950-06-10,UA-12,20.7,0.3,58,3.42
1950-06-10,UA-14,20.1,0.3,51,2.33
1950-06-10,UA-18,16.5,11.5,66,3.5
1950-06-10,UA-21,19.2,0.0,53,3.35
1950-06-10,UA-23,21.6,0.0,59,2.92
1950-06-10,UA-26,15.9,3.0,64,4.11
1950-06-10,UA-30,17.6,4.4,72,3.39
1950-06-10,UA-32,17.4,4.9,74,3.28
1950-06-10,UA-35,19.8,0.0,59,3.83
1950-06-10,UA-40,19.5,0.0,66,2.64
1950-06-10,UA-43,18.7,0.2,58,1.81
1950-06-10,UA-46,15.9,0.6,60,4.17
1950-06-10,UA-48,19.0,0.0,73,3.92
1950-06-10,UA-51,19.1,0.0,71,4.85
1950-06-10,UA-53,20.5,0.0,52,4.04
1950-06-10,UA-56,16.6,0.6,60,4.33
1950-06-10,UA-59,19.4,4.0,64,4.01
1950-06-10,UA-61,15.9,1.7,65,3.88
1950-06-10,UA-63,20.4,0.4,56,3.77
1950-06-10,UA-65,19.0,0.0,69,3.05
1950-06-10,UA-68,16.1,4.3,63,3.59
1950-06-10,UA-71,19.3,1.3,67,3.52
1950-06-10,UA-74,17.9,3.2,66,3.62
1950-06-10,UA-77,16.8,4.9,65,3.36
1950-06-11,UA-05,12.0,0.5,52,5.35
1950-06-11,UA-07,10.5,4.1,59,6.4
1950-06-11,UA-09,19.9,0.7,58,4.44
1950-06-11,UA-12,15.9,4.7,62,4.34
1950-06-11,UA-14,17.7,0.7,58,3.74
1950-06-11,UA-18,10.9,1.0,54,6.18
1950-06-11,UA-21,15.8,0.0,44,3.58
1950-06-11,UA-23,17.6,7.1,65,5.07
1950-06-11,UA-26,12.3,0.5,52,6.14
1950-06-11,UA-30,11.7,2.5,60,6.17
1950-06-11,UA-32,12.2,1.2,54,5.54
1950-06-11,UA-35,15.6,0.0,51,5.42
1950-06-11,UA-40,18.8,0.2,75,3.69
1950-06-11,UA-43,16.7,0.7,67,3.41
1950-06-11,UA-46,11.6,1.8,55,6.13
1950-06-11,UA-48,17.7,1.4,52,4.6
1950-06-11,UA-51,18.4,2.1,46,4.87
1950-06-11,UA-53,14.8,6.1,62,5.01
1950-06-11,UA-56,10.8,2.4,55,6.34
1950-06-11,UA-59,13.5,4.9,75,4.74
1950-06-11,UA-61,11.3,0.9,54,6.09
1950-06-11,UA-63,15.2,8.9,65,4.21
1950-06-11,UA-65,17.8,1.3,53,4.11
1950-06-11,UA-68,11.4,1.6,52,5.89
1950-06-11,UA-71,14.1,0.7,59,5.73
1950-06-11,UA-74,11.8,4.8,63,6.04
1950-06-11,UA-77,13.9,0.0,49,5.53
1950-06-12,UA-05,9.8,0.3,47,6.05
1950-06-12,UA-07,10.4,0.0,46,6.53
1950-06-12,UA-09,13.3,0.0,47,4.89
1950-06-12,UA-12,11.1,0.3,49,5.95
1950-06-12,UA-14,11.6,0.0,47,4.52
1950-06-12,UA-18,9.5,0.1,44,6.98
1950-06-12,UA-21,15.1,0.0,40,2.87
1950-06-12,UA-23,13.2,0.2,49,5.87
1950-06-12,UA-26,11.3,0.0,47,5.54
1950-06-12,UA-30,9.5,0.2,46,7.24
1950-06-12,UA-32,9.8,0.2,43,6.35
1950-06-12,UA-35,11.0,0.1,39,5.82
1950-06-12,UA-40,17.5,0.8,57,6.06
1950-06-12,UA-43,14.5,0.0,52,3.74
1950-06-12,UA-46,11.0,0.0,48,4.95
1950-06-12,UA-48,13.6,0.0,39,5.19
1950-06-12,UA-51,14.6,0.0,34,6.28
1950-06-12,UA-53,9.7,0.4,48,6.98
1950-06-12,UA-56,10.2,0.0,46,6.84
1950-06-12,UA-59,7.5,5.3,76,7.09
1950-06-12,UA-61,10.2,0.0,47,6.03
1950-06-12,UA-63,9.5,1.7,63,6.81
1950-06-12,UA-65,13.7,0.3,37,4.68
1950-06-12,UA-68,9.8,0.0,46,6.37
1950-06-12,UA-71,10.4,0.3,44,6.58
1950-06-12,UA-74,8.8,2.5,54,7.25
1950-06-12,UA-77,11.9,0.0,43,6.1
1950-06-13,UA-05,12.7,0.1,45,4.93
1950-06-13,UA-07,13.7,0.0,48,4.49
1950-06-13,UA-09,12.2,0.3,43,5.58
1950-06-13,UA-12,11.9,1.0,46,5.11
1950-06-13,UA-14,11.4,0.3,43,5.07
1950-06-13,UA-18,12.2,0.0,45,5.86
1950-06-13,UA-21,17.9,0.0,43,1.47
1950-06-13,UA-23,13.9,0.9,49,6.0
1950-06-13,UA-26,15.6,0.0,44,4.22
1950-06-13,UA-30,11.9,0.2,43,5.92
1950-06-13,UA-32,12.4,0.1,44,5.52
1950-06-13,UA-35,13.1,0.3,36,5.46
1950-06-13,UA-40,17.3,0.0,47,4.65
1950-06-13,UA-43,13.9,0.0,47,4.16
1950-06-13,UA-46,15.4,0.0,46,3.93
1950-06-13,UA-48,15.1,0.0,37,4.87
1950-06-13,UA-51,16.6,0.1,31,4.6
1950-06-13,UA-53,10.9,1.2,44,5.3
1950-06-13,UA-56,13.3,0.0,47,4.86
1950-06-13,UA-59,9.4,0.5,52,5.45
1950-06-13,UA-61,14.1,0.0,46,4.42
1950-06-13,UA-63,10.4,0.7,49,5.08
1950-06-13,UA-65,15.0,0.0,36,4.58
1950-06-13,UA-68,13.4,0.0,43,4.83
1950-06-13,UA-71,12.6,0.8,42,5.68
1950-06-13,UA-74,10.6,0.0,43,5.52
1950-06-13,UA-77,16.0,0.0,41,4.15
1950-06-14,UA-05,18.7,0.0,50,3.08
1950-06-14,UA-07,19.0,0.0,55,2.36
1950-06-14,UA-09,14.6,0.2,45,5.01
1950-06-14,UA-12,16.4,0.0,48,4.73
1950-06-14,UA-14,14.7,0.1,46,4.57
1950-06-14,UA-18,17.7,0.0,54,3.15
1950-06-14,UA-21,21.6,2.2,49,2.74
1950-06-14,UA-23,17.7,0.0,54,5.24
1950-06-14,UA-26,20.4,0.2,50,2.27
1950-06-14,UA-30,16.7,0.0,54,3.68
1950-06-14,UA-32,17.9,0.0,52,3.22
1950-06-14,UA-35,18.0,0.0,45,4.18
1950-06-14,UA-40,18.9,0.0,63,4.07
1950-06-14,UA-43,16.9,0.6,61,4.22
1950-06-14,UA-46,20.3,1.2,52,3.06
1950-06-14,UA-48,19.2,0.0,54,4.6
1950-06-14,UA-51,20.5,0.0,46,4.67
1950-06-14,UA-53,15.0,0.0,48,4.86
1950-06-14,UA-56,19.0,0.0,53,2.45
1950-06-14,UA-59,12.2,0.0,60,4.42
1950-06-14,UA-61,19.7,0.1,51,2.84
1950-06-14,UA-63,12.9,0.0,54,4.79
1950-06-14,UA-65,18.6,0.0,53,4.59
1950-06-14,UA-68,19.1,0.0,50,2.85
1950-06-14,UA-71,17.8,0.0,50,4.05
1950-06-14,UA-74,14.5,0.0,53,3.74
1950-06-14,UA-77,21.2,0.0,48,1.8
1950-06-15,UA-05,18.9,6.1,71,2.44
1950-06-15,UA-07,19.2,2.0,75,3.23
1950-06-15,UA-09,16.7,4.8,56,2.18
1950-06-15,UA-12,18.5,0.9,66,3.18
1950-06-15,UA-14,17.6,0.6,54,1.86
1950-06-15,UA-18,17.8,4.5,73,2.26
1950-06-15,UA-21,20.8,2.9,73,1.87
1950-06-15,UA-23,21.0,0.0,60,3.79
1950-06-15,UA-26,19.5,1.5,72,3.33
1950-06-15,UA-30,17.1,0.7,68,1.28
1950-06-15,UA-32,17.4,4.6,75,1.5
1950-06-15,UA-35,20.9,0.0,55,3.11
1950-06-15,UA-40,20.5,0.0,64,4.72
1950-06-15,UA-43,20.1,0.0,48,2.92
1950-06-15,UA-46,19.5,1.0,75,3.57
1950-06-15,UA-48,21.5,0.0,59,5.07
1950-06-15,UA-51,22.6,0.0,53,5.25
1950-06-15,UA-53,15.9,3.2,67,1.87
1950-06-15,UA-56,19.5,3.5,72,3.44
1950-06-15,UA-59,15.4,0.0,67,1.99
1950-06-15,UA-61,19.5,0.6,72,3.75
1950-06-15,UA-63,15.5,0.0,65,2.19
1950-06-15,UA-65,21.4,0.0,55,5.17
1950-06-15,UA-68,19.9,0.3,65,3.44
1950-06-15,UA-71,18.1,0.7,69,1.67
1950-06-15,UA-74,17.3,0.0,64,2.12
1950-06-15,UA-77,20.4,3.3,67,3.31
1950-06-16,UA-05,20.2,0.1,69,2.47
1950-06-16,UA-07,20.9,0.1,68,1.66
1950-06-16,UA-09,16.8,4.4,68,2.91
1950-06-16,UA-12,18.2,0.2,70,3.18
1950-06-16,UA-14,17.2,1.8,65,2.99
1950-06-16,UA-18,19.8,0.3,72,2.48
1950-06-16,UA-21,22.7,0.0,64,1.86
1950-06-16,UA-23,20.2,0.2,63,3.74
1950-06-16,UA-26,20.9,0.1,66,1.68
1950-06-16,UA-30,19.2,0.0,67,2.31
1950-06-16,UA-32,19.3,0.5,73,2.26
1950-06-16,UA-35,19.7,0.4,69,2.38
1950-06-16,UA-40,20.5,0.0,74,2.76
1950-06-16,UA-43,19.7,0.4,61,2.06
1950-06-16,UA-46,21.1,0.1,65,1.84
1950-06-16,UA-48,21.9,0.0,60,2.92
1950-06-16,UA-51,23.4,0.0,56,3.2
1950-06-16,UA-53,16.7,0.0,72,3.15
1950-06-16,UA-56,21.0,0.2,71,1.69
1950-06-16,UA-59,15.9,0.1,72,3.63
1950-06-16,UA-61,20.6,0.3,68,1.85
1950-06-16,UA-63,16.2,0.1,70,3.74
1950-06-16,UA-65,21.6,0.0,59,2.64
1950-06-16,UA-68,20.7,0.3,69,2.12
1950-06-16,UA-71,18.6,0.2,74,2.16
1950-06-16,UA-74,18.7,0.0,62,2.68
1950-06-16,UA-77,21.5,0.2,67,2.16
1950-06-17,UA-05,21.3,0.1,62,3.3
1950-06-17,UA-07,20.4,4.8,71,2.22
1950-06-17,UA-09,17.3,0.0,57,2.85
1950-06-17,UA-12,18.1,0.0,61,1.55
1950-06-17,UA-14,17.0,0.0,54,2.42
1950-06-17,UA-18,20.8,2.1,67,3.43
1950-06-17,UA-21,22.6,2.8,63,3.04
1950-06-17,UA-23,19.5,0.0,57,2.36
1950-06-17,UA-26,20.4,3.3,70,1.98
1950-06-17,UA-30,20.5,0.2,61,3.64
1950-06-17,UA-32,20.7,0.6,67,3.1
1950-06-17,UA-35,20.1,0.0,57,2.01
1950-06-17,UA-40,21.1,0.0,75,2.52
1950-06-17,UA-43,19.8,0.2,61,2.71
1950-06-17,UA-46,20.0,5.4,75,2.46
1950-06-17,UA-48,21.3,0.0,59,2.28
1950-06-17,UA-51,21.1,0.0,63,3.35
1950-06-17,UA-53,16.8,0.0,60,1.59
1950-06-17,UA-56,20.8,2.7,70,2.45
1950-06-17,UA-59,16.3,0.0,66,1.56
1950-06-17,UA-61,20.5,3.1,69,2.44
1950-06-17,UA-63,17.0,0.0,59,1.54
1950-06-17,UA-65,21.3,0.0,56,2.09
1950-06-17,UA-68,21.0,1.8,65,3.09
1950-06-17,UA-71,19.7,0.0,60,2.88
1950-06-17,UA-74,20.0,0.0,59,3.9
1950-06-17,UA-77,21.3,3.7,67,1.95
1950-06-18,UA-05,21.1,4.6,70,2.89
1950-06-18,UA-07,18.0,5.4,88,3.54
1950-06-18,UA-09,21.1,0.0,54,2.1
1950-06-18,UA-12,22.7,0.0,55,3.24
1950-06-18,UA-14,20.9,0.0,50,1.56
1950-06-18,UA-18,20.5,4.3,72,3.2
1950-06-18,UA-21,20.6,1.5,70,2.88
1950-06-18,UA-23,23.0,0.0,54,3.44
1950-06-18,UA-26,18.6,1.4,79,3.44
1950-06-18,UA-30,21.2,6.3,72,3.16
1950-06-18,UA-32,21.6,3.0,71,2.93
1950-06-18,UA-35,22.3,0.9,59,4.32
1950-06-18,UA-40,20.5,0.0,73,3.02
1950-06-18,UA-43,19.6,0.0,67,1.61
1950-06-18,UA-46,17.7,9.2,87,3.69
1950-06-18,UA-48,21.5,0.2,70,4.44
1950-06-18,UA-51,21.0,0.0,72,5.99
1950-06-18,UA-53,21.5,0.2,56,3.17
1950-06-18,UA-56,18.5,7.2,87,3.29
1950-06-18,UA-59,21.0,0.2,61,3.61
1950-06-18,UA-61,18.3,4.3,84,3.59
1950-06-18,UA-63,21.5,0.0,55,1.99
1950-06-18,UA-65,21.6,0.0,65,3.65
1950-06-18,UA-68,19.5,3.8,77,3.34
1950-06-18,UA-71,21.9,2.5,65,3.77
1950-06-18,UA-74,20.8,6.2,73,3.65
1950-06-18,UA-77,21.0,1.8,68,3.1
1950-06-19,UA-05,16.8,3.9,80,4.01
1950-06-19,UA-07,15.7,1.5,75,4.86
1950-06-19,UA-09,22.9,0.0,56,1.42
1950-06-19,UA-12,22.9,0.1,55,3.1
1950-06-19,UA-14,21.9,0.0,52,2.02
1950-06-19,UA-18,16.8,2.2,81,4.14
1950-06-19,UA-21,20.0,0.0,53,4.57
1950-06-19,UA-23,23.2,0.0,56,3.58
1950-06-19,UA-26,16.4,0.6,73,5.33
1950-06-19,UA-30,18.3,0.5,77,3.0
1950-06-19,UA-32,18.0,0.6,78,2.92
1950-06-19,UA-35,20.5,2.2,72,2.33
1950-06-19,UA-40,20.9,0.0,72,4.59
1950-06-19,UA-43,20.7,2.1,62,1.9
1950-06-19,UA-46,16.2,1.7,71,4.79
1950-06-19,UA-48,20.8,1.7,76,3.33
1950-06-19,UA-51,20.3,4.7,78,4.4
1950-06-19,UA-53,21.7,0.4,64,3.12
1950-06-19,UA-56,15.6,0.4,79,4.62
1950-06-19,UA-59,20.0,8.5,81,2.96
1950-06-19,UA-61,15.3,0.1,77,5.1
1950-06-19,UA-63,22.7,0.1,59,3.29
1950-06-19,UA-65,21.0,1.4,70,3.0
1950-06-19,UA-68,15.9,1.0,79,5.24
1950-06-19,UA-71,19.0,7.7,82,1.64
1950-06-19,UA-74,18.8,1.1,78,3.37
1950-06-19,UA-77,17.1,1.1,74,5.96
1950-06-20,UA-05,16.3,4.2,83,4.73
1950-06-20,UA-07,18.6,0.0,60,5.09
1950-06-20,UA-09,24.3,0.0,48,1.15
1950-06-20,UA-12,22.8,0.9,57,2.17
1950-06-20,UA-14,22.9,0.2,50,1.55
1950-06-20,UA-18,16.7,3.5,80,5.38
1950-06-20,UA-21,20.7,0.0,53,3.39
1950-06-20,UA-23,23.7,0.0,57,2.61
1950-06-20,UA-26,18.5,0.0,57,5.16
1950-06-20,UA-30,17.8,4.9,82,3.82
1950-06-20,UA-32,17.5,3.7,82,4.13
1950-06-20,UA-35,20.3,4.2,74,4.02
1950-06-20,UA-40,19.9,3.4,82,3.21
1950-06-20,UA-43,18.7,6.8,80,1.67
1950-06-20,UA-46,18.0,0.0,59,4.32
1950-06-20,UA-48,20.3,13.8,79,4.02
1950-06-20,UA-51,19.3,4.9,77,5.97
1950-06-20,UA-53,21.1,2.9,73,2.37
1950-06-20,UA-56,18.7,0.6,62,5.61
1950-06-20,UA-59,19.7,1.5,82,1.68
1950-06-20,UA-61,18.2,0.4,58,5.57
1950-06-20,UA-63,22.4,9.6,71,1.41
1950-06-20,UA-65,20.5,12.8,75,2.64
1950-06-20,UA-68,18.7,1.0,60,6.33
1950-06-20,UA-71,19.1,1.5,77,3.27
1950-06-20,UA-74,18.4,3.7,79,3.16
1950-06-20,UA-77,19.3,0.4,55,6.22
1950-06-21,UA-05,18.9,0.1,66,4.1
1950-06-21,UA-07,19.1,0.0,63,2.44
1950-06-21,UA-09,22.4,2.2,60,1.62
1950-06-21,UA-12,20.9,7.6,76,2.48
1950-06-21,UA-14,21.4,1.6,59,1.65
1950-06-21,UA-18,18.7,0.7,71,4.09
1950-06-21,UA-21,22.3,0.0,51,1.3
1950-06-21,UA-23,22.9,5.4,69,1.48
1950-06-21,UA-26,19.2,0.0,59,2.09
1950-06-21,UA-30,18.7,0.6,75,4.21
1950-06-21,UA-32,19.1,0.0,71,4.08
1950-06-21,UA-35,19.5,1.5,75,4.36
1950-06-21,UA-40,20.7,1.0,82,3.38
1950-06-21,UA-43,19.6,4.1,80,2.19
1950-06-21,UA-46,18.9,0.0,61,1.56
1950-06-21,UA-48,21.2,5.3,73,4.72
1950-06-21,UA-51,21.5,0.0,65,6.27
1950-06-21,UA-53,19.4,5.8,80,2.71
1950-06-21,UA-56,18.8,0.0,64,3.12
1950-06-21,UA-59,18.4,5.2,86,2.41
1950-06-21,UA-61,18.7,0.0,61,2.84
1950-06-21,UA-63,19.9,10.4,83,1.86
1950-06-21,UA-65,21.4,5.1,72,3.83
1950-06-21,UA-68,18.7,0.0,62,3.67
1950-06-21,UA-71,18.4,0.6,79,4.06
1950-06-21,UA-74,18.5,1.0,77,3.97
1950-06-21,UA-77,19.7,0.0,57,3.65
1950-06-22,UA-05,20.8,0.1,66,1.81
1950-06-22,UA-07,20.7,1.4,66,2.58
1950-06-22,UA-09,21.7,6.2,75,2.32
1950-06-22,UA-12,19.7,7.2,85,2.33
1950-06-22,UA-14,19.8,11.7,81,1.58
1950-06-22,UA-18,20.0,0.3,74,2.07
1950-06-22,UA-21,21.6,0.1,52,3.67
1950-06-22,UA-23,20.6,12.0,83,2.86
1950-06-22,UA-26,20.1,2.2,67,2.79
1950-06-22,UA-30,19.7,0.0,75,2.9
1950-06-22,UA-32,20.1,0.1,73,2.56
1950-06-22,UA-35,20.0,0.0,70,3.45
1950-06-22,UA-40,20.9,1.1,84,4.93
1950-06-22,UA-43,19.7,3.0,83,2.35
1950-06-22,UA-46,19.5,4.5,69,3.33
1950-06-22,UA-48,21.8,0.0,66,3.34
1950-06-22,UA-51,22.7,0.0,56,3.25
1950-06-22,UA-53,18.8,9.0,86,2.34
1950-06-22,UA-56,21.2,0.8,63,1.82
1950-06-22,UA-59,18.9,4.1,88,2.41
1950-06-22,UA-61,19.9,3.5,66,2.44
1950-06-22,UA-63,19.9,14.2,87,1.53
1950-06-22,UA-65,21.6,0.1,66,3.21
1950-06-22,UA-68,20.7,0.7,62,0.97
1950-06-22,UA-71,19.3,0.4,75,3.03
1950-06-22,UA-74,18.7,0.2,78,3.16
1950-06-22,UA-77,21.4,1.1,60,2.2
1950-06-23,UA-05,20.1,0.2,68,3.46
1950-06-23,UA-07,17.5,0.0,69,4.1
1950-06-23,UA-09,22.2,3.4,80,1.82
1950-06-23,UA-12,21.0,5.1,84,2.89
1950-06-23,UA-14,20.1,8.5,90,1.23
1950-06-23,UA-18,19.0,3.0,77,3.73
1950-06-23,UA-21,20.8,0.0,51,2.66
1950-06-23,UA-23,21.6,4.8,81,3.06
1950-06-23,UA-26,17.4,1.8,68,4.38
1950-06-23,UA-30,19.7,3.2,81,3.61
1950-06-23,UA-32,19.6,6.2,79,3.41
1950-06-23,UA-35,21.5,1.2,73,3.3
1950-06-23,UA-40,21.3,0.1,81,3.85
1950-06-23,UA-43,20.7,0.6,76,3.31
1950-06-23,UA-46,17.4,0.4,66,3.85
1950-06-23,UA-48,23.1,0.0,64,3.05
1950-06-23,UA-51,23.7,0.0,51,3.36
1950-06-23,UA-53,20.0,7.2,87,2.55
1950-06-23,UA-56,18.0,0.0,70,4.28
1950-06-23,UA-59,20.3,7.1,87,2.81
1950-06-23,UA-61,16.8,0.6,72,4.39
1950-06-23,UA-63,20.6,14.9,89,2.53
1950-06-23,UA-65,22.9,0.0,62,2.89
1950-06-23,UA-68,18.6,0.2,68,4.07
1950-06-23,UA-71,20.7,2.3,80,3.23
1950-06-23,UA-74,19.2,6.3,82,2.91
1950-06-23,UA-77,17.5,1.7,74,4.8
1950-06-24,UA-05,19.3,0.0,59,3.93
1950-06-24,UA-07,16.1,3.3,66,3.51
1950-06-24,UA-09,22.7,5.0,81,1.81
1950-06-24,UA-12,21.9,1.9,82,3.1
1950-06-24,UA-14,21.1,9.9,88,1.74
1950-06-24,UA-18,18.8,0.0,65,4.27
1950-06-24,UA-21,19.4,0.3,47,3.44
1950-06-24,UA-23,22.0,2.2,82,3.3
1950-06-24,UA-26,16.2,2.4,60,3.36
1950-06-24,UA-30,19.1,0.8,79,4.03
1950-06-24,UA-32,19.4,0.5,71,3.86
1950-06-24,UA-35,21.8,0.8,73,4.07
1950-06-24,UA-40,22.0,0.2,82,4.02
1950-06-24,UA-43,22.1,1.4,74,2.7
1950-06-24,UA-46,15.4,3.1,62,4.37
1950-06-24,UA-48,23.2,0.1,66,4.14
1950-06-24,UA-51,23.7,0.0,53,4.83
1950-06-24,UA-53,20.6,1.2,81,3.32
1950-06-24,UA-56,16.6,1.7,64,3.19
1950-06-24,UA-59,18.6,2.1,89,2.75
1950-06-24,UA-61,16.0,0.9,60,3.38
1950-06-24,UA-63,20.1,6.0,90,2.1
1950-06-24,UA-65,23.3,0.3,65,3.84
1950-06-24,UA-68,17.7,0.0,55,3.54
1950-06-24,UA-71,20.8,0.3,76,3.9
1950-06-24,UA-74,18.9,5.4,81,3.22
1950-06-24,UA-77,18.0,0.1,54,3.32
1950-06-25,UA-05,15.6,0.2,60,4.63
1950-06-25,UA-07,15.6,0.4,64,4.86
1950-06-25,UA-09,22.4,0.9,77,3.5
1950-06-25,UA-12,20.9,0.6,68,4.11
1950-06-25,UA-14,21.7,0.5,72,3.6
1950-06-25,UA-18,15.3,0.7,68,5.17
1950-06-25,UA-21,18.4,0.0,47,2.37
1950-06-25,UA-23,21.9,0.1,68,4.35
1950-06-25,UA-26,15.4,0.0,57,4.22
1950-06-25,UA-30,15.9,1.9,71,4.86
1950-06-25,UA-32,16.0,1.1,65,4.71
1950-06-25,UA-35,19.2,0.0,58,4.59
1950-06-25,UA-40,22.2,0.0,71,5.54
1950-06-25,UA-43,21.7,0.2,60,2.59
1950-06-25,UA-46,14.8,0.1,61,4.25
1950-06-25,UA-48,20.9,0.0,53,4.68
1950-06-25,UA-51,21.3,0.0,43,5.4
1950-06-25,UA-53,19.1,0.6,70,4.14
1950-06-25,UA-56,15.7,1.2,64,5.1
1950-06-25,UA-59,18.6,0.4,76,4.19
1950-06-25,UA-61,14.9,0.0,60,4.56
1950-06-25,UA-63,20.3,0.1,75,4.14
1950-06-25,UA-65,21.5,0.0,50,4.37
1950-06-25,UA-68,15.4,0.0,58,4.81
1950-06-25,UA-71,18.2,0.0,65,4.82
1950-06-25,UA-74,16.4,1.5,79,4.72
1950-06-25,UA-77,16.4,0.0,54,4.39
1950-06-26,UA-05,16.4,0.0,59,2.46
1950-06-26,UA-07,15.6,0.8,68,3.18
1950-06-26,UA-09,21.9,0.2,64,2.95
1950-06-26,UA-12,19.4,0.0,64,3.45
1950-06-26,UA-14,20.3,0.2,63,2.78
1950-06-26,UA-18,16.2,0.0,62,3.04
1950-06-26,UA-21,19.8,0.1,49,1.88
1950-06-26,UA-23,20.3,0.0,63,3.64
1950-06-26,UA-26,16.5,0.0,59,2.23
1950-06-26,UA-30,17.2,0.0,65,2.97
1950-06-26,UA-32,17.0,0.0,61,2.67
1950-06-26,UA-35,19.0,0.0,57,2.98
1950-06-26,UA-40,21.6,0.0,61,5.43
1950-06-26,UA-43,20.4,0.0,56,2.13
1950-06-26,UA-46,15.7,2.4,67,2.8
1950-06-26,UA-48,20.4,0.0,53,3.45
1950-06-26,UA-51,20.8,0.0,43,3.66
1950-06-26,UA-53,18.2,0.0,65,3.5
1950-06-26,UA-56,16.2,0.2,63,3.1
1950-06-26,UA-59,17.6,0.0,72,3.54
1950-06-26,UA-61,15.8,0.0,61,2.75
1950-06-26,UA-63,18.4,0.0,72,3.32
1950-06-26,UA-65,20.5,0.0,51,3.34
1950-06-26,UA-68,16.3,0.0,56,2.63
1950-06-26,UA-71,18.6,0.2,64,2.98
1950-06-26,UA-74,16.9,0.3,71,2.99
1950-06-26,UA-77,17.5,0.0,53,2.38
1950-06-27,UA-05,17.6,0.2,66,1.85
1950-06-27,UA-07,17.3,0.1,65,3.0
1950-06-27,UA-09,22.5,0.2,66,1.95
1950-06-27,UA-12,20.5,0.1,63,2.45
1950-06-27,UA-14,21.4,0.0,60,2.18
1950-06-27,UA-18,17.3,0.3,66,2.14
1950-06-27,UA-21,20.3,0.1,52,3.17
1950-06-27,UA-23,21.5,0.0,60,3.09
1950-06-27,UA-26,17.1,0.2,67,2.74
1950-06-27,UA-30,18.1,0.3,68,1.83
1950-06-27,UA-32,17.7,0.7,68,1.73
1950-06-27,UA-35,19.9,0.0,55,1.99
1950-06-27,UA-40,22.4,0.0,61,3.65
1950-06-27,UA-43,21.0,0.0,53,2.64
1950-06-27,UA-46,16.9,0.6,69,3.09
1950-06-27,UA-48,21.5,0.0,52,2.34
1950-06-27,UA-51,21.6,0.0,44,2.85
1950-06-27,UA-53,19.2,0.1,65,2.07
1950-06-27,UA-56,17.3,0.0,66,2.73
1950-06-27,UA-59,18.9,0.0,70,1.73
1950-06-27,UA-61,16.6,0.2,69,2.67
1950-06-27,UA-63,19.7,0.3,69,2.25
1950-06-27,UA-65,21.4,0.0,49,2.57
1950-06-27,UA-68,17.0,0.2,65,2.37
1950-06-27,UA-71,19.6,0.1,63,1.52
1950-06-27,UA-74,17.9,0.1,70,1.74
1950-06-27,UA-77,18.3,0.0,62,2.64
1950-06-28,UA-05,18.8,0.1,59,2.22
1950-06-28,UA-07,17.5,4.9,72,3.48
1950-06-28,UA-09,21.9,0.4,71,1.21
1950-06-28,UA-12,21.8,0.2,63,1.76
1950-06-28,UA-14,20.9,0.3,68,1.68
1950-06-28,UA-18,18.4,0.0,65,2.92
1950-06-28,UA-21,20.3,0.4,59,1.47
1950-06-28,UA-23,22.6,0.1,58,2.41
1950-06-28,UA-26,17.7,0.3,66,2.42
1950-06-28,UA-30,19.3,0.0,65,2.32
1950-06-28,UA-32,19.0,0.0,64,1.97
1950-06-28,UA-35,20.7,0.1,61,1.83
1950-06-28,UA-40,22.7,0.0,62,4.16
1950-06-28,UA-43,22.3,0.0,52,2.21
1950-06-28,UA-46,17.1,0.5,73,3.43
1950-06-28,UA-48,22.1,0.2,56,2.15
1950-06-28,UA-51,22.7,0.0,50,2.6
1950-06-28,UA-53,20.4,0.5,66,1.73
1950-06-28,UA-56,17.6,1.1,71,3.28
1950-06-28,UA-59,19.9,0.5,72,1.9
1950-06-28,UA-61,17.1,1.1,70,3.08
1950-06-28,UA-63,20.8,0.1,71,2.02
1950-06-28,UA-65,22.4,0.2,51,2.17
1950-06-28,UA-68,17.8,0.6,64,2.72
1950-06-28,UA-71,20.6,0.2,66,1.66
1950-06-28,UA-74,18.5,0.6,73,2.61
1950-06-28,UA-77,19.4,0.1,56,2.12
1950-06-29,UA-05,16.9,2.7,74,4.67
1950-06-29,UA-07,16.2,2.6,75,5.78
1950-06-29,UA-09,23.2,0.0,59,2.46
1950-06-29,UA-12,22.0,3.8,60,3.86
1950-06-29,UA-14,22.0,0.0,56,2.42
1950-06-29,UA-18,15.6,3.2,78,5.14
1950-06-29,UA-21,21.6,0.2,64,2.21
1950-06-29,UA-23,23.5,0.4,57,3.69
1950-06-29,UA-26,17.5,2.9,77,4.74
1950-06-29,UA-30,15.7,6.2,81,4.7
1950-06-29,UA-32,16.7,3.5,75,4.38
1950-06-29,UA-35,19.6,1.6,66,3.99
1950-06-29,UA-40,22.6,0.0,67,3.76
1950-06-29,UA-43,23.1,0.0,52,2.08
1950-06-29,UA-46,16.2,3.7,84,5.52
1950-06-29,UA-48,22.9,0.2,56,3.58
1950-06-29,UA-51,23.8,0.0,48,3.63
1950-06-29,UA-53,19.2,4.8,68,4.28
1950-06-29,UA-56,16.0,5.4,77,5.57
1950-06-29,UA-59,17.7,13.6,78,4.3
1950-06-29,UA-61,15.8,4.2,83,5.48
1950-06-29,UA-63,20.2,6.8,68,3.88
1950-06-29,UA-65,23.2,0.3,53,3.55
1950-06-29,UA-68,16.2,3.0,78,5.53
1950-06-29,UA-71,18.0,6.7,73,4.06
1950-06-29,UA-74,15.1,4.9,86,4.91
1950-06-29,UA-77,19.1,0.5,68,4.17
1950-06-30,UA-05,18.5,0.0,55,5.31
1950-06-30,UA-07,19.2,0.0,64,4.72
1950-06-30,UA-09,18.0,4.8,64,4.68
1950-06-30,UA-12,18.1,0.0,62,5.79
1950-06-30,UA-14,17.6,2.7,62,4.43
1950-06-30,UA-18,17.9,0.1,57,5.99
1950-06-30,UA-21,24.4,0.0,59,2.33
1950-06-30,UA-23,19.5,0.1,59,5.69
1950-06-30,UA-26,20.0,0.0,69,4.9
1950-06-30,UA-30,17.5,0.8,60,6.66
1950-06-30,UA-32,17.8,0.0,57,5.74
1950-06-30,UA-35,18.5,0.0,56,5.67
1950-06-30,UA-40,21.3,0.2,73,5.83
1950-06-30,UA-43,20.3,0.1,61,3.89
1950-06-30,UA-46,19.7,0.0,71,4.34
1950-06-30,UA-48,21.0,0.0,49,5.04
1950-06-30,UA-51,22.3,0.0,43,5.76
1950-06-30,UA-53,16.0,4.3,70,6.18
1950-06-30,UA-56,19.2,0.0,61,5.07
1950-06-30,UA-59,14.5,16.0,85,6.25
1950-06-30,UA-61,18.9,0.0,67,4.99
1950-06-30,UA-63,15.2,10.0,81,5.73
1950-06-30,UA-65,21.1,0.0,47,4.67
1950-06-30,UA-68,19.1,0.0,58,5.15
1950-06-30,UA-71,17.8,0.4,60,6.22
1950-06-30,UA-74,16.4,3.0,72,6.81
1950-06-30,UA-77,21.1,0.0,60,5.38
1950-07-01,UA-05,24.4,0.0,59,3.23
1950-07-01,UA-07,23.0,2.9,73,3.74
1950-07-01,UA-09,20.0,1.3,63,5.77
1950-07-01,UA-12,22.5,0.0,62,5.21
1950-07-01,UA-14,19.2,2.0,71,4.75
1950-07-01,UA-18,23.6,0.3,65,3.84
1950-07-01,UA-21,27.1,1.2,55,2.98
1950-07-01,UA-23,22.4,0.0,63,5.51
1950-07-01,UA-26,24.9,0.4,64,3.31
1950-07-01,UA-30,23.4,1.6,65,3.87
1950-07-01,UA-32,23.9,1.1,61,3.4
1950-07-01,UA-35,23.9,0.0,54,4.03
1950-07-01,UA-40,22.2,0.0,71,4.49
1950-07-01,UA-43,22.7,0.0,56,3.25
1950-07-01,UA-46,24.0,0.4,68,3.5
1950-07-01,UA-48,24.9,0.0,50,3.84
1950-07-01,UA-51,25.9,0.0,44,3.45
1950-07-01,UA-53,21.6,0.0,66,5.02
1950-07-01,UA-56,23.5,1.6,71,3.8
1950-07-01,UA-59,21.4,3.4,76,5.2
1950-07-01,UA-61,24.2,0.1,66,3.69
1950-07-01,UA-63,20.1,1.5,76,4.26
1950-07-01,UA-65,24.7,0.0,49,3.76
1950-07-01,UA-68,24.2,1.3,64,3.65
1950-07-01,UA-71,23.6,0.3,60,3.91
1950-07-01,UA-74,22.6,0.0,71,4.25
1950-07-01,UA-77,26.3,0.0,55,3.01
1950-07-02,UA-05,21.1,0.0,61,2.79
1950-07-02,UA-07,19.6,0.0,61,2.28
1950-07-02,UA-09,24.1,4.5,68,3.98
1950-07-02,UA-12,23.0,0.5,60,4.23
1950-07-02,UA-14,23.1,1.8,67,3.42
1950-07-02,UA-18,19.5,0.2,56,3.43
1950-07-02,UA-21,25.6,0.0,55,2.57
1950-07-02,UA-23,24.0,0.3,62,4.36
1950-07-02,UA-26,21.7,0.5,69,2.12
1950-07-02,UA-30,19.5,0.8,57,4.16
1950-07-02,UA-32,19.9,0.4,59,3.58
1950-07-02,UA-35,22.5,0.8,57,3.9
1950-07-02,UA-40,23.5,0.0,73,3.63
1950-07-02,UA-43,25.6,0.1,58,2.33
1950-07-02,UA-46,20.6,0.0,66,1.97
1950-07-02,UA-48,26.2,0.0,51,4.08
1950-07-02,UA-51,27.6,0.0,46,4.15
1950-07-02,UA-53,20.9,0.5,62,4.22
1950-07-02,UA-56,19.6,0.0,61,2.39
1950-07-02,UA-59,19.1,0.0,68,4.46
1950-07-02,UA-61,20.6,0.1,66,2.29
1950-07-02,UA-63,21.1,0.0,68,4.17
1950-07-02,UA-65,26.7,0.0,50,3.77
1950-07-02,UA-68,20.5,0.0,63,2.67
1950-07-02,UA-71,21.1,0.6,61,3.87
1950-07-02,UA-74,18.5,0.0,55,4.9
1950-07-02,UA-77,23.5,0.3,66,2.14
1950-07-03,UA-05,21.4,0.0,52,2.93
1950-07-03,UA-07,19.2,0.0,57,2.89
1950-07-03,UA-09,21.7,0.0,50,3.71
1950-07-03,UA-12,22.0,0.0,53,3.16
1950-07-03,UA-14,20.7,0.0,52,3.26
1950-07-03,UA-18,19.8,0.0,53,3.39
1950-07-03,UA-21,25.8,0.0,55,1.56
1950-07-03,UA-23,23.0,0.0,51,3.5
1950-07-03,UA-26,22.2,0.0,61,1.59
1950-07-03,UA-30,20.0,0.0,55,3.42
1950-07-03,UA-32,20.7,0.0,52,3.11
1950-07-03,UA-35,22.6,0.0,46,3.07
1950-07-03,UA-40,23.9,0.0,58,3.33
1950-07-03,UA-43,23.8,0.0,41,3.25
1950-07-03,UA-46,21.3,0.0,60,1.83
1950-07-03,UA-48,24.2,0.0,43,2.42
1950-07-03,UA-51,24.8,0.0,38,2.35
1950-07-03,UA-53,20.3,0.0,54,3.25
1950-07-03,UA-56,19.7,0.0,56,3.04
1950-07-03,UA-59,18.0,0.0,61,4.24
1950-07-03,UA-61,21.1,0.0,58,2.35
1950-07-03,UA-63,19.4,0.0,60,3.63
1950-07-03,UA-65,24.1,0.0,39,2.58
1950-07-03,UA-68,21.1,0.0,53,2.86
1950-07-03,UA-71,21.6,0.0,53,3.17
1950-07-03,UA-74,18.3,0.0,55,4.27
1950-07-03,UA-77,23.2,0.0,60,1.55
1950-07-04,UA-05,21.1,2.1,58,1.37
1950-07-04,UA-07,18.1,3.9,68,2.7
1950-07-04,UA-09,20.9,0.0,48,3.54
1950-07-04,UA-12,21.6,0.0,51,3.1
1950-07-04,UA-14,20.3,0.0,54,2.73
1950-07-04,UA-18,18.3,3.8,58,2.0
1950-07-04,UA-21,27.3,0.9,53,2.69
1950-07-04,UA-23,22.7,0.0,50,3.38
1950-07-04,UA-26,23.5,0.7,61,2.58
1950-07-04,UA-30,18.7,2.7,56,2.67
1950-07-04,UA-32,20.0,0.7,51,2.06
1950-07-04,UA-35,22.1,0.1,46,2.42
1950-07-04,UA-40,23.7,0.0,62,4.74
1950-07-04,UA-43,25.7,0.0,40,2.26
1950-07-04,UA-46,22.4,1.2,63,3.06
1950-07-04,UA-48,24.9,0.0,44,2.48
1950-07-04,UA-51,26.1,0.0,42,2.85
1950-07-04,UA-53,19.5,0.0,52,3.1
1950-07-04,UA-56,18.7,5.4,63,2.2
1950-07-04,UA-59,17.3,0.0,58,4.15
1950-07-04,UA-61,21.8,1.5,62,2.67
1950-07-04,UA-63,18.4,0.0,57,3.8
1950-07-04,UA-65,25.5,0.0,39,2.72
1950-07-04,UA-68,20.8,15.0,62,1.66
1950-07-04,UA-71,21.0,0.1,52,2.61
1950-07-04,UA-74,17.8,0.0,53,3.24
1950-07-04,UA-77,24.6,0.1,55,2.44
1950-07-05,UA-05,19.0,0.0,65,2.6
1950-07-05,UA-07,17.8,0.0,68,2.18
1950-07-05,UA-09,18.6,0.2,51,2.71
1950-07-05,UA-12,19.0,1.1,58,2.5
1950-07-05,UA-14,18.8,1.0,54,2.04
1950-07-05,UA-18,17.2,0.1,63,2.76
1950-07-05,UA-21,25.7,0.0,55,2.72
1950-07-05,UA-23,21.6,0.7,53,3.23
1950-07-05,UA-26,20.3,0.2,73,3.17
1950-07-05,UA-30,17.1,0.0,63,2.66
1950-07-05,UA-32,17.9,1.1,60,2.94
1950-07-05,UA-35,20.5,0.8,51,3.01
1950-07-05,UA-40,23.5,0.0,66,3.18
1950-07-05,UA-43,25.1,0.0,49,2.82
1950-07-05,UA-46,18.8,0.0,73,2.81
1950-07-05,UA-48,24.7,0.7,54,3.6
1950-07-05,UA-51,26.5,0.9,47,4.16
1950-07-05,UA-53,17.3,0.2,55,2.65
1950-07-05,UA-56,17.9,0.0,66,2.31
1950-07-05,UA-59,17.1,0.0,62,3.05
1950-07-05,UA-61,18.8,0.1,72,2.73
1950-07-05,UA-63,17.3,0.3,61,2.54
1950-07-05,UA-65,25.1,0.5,49,3.51
1950-07-05,UA-68,18.0,0.0,73,2.85
1950-07-05,UA-71,19.1,1.0,54,3.26
1950-07-05,UA-74,17.5,0.0,57,3.21
1950-07-05,UA-77,22.5,0.2,64,3.65
1950-07-06,UA-05,20.5,0.6,55,2.23
1950-07-06,UA-07,20.2,0.5,65,2.78
1950-07-06,UA-09,19.0,0.0,51,3.79
1950-07-06,UA-12,20.4,0.0,52,2.61
1950-07-06,UA-14,18.4,0.0,52,3.01
1950-07-06,UA-18,19.2,1.2,55,2.25
1950-07-06,UA-21,26.6,0.3,52,2.34
1950-07-06,UA-23,21.2,0.0,52,3.23
1950-07-06,UA-26,22.7,0.3,63,3.15
1950-07-06,UA-30,19.4,0.2,56,1.59
1950-07-06,UA-32,19.7,0.4,53,1.51
1950-07-06,UA-35,20.4,0.0,49,2.26
1950-07-06,UA-40,22.7,0.0,60,4.45
1950-07-06,UA-43,22.4,0.0,42,3.31
1950-07-06,UA-46,22.0,6.6,65,3.65
1950-07-06,UA-48,22.5,0.0,46,2.52
1950-07-06,UA-51,22.9,0.0,43,2.99
1950-07-06,UA-53,19.2,0.0,55,2.6
1950-07-06,UA-56,20.1,0.3,62,2.93
1950-07-06,UA-59,17.8,0.0,66,2.94
1950-07-06,UA-61,21.5,1.0,62,3.15
1950-07-06,UA-63,18.1,0.0,63,3.28
1950-07-06,UA-65,22.9,0.0,39,2.62
1950-07-06,UA-68,20.6,0.0,59,3.0
1950-07-06,UA-71,20.7,0.0,52,1.96
1950-07-06,UA-74,18.5,0.4,62,1.73
1950-07-06,UA-77,23.3,0.2,58,3.07
1950-07-07,UA-05,21.2,12.2,73,2.74
1950-07-07,UA-07,21.2,1.3,65,4.01
1950-07-07,UA-09,22.7,0.0,48,2.09
1950-07-07,UA-12,23.5,0.3,54,2.28
1950-07-07,UA-14,22.6,0.0,49,1.69
1950-07-07,UA-18,21.4,1.2,68,3.9
1950-07-07,UA-21,24.6,0.8,56,2.71
1950-07-07,UA-23,24.3,0.0,50,2.8
1950-07-07,UA-26,21.4,0.0,70,2.7
1950-07-07,UA-30,21.7,1.3,64,3.22
1950-07-07,UA-32,22.0,2.4,68,2.73
1950-07-07,UA-35,22.9,4.8,60,3.08
1950-07-07,UA-40,22.4,0.0,65,2.03
1950-07-07,UA-43,23.3,0.0,47,1.82
1950-07-07,UA-46,20.5,2.4,69,3.53
1950-07-07,UA-48,23.7,0.0,53,3.72
1950-07-07,UA-51,23.5,0.0,51,4.5
1950-07-07,UA-53,21.5,0.5,60,3.11
1950-07-07,UA-56,21.5,2.9,67,3.77
1950-07-07,UA-59,19.1,3.4,73,2.99
1950-07-07,UA-61,21.0,2.4,69,3.36
1950-07-07,UA-63,20.7,1.0,64,2.21
1950-07-07,UA-65,24.0,0.0,47,3.15
1950-07-07,UA-68,21.3,0.6,67,2.88
1950-07-07,UA-71,21.7,6.2,69,2.73
1950-07-07,UA-74,20.6,5.5,68,2.91
1950-07-07,UA-77,22.4,1.7,69,2.15
1950-07-08,UA-05,19.4,2.0,66,2.41
1950-07-08,UA-07,16.4,0.8,71,3.91
1950-07-08,UA-09,24.7,0.3,54,2.56
1950-07-08,UA-12,24.3,0.2,62,1.97
1950-07-08,UA-14,24.2,0.2,53,2.31
1950-07-08,UA-18,19.2,0.1,63,3.42
1950-07-08,UA-21,21.1,0.0,49,4.69
1950-07-08,UA-23,25.1,0.3,58,2.27
1950-07-08,UA-26,17.7,0.8,63,4.09
1950-07-08,UA-30,20.8,0.0,61,3.21
1950-07-08,UA-32,21.1,1.0,59,2.59
1950-07-08,UA-35,22.7,6.3,72,1.98
1950-07-08,UA-40,23.0,0.0,65,1.9
1950-07-08,UA-43,24.4,0.0,42,1.92
1950-07-08,UA-46,16.1,1.1,70,3.85
1950-07-08,UA-48,23.2,1.5,69,1.98
1950-07-08,UA-51,22.8,1.3,67,3.09
1950-07-08,UA-53,23.2,0.0,59,2.45
1950-07-08,UA-56,17.1,0.9,70,3.74
1950-07-08,UA-59,20.8,0.0,74,2.79
1950-07-08,UA-61,17.1,0.4,65,3.99
1950-07-08,UA-63,22.3,0.0,70,2.81
1950-07-08,UA-65,23.9,0.6,63,2.05
1950-07-08,UA-68,18.2,0.1,64,3.58
1950-07-08,UA-71,22.4,1.8,66,2.13
1950-07-08,UA-74,19.5,0.2,69,3.56
1950-07-08,UA-77,18.4,5.3,69,3.57
1950-07-09,UA-05,18.0,0.2,54,5.72
1950-07-09,UA-07,17.6,0.0,57,4.15
1950-07-09,UA-09,22.2,7.2,74,1.71
1950-07-09,UA-12,19.9,11.6,83,3.77
1950-07-09,UA-14,21.4,11.5,80,1.37
1950-07-09,UA-18,18.1,0.0,51,6.04
1950-07-09,UA-21,20.1,0.0,48,3.91
1950-07-09,UA-23,21.6,15.7,83,3.05
1950-07-09,UA-26,17.4,1.2,61,4.48
1950-07-09,UA-30,17.9,0.0,62,6.19
1950-07-09,UA-32,18.3,0.2,56,5.72
1950-07-09,UA-35,17.2,16.7,88,5.05
1950-07-09,UA-40,22.0,2.6,72,4.97
1950-07-09,UA-43,22.8,3.6,60,2.52
1950-07-09,UA-46,16.9,0.0,61,3.87
1950-07-09,UA-48,19.1,3.3,83,5.33
1950-07-09,UA-51,19.0,1.1,74,7.19
1950-07-09,UA-53,17.4,17.1,90,3.88
1950-07-09,UA-56,17.9,0.0,56,4.73
1950-07-09,UA-59,17.2,12.3,86,3.07
1950-07-09,UA-61,17.3,0.1,57,5.0
1950-07-09,UA-63,18.8,14.6,83,2.56
1950-07-09,UA-65,19.5,6.3,83,4.33
1950-07-09,UA-68,17.8,0.2,54,5.62
1950-07-09,UA-71,17.2,7.8,81,5.21
1950-07-09,UA-74,16.7,0.0,71,6.0
1950-07-09,UA-77,18.4,0.3,54,5.24
1950-07-10,UA-05,18.8,0.1,53,4.43
1950-07-10,UA-07,19.3,0.0,59,2.86
1950-07-10,UA-09,20.4,12.2,85,4.0
1950-07-10,UA-12,17.2,3.6,82,6.05
1950-07-10,UA-14,18.4,28.8,91,3.21
1950-07-10,UA-18,18.5,0.1,56,4.23
1950-07-10,UA-21,21.8,0.0,45,1.8
1950-07-10,UA-23,17.9,13.8,87,6.75
1950-07-10,UA-26,18.4,0.0,57,3.54
1950-07-10,UA-30,19.0,0.0,58,4.55
1950-07-10,UA-32,19.1,0.0,52,4.52
1950-07-10,UA-35,17.3,2.8,75,6.31
1950-07-10,UA-40,19.6,14.7,86,9.07
1950-07-10,UA-43,17.2,28.8,92,4.94
1950-07-10,UA-46,18.9,0.1,59,2.68
1950-07-10,UA-48,19.0,0.8,65,7.94
1950-07-10,UA-51,20.6,0.0,47,8.37
1950-07-10,UA-53,15.7,2.0,80,6.17
1950-07-10,UA-56,18.7,0.0,60,3.26
1950-07-10,UA-59,15.2,8.4,85,4.85
1950-07-10,UA-61,18.3,0.2,58,3.71
1950-07-10,UA-63,16.3,2.9,81,5.16
1950-07-10,UA-65,19.1,1.0,63,7.47
1950-07-10,UA-68,18.4,0.0,56,4.0
1950-07-10,UA-71,17.9,2.4,72,5.33
1950-07-10,UA-74,18.4,0.0,65,4.16
1950-07-10,UA-77,19.1,0.0,52,4.37
1950-07-11,UA-05,20.8,0.0,56,2.28
1950-07-11,UA-07,21.9,0.0,59,1.88
1950-07-11,UA-09,18.6,35.9,92,4.02
1950-07-11,UA-12,18.4,4.6,64,6.32
1950-07-11,UA-14,16.6,12.4,91,4.96
1950-07-11,UA-18,21.2,0.0,55,2.15
1950-07-11,UA-21,23.4,0.0,47,2.13
1950-07-11,UA-23,17.4,16.0,74,6.42
1950-07-11,UA-26,21.5,0.0,55,1.95
1950-07-11,UA-30,20.3,0.0,59,2.91
1950-07-11,UA-32,20.4,0.0,56,2.66
1950-07-11,UA-35,19.4,0.0,60,4.21
1950-07-11,UA-40,20.8,0.0,65,7.06
1950-07-11,UA-43,17.8,3.9,69,3.84
1950-07-11,UA-46,20.9,0.3,61,2.36
1950-07-11,UA-48,21.3,0.0,52,5.12
1950-07-11,UA-51,22.3,0.0,46,4.65
1950-07-11,UA-53,18.1,0.0,61,5.58
1950-07-11,UA-56,21.3,0.0,60,1.5
1950-07-11,UA-59,16.6,0.0,69,4.46
1950-07-11,UA-61,21.4,0.0,56,1.83
1950-07-11,UA-63,17.7,2.9,66,5.89
1950-07-11,UA-65,21.5,0.0,47,5.33
1950-07-11,UA-68,21.1,0.0,57,1.83
1950-07-11,UA-71,19.7,0.0,62,3.54
1950-07-11,UA-74,19.2,0.0,63,2.97
1950-07-11,UA-77,22.1,0.0,51,2.05
1950-07-12,UA-05,19.7,5.6,64,2.59
1950-07-12,UA-07,16.3,15.4,85,2.41
1950-07-12,UA-09,16.6,6.0,85,3.85
1950-07-12,UA-12,19.0,0.0,60,3.1
1950-07-12,UA-14,16.1,9.0,83,3.09
1950-07-12,UA-18,20.3,8.4,59,3.08
1950-07-12,UA-21,19.3,5.4,66,2.32
1950-07-12,UA-23,19.3,0.0,63,3.45
1950-07-12,UA-26,17.6,5.5,72,2.95
1950-07-12,UA-30,21.3,0.0,51,3.09
1950-07-12,UA-32,21.1,3.3,56,2.13
1950-07-12,UA-35,19.2,0.0,58,2.11
1950-07-12,UA-40,21.3,0.0,67,3.49
1950-07-12,UA-43,19.5,0.0,63,2.0
1950-07-12,UA-46,16.5,8.7,75,2.81
1950-07-12,UA-48,21.2,0.0,56,2.25
1950-07-12,UA-51,22.6,0.0,58,2.72
1950-07-12,UA-53,18.2,0.0,59,2.99
1950-07-12,UA-56,17.2,7.1,81,2.43
1950-07-12,UA-59,17.7,0.0,69,2.85
1950-07-12,UA-61,17.1,6.0,74,3.0
1950-07-12,UA-63,18.1,0.0,61,3.74
1950-07-12,UA-65,21.1,0.0,50,2.39
1950-07-12,UA-68,18.6,7.9,67,2.76
1950-07-12,UA-71,20.2,0.0,61,1.5
1950-07-12,UA-74,20.9,0.0,55,3.15
1950-07-12,UA-77,19.7,2.0,62,2.43
1950-07-13,UA-05,15.8,4.9,78,4.25
1950-07-13,UA-07,15.2,9.5,83,4.51
1950-07-13,UA-09,19.1,0.0,64,4.07
1950-07-13,UA-12,19.7,0.2,66,3.07
1950-07-13,UA-14,18.1,0.4,68,3.08
1950-07-13,UA-18,15.8,9.2,81,4.44
1950-07-13,UA-21,19.2,0.1,55,1.7
1950-07-13,UA-23,20.3,0.7,68,3.68
1950-07-13,UA-26,17.4,0.3,57,5.34
1950-07-13,UA-30,16.8,10.5,83,4.07
1950-07-13,UA-32,17.3,5.0,76,4.13
1950-07-13,UA-35,18.1,1.9,69,3.51
1950-07-13,UA-40,21.6,0.1,75,3.58
1950-07-13,UA-43,20.0,1.3,69,3.1
1950-07-13,UA-46,15.9,4.2,71,5.05
1950-07-13,UA-48,21.4,0.2,58,4.38
1950-07-13,UA-51,22.1,0.1,49,5.62
1950-07-13,UA-53,18.2,3.0,71,2.87
1950-07-13,UA-56,15.2,9.8,83,4.63
1950-07-13,UA-59,17.7,0.2,77,1.85
1950-07-13,UA-61,15.6,3.6,73,5.24
1950-07-13,UA-63,17.5,0.6,73,1.91
1950-07-13,UA-65,21.6,0.1,57,3.82
1950-07-13,UA-68,15.2,7.1,79,4.61
1950-07-13,UA-71,17.6,5.8,76,3.48
1950-07-13,UA-74,18.3,14.9,78,2.46
1950-07-13,UA-77,18.1,0.3,54,4.82
1950-07-14,UA-05,17.0,1.5,77,5.2
1950-07-14,UA-07,16.3,1.2,79,4.74
1950-07-14,UA-09,18.2,2.0,75,4.91
1950-07-14,UA-12,17.3,10.9,79,5.43
1950-07-14,UA-14,16.5,7.2,81,3.99
1950-07-14,UA-18,16.7,2.9,82,5.77
1950-07-14,UA-21,19.7,0.0,60,2.67
1950-07-14,UA-23,18.2,4.5,76,5.61
1950-07-14,UA-26,17.7,0.7,66,4.94
1950-07-14,UA-30,15.7,24.6,92,5.79
1950-07-14,UA-32,16.7,8.7,85,5.72
1950-07-14,UA-35,16.6,12.4,84,5.18
1950-07-14,UA-40,21.3,0.7,64,3.9
1950-07-14,UA-43,19.2,1.4,65,4.17
1950-07-14,UA-46,16.8,0.7,74,4.37
1950-07-14,UA-48,20.3,0.1,61,4.83
1950-07-14,UA-51,21.2,0.0,51,5.74
1950-07-14,UA-53,15.1,14.2,92,5.08
1950-07-14,UA-56,15.9,0.9,83,5.08
1950-07-14,UA-59,15.4,10.0,91,3.28
1950-07-14,UA-61,16.6,0.7,72,5.33
1950-07-14,UA-63,15.7,10.4,88,4.14
1950-07-14,UA-65,20.4,0.1,58,4.61
1950-07-14,UA-68,16.0,1.2,79,5.48
1950-07-14,UA-71,15.8,26.3,90,5.49
1950-07-14,UA-74,15.1,29.2,93,6.12
1950-07-14,UA-77,18.6,0.4,59,5.29
1950-07-15,UA-05,17.4,0.6,71,3.59
1950-07-15,UA-07,17.2,0.0,73,2.69
1950-07-15,UA-09,18.0,0.7,77,4.32
1950-07-15,UA-12,17.1,0.8,79,4.58
1950-07-15,UA-14,16.4,1.6,82,3.73
1950-07-15,UA-18,16.6,0.4,73,4.13
1950-07-15,UA-21,22.2,0.0,57,1.1
1950-07-15,UA-23,18.3,2.2,76,5.2
1950-07-15,UA-26,18.8,0.0,60,2.2
1950-07-15,UA-30,15.0,3.3,84,4.78
1950-07-15,UA-32,16.2,1.7,79,3.82
1950-07-15,UA-35,17.0,0.8,77,4.74
1950-07-15,UA-40,21.1,0.3,74,4.58
1950-07-15,UA-43,19.7,0.6,73,3.52
1950-07-15,UA-46,17.8,0.0,66,1.99
1950-07-15,UA-48,20.6,0.4,63,3.6
1950-07-15,UA-51,21.8,0.3,53,4.08
1950-07-15,UA-53,15.8,0.6,82,4.64
1950-07-15,UA-56,17.3,0.5,72,3.19
1950-07-15,UA-59,15.9,6.4,90,4.37
1950-07-15,UA-61,17.4,0.0,66,2.72
1950-07-15,UA-63,15.9,1.7,89,4.57
1950-07-15,UA-65,20.7,0.7,61,3.51
1950-07-15,UA-68,17.3,0.1,69,3.37
1950-07-15,UA-71,15.6,1.1,84,4.75
1950-07-15,UA-74,14.8,0.6,86,4.99
1950-07-15,UA-77,19.6,0.0,55,2.86
1950-07-16,UA-05,17.8,0.0,66,2.15
1950-07-16,UA-07,17.6,0.0,71,1.95
1950-07-16,UA-09,18.4,0.4,77,3.33
1950-07-16,UA-12,17.7,1.2,75,3.46
1950-07-16,UA-14,17.5,0.2,76,2.88
1950-07-16,UA-18,16.5,0.5,74,2.42
1950-07-16,UA-21,23.8,0.1,53,1.59
1950-07-16,UA-23,19.0,0.5,73,3.46
1950-07-16,UA-26,20.8,0.3,59,2.0
1950-07-16,UA-30,16.6,0.9,77,2.75
1950-07-16,UA-32,17.0,0.5,73,2.47
1950-07-16,UA-35,17.3,0.7,73,2.89
1950-07-16,UA-40,21.6,0.0,74,3.43
1950-07-16,UA-43,20.2,0.1,70,1.81
1950-07-16,UA-46,19.3,0.0,67,2.3
1950-07-16,UA-48,21.0,0.0,59,2.61
1950-07-16,UA-51,22.2,0.0,63,2.06
1950-07-16,UA-53,16.9,0.9,75,3.82
1950-07-16,UA-56,17.3,0.0,70,2.05
1950-07-16,UA-59,15.9,2.1,82,4.27
1950-07-16,UA-61,19.0,0.0,63,1.95
1950-07-16,UA-63,16.7,1.1,78,3.99
1950-07-16,UA-65,20.9,0.0,56,2.75
1950-07-16,UA-68,18.0,0.0,65,2.06
1950-07-16,UA-71,17.0,0.8,77,3.16
1950-07-16,UA-74,16.1,1.0,80,3.39
1950-07-16,UA-77,21.6,0.1,57,1.51
1950-07-17,UA-05,18.3,0.3,65,1.25
1950-07-17,UA-07,19.0,0.0,68,1.72
1950-07-17,UA-09,18.1,0.2,71,3.57
1950-07-17,UA-12,18.0,0.1,72,2.88
1950-07-17,UA-14,17.5,0.0,71,2.83
1950-07-17,UA-18,17.0,0.0,72,2.21
1950-07-17,UA-21,24.1,0.0,52,2.05
1950-07-17,UA-23,19.6,0.0,69,3.22
1950-07-17,UA-26,20.8,0.5,59,1.43
1950-07-17,UA-30,17.1,0.3,77,2.28
1950-07-17,UA-32,17.2,0.0,70,2.05
1950-07-17,UA-35,18.6,0.0,68,2.01
1950-07-17,UA-40,22.3,0.1,77,2.11
1950-07-17,UA-43,21.7,0.0,59,2.39
1950-07-17,UA-46,20.5,0.0,60,1.93
1950-07-17,UA-48,22.6,0.1,56,2.0
1950-07-17,UA-51,22.5,0.0,65,1.82
1950-07-17,UA-53,17.3,0.2,71,2.85
1950-07-17,UA-56,18.7,0.0,66,1.97
1950-07-17,UA-59,16.6,0.8,76,3.23
1950-07-17,UA-61,20.1,0.0,56,1.79
1950-07-17,UA-63,17.1,0.5,74,3.29
1950-07-17,UA-65,22.7,0.0,52,2.02
1950-07-17,UA-68,18.7,0.4,62,1.46
1950-07-17,UA-71,17.8,0.2,74,2.25
1950-07-17,UA-74,17.0,0.6,77,2.41
1950-07-17,UA-77,20.5,1.6,66,1.69
1950-07-18,UA-05,20.0,0.0,63,1.93
1950-07-18,UA-07,21.7,0.0,65,1.49
1950-07-18,UA-09,18.7,0.4,69,3.23
1950-07-18,UA-12,20.0,0.3,70,3.15
1950-07-18,UA-14,18.4,1.0,71,2.67
1950-07-18,UA-18,19.5,0.0,68,2.27
1950-07-18,UA-21,25.3,0.0,49,1.54
1950-07-18,UA-23,20.5,0.3,68,3.69
1950-07-18,UA-26,22.2,0.0,61,1.29
1950-07-18,UA-30,19.2,0.5,74,2.38
1950-07-18,UA-32,19.6,0.0,69,2.37
1950-07-18,UA-35,19.3,0.4,70,2.76
1950-07-18,UA-40,22.7,0.0,75,2.87
1950-07-18,UA-43,22.0,0.0,58,2.36
1950-07-18,UA-46,22.3,0.0,58,1.18
1950-07-18,UA-48,23.2,0.2,55,3.1
1950-07-18,UA-51,24.0,0.0,49,2.97
1950-07-18,UA-53,19.2,0.1,74,2.98
1950-07-18,UA-56,21.7,0.0,62,1.32
1950-07-18,UA-59,18.3,0.7,75,2.95
1950-07-18,UA-61,21.7,0.0,56,1.06
1950-07-18,UA-63,19.1,0.6,70,3.02
1950-07-18,UA-65,23.4,0.0,49,2.95
1950-07-18,UA-68,20.5,0.0,60,1.64
1950-07-18,UA-71,19.4,0.3,73,2.67
1950-07-18,UA-74,19.1,0.3,76,2.61
1950-07-18,UA-77,21.7,0.0,61,1.2
1950-07-19,UA-05,22.5,0.0,62,2.59
1950-07-19,UA-07,22.1,0.0,61,3.25
1950-07-19,UA-09,20.2,0.0,63,2.77
1950-07-19,UA-12,22.3,0.0,68,2.12
1950-07-19,UA-14,20.2,0.0,65,2.28
1950-07-19,UA-18,21.7,0.2,63,2.98
1950-07-19,UA-21,26.1,0.0,48,2.8
1950-07-19,UA-23,22.9,0.0,63,2.18
1950-07-19,UA-26,22.7,0.2,61,2.67
1950-07-19,UA-30,21.5,0.1,71,2.87
1950-07-19,UA-32,22.3,0.0,64,2.62
1950-07-19,UA-35,22.9,0.0,63,2.21
1950-07-19,UA-40,22.9,0.0,72,2.34
1950-07-19,UA-43,22.6,0.0,57,2.64
1950-07-19,UA-46,22.3,0.0,60,3.09
1950-07-19,UA-48,24.4,0.0,54,1.98
1950-07-19,UA-51,24.3,0.0,52,2.41
1950-07-19,UA-53,21.5,0.2,70,2.6
1950-07-19,UA-56,22.3,0.0,59,3.27
1950-07-19,UA-59,20.9,0.3,75,2.95
1950-07-19,UA-61,22.0,0.2,60,2.87
1950-07-19,UA-63,21.4,0.0,67,2.76
1950-07-19,UA-65,24.4,0.0,50,1.91
1950-07-19,UA-68,21.9,0.1,61,2.67
1950-07-19,UA-71,22.7,0.0,68,2.17
1950-07-19,UA-74,20.6,0.2,75,3.09
1950-07-19,UA-77,23.7,0.8,60,2.07
1950-07-20,UA-05,19.9,0.0,56,3.62
1950-07-20,UA-07,19.2,0.0,56,3.97
1950-07-20,UA-09,21.9,1.7,66,3.6
1950-07-20,UA-12,22.2,0.2,59,4.12
1950-07-20,UA-14,21.2,0.7,68,3.02
1950-07-20,UA-18,19.4,0.0,54,4.61
1950-07-20,UA-21,23.6,0.0,45,3.97
1950-07-20,UA-23,23.2,0.0,62,4.42
1950-07-20,UA-26,20.5,0.1,53,3.86
1950-07-20,UA-30,19.2,0.0,60,5.04
1950-07-20,UA-32,20.1,0.0,56,4.06
1950-07-20,UA-35,21.7,0.1,58,3.64
1950-07-20,UA-40,23.5,0.0,70,4.25
1950-07-20,UA-43,24.5,0.0,53,2.01
1950-07-20,UA-46,19.4,0.0,59,3.55
1950-07-20,UA-48,25.2,0.0,49,3.62
1950-07-20,UA-51,26.0,0.0,43,3.89
1950-07-20,UA-53,20.4,0.3,62,4.48
1950-07-20,UA-56,19.5,0.0,54,4.16
1950-07-20,UA-59,18.6,0.2,70,5.5
1950-07-20,UA-61,19.7,0.0,53,3.8
1950-07-20,UA-63,20.3,1.2,65,4.7
1950-07-20,UA-65,25.5,0.0,47,3.33
1950-07-20,UA-68,19.5,0.0,54,3.93
1950-07-20,UA-71,20.5,0.0,63,4.13
1950-07-20,UA-74,18.2,0.1,65,6.02
1950-07-20,UA-77,21.5,0.0,54,3.85
1950-07-21,UA-05,20.0,0.0,51,2.95
1950-07-21,UA-07,19.0,0.1,64,2.79
1950-07-21,UA-09,19.5,0.2,61,4.4
1950-07-21,UA-12,20.3,0.0,59,4.22
1950-07-21,UA-14,18.7,0.1,63,3.53
1950-07-21,UA-18,19.5,0.0,56,3.47
1950-07-21,UA-21,23.7,0.0,46,2.64
1950-07-21,UA-23,21.1,0.0,59,4.28
1950-07-21,UA-26,20.6,0.0,54,2.45
1950-07-21,UA-30,18.9,0.0,63,3.96
1950-07-21,UA-32,20.0,0.0,55,3.3
1950-07-21,UA-35,20.4,0.0,56,3.5
1950-07-21,UA-40,23.5,0.0,64,3.09
1950-07-21,UA-43,22.9,0.0,48,2.78
1950-07-21,UA-46,19.9,0.0,60,2.57
1950-07-21,UA-48,23.1,0.0,46,3.21
1950-07-21,UA-51,24.2,0.0,37,2.79
1950-07-21,UA-53,19.0,0.0,60,4.71
1950-07-21,UA-56,19.6,0.0,57,3.05
1950-07-21,UA-59,17.6,0.5,72,5.44
1950-07-21,UA-61,19.7,0.0,58,2.88
1950-07-21,UA-63,18.6,0.3,65,5.17
1950-07-21,UA-65,23.4,0.0,40,3.06
1950-07-21,UA-68,19.8,0.0,53,2.99
1950-07-21,UA-71,19.9,0.0,62,3.85
1950-07-21,UA-74,18.0,0.0,68,4.6
1950-07-21,UA-77,21.7,0.0,47,2.53
1950-07-22,UA-05,20.2,0.0,56,2.44
1950-07-22,UA-07,20.2,0.0,62,1.77
1950-07-22,UA-09,18.8,0.0,64,2.92
1950-07-22,UA-12,19.2,1.2,73,3.18
1950-07-22,UA-14,18.2,0.5,72,2.36
1950-07-22,UA-18,19.0,0.0,63,2.71
1950-07-22,UA-21,25.3,0.0,45,1.93
1950-07-22,UA-23,20.2,0.5,67,3.67
1950-07-22,UA-26,21.9,0.0,56,1.39
1950-07-22,UA-30,18.7,0.6,74,2.89
1950-07-22,UA-32,19.3,0.0,63,2.74
1950-07-22,UA-35,20.1,0.0,62,3.1
1950-07-22,UA-40,23.4,0.0,61,3.85
1950-07-22,UA-43,22.4,0.0,45,2.72
1950-07-22,UA-46,21.5,0.0,58,1.53
1950-07-22,UA-48,23.0,0.0,48,3.23
1950-07-22,UA-51,24.1,0.0,39,2.37
1950-07-22,UA-53,18.0,5.6,77,2.99
1950-07-22,UA-56,20.3,0.0,59,2.02
1950-07-22,UA-59,17.1,4.5,83,2.48
1950-07-22,UA-61,20.8,0.0,55,2.01
1950-07-22,UA-63,18.4,0.5,69,2.22
1950-07-22,UA-65,23.2,0.0,41,3.28
1950-07-22,UA-68,20.2,0.0,55,2.35
1950-07-22,UA-71,19.4,1.2,74,3.01
1950-07-22,UA-74,17.7,0.8,81,2.91
1950-07-22,UA-77,22.4,0.0,51,2.09
1950-07-23,UA-05,21.3,0.0,56,2.12
1950-07-23,UA-07,23.0,0.0,50,3.98
1950-07-23,UA-09,19.1,0.0,61,2.54
1950-07-23,UA-12,20.3,0.0,63,2.77
1950-07-23,UA-14,19.0,0.0,59,2.49
1950-07-23,UA-18,21.0,0.0,60,2.27
1950-07-23,UA-21,27.1,0.0,40,2.69
1950-07-23,UA-23,21.2,0.0,62,3.5
1950-07-23,UA-26,23.8,0.0,46,3.73
1950-07-23,UA-30,19.9,0.2,71,1.67
1950-07-23,UA-32,20.4,0.1,66,1.95
1950-07-23,UA-35,20.3,0.0,65,2.65
1950-07-23,UA-40,23.3,0.0,63,3.49
1950-07-23,UA-43,22.1,0.0,53,2.99
1950-07-23,UA-46,23.8,0.0,47,4.03
1950-07-23,UA-48,22.9,0.0,51,3.14
1950-07-23,UA-51,23.5,0.0,49,2.41
1950-07-23,UA-53,18.9,0.0,67,2.7
1950-07-23,UA-56,22.8,0.0,51,3.67
1950-07-23,UA-59,18.2,0.0,72,2.55
1950-07-23,UA-61,23.2,0.0,44,4.22
1950-07-23,UA-63,18.9,0.0,67,2.71
1950-07-23,UA-65,23.0,0.0,47,3.06
1950-07-23,UA-68,21.9,0.0,51,3.2
1950-07-23,UA-71,20.8,0.0,66,1.63
1950-07-23,UA-74,19.5,0.0,71,1.49
1950-07-23,UA-77,23.6,0.0,44,3.91
1950-07-24,UA-05,22.5,5.2,56,4.64
1950-07-24,UA-07,19.1,12.8,68,3.64
1950-07-24,UA-09,20.6,0.0,57,2.07
1950-07-24,UA-12,22.1,0.0,60,2.26
1950-07-24,UA-14,20.1,0.0,59,2.07
1950-07-24,UA-18,22.1,12.2,58,4.97
1950-07-24,UA-21,21.8,1.0,47,2.33
1950-07-24,UA-23,22.8,0.0,57,2.7
1950-07-24,UA-26,19.8,7.4,66,2.94
1950-07-24,UA-30,22.2,0.7,53,4.17
1950-07-24,UA-32,23.0,2.2,50,4.0
1950-07-24,UA-35,22.6,0.0,51,2.72
1950-07-24,UA-40,23.3,0.0,66,2.39
1950-07-24,UA-43,22.8,0.0,52,2.85
1950-07-24,UA-46,19.0,6.0,62,3.25
1950-07-24,UA-48,23.9,0.0,47,2.59
1950-07-24,UA-51,23.5,0.0,57,3.39
1950-07-24,UA-53,21.0,0.0,61,2.37
1950-07-24,UA-56,20.0,7.9,64,4.23
1950-07-24,UA-59,19.8,0.0,64,2.34
1950-07-24,UA-61,19.5,7.6,63,3.81
1950-07-24,UA-63,20.2,0.0,60,1.79
1950-07-24,UA-65,24.2,0.0,44,2.47
1950-07-24,UA-68,20.8,9.3,62,4.44
1950-07-24,UA-71,22.7,0.0,57,3.3
1950-07-24,UA-74,21.3,0.1,58,4.42
1950-07-24,UA-77,22.0,4.3,60,2.97
1950-07-25,UA-05,17.9,0.0,62,4.91
1950-07-25,UA-07,17.1,0.2,60,5.59
1950-07-25,UA-09,22.2,0.0,50,2.83
1950-07-25,UA-12,19.7,1.9,68,2.85
1950-07-25,UA-14,20.8,0.2,55,2.63
1950-07-25,UA-18,17.4,0.7,65,5.49
1950-07-25,UA-21,20.6,0.0,42,2.51
1950-07-25,UA-23,20.5,2.3,68,3.75
1950-07-25,UA-26,17.9,0.1,51,4.83
1950-07-25,UA-30,17.6,7.5,71,4.85
1950-07-25,UA-32,18.5,4.3,65,4.93
1950-07-25,UA-35,17.2,12.6,78,3.59
1950-07-25,UA-40,22.7,0.0,68,5.49
1950-07-25,UA-43,21.1,0.6,57,3.21
1950-07-25,UA-46,17.5,0.0,54,4.96
1950-07-25,UA-48,19.7,4.9,69,3.49
1950-07-25,UA-51,22.0,1.4,53,5.47
1950-07-25,UA-53,18.1,3.4,69,2.7
1950-07-25,UA-56,17.4,0.2,60,5.72
1950-07-25,UA-59,18.8,1.2,72,3.29
1950-07-25,UA-61,17.5,0.0,55,5.3
1950-07-25,UA-63,20.5,0.2,60,3.34
1950-07-25,UA-65,19.9,4.8,66,3.12
1950-07-25,UA-68,17.3,0.1,60,5.31
1950-07-25,UA-71,16.9,22.7,82,3.6
1950-07-25,UA-74,16.9,9.9,78,3.73
1950-07-25,UA-77,18.8,0.3,53,5.1
1950-07-26,UA-05,18.2,0.0,53,4.63
1950-07-26,UA-07,17.5,0.0,61,3.66
1950-07-26,UA-09,17.5,2.9,70,1.67
1950-07-26,UA-12,17.2,1.5,77,5.9
1950-07-26,UA-14,16.2,15.2,81,2.64
1950-07-26,UA-18,17.6,0.6,58,5.14
1950-07-26,UA-21,21.7,0.0,42,1.79
1950-07-26,UA-23,18.2,5.8,75,7.24
1950-07-26,UA-26,18.8,0.0,50,3.58
1950-07-26,UA-30,17.6,0.3,61,5.59
1950-07-26,UA-32,18.0,0.7,57,5.19
1950-07-26,UA-35,17.8,0.7,59,5.38
1950-07-26,UA-40,21.8,0.3,58,6.75
1950-07-26,UA-43,19.3,0.3,59,3.96
1950-07-26,UA-46,18.2,0.0,55,3.28
1950-07-26,UA-48,20.2,0.0,50,5.68
1950-07-26,UA-51,21.9,0.0,39,6.4
1950-07-26,UA-53,16.3,2.3,78,5.31
1950-07-26,UA-56,18.1,0.0,56,4.11
1950-07-26,UA-59,16.4,6.4,87,3.75
1950-07-26,UA-61,17.8,0.0,54,3.82
1950-07-26,UA-63,18.0,8.3,77,3.79
1950-07-26,UA-65,20.0,0.0,49,5.29
1950-07-26,UA-68,17.8,0.0,53,4.21
1950-07-26,UA-71,17.6,0.7,65,5.42
1950-07-26,UA-74,16.9,1.0,67,5.18
1950-07-26,UA-77,19.5,0.0,44,4.22
1950-07-27,UA-05,18.8,0.0,57,3.0
1950-07-27,UA-07,18.3,3.0,65,2.18
1950-07-27,UA-09,18.2,5.0,76,5.12
1950-07-27,UA-12,19.5,0.0,57,5.03
1950-07-27,UA-14,17.4,1.0,70,4.72
1950-07-27,UA-18,17.5,0.2,62,3.43
1950-07-27,UA-21,23.6,0.0,44,1.89
1950-07-27,UA-23,19.9,0.0,58,5.32
1950-07-27,UA-26,20.5,0.4,58,1.54
1950-07-27,UA-30,17.6,0.7,64,3.52
1950-07-27,UA-32,18.1,0.2,61,3.28
1950-07-27,UA-35,18.9,0.0,60,3.35
1950-07-27,UA-40,22.3,0.0,59,4.95
1950-07-27,UA-43,20.8,0.0,53,2.69
1950-07-27,UA-46,19.5,7.0,66,1.39
1950-07-27,UA-48,21.8,0.0,49,3.55
1950-07-27,UA-51,23.3,0.0,39,3.59
1950-07-27,UA-53,18.2,0.0,57,4.73
1950-07-27,UA-56,18.5,1.5,61,2.57
1950-07-27,UA-59,17.3,0.1,65,4.65
1950-07-27,UA-61,19.4,1.2,59,2.05
1950-07-27,UA-63,18.0,1.4,67,4.82
1950-07-27,UA-65,22.0,0.0,44,3.34
1950-07-27,UA-68,18.7,0.1,58,2.63
1950-07-27,UA-71,18.3,0.1,66,3.42
1950-07-27,UA-74,16.5,0.0,64,3.86
1950-07-27,UA-77,21.3,0.0,52,2.09
1950-07-28,UA-05,17.8,4.6,71,3.0
1950-07-28,UA-07,17.2,3.1,73,3.54
1950-07-28,UA-09,19.0,0.1,66,3.32
1950-07-28,UA-12,19.2,0.3,58,2.16
1950-07-28,UA-14,18.4,0.0,60,2.43
1950-07-28,UA-18,16.3,2.6,75,2.36
1950-07-28,UA-21,21.9,0.0,54,3.55
1950-07-28,UA-23,20.8,0.2,56,2.07
1950-07-28,UA-26,18.3,1.6,73,4.09
1950-07-28,UA-30,16.1,0.0,71,1.49
1950-07-28,UA-32,16.7,1.2,72,1.75
1950-07-28,UA-35,17.9,0.8,73,1.56
1950-07-28,UA-40,22.9,0.0,64,2.76
1950-07-28,UA-43,22.1,0.0,58,2.33
1950-07-28,UA-46,17.5,1.7,78,4.14
1950-07-28,UA-48,22.8,0.1,59,2.34
1950-07-28,UA-51,24.7,0.3,50,3.25
1950-07-28,UA-53,17.3,0.4,60,2.12
1950-07-28,UA-56,17.2,3.8,72,3.27
1950-07-28,UA-59,16.0,0.6,67,2.44
1950-07-28,UA-61,17.4,3.1,75,4.14
1950-07-28,UA-63,17.9,0.3,62,2.84
1950-07-28,UA-65,23.0,0.3,56,2.31
1950-07-28,UA-68,17.4,5.0,72,3.61
1950-07-28,UA-71,16.6,1.9,77,1.34
1950-07-28,UA-74,15.4,0.0,70,1.82
1950-07-28,UA-77,20.4,0.1,63,4.01
1950-07-29,UA-05,18.4,6.8,60,1.59
1950-07-29,UA-07,17.9,1.0,62,2.01
1950-07-29,UA-09,19.8,0.0,59,2.41
1950-07-29,UA-12,19.4,0.0,57,3.29
1950-07-29,UA-14,19.4,0.0,59,2.13
1950-07-29,UA-18,17.6,0.2,58,2.0
1950-07-29,UA-21,19.3,2.4,68,1.56
1950-07-29,UA-23,21.2,0.0,55,3.94
1950-07-29,UA-26,17.0,6.5,80,2.12
1950-07-29,UA-30,17.6,0.0,60,2.72
1950-07-29,UA-32,18.4,0.6,57,2.09
1950-07-29,UA-35,18.7,0.2,64,2.56
1950-07-29,UA-40,23.8,0.0,66,4.13
1950-07-29,UA-43,22.9,0.0,54,2.5
1950-07-29,UA-46,17.0,1.3,74,2.14
1950-07-29,UA-48,21.9,0.0,53,2.85
1950-07-29,UA-51,22.8,0.0,58,3.07
1950-07-29,UA-53,17.4,0.4,61,2.83
1950-07-29,UA-56,18.3,0.1,59,2.05
1950-07-29,UA-59,16.0,0.2,70,3.32
1950-07-29,UA-61,16.7,2.9,77,2.25
1950-07-29,UA-63,17.4,0.4,62,3.2
1950-07-29,UA-65,22.3,0.0,49,2.96
1950-07-29,UA-68,17.2,7.0,66,2.16
1950-07-29,UA-71,18.2,0.0,68,2.54
1950-07-29,UA-74,17.0,0.0,63,3.0
1950-07-29,UA-77,19.7,3.1,67,2.8
1950-07-30,UA-05,17.6,4.0,73,2.92
1950-07-30,UA-07,16.6,2.2,70,3.77
1950-07-30,UA-09,20.2,0.0,58,1.67
1950-07-30,UA-12,21.7,0.7,58,2.83
1950-07-30,UA-14,20.0,0.0,61,1.78
1950-07-30,UA-18,16.7,6.6,75,2.98
1950-07-30,UA-21,20.2,0.1,55,3.16
1950-07-30,UA-23,22.7,0.0,56,3.78
1950-07-30,UA-26,17.4,0.0,69,3.69
1950-07-30,UA-30,16.6,6.1,77,3.26
1950-07-30,UA-32,17.5,11.4,78,3.09
1950-07-30,UA-35,20.4,1.8,69,3.67
1950-07-30,UA-40,23.7,0.0,70,2.68
1950-07-30,UA-43,23.5,0.0,52,1.78
1950-07-30,UA-46,16.6,0.5,67,3.87
1950-07-30,UA-48,23.3,0.1,58,4.03
1950-07-30,UA-51,24.0,0.4,58,3.88
1950-07-30,UA-53,18.1,4.9,71,2.92
1950-07-30,UA-56,17.2,2.3,70,3.77
1950-07-30,UA-59,15.7,8.8,80,3.75
1950-07-30,UA-61,17.0,0.8,69,3.55
1950-07-30,UA-63,17.7,5.2,70,2.37
1950-07-30,UA-65,23.5,0.0,56,3.75
1950-07-30,UA-68,17.0,1.8,71,3.2
1950-07-30,UA-71,18.2,11.8,81,3.34
1950-07-30,UA-74,15.2,5.4,81,2.94
1950-07-30,UA-77,18.9,1.9,68,3.31
1950-07-31,UA-05,17.0,0.0,59,2.89
1950-07-31,UA-07,16.0,0.1,65,4.08
1950-07-31,UA-09,21.3,0.0,56,2.75
1950-07-31,UA-12,18.2,2.9,77,2.2
1950-07-31,UA-14,19.3,0.2,63,2.41
1950-07-31,UA-18,16.2,2.6,67,3.08
1950-07-31,UA-21,20.0,0.0,44,2.04
1950-07-31,UA-23,19.3,3.4,76,3.15
1950-07-31,UA-26,16.4,0.0,59,3.05
1950-07-31,UA-30,16.7,0.4,71,2.77
1950-07-31,UA-32,17.1,0.1,64,2.61
1950-07-31,UA-35,18.1,2.3,76,1.76
1950-07-31,UA-40,23.7,0.0,67,5.05
1950-07-31,UA-43,22.7,0.0,55,2.64
1950-07-31,UA-46,15.8,0.2,60,3.86
1950-07-31,UA-48,20.8,2.6,66,2.12
1950-07-31,UA-51,21.0,5.9,68,2.38
1950-07-31,UA-53,16.9,0.0,75,2.6
1950-07-31,UA-56,16.4,0.2,63,4.14
1950-07-31,UA-59,16.2,0.3,76,3.68
1950-07-31,UA-61,15.9,0.1,59,3.76
1950-07-31,UA-63,16.9,0.0,76,2.87
1950-07-31,UA-65,20.3,7.1,69,2.58
1950-07-31,UA-68,16.1,0.3,60,3.38
1950-07-31,UA-71,17.8,0.3,72,1.9
1950-07-31,UA-74,15.7,4.0,81,3.57
1950-07-31,UA-77,18.2,0.0,53,2.52
1950-08-01,UA-05,18.1,0.1,59,2.46
1950-08-01,UA-07,17.7,0.0,69,2.62
1950-08-01,UA-09,19.5,0.0,59,2.88
1950-08-01,UA-12,19.0,0.1,65,2.91
1950-08-01,UA-14,18.4,0.0,63,2.38
1950-08-01,UA-18,17.0,0.4,72,3.2
1950-08-01,UA-21,21.5,0.0,46,1.39
1950-08-01,UA-23,20.9,0.0,62,2.85
1950-08-01,UA-26,18.7,0.0,58,1.25
1950-08-01,UA-30,17.1,0.5,71,3.3
1950-08-01,UA-32,17.6,0.7,66,2.97
1950-08-01,UA-35,18.6,0.0,60,2.53
1950-08-01,UA-40,23.1,0.0,64,2.77
1950-08-01,UA-43,22.2,0.0,49,2.15
1950-08-01,UA-46,18.3,0.9,60,1.92
1950-08-01,UA-48,21.4,0.3,56,2.11
1950-08-01,UA-51,21.4,0.0,58,2.04
1950-08-01,UA-53,17.6,0.3,68,3.24
1950-08-01,UA-56,18.0,0.2,67,2.76
1950-08-01,UA-59,16.6,0.8,74,3.76
1950-08-01,UA-61,18.2,0.0,57,2.4
1950-08-01,UA-63,18.0,0.0,67,3.41
1950-08-01,UA-65,21.3,0.0,57,2.08
1950-08-01,UA-68,17.7,0.1,60,2.5
1950-08-01,UA-71,18.2,0.1,68,2.86
1950-08-01,UA-74,16.3,0.7,74,3.6
1950-08-01,UA-77,19.8,0.0,51,1.16
1950-08-02,UA-05,20.5,0.0,58,1.55
1950-08-02,UA-07,20.1,0.0,65,2.08
1950-08-02,UA-09,20.0,0.0,57,3.1
1950-08-02,UA-12,19.7,0.0,64,2.79
1950-08-02,UA-14,18.7,0.2,61,2.85
1950-08-02,UA-18,19.6,0.0,65,1.98
1950-08-02,UA-21,24.9,0.0,38,2.94
1950-08-02,UA-23,21.3,0.1,60,2.75
1950-08-02,UA-26,21.3,0.0,56,1.68
1950-08-02,UA-30,19.3,0.2,67,2.36
1950-08-02,UA-32,19.6,0.1,64,2.05
1950-08-02,UA-35,20.4,0.1,59,2.02
1950-08-02,UA-40,23.2,0.0,67,3.38
1950-08-02,UA-43,22.1,0.1,59,1.94
1950-08-02,UA-46,21.0,0.1,60,2.21
1950-08-02,UA-48,22.7,0.0,53,2.24
1950-08-02,UA-51,22.9,0.0,59,2.89
1950-08-02,UA-53,18.2,0.4,67,2.92
1950-08-02,UA-56,20.4,0.0,62,2.1
1950-08-02,UA-59,17.9,0.1,73,3.08
1950-08-02,UA-61,20.8,0.0,57,2.03
1950-08-02,UA-63,18.8,0.5,66,3.11
1950-08-02,UA-65,22.6,0.0,54,2.29
1950-08-02,UA-68,19.9,0.0,61,1.88
1950-08-02,UA-71,19.7,0.1,69,2.2
1950-08-02,UA-74,18.0,0.1,72,2.92
1950-08-02,UA-77,21.8,0.0,52,1.54
1950-08-03,UA-05,20.7,0.6,61,3.35
1950-08-03,UA-07,18.1,9.5,72,3.31
1950-08-03,UA-09,20.8,0.0,57,2.57
1950-08-03,UA-12,22.0,0.1,57,3.42
1950-08-03,UA-14,19.9,0.0,60,2.4
1950-08-03,UA-18,18.6,2.0,71,2.63
1950-08-03,UA-21,24.3,0.6,46,2.91
1950-08-03,UA-23,23.2,0.0,57,3.39
1950-08-03,UA-26,21.8,0.1,53,3.66
1950-08-03,UA-30,18.9,1.4,74,2.84
1950-08-03,UA-32,20.2,0.2,66,2.99
1950-08-03,UA-35,21.7,0.7,61,4.31
1950-08-03,UA-40,23.2,0.0,67,2.95
1950-08-03,UA-43,22.7,0.0,57,2.5
1950-08-03,UA-46,19.4,1.1,62,3.93
1950-08-03,UA-48,23.0,0.0,69,5.01
1950-08-03,UA-51,23.2,0.0,69,5.77
1950-08-03,UA-53,20.6,0.2,61,3.01
1950-08-03,UA-56,18.5,10.1,71,2.82
1950-08-03,UA-59,18.8,16.4,75,2.39
1950-08-03,UA-61,20.2,0.1,58,3.81
1950-08-03,UA-63,19.9,9.9,67,2.46
1950-08-03,UA-65,23.2,0.0,65,4.5
1950-08-03,UA-68,19.9,0.6,62,3.7
1950-08-03,UA-71,20.3,1.6,71,3.28
1950-08-03,UA-74,18.3,3.9,79,2.94
1950-08-03,UA-77,23.3,2.5,53,3.2
1950-08-04,UA-05,18.1,11.8,80,2.55
1950-08-04,UA-07,14.0,6.0,87,2.51
1950-08-04,UA-09,22.6,1.4,65,4.27
1950-08-04,UA-12,22.9,0.2,61,3.59
1950-08-04,UA-14,22.7,0.9,65,3.81
1950-08-04,UA-18,17.8,22.1,82,2.13
1950-08-04,UA-21,17.6,0.8,62,2.51
1950-08-04,UA-23,24.4,0.6,68,3.62
1950-08-04,UA-26,14.6,0.2,78,2.95
1950-08-04,UA-30,18.7,5.5,74,2.7
1950-08-04,UA-32,19.2,3.3,75,2.4
1950-08-04,UA-35,21.8,0.4,66,2.09
1950-08-04,UA-40,24.5,0.0,66,6.11
1950-08-04,UA-43,25.0,0.0,47,2.22
1950-08-04,UA-46,13.9,6.2,79,2.89
1950-08-04,UA-48,23.9,0.2,67,3.13
1950-08-04,UA-51,23.5,0.0,69,4.42
1950-08-04,UA-53,19.6,11.4,71,3.92
1950-08-04,UA-56,14.8,6.1,87,2.56
1950-08-04,UA-59,18.0,1.3,83,2.04
1950-08-04,UA-61,14.7,2.3,80,2.8
1950-08-04,UA-63,18.5,1.7,80,3.76
1950-08-04,UA-65,24.5,0.0,60,2.88
1950-08-04,UA-68,15.8,9.1,84,2.91
1950-08-04,UA-71,19.7,3.9,75,3.21
1950-08-04,UA-74,18.3,5.9,82,2.28
1950-08-04,UA-77,16.2,21.7,82,3.47
1950-08-05,UA-05,15.6,0.0,67,3.2
1950-08-05,UA-07,15.0,0.1,68,3.56
1950-08-05,UA-09,26.4,0.0,55,4.57
1950-08-05,UA-12,23.6,0.1,63,4.31
1950-08-05,UA-14,25.2,0.0,52,3.58
1950-08-05,UA-18,15.6,0.1,72,3.68
1950-08-05,UA-21,16.7,2.9,64,2.24
1950-08-05,UA-23,25.2,0.0,63,4.38
1950-08-05,UA-26,14.9,1.4,68,2.85
1950-08-05,UA-30,16.4,0.5,79,2.9
1950-08-05,UA-32,16.6,0.1,71,3.1
1950-08-05,UA-35,17.8,1.6,75,2.37
1950-08-05,UA-40,24.0,0.0,68,5.39
1950-08-05,UA-43,24.2,0.2,51,2.51
1950-08-05,UA-46,14.5,1.1,70,3.39
1950-08-05,UA-48,20.1,6.2,75,2.71
1950-08-05,UA-51,19.7,2.4,60,4.35
1950-08-05,UA-53,20.4,0.8,75,4.26
1950-08-05,UA-56,15.1,0.1,69,3.71
1950-08-05,UA-59,19.4,12.4,83,3.92
1950-08-05,UA-61,14.8,0.1,65,3.43
1950-08-05,UA-63,22.8,1.6,69,4.28
1950-08-05,UA-65,21.1,2.2,71,2.31
1950-08-05,UA-68,14.8,0.0,68,3.39
1950-08-05,UA-71,17.4,1.3,79,2.66
1950-08-05,UA-74,16.7,9.9,88,4.03
1950-08-05,UA-77,15.8,0.0,65,2.39
1950-08-06,UA-05,15.7,1.3,71,1.29
1950-08-06,UA-07,14.4,5.6,83,2.98
1950-08-06,UA-09,22.8,8.9,65,2.62
1950-08-06,UA-12,18.7,7.7,70,2.35
1950-08-06,UA-14,19.7,0.6,70,2.74
1950-08-06,UA-18,15.5,1.4,74,2.15
1950-08-06,UA-21,15.8,15.8,81,3.69
1950-08-06,UA-23,20.2,12.1,71,2.9
1950-08-06,UA-26,14.6,5.6,78,3.97
1950-08-06,UA-30,17.2,2.8,68,2.2
1950-08-06,UA-32,17.0,1.7,69,1.82
1950-08-06,UA-35,17.7,1.2,68,2.26
1950-08-06,UA-40,22.1,0.0,60,5.05
1950-08-06,UA-43,19.6,0.8,60,3.47
1950-08-06,UA-46,13.9,14.3,84,4.28
1950-08-06,UA-48,18.9,7.2,68,3.16
1950-08-06,UA-51,19.6,1.2,58,3.41
1950-08-06,UA-53,17.0,3.0,72,2.54
1950-08-06,UA-56,15.2,5.2,78,2.68
1950-08-06,UA-59,16.5,11.4,87,2.5
1950-08-06,UA-61,14.6,5.4,78,3.31
1950-08-06,UA-63,17.1,7.6,89,2.38
1950-08-06,UA-65,18.8,6.6,68,3.1
1950-08-06,UA-68,15.1,3.3,77,1.93
1950-08-06,UA-71,17.5,4.7,73,2.2
1950-08-06,UA-74,16.7,2.4,75,2.38
1950-08-06,UA-77,15.5,1.9,74,3.13
1950-08-07,UA-05,13.7,5.2,87,2.24
1950-08-07,UA-07,14.6,16.6,92,3.68
1950-08-07,UA-09,20.0,5.7,75,2.54
1950-08-07,UA-12,18.1,9.4,80,3.68
1950-08-07,UA-14,18.7,0.4,72,3.4
1950-08-07,UA-18,14.6,4.4,85,1.93
1950-08-07,UA-21,16.0,7.5,80,4.25
1950-08-07,UA-23,19.6,7.2,75,4.21
1950-08-07,UA-26,13.8,15.5,88,5.0
1950-08-07,UA-30,16.2,7.4,83,2.44
1950-08-07,UA-32,15.3,3.6,82,2.02
1950-08-07,UA-35,16.9,2.2,79,2.17
1950-08-07,UA-40,20.9,5.1,71,5.63
1950-08-07,UA-43,18.6,0.7,70,4.68
1950-08-07,UA-46,13.6,19.8,94,4.82
1950-08-07,UA-48,19.6,0.6,65,3.1
1950-08-07,UA-51,19.5,0.1,54,3.87
1950-08-07,UA-53,16.7,9.0,83,3.5
1950-08-07,UA-56,14.9,5.6,88,2.58
1950-08-07,UA-59,16.8,13.9,86,3.2
1950-08-07,UA-61,13.3,15.5,92,3.33
1950-08-07,UA-63,17.6,6.2,84,2.97
1950-08-07,UA-65,19.2,1.1,66,3.38
1950-08-07,UA-68,13.3,8.9,91,2.22
1950-08-07,UA-71,16.6,2.7,83,2.23
1950-08-07,UA-74,16.1,7.3,88,3.05
1950-08-07,UA-77,14.8,10.1,80,3.85
1950-08-08,UA-05,15.2,2.2,87,3.48
1950-08-08,UA-07,15.8,3.7,85,4.04
1950-08-08,UA-09,20.5,0.2,66,4.0
1950-08-08,UA-12,17.9,6.8,74,3.9
1950-08-08,UA-14,18.6,0.5,68,3.54
1950-08-08,UA-18,15.0,4.8,89,3.87
1950-08-08,UA-21,18.2,0.3,72,1.73
1950-08-08,UA-23,19.2,4.9,74,4.84
1950-08-08,UA-26,16.1,2.3,82,4.25
1950-08-08,UA-30,15.3,4.5,86,3.52
1950-08-08,UA-32,15.4,3.4,86,3.24
1950-08-08,UA-35,17.5,0.6,72,3.3
1950-08-08,UA-40,22.0,0.1,66,4.72
1950-08-08,UA-43,19.8,0.3,66,4.05
1950-08-08,UA-46,15.5,5.0,86,4.29
1950-08-08,UA-48,19.3,0.0,63,3.79
1950-08-08,UA-51,19.7,0.0,55,4.71
1950-08-08,UA-53,16.5,5.1,80,3.45
1950-08-08,UA-56,15.8,1.9,86,4.21
1950-08-08,UA-59,16.1,5.4,86,3.51
1950-08-08,UA-61,15.7,2.2,85,4.51
1950-08-08,UA-63,16.5,10.0,86,3.4
1950-08-08,UA-65,20.0,0.1,59,3.74
1950-08-08,UA-68,15.3,3.2,88,4.37
1950-08-08,UA-71,16.6,1.9,81,3.19
1950-08-08,UA-74,15.7,7.2,89,3.03
1950-08-08,UA-77,16.8,1.9,80,4.25
1950-08-09,UA-05,16.1,0.3,81,2.64
1950-08-09,UA-07,14.6,0.3,79,2.81
1950-08-09,UA-09,20.0,0.0,66,2.94
1950-08-09,UA-12,18.6,1.0,75,2.93
1950-08-09,UA-14,18.6,0.0,67,2.68
1950-08-09,UA-18,15.0,0.7,80,3.17
1950-08-09,UA-21,19.3,0.3,70,1.76
1950-08-09,UA-23,19.6,0.4,70,2.98
1950-08-09,UA-26,16.5,0.5,82,2.48
1950-08-09,UA-30,15.5,0.5,77,3.3
1950-08-09,UA-32,16.3,0.3,80,2.76
1950-08-09,UA-35,18.4,0.7,75,2.69
1950-08-09,UA-40,22.3,0.0,65,4.54
1950-08-09,UA-43,20.7,0.0,61,2.18
1950-08-09,UA-46,15.5,1.2,86,2.98
1950-08-09,UA-48,20.4,0.0,70,2.51
1950-08-09,UA-51,21.2,0.1,65,2.37
1950-08-09,UA-53,16.7,0.2,78,3.27
1950-08-09,UA-56,14.9,0.3,79,2.91
1950-08-09,UA-59,15.1,0.3,83,3.53
1950-08-09,UA-61,15.3,1.6,85,3.22
1950-08-09,UA-63,16.2,0.9,82,3.43
1950-08-09,UA-65,20.8,0.0,67,2.43
1950-08-09,UA-68,15.3,1.3,84,2.94
1950-08-09,UA-71,17.6,1.1,78,2.82
1950-08-09,UA-74,14.1,0.1,78,3.14
1950-08-09,UA-77,17.4,2.5,81,1.91
1950-08-10,UA-05,14.8,0.5,78,2.95
1950-08-10,UA-07,15.3,0.4,78,2.82
1950-08-10,UA-09,19.1,0.0,67,2.44
1950-08-10,UA-12,18.1,0.1,74,2.89
1950-08-10,UA-14,18.9,0.1,67,2.2
1950-08-10,UA-18,14.7,0.0,79,3.38
1950-08-10,UA-21,19.1,0.0,65,3.59
1950-08-10,UA-23,20.3,0.1,71,3.23
1950-08-10,UA-26,15.6,0.2,78,2.13
1950-08-10,UA-30,15.2,0.4,77,3.42
1950-08-10,UA-32,14.9,0.5,78,2.98
1950-08-10,UA-35,17.2,0.0,73,3.3
1950-08-10,UA-40,23.8,0.0,61,4.16
1950-08-10,UA-43,22.1,0.0,56,2.74
1950-08-10,UA-46,14.6,0.3,81,2.67
1950-08-10,UA-48,20.4,0.1,66,3.41
1950-08-10,UA-51,21.3,0.0,60,3.87
1950-08-10,UA-53,15.6,0.4,77,2.68
1950-08-10,UA-56,15.3,0.3,77,3.0
1950-08-10,UA-59,14.1,0.3,83,2.87
1950-08-10,UA-61,14.6,0.4,78,2.77
1950-08-10,UA-63,15.8,0.4,77,2.72
1950-08-10,UA-65,21.2,0.1,64,3.23
1950-08-10,UA-68,14.3,0.5,80,3.0
1950-08-10,UA-71,15.8,0.2,80,3.06
1950-08-10,UA-74,15.4,0.2,77,3.46
1950-08-10,UA-77,16.5,0.0,75,2.38
1950-08-11,UA-05,15.9,0.1,67,3.16
1950-08-11,UA-07,17.3,0.4,76,2.27
1950-08-11,UA-09,17.0,0.6,65,3.46
1950-08-11,UA-12,16.4,0.1,64,4.14
1950-08-11,UA-14,16.6,0.1,62,3.64
1950-08-11,UA-18,15.5,0.0,72,3.05
1950-08-11,UA-21,20.1,0.0,63,2.2
1950-08-11,UA-23,18.0,0.0,64,5.48
1950-08-11,UA-26,16.8,0.4,75,2.24
1950-08-11,UA-30,15.6,0.1,70,3.45
1950-08-11,UA-32,15.6,0.2,67,3.21
1950-08-11,UA-35,16.5,0.1,63,4.06
1950-08-11,UA-40,22.4,0.0,59,7.2
1950-08-11,UA-43,20.0,0.0,58,4.23
1950-08-11,UA-46,16.9,0.4,77,1.99
1950-08-11,UA-48,18.9,0.0,56,4.74
1950-08-11,UA-51,19.7,0.0,50,5.48
1950-08-11,UA-53,14.8,0.0,65,3.94
1950-08-11,UA-56,17.0,0.4,75,2.69
1950-08-11,UA-59,13.5,0.1,74,3.54
1950-08-11,UA-61,16.8,0.2,71,2.83
1950-08-11,UA-63,14.7,0.0,69,3.62
1950-08-11,UA-65,19.1,0.0,52,4.6
1950-08-11,UA-68,16.0,0.1,72,3.1
1950-08-11,UA-71,15.8,0.0,69,3.52
1950-08-11,UA-74,14.9,0.1,71,3.47
1950-08-11,UA-77,17.5,0.4,68,3.15
1950-08-12,UA-05,16.0,0.3,71,2.86
1950-08-12,UA-07,18.5,0.2,73,2.62
1950-08-12,UA-09,16.3,0.0,60,3.39
1950-08-12,UA-12,15.5,0.0,66,3.14
1950-08-12,UA-14,15.8,0.0,55,3.22
1950-08-12,UA-18,15.5,0.4,75,2.93
1950-08-12,UA-21,20.6,0.0,66,1.72
1950-08-12,UA-23,17.1,0.0,62,4.07
1950-08-12,UA-26,18.4,0.6,72,3.04
1950-08-12,UA-30,15.1,0.0,74,2.52
1950-08-12,UA-32,15.7,0.4,70,2.55
1950-08-12,UA-35,16.2,0.1,62,3.01
1950-08-12,UA-40,20.5,0.0,52,6.5
1950-08-12,UA-43,17.5,0.0,51,3.25
1950-08-12,UA-46,18.5,0.0,75,2.53
1950-08-12,UA-48,18.0,0.0,55,3.48
1950-08-12,UA-51,19.3,0.0,46,3.96
1950-08-12,UA-53,14.3,0.0,69,2.84
1950-08-12,UA-56,17.8,0.1,78,2.53
1950-08-12,UA-59,12.7,1.4,81,2.59
1950-08-12,UA-61,18.2,0.2,70,3.12
1950-08-12,UA-63,14.1,0.0,70,2.7
1950-08-12,UA-65,18.0,0.1,50,3.36
1950-08-12,UA-68,16.7,0.4,79,2.84
1950-08-12,UA-71,15.8,0.0,71,2.57
1950-08-12,UA-74,13.5,0.7,78,2.42
1950-08-12,UA-77,18.3,1.4,71,3.43
1950-08-13,UA-05,15.9,3.5,81,2.5
1950-08-13,UA-07,16.6,5.3,87,2.75
1950-08-13,UA-09,16.1,0.1,62,2.76
1950-08-13,UA-12,15.9,0.1,75,2.3
1950-08-13,UA-14,15.5,0.2,61,2.64
1950-08-13,UA-18,15.0,0.7,78,2.25
1950-08-13,UA-21,19.6,0.7,74,1.77
1950-08-13,UA-23,17.8,0.2,67,2.94
1950-08-13,UA-26,17.7,4.2,76,3.49
1950-08-13,UA-30,14.7,0.1,75,2.21
1950-08-13,UA-32,15.0,0.5,75,1.95
1950-08-13,UA-35,16.8,0.4,65,2.33
1950-08-13,UA-40,21.0,0.0,53,3.81
1950-08-13,UA-43,18.3,0.0,57,2.44
1950-08-13,UA-46,17.1,7.6,81,3.56
1950-08-13,UA-48,19.3,0.5,63,2.55
1950-08-13,UA-51,20.6,0.4,50,3.11
1950-08-13,UA-53,14.3,0.5,71,2.79
1950-08-13,UA-56,16.7,1.9,84,2.51
1950-08-13,UA-59,12.6,0.3,78,2.69
1950-08-13,UA-61,16.8,4.3,80,3.51
1950-08-13,UA-63,13.6,0.5,76,2.69
1950-08-13,UA-65,19.2,0.1,58,2.93
1950-08-13,UA-68,16.3,5.2,83,3.02
1950-08-13,UA-71,15.4,0.3,76,2.05
1950-08-13,UA-74,14.3,2.1,81,2.65
1950-08-13,UA-77,18.4,2.8,71,3.73
1950-08-14,UA-05,17.0,0.3,73,2.57
1950-08-14,UA-07,17.8,0.0,80,2.76
1950-08-14,UA-09,18.6,0.1,56,3.24
1950-08-14,UA-12,18.3,0.0,66,2.82
1950-08-14,UA-14,17.7,0.0,60,2.41
1950-08-14,UA-18,16.4,0.0,68,3.32
1950-08-14,UA-21,20.8,0.0,69,1.64
1950-08-14,UA-23,20.3,0.0,61,2.84
1950-08-14,UA-26,18.2,0.4,75,2.72
1950-08-14,UA-30,16.9,0.1,69,4.05
1950-08-14,UA-32,16.9,0.0,66,3.22
1950-08-14,UA-35,18.8,0.0,58,2.74
1950-08-14,UA-40,22.2,0.0,66,3.03
1950-08-14,UA-43,20.4,0.3,68,2.93
1950-08-14,UA-46,17.9,0.3,78,2.37
1950-08-14,UA-48,20.5,0.0,65,2.69
1950-08-14,UA-51,21.6,0.0,57,2.66
1950-08-14,UA-53,16.7,0.1,68,4.16
1950-08-14,UA-56,17.8,0.1,78,2.98
1950-08-14,UA-59,15.0,0.5,79,5.13
1950-08-14,UA-61,17.6,1.3,79,2.97
1950-08-14,UA-63,16.3,0.0,70,4.59
1950-08-14,UA-65,20.8,0.1,62,2.53
1950-08-14,UA-68,16.8,0.6,82,2.48
1950-08-14,UA-71,17.7,0.0,69,3.51
1950-08-14,UA-74,16.2,0.1,75,4.71
1950-08-14,UA-77,18.8,0.3,73,2.88
1950-08-15,UA-05,19.8,0.0,68,2.05
1950-08-15,UA-07,19.5,0.4,78,2.11
1950-08-15,UA-09,19.6,0.0,58,3.45
1950-08-15,UA-12,20.3,0.0,66,3.11
1950-08-15,UA-14,18.7,0.0,62,2.8
1950-08-15,UA-18,19.5,0.8,76,2.88
1950-08-15,UA-21,21.9,0.1,66,1.51
1950-08-15,UA-23,21.7,0.0,59,2.86
1950-08-15,UA-26,19.7,0.0,67,1.51
1950-08-15,UA-30,18.9,0.6,78,3.12
1950-08-15,UA-32,20.0,0.2,69,2.63
1950-08-15,UA-35,20.8,0.0,61,2.54
1950-08-15,UA-40,23.3,0.0,64,3.93
1950-08-15,UA-43,21.9,0.0,55,2.1
1950-08-15,UA-46,19.4,0.0,73,1.8
1950-08-15,UA-48,22.2,0.0,56,2.09
1950-08-15,UA-51,22.5,0.0,57,1.83
1950-08-15,UA-53,18.7,0.1,70,3.5
1950-08-15,UA-56,19.9,1.0,75,2.33
1950-08-15,UA-59,17.3,0.2,74,4.64
1950-08-15,UA-61,19.7,0.0,67,1.54
1950-08-15,UA-63,18.2,0.0,70,4.21
1950-08-15,UA-65,22.3,0.0,51,2.01
1950-08-15,UA-68,19.4,0.0,71,1.85
1950-08-15,UA-71,19.7,0.0,73,2.94
1950-08-15,UA-74,18.0,0.2,79,3.64
1950-08-15,UA-77,20.0,0.0,68,1.36
1950-08-16,UA-05,21.2,0.1,69,1.44
1950-08-16,UA-07,18.1,0.5,84,1.22
1950-08-16,UA-09,21.0,0.0,62,2.51
1950-08-16,UA-12,21.4,0.4,74,2.02
1950-08-16,UA-14,20.5,0.0,65,1.92
1950-08-16,UA-18,19.0,0.8,83,1.67
1950-08-16,UA-21,22.4,0.0,68,1.57
1950-08-16,UA-23,22.5,0.0,70,1.92
1950-08-16,UA-26,19.5,0.2,78,1.34
1950-08-16,UA-30,18.8,6.5,88,1.79
1950-08-16,UA-32,20.0,4.4,82,1.35
1950-08-16,UA-35,22.0,1.4,73,1.49
1950-08-16,UA-40,24.3,0.0,65,3.11
1950-08-16,UA-43,23.3,0.0,53,2.09
1950-08-16,UA-46,18.6,0.4,82,1.24
1950-08-16,UA-48,23.7,0.0,58,1.67
1950-08-16,UA-51,23.7,0.0,56,2.4
1950-08-16,UA-53,19.5,0.9,80,2.24
1950-08-16,UA-56,18.5,0.8,84,1.57
1950-08-16,UA-59,18.2,0.3,81,2.92
1950-08-16,UA-61,18.9,0.5,80,1.32
1950-08-16,UA-63,19.4,0.3,77,2.82
1950-08-16,UA-65,23.8,0.0,55,1.74
1950-08-16,UA-68,19.5,0.2,76,1.28
1950-08-16,UA-71,20.4,3.0,84,1.46
1950-08-16,UA-74,18.7,2.2,84,2.21
1950-08-16,UA-77,20.3,0.0,71,1.33
1950-08-17,UA-05,18.6,1.0,84,1.67
1950-08-17,UA-07,18.3,0.0,82,2.19
1950-08-17,UA-09,20.8,0.0,63,2.51
1950-08-17,UA-12,21.1,1.2,77,1.99
1950-08-17,UA-14,20.6,0.2,65,2.23
1950-08-17,UA-18,18.0,0.3,80,1.99
1950-08-17,UA-21,23.6,0.0,56,2.22
1950-08-17,UA-23,22.3,1.2,74,2.29
1950-08-17,UA-26,20.0,0.9,79,2.17
1950-08-17,UA-30,18.9,0.0,77,1.95
1950-08-17,UA-32,18.8,0.5,81,1.8
1950-08-17,UA-35,20.6,1.3,81,1.85
1950-08-17,UA-40,24.6,0.0,68,3.0
1950-08-17,UA-43,23.9,0.0,55,1.25
1950-08-17,UA-46,19.6,1.3,80,2.51
1950-08-17,UA-48,24.0,0.1,61,1.97
1950-08-17,UA-51,23.7,0.1,59,2.02
1950-08-17,UA-53,19.6,0.0,73,2.19
1950-08-17,UA-56,18.5,0.1,81,1.83
1950-08-17,UA-59,17.4,0.3,79,2.38
1950-08-17,UA-61,18.8,1.6,81,1.78
1950-08-17,UA-63,18.7,0.3,74,2.38
1950-08-17,UA-65,24.1,0.1,58,2.24
1950-08-17,UA-68,17.9,2.2,86,1.77
1950-08-17,UA-71,19.9,10.1,80,1.87
1950-08-17,UA-74,18.4,0.0,76,2.11
1950-08-17,UA-77,20.2,2.7,77,1.25
1950-08-18,UA-05,19.6,0.0,69,1.9
1950-08-18,UA-07,19.9,0.1,73,3.13
1950-08-18,UA-09,19.5,0.0,62,2.49
1950-08-18,UA-12,20.8,0.0,67,2.52
1950-08-18,UA-14,20.1,0.0,58,2.52
1950-08-18,UA-18,18.7,0.4,76,1.98
1950-08-18,UA-21,24.1,0.1,54,2.2
1950-08-18,UA-23,21.9,0.0,64,3.45
1950-08-18,UA-26,20.2,0.2,79,3.09
1950-08-18,UA-30,19.4,0.0,74,1.85
1950-08-18,UA-32,19.4,0.3,74,1.77
1950-08-18,UA-35,20.7,1.3,70,2.49
1950-08-18,UA-40,24.5,0.5,70,2.24
1950-08-18,UA-43,22.4,5.0,70,1.91
1950-08-18,UA-46,20.2,0.2,79,3.59
1950-08-18,UA-48,22.7,2.4,69,2.78
1950-08-18,UA-51,22.6,2.6,72,2.74
1950-08-18,UA-53,19.2,0.8,73,2.54
1950-08-18,UA-56,19.8,0.0,71,2.6
1950-08-18,UA-59,17.7,2.1,83,2.29
1950-08-18,UA-61,19.8,0.2,75,2.91
1950-08-18,UA-63,18.4,2.2,79,2.35
1950-08-18,UA-65,22.4,4.5,70,2.55
1950-08-18,UA-68,19.0,0.2,74,2.2
1950-08-18,UA-71,20.2,0.0,74,1.89
1950-08-18,UA-74,18.8,0.3,78,1.8
1950-08-18,UA-77,20.1,0.0,79,2.12
1950-08-19,UA-05,20.5,1.7,69,1.77
1950-08-19,UA-07,18.0,14.3,88,2.37
1950-08-19,UA-09,19.3,0.0,64,2.33
1950-08-19,UA-12,20.8,0.1,71,2.14
1950-08-19,UA-14,19.5,0.0,60,2.02
1950-08-19,UA-18,20.1,1.1,69,2.13
1950-08-19,UA-21,22.1,0.0,65,1.82
1950-08-19,UA-23,21.8,0.0,66,2.69
1950-08-19,UA-26,19.1,3.9,82,1.61
1950-08-19,UA-30,20.2,0.2,71,1.44
1950-08-19,UA-32,20.8,0.0,66,1.64
1950-08-19,UA-35,20.8,0.4,70,1.85
1950-08-19,UA-40,24.3,0.0,65,2.3
1950-08-19,UA-43,22.6,0.0,60,2.57
1950-08-19,UA-46,18.0,6.1,90,2.05
1950-08-19,UA-48,23.2,0.0,58,2.05
1950-08-19,UA-51,22.8,0.0,62,2.36
1950-08-19,UA-53,19.7,0.2,72,2.18
1950-08-19,UA-56,19.1,6.0,81,2.3
1950-08-19,UA-59,18.4,0.4,79,2.12
1950-08-19,UA-61,18.9,1.8,79,2.05
1950-08-19,UA-63,19.3,0.5,75,2.03
1950-08-19,UA-65,22.9,0.0,55,2.14
1950-08-19,UA-68,19.3,10.1,78,1.97
1950-08-19,UA-71,20.8,0.0,74,1.19
1950-08-19,UA-74,19.4,0.0,76,1.69
1950-08-19,UA-77,20.5,3.0,76,1.49
1950-08-20,UA-05,18.6,1.8,83,1.82
1950-08-20,UA-07,17.7,0.0,77,3.43
1950-08-20,UA-09,20.0,0.0,58,2.1
1950-08-20,UA-12,21.3,0.3,67,1.78
1950-08-20,UA-14,20.2,0.0,56,1.93
1950-08-20,UA-18,17.4,5.0,88,1.69
1950-08-20,UA-21,21.1,0.3,59,3.35
1950-08-20,UA-23,22.6,0.0,61,2.42
1950-08-20,UA-26,18.1,0.6,80,2.83
1950-08-20,UA-30,17.8,7.2,83,1.73
1950-08-20,UA-32,18.6,3.9,81,1.5
1950-08-20,UA-35,21.0,0.8,67,1.85
1950-08-20,UA-40,24.3,0.0,65,1.78
1950-08-20,UA-43,23.2,0.0,54,2.48
1950-08-20,UA-46,17.0,0.4,80,2.45
1950-08-20,UA-48,24.1,0.0,59,1.92
1950-08-20,UA-51,23.3,0.3,66,2.0
1950-08-20,UA-53,19.8,0.1,67,1.54
1950-08-20,UA-56,18.0,0.4,78,3.33
1950-08-20,UA-59,18.4,0.0,70,1.59
1950-08-20,UA-61,17.7,0.0,75,3.13
1950-08-20,UA-63,19.8,0.0,64,1.58
1950-08-20,UA-65,24.0,0.0,56,1.56
1950-08-20,UA-68,17.7,0.5,80,2.88
1950-08-20,UA-71,19.2,2.4,80,1.89
1950-08-20,UA-74,18.4,0.5,76,2.21
1950-08-20,UA-77,19.0,0.5,77,2.98
1950-08-21,UA-05,17.2,0.0,69,3.74
1950-08-21,UA-07,16.8,0.0,68,4.12
1950-08-21,UA-09,21.3,0.0,50,1.99
1950-08-21,UA-12,21.1,0.6,61,1.69
1950-08-21,UA-14,20.7,0.0,46,1.5
1950-08-21,UA-18,16.4,0.0,75,4.08
1950-08-21,UA-21,19.6,0.0,54,3.01
1950-08-21,UA-23,22.3,1.0,56,1.99
1950-08-21,UA-26,16.7,0.1,66,3.64
1950-08-21,UA-30,16.9,0.0,80,3.4
1950-08-21,UA-32,17.3,0.0,76,3.74
1950-08-21,UA-35,18.4,8.2,79,2.65
1950-08-21,UA-40,24.1,0.4,63,4.06
1950-08-21,UA-43,22.6,0.0,51,2.2
1950-08-21,UA-46,16.2,0.0,68,3.1
1950-08-21,UA-48,20.1,7.3,77,2.82
1950-08-21,UA-51,18.6,10.1,84,3.74
1950-08-21,UA-53,19.1,1.6,66,1.77
1950-08-21,UA-56,17.0,0.0,66,4.4
1950-08-21,UA-59,18.3,3.1,73,1.97
1950-08-21,UA-61,16.8,0.0,63,4.05
1950-08-21,UA-63,20.2,0.0,62,1.96
1950-08-21,UA-65,21.3,5.6,67,2.52
1950-08-21,UA-68,16.7,0.0,66,4.08
1950-08-21,UA-71,17.8,3.2,83,2.5
1950-08-21,UA-74,16.8,1.5,81,2.52
1950-08-21,UA-77,18.0,0.2,63,4.43
1950-08-22,UA-05,17.2,0.0,63,4.61
1950-08-22,UA-07,17.2,0.0,71,2.92
1950-08-22,UA-09,21.3,0.0,51,2.42
1950-08-22,UA-12,18.1,5.2,87,3.48
1950-08-22,UA-14,20.5,0.0,51,1.19
1950-08-22,UA-18,17.1,0.0,67,5.02
1950-08-22,UA-21,19.9,0.0,59,1.41
1950-08-22,UA-23,19.4,5.8,83,4.05
1950-08-22,UA-26,17.0,0.0,68,2.92
1950-08-22,UA-30,16.4,2.7,78,5.01
1950-08-22,UA-32,16.6,2.5,73,4.73
1950-08-22,UA-35,17.6,0.8,75,4.59
1950-08-22,UA-40,20.8,5.3,76,5.09
1950-08-22,UA-43,18.8,6.0,77,1.84
1950-08-22,UA-46,17.3,0.0,71,2.1
1950-08-22,UA-48,18.9,0.7,72,5.49
1950-08-22,UA-51,19.2,0.1,62,6.03
1950-08-22,UA-53,16.8,5.9,88,3.34
1950-08-22,UA-56,17.4,0.0,68,3.42
1950-08-22,UA-59,17.0,5.5,89,2.82
1950-08-22,UA-61,16.9,0.0,66,3.28
1950-08-22,UA-63,17.8,5.5,85,2.24
1950-08-22,UA-65,18.8,4.9,73,4.94
1950-08-22,UA-68,16.7,0.0,67,3.96
1950-08-22,UA-71,17.2,0.8,78,4.33
1950-08-22,UA-74,16.5,0.5,78,4.69
1950-08-22,UA-77,17.8,0.0,60,3.96
1950-08-23,UA-05,18.4,0.0,66,2.2
1950-08-23,UA-07,19.7,0.0,69,1.79
1950-08-23,UA-09,20.0,1.6,68,2.6
1950-08-23,UA-12,19.2,0.1,71,4.4
1950-08-23,UA-14,19.0,0.7,72,3.2
1950-08-23,UA-18,18.0,0.1,71,2.43
1950-08-23,UA-21,21.5,0.0,56,1.79
1950-08-23,UA-23,19.4,0.5,74,4.99
1950-08-23,UA-26,19.2,0.0,67,1.67
1950-08-23,UA-30,17.7,0.0,77,2.89
1950-08-23,UA-32,18.1,0.2,70,2.57
1950-08-23,UA-35,19.1,0.0,64,3.52
1950-08-23,UA-40,21.7,0.0,67,6.23
1950-08-23,UA-43,19.6,1.5,69,2.8
1950-08-23,UA-46,19.3,0.0,70,2.21
1950-08-23,UA-48,20.1,0.0,60,3.77
1950-08-23,UA-51,20.1,0.0,52,3.94
1950-08-23,UA-53,18.3,0.0,71,3.84
1950-08-23,UA-56,19.4,0.0,68,1.89
1950-08-23,UA-59,16.8,0.4,81,3.66
1950-08-23,UA-61,19.0,0.0,66,2.01
1950-08-23,UA-63,18.0,0.1,77,3.89
1950-08-23,UA-65,20.2,0.0,58,3.59
1950-08-23,UA-68,18.1,0.0,69,1.91
1950-08-23,UA-71,18.5,0.1,73,3.27
1950-08-23,UA-74,16.9,2.8,81,3.12
1950-08-23,UA-77,19.2,0.0,62,1.6
1950-08-24,UA-05,18.9,0.2,61,3.82
1950-08-24,UA-07,17.5,0.0,71,3.14
1950-08-24,UA-09,16.9,8.3,76,4.05
1950-08-24,UA-12,17.9,1.6,71,4.4
1950-08-24,UA-14,16.4,2.5,75,4.0
1950-08-24,UA-18,17.0,0.0,68,4.25
1950-08-24,UA-21,23.0,0.0,55,1.77
1950-08-24,UA-23,19.2,0.9,71,4.76
1950-08-24,UA-26,19.7,0.3,67,2.86
1950-08-24,UA-30,16.3,0.1,70,5.04
1950-08-24,UA-32,17.8,0.1,65,4.22
1950-08-24,UA-35,19.3,1.0,61,4.34
1950-08-24,UA-40,22.2,0.0,62,3.67
1950-08-24,UA-43,20.5,0.1,62,2.49
1950-08-24,UA-46,19.1,0.0,70,2.81
1950-08-24,UA-48,22.1,0.1,56,3.73
1950-08-24,UA-51,22.9,0.0,50,3.58
1950-08-24,UA-53,15.5,8.4,74,4.64
1950-08-24,UA-56,17.7,0.0,69,3.39
1950-08-24,UA-59,13.3,4.3,85,4.97
1950-08-24,UA-61,18.8,0.3,70,3.09
1950-08-24,UA-63,14.2,5.3,84,4.63
1950-08-24,UA-65,21.8,0.0,56,3.99
1950-08-24,UA-68,18.0,0.2,69,3.41
1950-08-24,UA-71,17.6,0.4,69,4.71
1950-08-24,UA-74,14.5,0.5,73,5.52
1950-08-24,UA-77,21.4,0.0,59,3.16
1950-08-25,UA-05,13.9,0.1,59,2.54
1950-08-25,UA-07,14.8,0.1,62,2.41
1950-08-25,UA-09,12.7,1.0,64,7.7
1950-08-25,UA-12,13.8,0.0,57,6.41
1950-08-25,UA-14,12.3,0.1,61,6.37
1950-08-25,UA-18,13.0,0.1,66,2.91
1950-08-25,UA-21,23.6,0.0,58,1.37
1950-08-25,UA-23,15.0,0.0,58,7.0
1950-08-25,UA-26,17.0,0.0,57,3.25
1950-08-25,UA-30,13.3,0.0,64,3.91
1950-08-25,UA-32,13.2,0.0,62,3.34
1950-08-25,UA-35,13.9,0.0,56,4.4
1950-08-25,UA-40,19.8,0.4,54,6.48
1950-08-25,UA-43,16.6,0.8,54,3.17
1950-08-25,UA-46,16.5,0.0,60,3.41
1950-08-25,UA-48,16.1,0.0,52,4.26
1950-08-25,UA-51,17.3,0.0,44,4.45
1950-08-25,UA-53,12.6,0.0,60,6.36
1950-08-25,UA-56,14.5,0.7,62,1.68
1950-08-25,UA-59,11.5,0.0,70,6.29
1950-08-25,UA-61,15.2,0.0,56,2.36
1950-08-25,UA-63,12.4,0.0,66,6.92
1950-08-25,UA-65,16.0,0.0,47,4.18
1950-08-25,UA-68,13.8,0.0,63,1.71
1950-08-25,UA-71,13.8,0.0,63,4.5
1950-08-25,UA-74,12.6,0.0,65,4.45
1950-08-25,UA-77,16.8,0.0,54,2.14
1950-08-26,UA-05,15.0,0.3,61,1.64
1950-08-26,UA-07,15.0,0.8,63,3.48
1950-08-26,UA-09,11.5,0.0,54,5.13
1950-08-26,UA-12,13.4,0.0,60,3.54
1950-08-26,UA-14,11.2,0.0,57,4.08
1950-08-26,UA-18,13.8,0.0,67,1.83
1950-08-26,UA-21,24.3,0.0,51,2.11
1950-08-26,UA-23,14.9,0.0,59,4.27
1950-08-26,UA-26,17.5,0.2,54,3.37
1950-08-26,UA-30,13.0,0.1,70,1.82
1950-08-26,UA-32,14.0,0.2,65,1.7
1950-08-26,UA-35,14.7,0.0,61,2.34
1950-08-26,UA-40,19.9,0.0,47,4.18
1950-08-26,UA-43,16.7,0.0,50,1.99
1950-08-26,UA-46,16.9,1.0,61,3.36
1950-08-26,UA-48,17.2,0.0,58,1.96
1950-08-26,UA-51,18.1,0.0,54,2.21
1950-08-26,UA-53,12.2,0.0,60,3.4
1950-08-26,UA-56,15.0,0.0,62,3.06
1950-08-26,UA-59,10.9,0.0,66,3.83
1950-08-26,UA-61,15.5,0.5,55,3.38
1950-08-26,UA-63,11.4,0.0,62,4.42
1950-08-26,UA-65,17.0,0.0,53,2.03
1950-08-26,UA-68,14.4,0.4,61,2.5
1950-08-26,UA-71,14.1,0.0,68,2.21
1950-08-26,UA-74,11.4,0.0,70,2.24
1950-08-26,UA-77,17.9,0.0,47,2.79
1950-08-27,UA-05,17.4,0.0,57,2.64
1950-08-27,UA-07,16.9,0.0,65,3.5
1950-08-27,UA-09,11.8,0.0,55,3.48
1950-08-27,UA-12,14.0,0.0,64,2.36
1950-08-27,UA-14,11.9,0.0,58,2.73
1950-08-27,UA-18,15.4,0.0,64,2.57
1950-08-27,UA-21,24.4,0.6,54,1.86
1950-08-27,UA-23,15.7,0.0,59,2.85
1950-08-27,UA-26,19.2,0.1,61,3.32
1950-08-27,UA-30,14.1,0.0,68,1.77
1950-08-27,UA-32,15.5,0.0,63,1.96
1950-08-27,UA-35,16.1,0.0,61,1.79
1950-08-27,UA-40,20.8,0.0,56,2.71
1950-08-27,UA-43,18.0,0.0,55,1.78
1950-08-27,UA-46,18.7,0.0,63,3.31
1950-08-27,UA-48,19.7,0.0,53,1.58
1950-08-27,UA-51,20.9,0.0,62,2.47
1950-08-27,UA-53,12.4,0.0,65,2.31
1950-08-27,UA-56,17.0,0.0,62,3.26
1950-08-27,UA-59,11.5,0.0,69,2.56
1950-08-27,UA-61,17.8,0.0,60,3.03
1950-08-27,UA-63,11.8,0.0,64,2.81
1950-08-27,UA-65,19.3,0.0,51,1.59
1950-08-27,UA-68,17.1,0.0,61,2.72
1950-08-27,UA-71,15.1,0.0,69,1.5
1950-08-27,UA-74,12.6,0.0,72,1.86
1950-08-27,UA-77,19.3,0.5,58,2.27
1950-08-28,UA-05,19.3,0.0,62,2.68
1950-08-28,UA-07,20.0,0.0,66,3.11
1950-08-28,UA-09,13.3,0.0,58,2.93
1950-08-28,UA-12,15.2,0.0,63,1.98
1950-08-28,UA-14,13.0,0.0,59,2.2
1950-08-28,UA-18,17.8,0.0,62,2.78
1950-08-28,UA-21,25.8,0.0,59,1.48
1950-08-28,UA-23,16.5,0.0,58,2.41
1950-08-28,UA-26,21.4,0.0,70,3.2
1950-08-28,UA-30,16.2,0.0,64,2.09
1950-08-28,UA-32,17.7,0.0,61,2.37
1950-08-28,UA-35,17.3,0.0,57,1.82
1950-08-28,UA-40,22.0,0.0,58,1.62
1950-08-28,UA-43,19.0,0.0,56,2.74
1950-08-28,UA-46,21.2,0.0,71,3.25
1950-08-28,UA-48,19.8,0.0,56,2.19
1950-08-28,UA-51,21.5,0.0,70,2.28
1950-08-28,UA-53,13.8,0.0,66,1.72
1950-08-28,UA-56,19.9,0.0,62,2.9
1950-08-28,UA-59,13.4,0.0,72,1.97
1950-08-28,UA-61,20.5,0.0,67,3.05
1950-08-28,UA-63,13.4,0.0,67,2.44
1950-08-28,UA-65,19.4,0.0,51,2.03
1950-08-28,UA-68,19.5,0.0,66,2.68
1950-08-28,UA-71,16.5,0.0,69,1.93
1950-08-28,UA-74,14.7,0.0,70,1.8
1950-08-28,UA-77,21.5,0.0,68,2.35
1950-08-29,UA-05,22.0,0.0,62,3.83
1950-08-29,UA-07,24.1,0.0,66,4.28
1950-08-29,UA-09,16.2,0.0,56,1.88
1950-08-29,UA-12,18.0,0.0,60,1.66
1950-08-29,UA-14,15.6,0.0,57,1.55
1950-08-29,UA-18,21.7,0.0,62,4.03
1950-08-29,UA-21,27.1,0.0,45,3.16
1950-08-29,UA-23,18.7,0.0,55,1.77
1950-08-29,UA-26,23.9,0.0,65,2.92
1950-08-29,UA-30,20.4,0.0,63,3.7
1950-08-29,UA-32,21.2,0.0,62,3.39
1950-08-29,UA-35,19.5,0.0,56,2.68
1950-08-29,UA-40,21.4,0.0,53,1.79
1950-08-29,UA-43,18.9,0.0,53,3.13
1950-08-29,UA-46,24.3,0.0,63,3.97
1950-08-29,UA-48,20.6,0.0,56,2.16
1950-08-29,UA-51,21.2,0.0,64,2.98
1950-08-29,UA-53,16.7,0.0,61,2.09
1950-08-29,UA-56,23.7,0.0,63,4.62
1950-08-29,UA-59,16.5,0.0,67,2.37
1950-08-29,UA-61,23.4,0.0,64,4.06
1950-08-29,UA-63,16.1,0.0,63,1.58
1950-08-29,UA-65,20.3,0.0,48,1.73
1950-08-29,UA-68,22.1,0.0,65,4.37
1950-08-29,UA-71,19.8,0.0,65,3.2
1950-08-29,UA-74,18.9,0.0,66,3.92
1950-08-29,UA-77,23.4,0.0,65,3.08
1950-08-30,UA-05,20.3,0.0,63,3.11
1950-08-30,UA-07,19.0,0.0,59,4.35
1950-08-30,UA-09,19.7,0.0,49,2.72
1950-08-30,UA-12,20.7,0.0,52,3.23
1950-08-30,UA-14,18.4,0.0,52,2.08
1950-08-30,UA-18,19.8,0.0,62,3.92
1950-08-30,UA-21,22.9,0.0,46,3.42
1950-08-30,UA-23,20.7,0.0,57,2.76
1950-08-30,UA-26,19.8,0.0,61,3.51
1950-08-30,UA-30,20.1,0.1,66,4.18
1950-08-30,UA-32,20.3,0.0,65,3.6
1950-08-30,UA-35,21.6,0.0,57,3.44
1950-08-30,UA-40,21.7,0.0,59,2.38
1950-08-30,UA-43,19.6,0.0,50,2.12
1950-08-30,UA-46,18.8,0.0,60,3.71
1950-08-30,UA-48,20.5,0.0,59,2.47
1950-08-30,UA-51,21.4,0.0,60,3.04
1950-08-30,UA-53,20.6,0.0,57,4.03
1950-08-30,UA-56,19.5,0.0,59,4.39
1950-08-30,UA-59,20.5,0.0,67,5.19
1950-08-30,UA-61,19.4,0.0,59,3.85
1950-08-30,UA-63,20.7,0.0,58,4.21
1950-08-30,UA-65,20.1,0.0,56,1.99
1950-08-30,UA-68,19.3,0.0,63,3.42
1950-08-30,UA-71,21.3,0.0,66,3.91
1950-08-30,UA-74,20.0,0.0,67,5.05
1950-08-30,UA-77,21.2,0.0,63,3.27
1950-08-31,UA-05,17.3,0.0,57,2.17
1950-08-31,UA-07,15.7,0.0,61,2.95
1950-08-31,UA-09,20.2,0.0,53,3.37
1950-08-31,UA-12,20.2,0.0,58,3.07
1950-08-31,UA-14,19.4,0.0,54,2.7
1950-08-31,UA-18,16.3,0.0,57,3.27
1950-08-31,UA-21,21.1,0.0,42,2.89
1950-08-31,UA-23,21.4,0.0,57,3.16
1950-08-31,UA-26,16.9,0.0,56,1.48
1950-08-31,UA-30,16.7,0.0,60,3.55
1950-08-31,UA-32,17.8,0.0,56,2.66
1950-08-31,UA-35,19.7,0.0,58,2.25
1950-08-31,UA-40,22.5,0.0,61,1.86
1950-08-31,UA-43,21.7,0.0,45,1.98
1950-08-31,UA-46,16.4,0.0,57,2.01
1950-08-31,UA-48,22.2,0.0,57,2.29
1950-08-31,UA-51,22.6,0.0,63,2.16
1950-08-31,UA-53,18.3,0.0,61,3.23
1950-08-31,UA-56,16.1,0.0,58,3.05
1950-08-31,UA-59,17.4,0.0,62,4.03
1950-08-31,UA-61,16.4,0.0,55,2.22
1950-08-31,UA-63,18.8,0.0,62,3.48
1950-08-31,UA-65,22.0,0.0,53,2.05
1950-08-31,UA-68,16.2,0.0,58,2.31
1950-08-31,UA-71,18.7,0.0,64,2.69
1950-08-31,UA-74,16.4,0.0,59,4.21
1950-08-31,UA-77,19.4,0.0,52,1.37
1950-09-01,UA-05,19.5,2.2,64,2.28
1950-09-01,UA-07,17.8,3.3,63,2.48
1950-09-01,UA-09,19.1,0.0,54,2.02
1950-09-01,UA-12,20.1,0.0,55,1.96
1950-09-01,UA-14,18.3,0.0,54,1.83
1950-09-01,UA-18,18.4,0.1,61,1.72
1950-09-01,UA-21,22.0,1.0,61,2.02
1950-09-01,UA-23,21.0,0.0,54,2.3
1950-09-01,UA-26,19.5,0.7,67,2.5
1950-09-01,UA-30,18.3,0.0,61,2.05
1950-09-01,UA-32,20.0,1.2,58,1.77
1950-09-01,UA-35,21.0,0.0,54,2.26
1950-09-01,UA-40,23.4,0.0,73,1.68
1950-09-01,UA-43,23.0,0.0,46,2.66
1950-09-01,UA-46,18.5,5.5,69,2.29
1950-09-01,UA-48,23.1,0.0,55,2.08
1950-09-01,UA-51,22.4,0.0,65,2.47
1950-09-01,UA-53,18.3,0.0,58,1.97
1950-09-01,UA-56,18.5,0.0,61,2.15
1950-09-01,UA-59,16.9,0.0,63,2.32
1950-09-01,UA-61,19.3,0.0,63,2.72
1950-09-01,UA-63,17.6,0.0,61,2.29
1950-09-01,UA-65,23.5,0.0,47,1.83
1950-09-01,UA-68,19.0,0.0,66,2.39
1950-09-01,UA-71,20.5,0.0,62,2.35
1950-09-01,UA-74,17.2,0.0,63,2.02
1950-09-01,UA-77,20.1,0.0,72,2.15
1950-09-02,UA-05,21.1,1.8,66,3.55
1950-09-02,UA-07,14.3,13.3,88,2.96
1950-09-02,UA-09,21.0,0.0,48,2.33
1950-09-02,UA-12,23.0,0.0,45,3.57
1950-09-02,UA-14,20.4,0.0,49,2.21
1950-09-02,UA-18,19.6,7.0,75,3.84
1950-09-02,UA-21,18.9,1.0,74,3.58
1950-09-02,UA-23,23.1,0.0,50,3.17
1950-09-02,UA-26,17.7,0.5,78,3.68
1950-09-02,UA-30,20.6,7.3,71,4.01
1950-09-02,UA-32,21.4,3.1,67,3.87
1950-09-02,UA-35,23.7,0.2,47,5.29
1950-09-02,UA-40,23.1,0.0,70,1.91
1950-09-02,UA-43,23.1,0.0,44,1.48
1950-09-02,UA-46,15.0,2.9,88,3.06
1950-09-02,UA-48,23.0,0.0,61,3.82
1950-09-02,UA-51,22.6,0.0,75,5.16
1950-09-02,UA-53,21.6,0.4,47,4.64
1950-09-02,UA-56,17.1,19.4,83,3.63
1950-09-02,UA-59,19.5,1.4,58,5.13
1950-09-02,UA-61,18.0,0.4,76,3.71
1950-09-02,UA-63,20.5,0.0,52,3.34
1950-09-02,UA-65,23.5,0.0,49,3.12
1950-09-02,UA-68,19.7,0.1,71,3.78
1950-09-02,UA-71,22.8,2.6,57,5.08
1950-09-02,UA-74,19.1,5.4,76,3.88
1950-09-02,UA-77,20.7,0.8,66,2.85
1950-09-03,UA-05,13.6,8.0,86,3.13
1950-09-03,UA-07,12.6,2.8,81,1.71
1950-09-03,UA-09,23.8,0.0,45,3.31
1950-09-03,UA-12,23.8,0.0,50,2.88
1950-09-03,UA-14,23.3,0.0,44,3.05
1950-09-03,UA-18,13.4,4.5,84,2.39
1950-09-03,UA-21,15.1,2.5,68,3.22
1950-09-03,UA-23,24.1,0.0,57,2.6
1950-09-03,UA-26,12.8,6.5,85,1.64
1950-09-03,UA-30,14.4,9.2,85,2.61
1950-09-03,UA-32,14.7,12.0,85,2.88
1950-09-03,UA-35,22.2,0.0,58,2.55
1950-09-03,UA-40,23.5,0.0,66,1.39
1950-09-03,UA-43,23.6,0.0,48,1.71
1950-09-03,UA-46,13.0,1.5,77,1.69
1950-09-03,UA-48,22.0,0.0,70,2.69
1950-09-03,UA-51,21.9,0.0,77,3.56
1950-09-03,UA-53,22.0,0.0,55,3.02
1950-09-03,UA-56,12.6,6.1,83,1.99
1950-09-03,UA-59,19.0,0.0,67,3.63
1950-09-03,UA-61,12.2,6.0,87,2.03
1950-09-03,UA-63,22.5,0.0,51,2.98
1950-09-03,UA-65,22.3,0.0,62,2.23
1950-09-03,UA-68,12.4,4.6,87,2.71
1950-09-03,UA-71,18.7,4.3,72,2.94
1950-09-03,UA-74,15.1,3.2,79,2.7
1950-09-03,UA-77,12.9,9.0,87,2.82
1950-09-04,UA-05,13.9,3.2,84,2.87
1950-09-04,UA-07,13.9,0.8,76,1.62
1950-09-04,UA-09,22.9,5.5,65,2.66
1950-09-04,UA-12,22.6,2.2,63,2.45
1950-09-04,UA-14,21.8,3.0,72,2.24
1950-09-04,UA-18,14.3,0.0,79,3.02
1950-09-04,UA-21,14.3,0.0,70,2.98
1950-09-04,UA-23,23.3,3.5,72,2.38
1950-09-04,UA-26,14.2,0.2,71,2.68
1950-09-04,UA-30,15.3,3.2,83,3.16
1950-09-04,UA-32,14.8,6.9,86,3.06
1950-09-04,UA-35,17.7,6.8,83,2.31
1950-09-04,UA-40,22.4,0.0,77,2.71
1950-09-04,UA-43,22.5,0.1,62,1.72
1950-09-04,UA-46,13.7,0.5,73,2.48
1950-09-04,UA-48,19.4,1.7,83,3.39
1950-09-04,UA-51,18.1,0.5,76,4.24
1950-09-04,UA-53,19.3,3.6,73,2.23
1950-09-04,UA-56,14.2,0.1,72,2.14
1950-09-04,UA-59,17.6,2.6,78,3.16
1950-09-04,UA-61,13.9,0.0,71,2.39
1950-09-04,UA-63,21.5,0.1,63,2.34
1950-09-04,UA-65,20.0,1.6,79,2.94
1950-09-04,UA-68,13.6,0.0,74,2.6
1950-09-04,UA-71,15.7,13.1,89,3.29
1950-09-04,UA-74,15.6,1.2,77,2.93
1950-09-04,UA-77,14.7,0.0,70,3.22
1950-09-05,UA-05,14.1,0.3,77,2.4
1950-09-05,UA-07,12.4,1.4,83,2.65
1950-09-05,UA-09,21.4,14.7,80,1.74
1950-09-05,UA-12,17.5,0.1,76,3.58
1950-09-05,UA-14,20.8,1.0,77,2.14
1950-09-05,UA-18,13.5,1.0,80,2.51
1950-09-05,UA-21,14.9,0.0,63,2.72
1950-09-05,UA-23,19.4,0.0,74,4.13
1950-09-05,UA-26,13.8,0.0,66,2.97
1950-09-05,UA-30,14.8,0.1,75,2.75
1950-09-05,UA-32,15.0,0.0,72,2.7
1950-09-05,UA-35,16.8,0.0,68,3.79
1950-09-05,UA-40,20.8,0.0,75,5.9
1950-09-05,UA-43,20.0,0.0,66,2.62
1950-09-05,UA-46,12.2,0.9,76,3.08
1950-09-05,UA-48,18.5,0.0,61,4.35
1950-09-05,UA-51,18.4,0.0,60,4.66
1950-09-05,UA-53,15.5,1.8,78,3.33
1950-09-05,UA-56,13.0,1.3,82,2.68
1950-09-05,UA-59,14.5,1.3,81,3.65
1950-09-05,UA-61,13.1,0.6,72,2.86
1950-09-05,UA-63,17.4,11.7,82,2.57
1950-09-05,UA-65,18.4,0.0,61,3.93
1950-09-05,UA-68,13.2,0.0,75,2.68
1950-09-05,UA-71,15.9,0.1,77,3.12
1950-09-05,UA-74,14.5,1.6,82,2.36
1950-09-05,UA-77,14.5,0.4,66,2.92
1950-09-06,UA-05,13.6,0.3,73,2.52
1950-09-06,UA-07,14.3,0.1,74,2.48
1950-09-06,UA-09,18.7,0.6,81,3.72
1950-09-06,UA-12,17.0,0.0,67,3.68
1950-09-06,UA-14,17.2,0.0,74,3.47
1950-09-06,UA-18,13.3,0.8,78,2.82
1950-09-06,UA-21,16.5,0.0,60,1.59
1950-09-06,UA-23,18.2,0.0,64,4.88
1950-09-06,UA-26,14.6,0.0,66,2.14
1950-09-06,UA-30,13.8,0.6,81,2.76
1950-09-06,UA-32,13.7,0.1,78,2.56
1950-09-06,UA-35,15.4,1.0,71,2.82
1950-09-06,UA-40,21.5,0.0,57,6.7
1950-09-06,UA-43,19.2,0.0,52,3.2
1950-09-06,UA-46,15.0,0.1,70,2.12
1950-09-06,UA-48,18.3,0.0,57,3.53
1950-09-06,UA-51,18.4,0.0,51,4.14
1950-09-06,UA-53,14.4,2.7,78,2.47
1950-09-06,UA-56,13.9,0.3,76,2.73
1950-09-06,UA-59,13.7,3.8,83,1.58
1950-09-06,UA-61,14.0,0.1,68,2.44
1950-09-06,UA-63,15.5,0.0,71,3.02
1950-09-06,UA-65,18.8,0.0,51,3.51
1950-09-06,UA-68,13.2,0.3,74,2.64
1950-09-06,UA-71,14.8,0.8,83,2.92
1950-09-06,UA-74,13.1,2.4,90,2.47
1950-09-06,UA-77,14.6,0.0,65,2.56
1950-09-07,UA-05,15.2,0.0,64,2.55
1950-09-07,UA-07,16.9,0.0,58,4.06
1950-09-07,UA-09,15.6,0.0,61,3.05
1950-09-07,UA-12,15.9,0.0,69,2.73
1950-09-07,UA-14,15.1,0.0,59,2.68
1950-09-07,UA-18,15.6,0.0,65,3.36
1950-09-07,UA-21,18.5,0.1,49,2.61
1950-09-07,UA-23,16.9,0.0,67,3.54
1950-09-07,UA-26,16.2,0.0,62,2.22
1950-09-07,UA-30,15.7,0.0,70,2.63
1950-09-07,UA-32,15.4,0.0,68,2.31
1950-09-07,UA-35,16.0,0.0,68,1.71
1950-09-07,UA-40,20.5,0.0,56,4.65
1950-09-07,UA-43,18.1,0.0,52,2.72
1950-09-07,UA-46,16.8,0.0,55,3.63
1950-09-07,UA-48,17.9,0.0,63,1.91
1950-09-07,UA-51,17.9,0.0,60,2.29
1950-09-07,UA-53,14.5,0.0,71,2.35
1950-09-07,UA-56,16.8,0.0,58,3.91
1950-09-07,UA-59,14.0,0.0,77,2.27
1950-09-07,UA-61,16.1,0.0,59,3.12
1950-09-07,UA-63,14.3,0.0,72,2.48
1950-09-07,UA-65,17.6,0.0,58,2.03
1950-09-07,UA-68,15.5,0.0,62,3.4
1950-09-07,UA-71,15.9,0.0,75,1.66
1950-09-07,UA-74,14.9,0.6,76,3.24
1950-09-07,UA-77,16.3,0.0,64,2.04
1950-09-08,UA-05,16.1,0.0,70,2.99
1950-09-08,UA-07,15.0,0.5,65,3.99
1950-09-08,UA-09,16.7,0.0,61,2.17
1950-09-08,UA-12,18.5,0.0,55,2.82
1950-09-08,UA-14,16.7,0.0,58,2.13
1950-09-08,UA-18,15.0,0.2,73,3.68
1950-09-08,UA-21,17.1,0.2,63,1.52
1950-09-08,UA-23,19.5,0.0,57,3.06
1950-09-08,UA-26,16.1,0.3,67,2.18
1950-09-08,UA-30,16.0,0.0,70,3.86
1950-09-08,UA-32,16.7,0.1,67,3.45
1950-09-08,UA-35,19.0,0.4,56,3.65
1950-09-08,UA-40,20.8,0.0,59,1.76
1950-09-08,UA-43,19.1,0.0,52,1.67
1950-09-08,UA-46,15.7,0.4,63,3.69
1950-09-08,UA-48,19.2,0.0,65,3.23
1950-09-08,UA-51,20.0,0.0,65,4.28
1950-09-08,UA-53,17.6,0.0,57,3.36
1950-09-08,UA-56,15.3,0.6,65,3.48
1950-09-08,UA-59,17.2,2.3,67,4.42
1950-09-08,UA-61,15.5,0.6,67,2.92
1950-09-08,UA-63,17.2,0.0,59,3.15
1950-09-08,UA-65,19.0,0.0,59,2.68
1950-09-08,UA-68,14.9,0.5,75,2.87
1950-09-08,UA-71,18.4,0.8,66,3.38
1950-09-08,UA-74,15.4,0.7,75,4.51
1950-09-08,UA-77,16.6,0.2,69,1.91
1950-09-09,UA-05,14.3,0.0,65,3.45
1950-09-09,UA-07,12.6,0.4,63,4.56
1950-09-09,UA-09,18.3,2.4,61,3.19
1950-09-09,UA-12,17.4,0.8,60,3.04
1950-09-09,UA-14,17.4,0.4,62,2.56
1950-09-09,UA-18,12.9,0.0,64,4.43
1950-09-09,UA-21,15.9,0.1,66,1.9
1950-09-09,UA-23,19.2,1.0,65,3.33
1950-09-09,UA-26,13.6,1.8,69,2.98
1950-09-09,UA-30,13.6,0.0,65,4.32
1950-09-09,UA-32,14.4,0.0,62,3.72
1950-09-09,UA-35,17.1,0.0,59,3.15
1950-09-09,UA-40,21.1,0.0,71,2.75
1950-09-09,UA-43,19.7,0.0,63,2.62
1950-09-09,UA-46,12.7,0.0,65,4.17
1950-09-09,UA-48,20.5,0.0,60,3.04
1950-09-09,UA-51,20.7,0.1,59,3.71
1950-09-09,UA-53,15.8,3.1,64,3.28
1950-09-09,UA-56,12.6,0.3,64,4.43
1950-09-09,UA-59,14.5,0.1,72,4.08
1950-09-09,UA-61,12.7,0.2,65,3.73
1950-09-09,UA-63,15.5,4.2,68,3.19
1950-09-09,UA-65,20.8,0.0,59,2.94
1950-09-09,UA-68,12.8,0.0,66,3.61
1950-09-09,UA-71,15.4,0.1,68,3.54
1950-09-09,UA-74,13.4,0.1,68,4.52
1950-09-09,UA-77,14.9,0.6,67,2.62
1950-09-10,UA-05,13.6,0.2,62,3.47
1950-09-10,UA-07,13.7,0.2,68,3.9
1950-09-10,UA-09,15.4,0.0,55,3.64
1950-09-10,UA-12,15.0,0.0,58,3.54
1950-09-10,UA-14,15.0,0.0,50,3.14
1950-09-10,UA-18,13.2,0.2,62,4.23
1950-09-10,UA-21,17.6,0.4,60,1.35
1950-09-10,UA-23,17.1,0.0,56,3.67
1950-09-10,UA-26,14.8,0.2,66,2.37
1950-09-10,UA-30,13.4,0.0,63,4.56
1950-09-10,UA-32,13.8,0.4,60,3.99
1950-09-10,UA-35,14.7,0.0,54,3.35
1950-09-10,UA-40,20.7,0.0,60,4.83
1950-09-10,UA-43,18.6,0.0,53,2.35
1950-09-10,UA-46,14.7,1.5,64,3.35
1950-09-10,UA-48,17.9,0.0,53,2.93
1950-09-10,UA-51,18.7,0.0,51,2.9
1950-09-10,UA-53,13.8,0.1,57,4.44
1950-09-10,UA-56,13.8,0.2,65,4.02
1950-09-10,UA-59,12.7,1.1,70,5.09
1950-09-10,UA-61,14.0,0.7,63,3.43
1950-09-10,UA-63,13.5,0.3,59,4.44
1950-09-10,UA-65,18.0,0.0,51,2.79
1950-09-10,UA-68,13.4,0.6,63,3.61
1950-09-10,UA-71,14.3,0.3,62,4.1
1950-09-10,UA-74,12.4,2.3,73,5.01
1950-09-10,UA-77,14.8,0.0,66,1.5
1950-09-11,UA-05,15.5,0.2,72,2.68
1950-09-11,UA-07,15.2,0.3,75,2.95
1950-09-11,UA-09,15.3,0.8,57,3.28
1950-09-11,UA-12,15.7,0.3,62,2.95
1950-09-11,UA-14,14.8,0.4,56,2.85
1950-09-11,UA-18,14.1,0.1,74,2.79
1950-09-11,UA-21,19.6,0.1,73,1.2
1950-09-11,UA-23,17.9,0.0,62,3.08
1950-09-11,UA-26,16.9,0.1,73,2.96
1950-09-11,UA-30,14.1,0.0,73,3.07
1950-09-11,UA-32,15.1,0.4,71,2.46
1950-09-11,UA-35,16.4,0.0,64,2.37
1950-09-11,UA-40,21.1,0.1,67,2.86
1950-09-11,UA-43,19.0,0.2,63,2.94
1950-09-11,UA-46,16.1,0.9,80,3.23
1950-09-11,UA-48,19.5,0.2,66,2.34
1950-09-11,UA-51,20.5,0.2,64,2.34
1950-09-11,UA-53,13.9,0.2,66,3.08
1950-09-11,UA-56,14.8,0.2,75,2.81
1950-09-11,UA-59,12.6,0.2,75,3.63
1950-09-11,UA-61,15.8,0.7,74,3.38
1950-09-11,UA-63,13.2,0.3,72,3.32
1950-09-11,UA-65,19.2,0.5,72,2.6
1950-09-11,UA-68,15.1,1.0,75,3.08
1950-09-11,UA-71,15.3,0.0,72,2.61
1950-09-11,UA-74,13.7,0.2,71,3.74
1950-09-11,UA-77,17.6,1.1,73,2.59
1950-09-12,UA-05,18.2,2.7,70,3.13
1950-09-12,UA-07,17.9,2.4,76,4.19
1950-09-12,UA-09,15.8,0.0,61,2.94
1950-09-12,UA-12,18.3,0.0,59,2.43
1950-09-12,UA-14,15.7,0.0,63,2.19
1950-09-12,UA-18,17.5,0.1,72,3.6
1950-09-12,UA-21,21.7,0.0,59,3.41
1950-09-12,UA-23,19.7,0.0,61,2.39
1950-09-12,UA-26,19.0,0.0,70,3.19
1950-09-12,UA-30,17.1,1.0,74,3.06
1950-09-12,UA-32,18.3,0.0,69,3.14
1950-09-12,UA-35,19.2,0.0,61,2.62
1950-09-12,UA-40,21.1,0.0,84,2.37
1950-09-12,UA-43,20.2,0.2,73,2.58
1950-09-12,UA-46,18.8,0.3,70,3.97
1950-09-12,UA-48,20.2,0.0,62,2.4
1950-09-12,UA-51,20.6,0.0,62,3.23
1950-09-12,UA-53,17.0,0.3,62,3.07
1950-09-12,UA-56,18.0,3.0,75,3.92
1950-09-12,UA-59,16.7,1.6,67,3.95
1950-09-12,UA-61,18.8,1.8,71,3.54
1950-09-12,UA-63,16.2,0.1,63,3.36
1950-09-12,UA-65,20.1,0.0,60,2.04
1950-09-12,UA-68,18.0,5.0,72,3.33
1950-09-12,UA-71,18.5,0.0,69,3.0
1950-09-12,UA-74,16.3,0.8,75,3.84
1950-09-12,UA-77,19.9,0.0,69,2.36
1950-09-13,UA-05,15.6,2.1,75,5.4
1950-09-13,UA-07,15.2,0.7,72,5.32
1950-09-13,UA-09,17.3,5.0,72,4.77
1950-09-13,UA-12,17.2,11.4,75,5.33
1950-09-13,UA-14,16.6,2.7,74,4.63
1950-09-13,UA-18,15.3,0.6,76,6.4
1950-09-13,UA-21,16.9,0.0,62,3.09
1950-09-13,UA-23,18.4,9.0,75,5.65
1950-09-13,UA-26,15.1,0.2,71,5.06
1950-09-13,UA-30,15.8,2.8,80,6.0
1950-09-13,UA-32,16.0,1.3,76,5.76
1950-09-13,UA-35,17.4,8.2,75,5.63
1950-09-13,UA-40,21.0,0.0,77,4.74
1950-09-13,UA-43,19.4,0.6,66,3.57
1950-09-13,UA-46,14.8,0.6,71,5.01
1950-09-13,UA-48,19.9,0.6,69,5.15
1950-09-13,UA-51,20.7,0.0,58,5.7
1950-09-13,UA-53,15.8,20.9,81,5.12
1950-09-13,UA-56,15.3,1.3,74,5.65
1950-09-13,UA-59,15.6,4.9,84,4.12
1950-09-13,UA-61,14.8,0.6,73,5.25
1950-09-13,UA-63,15.7,8.9,83,4.28
1950-09-13,UA-65,20.0,1.0,68,4.8
1950-09-13,UA-68,15.1,0.4,74,5.43
1950-09-13,UA-71,16.7,7.3,79,5.67
1950-09-13,UA-74,15.8,9.0,83,5.63
1950-09-13,UA-77,16.4,0.0,65,5.43
1950-09-14,UA-05,14.5,0.0,72,2.94
1950-09-14,UA-07,14.4,0.0,73,2.55
1950-09-14,UA-09,15.4,0.1,68,5.44
1950-09-14,UA-12,15.8,0.0,70,4.74
1950-09-14,UA-14,15.4,0.0,65,4.62
1950-09-14,UA-18,14.0,0.0,71,3.89
1950-09-14,UA-21,16.9,0.0,64,1.18
1950-09-14,UA-23,17.2,0.0,70,4.98
1950-09-14,UA-26,14.0,0.0,70,1.91
1950-09-14,UA-30,14.3,0.0,71,4.33
1950-09-14,UA-32,14.5,0.0,69,3.55
1950-09-14,UA-35,15.8,0.0,67,3.62
1950-09-14,UA-40,19.4,0.0,70,5.62
1950-09-14,UA-43,17.9,0.0,65,2.36
1950-09-14,UA-46,14.0,0.0,70,1.99
1950-09-14,UA-48,18.1,0.0,61,3.38
1950-09-14,UA-51,18.8,0.0,53,3.66
1950-09-14,UA-53,14.4,0.0,69,4.91
1950-09-14,UA-56,14.5,0.0,73,2.88
1950-09-14,UA-59,14.3,0.4,69,5.92
1950-09-14,UA-61,13.9,0.0,71,2.5
1950-09-14,UA-63,14.4,0.1,71,5.24
1950-09-14,UA-65,18.2,0.0,57,3.16
1950-09-14,UA-68,13.7,0.0,75,2.94
1950-09-14,UA-71,15.1,0.0,72,4.17
1950-09-14,UA-74,14.2,0.0,67,5.06
1950-09-14,UA-77,16.0,0.0,64,1.73
1950-09-15,UA-05,16.2,0.0,64,2.94
1950-09-15,UA-07,17.3,0.0,68,4.16
1950-09-15,UA-09,13.0,0.0,62,4.13
1950-09-15,UA-12,14.1,0.0,67,2.97
1950-09-15,UA-14,13.1,0.0,60,3.33
1950-09-15,UA-18,16.2,0.0,64,3.16
1950-09-15,UA-21,20.5,0.0,53,2.46
1950-09-15,UA-23,15.9,0.0,63,4.08
1950-09-15,UA-26,17.7,0.0,63,4.01
1950-09-15,UA-30,14.9,0.0,69,2.56
1950-09-15,UA-32,15.4,0.0,66,2.4
1950-09-15,UA-35,15.4,0.0,64,2.24
1950-09-15,UA-40,19.5,0.0,60,3.05
1950-09-15,UA-43,16.5,0.0,58,3.28
1950-09-15,UA-46,17.8,0.0,62,4.14
1950-09-15,UA-48,17.4,0.0,57,2.76
1950-09-15,UA-51,18.3,0.0,58,2.86
1950-09-15,UA-53,12.9,0.0,69,2.6
1950-09-15,UA-56,17.2,0.0,67,4.13
1950-09-15,UA-59,12.3,0.0,74,2.51
1950-09-15,UA-61,17.3,0.0,63,4.55
1950-09-15,UA-63,12.5,0.0,70,3.22
1950-09-15,UA-65,17.3,0.0,52,2.82
1950-09-15,UA-68,16.6,0.0,66,4.02
1950-09-15,UA-71,15.0,0.0,72,1.85
1950-09-15,UA-74,13.7,0.0,74,2.22
1950-09-15,UA-77,18.2,0.0,57,4.47
1950-09-16,UA-05,17.5,0.0,53,5.14
1950-09-16,UA-07,19.5,0.0,56,4.84
1950-09-16,UA-09,13.3,0.0,62,2.72
1950-09-16,UA-12,15.0,0.0,59,3.26
1950-09-16,UA-14,13.8,0.0,55,3.25
1950-09-16,UA-18,17.5,0.0,51,5.45
1950-09-16,UA-21,23.2,0.0,41,3.6
1950-09-16,UA-23,16.4,0.0,55,4.33
1950-09-16,UA-26,19.3,0.0,57,4.45
1950-09-16,UA-30,16.4,0.0,57,4.94
1950-09-16,UA-32,17.0,0.0,53,4.49
1950-09-16,UA-35,16.2,0.0,53,3.45
1950-09-16,UA-40,19.4,0.0,56,3.35
1950-09-16,UA-43,16.8,0.0,55,5.09
1950-09-16,UA-46,20.0,0.0,55,4.5
1950-09-16,UA-48,17.9,0.0,53,3.74
1950-09-16,UA-51,18.5,0.0,60,4.82
1950-09-16,UA-53,13.8,0.0,61,3.28
1950-09-16,UA-56,19.1,0.0,54,5.72
1950-09-16,UA-59,13.9,0.0,64,3.58
1950-09-16,UA-61,18.8,0.0,55,5.79
1950-09-16,UA-63,13.4,0.0,65,2.68
1950-09-16,UA-65,17.7,0.0,49,3.98
1950-09-16,UA-68,18.1,0.0,53,6.34
1950-09-16,UA-71,16.4,0.0,62,3.91
1950-09-16,UA-74,15.7,0.0,62,5.22
1950-09-16,UA-77,19.4,0.0,55,6.25
1950-09-17,UA-05,16.0,0.0,55,3.95
1950-09-17,UA-07,17.4,0.0,58,4.29
1950-09-17,UA-09,15.7,0.0,50,3.68
1950-09-17,UA-12,16.6,0.0,51,4.22
1950-09-17,UA-14,16.2,0.0,44,4.44
1950-09-17,UA-18,16.0,0.0,54,4.22
1950-09-17,UA-21,18.4,5.8,64,2.2
1950-09-17,UA-23,17.7,0.0,51,5.56
1950-09-17,UA-26,17.2,0.0,62,3.52
1950-09-17,UA-30,15.7,0.0,56,3.92
1950-09-17,UA-32,16.2,0.0,54,3.63
1950-09-17,UA-35,16.6,0.0,51,3.71
1950-09-17,UA-40,19.8,0.0,62,1.99
1950-09-17,UA-43,18.4,0.0,57,2.46
1950-09-17,UA-46,17.6,0.0,63,3.03
1950-09-17,UA-48,18.1,0.0,55,4.06
1950-09-17,UA-51,18.0,0.0,62,3.86
1950-09-17,UA-53,15.4,0.0,54,3.94
1950-09-17,UA-56,17.1,0.0,54,4.59
1950-09-17,UA-59,14.7,0.0,60,3.27
1950-09-17,UA-61,16.7,0.0,58,4.81
1950-09-17,UA-63,14.9,0.0,58,3.1
1950-09-17,UA-65,18.0,0.0,54,4.31
1950-09-17,UA-68,16.1,0.0,55,4.77
1950-09-17,UA-71,16.3,0.0,61,3.84
1950-09-17,UA-74,15.3,0.0,60,3.85
1950-09-17,UA-77,17.3,0.0,60,5.15
1950-09-18,UA-05,15.8,1.3,71,2.57
1950-09-18,UA-07,14.3,1.4,79,3.41
1950-09-18,UA-09,18.0,0.0,47,3.99
1950-09-18,UA-12,17.7,0.0,55,3.34
1950-09-18,UA-14,18.3,0.0,40,4.19
1950-09-18,UA-18,16.2,2.0,68,2.98
1950-09-18,UA-21,15.7,0.4,71,1.85
1950-09-18,UA-23,18.9,0.0,57,3.6
1950-09-18,UA-26,15.0,0.2,67,2.87
1950-09-18,UA-30,16.5,3.2,65,3.07
1950-09-18,UA-32,16.6,2.6,65,2.68
1950-09-18,UA-35,18.5,0.0,54,2.77
1950-09-18,UA-40,20.3,0.0,74,2.18
1950-09-18,UA-43,19.8,0.0,69,1.45
1950-09-18,UA-46,13.9,4.5,82,3.76
1950-09-18,UA-48,19.4,0.0,66,2.74
1950-09-18,UA-51,19.0,0.0,73,2.48
1950-09-18,UA-53,16.3,0.0,54,3.35
1950-09-18,UA-56,14.5,1.5,76,3.12
1950-09-18,UA-59,16.2,0.0,58,3.68
1950-09-18,UA-61,13.7,1.2,77,3.0
1950-09-18,UA-63,16.8,0.0,54,3.46
1950-09-18,UA-65,19.6,0.0,64,2.64
1950-09-18,UA-68,14.2,1.5,76,2.64
1950-09-18,UA-71,17.4,0.2,64,3.16
1950-09-18,UA-74,15.7,0.0,65,3.43
1950-09-18,UA-77,15.0,3.0,72,2.46
1950-09-19,UA-05,13.4,0.0,72,2.87
1950-09-19,UA-07,13.5,0.9,69,4.15
1950-09-19,UA-09,19.2,0.0,60,2.46
1950-09-19,UA-12,17.6,0.0,70,2.52
1950-09-19,UA-14,18.9,0.0,59,2.16
1950-09-19,UA-18,13.4,0.0,71,3.84
1950-09-19,UA-21,16.1,0.0,59,1.64
1950-09-19,UA-23,19.5,0.0,69,2.65
1950-09-19,UA-26,14.8,0.2,60,2.19
1950-09-19,UA-30,13.3,1.2,79,3.47
1950-09-19,UA-32,13.3,0.3,75,3.08
1950-09-19,UA-35,16.4,0.0,66,2.73
1950-09-19,UA-40,20.1,0.0,78,2.97
1950-09-19,UA-43,19.9,0.0,66,1.19
1950-09-19,UA-46,13.0,1.2,72,3.22
1950-09-19,UA-48,18.6,0.0,60,2.63
1950-09-19,UA-51,18.9,0.0,55,2.61
1950-09-19,UA-53,15.4,0.0,72,2.71
1950-09-19,UA-56,14.1,0.8,67,4.12
1950-09-19,UA-59,15.2,0.0,71,3.4
1950-09-19,UA-61,13.1,0.2,69,3.21
1950-09-19,UA-63,17.0,0.0,64,2.7
1950-09-19,UA-65,18.9,0.0,59,2.35
1950-09-19,UA-68,13.0,0.0,71,3.19
1950-09-19,UA-71,14.8,0.0,77,3.08
1950-09-19,UA-74,13.1,1.2,84,3.58
1950-09-19,UA-77,14.3,0.1,66,1.86
1950-09-20,UA-05,13.8,0.0,71,1.89
1950-09-20,UA-07,12.4,0.2,71,2.01
1950-09-20,UA-09,17.4,0.0,67,2.55
1950-09-20,UA-12,16.2,0.0,63,2.47
1950-09-20,UA-14,17.8,0.0,59,2.59
1950-09-20,UA-18,11.9,0.8,79,1.44
1950-09-20,UA-21,16.0,0.0,56,1.38
1950-09-20,UA-23,18.4,0.0,61,3.83
1950-09-20,UA-26,14.0,0.0,66,1.63
1950-09-20,UA-30,12.6,0.2,76,1.66
1950-09-20,UA-32,13.9,0.8,69,1.78
1950-09-20,UA-35,16.1,0.0,60,2.05
1950-09-20,UA-40,20.2,0.0,81,1.88
1950-09-20,UA-43,19.6,0.0,70,1.69
1950-09-20,UA-46,12.7,0.3,73,1.64
1950-09-20,UA-48,19.1,0.0,52,2.68
1950-09-20,UA-51,18.8,0.0,56,2.6
1950-09-20,UA-53,13.8,0.0,68,1.65
1950-09-20,UA-56,12.7,0.2,78,1.87
1950-09-20,UA-59,13.6,0.0,74,1.94
1950-09-20,UA-61,13.0,0.6,70,1.72
1950-09-20,UA-63,13.9,0.0,71,1.92
1950-09-20,UA-65,19.3,0.3,53,2.99
1950-09-20,UA-68,12.7,0.4,77,1.66
1950-09-20,UA-71,15.6,0.0,70,1.98
1950-09-20,UA-74,12.3,0.4,79,1.88
1950-09-20,UA-77,14.1,0.0,65,1.51
1950-09-21,UA-05,14.9,1.9,67,1.54
1950-09-21,UA-07,14.8,0.1,70,2.95
1950-09-21,UA-09,18.3,0.0,65,3.05
1950-09-21,UA-12,19.4,10.8,62,2.76
1950-09-21,UA-14,19.4,0.0,59,3.45
1950-09-21,UA-18,13.0,1.1,78,2.23
1950-09-21,UA-21,16.7,0.0,60,2.13
1950-09-21,UA-23,20.9,0.2,61,3.1
1950-09-21,UA-26,15.3,0.3,66,1.84
1950-09-21,UA-30,15.1,0.1,74,2.34
1950-09-21,UA-32,15.8,0.0,67,1.89
1950-09-21,UA-35,17.0,1.8,73,1.99
1950-09-21,UA-40,19.7,0.0,84,2.15
1950-09-21,UA-43,19.1,0.0,74,1.58
1950-09-21,UA-46,14.9,0.0,67,2.48
1950-09-21,UA-48,19.4,1.9,71,2.2
1950-09-21,UA-51,18.3,0.0,73,2.0
1950-09-21,UA-53,15.9,10.1,68,3.22
1950-09-21,UA-56,15.3,1.3,70,2.3
1950-09-21,UA-59,15.3,6.4,67,3.38
1950-09-21,UA-61,15.0,0.0,64,2.34
1950-09-21,UA-63,16.3,0.7,63,3.59
1950-09-21,UA-65,19.5,3.1,75,2.03
1950-09-21,UA-68,14.1,0.6,72,2.12
1950-09-21,UA-71,16.1,0.2,78,2.5
1950-09-21,UA-74,14.4,2.4,78,2.93
1950-09-21,UA-77,16.0,0.0,61,0.86
1950-09-22,UA-05,15.0,2.3,70,3.85
1950-09-22,UA-07,12.1,2.8,79,5.22
1950-09-22,UA-09,20.8,0.0,62,3.25
1950-09-22,UA-12,18.6,0.6,79,2.49
1950-09-22,UA-14,20.3,0.0,62,2.69
1950-09-22,UA-18,14.2,2.0,75,3.89
1950-09-22,UA-21,13.2,6.0,73,3.01
1950-09-22,UA-23,19.9,0.0,75,2.67
1950-09-22,UA-26,12.4,8.4,74,4.1
1950-09-22,UA-30,15.3,0.4,78,3.54
1950-09-22,UA-32,15.9,0.5,72,3.36
1950-09-22,UA-35,18.5,0.0,74,3.06
1950-09-22,UA-40,20.1,0.0,80,2.04
1950-09-22,UA-43,19.5,0.0,71,1.88
1950-09-22,UA-46,11.7,4.8,77,5.22
1950-09-22,UA-48,19.2,0.1,79,3.43
1950-09-22,UA-51,19.5,0.0,73,4.73
1950-09-22,UA-53,16.7,0.8,82,2.69
1950-09-22,UA-56,12.4,4.3,79,4.79
1950-09-22,UA-59,16.1,2.3,83,3.22
1950-09-22,UA-61,12.1,7.0,75,4.95
1950-09-22,UA-63,17.0,9.8,81,2.88
1950-09-22,UA-65,19.4,0.0,78,2.7
1950-09-22,UA-68,13.1,4.4,75,4.32
1950-09-22,UA-71,17.1,0.0,78,2.75
1950-09-22,UA-74,14.7,1.1,82,3.74
1950-09-22,UA-77,14.1,2.4,67,3.36
1950-09-23,UA-05,11.4,0.0,60,3.63
1950-09-23,UA-07,11.4,0.0,63,5.7
1950-09-23,UA-09,18.9,0.4,63,3.01
1950-09-23,UA-12,14.2,0.1,66,2.97
1950-09-23,UA-14,17.2,0.1,62,2.86
1950-09-23,UA-18,11.6,0.0,56,4.74
1950-09-23,UA-21,12.6,1.3,59,3.0
1950-09-23,UA-23,16.7,0.0,65,3.39
1950-09-23,UA-26,11.9,0.1,58,3.93
1950-09-23,UA-30,11.9,0.0,57,4.63
1950-09-23,UA-32,12.2,0.0,57,3.92
1950-09-23,UA-35,13.3,0.0,55,3.26
1950-09-23,UA-40,20.3,0.0,72,4.64
1950-09-23,UA-43,19.1,0.2,58,2.71
1950-09-23,UA-46,11.2,0.1,63,4.65
1950-09-23,UA-48,15.0,0.0,54,3.38
1950-09-23,UA-51,15.5,0.0,44,3.37
1950-09-23,UA-53,12.2,0.0,65,3.55
1950-09-23,UA-56,11.5,0.0,60,5.1
1950-09-23,UA-59,12.0,0.3,66,4.83
1950-09-23,UA-61,11.4,0.0,59,4.56
1950-09-23,UA-63,13.1,0.5,69,3.62
1950-09-23,UA-65,15.1,0.0,52,3.27
1950-09-23,UA-68,11.1,0.0,59,4.06
1950-09-23,UA-71,12.8,0.0,62,3.58
1950-09-23,UA-74,11.7,0.0,61,5.54
1950-09-23,UA-77,12.3,0.0,55,2.74
1950-09-24,UA-05,10.0,0.7,65,3.07
1950-09-24,UA-07,9.0,0.4,73,5.3
1950-09-24,UA-09,13.2,5.4,66,2.69
1950-09-24,UA-12,13.4,0.0,65,1.95
1950-09-24,UA-14,11.6,4.6,70,2.16
1950-09-24,UA-18,9.8,0.1,64,4.3
1950-09-24,UA-21,11.1,4.1,74,2.67
1950-09-24,UA-23,13.6,0.0,64,2.28
1950-09-24,UA-26,10.3,6.7,71,2.87
1950-09-24,UA-30,10.6,0.1,60,4.2
1950-09-24,UA-32,10.7,0.1,60,3.3
1950-09-24,UA-35,13.1,0.5,55,2.93
1950-09-24,UA-40,17.9,0.0,66,5.39
1950-09-24,UA-43,15.0,0.6,67,3.16
1950-09-24,UA-46,9.0,5.6,75,3.87
1950-09-24,UA-48,14.6,0.0,59,2.1
1950-09-24,UA-51,15.7,0.0,56,1.62
1950-09-24,UA-53,11.9,0.0,64,2.73
1950-09-24,UA-56,9.5,0.5,72,4.92
1950-09-24,UA-59,11.5,0.2,63,4.02
1950-09-24,UA-61,9.3,7.5,74,3.69
1950-09-24,UA-63,12.2,0.0,62,2.4
1950-09-24,UA-65,14.3,0.0,55,1.99
1950-09-24,UA-68,9.4,3.7,69,3.76
1950-09-24,UA-71,12.4,0.1,62,3.13
1950-09-24,UA-74,10.2,0.6,65,5.18
1950-09-24,UA-77,11.5,3.6,60,2.4
1950-09-25,UA-05,8.8,2.6,72,2.35
1950-09-25,UA-07,8.9,0.0,71,3.57
1950-09-25,UA-09,12.4,0.0,65,2.13
1950-09-25,UA-12,10.3,1.0,74,2.39
1950-09-25,UA-14,11.6,0.1,66,1.86
1950-09-25,UA-18,8.7,0.0,72,2.95
1950-09-25,UA-21,11.1,0.0,69,2.31
1950-09-25,UA-23,12.8,1.4,71,3.07
1950-09-25,UA-26,9.4,0.2,70,2.62
1950-09-25,UA-30,9.6,0.0,69,2.99
1950-09-25,UA-32,9.8,0.4,67,2.38
1950-09-25,UA-35,9.5,3.3,72,1.8
1950-09-25,UA-40,17.1,0.0,61,4.28
1950-09-25,UA-43,14.1,0.0,62,2.42
1950-09-25,UA-46,9.0,0.0,73,2.99
1950-09-25,UA-48,12.5,0.4,64,2.44
1950-09-25,UA-51,13.2,0.1,56,3.77
1950-09-25,UA-53,9.1,0.2,70,2.12
1950-09-25,UA-56,8.6,0.0,73,3.43
1950-09-25,UA-59,9.7,0.0,68,3.73
1950-09-25,UA-61,8.3,0.6,73,3.01
1950-09-25,UA-63,9.9,0.2,68,2.55
1950-09-25,UA-65,12.5,1.4,61,2.22
1950-09-25,UA-68,8.1,2.1,74,2.77
1950-09-25,UA-71,9.9,0.7,73,2.11
1950-09-25,UA-74,9.8,0.0,69,3.93
1950-09-25,UA-77,10.0,1.1,66,2.95
1950-09-26,UA-05,13.0,0.0,61,3.98
1950-09-26,UA-07,14.4,0.0,58,4.5
1950-09-26,UA-09,11.2,0.0,64,1.85
1950-09-26,UA-12,11.6,0.0,72,1.87
1950-09-26,UA-14,10.8,0.0,65,1.43
1950-09-26,UA-18,12.7,0.0,60,4.19
1950-09-26,UA-21,16.4,0.0,52,3.3
1950-09-26,UA-23,13.6,0.0,66,1.88
1950-09-26,UA-26,14.1,0.0,63,3.16
1950-09-26,UA-30,12.3,0.0,61,3.94
1950-09-26,UA-32,12.4,0.0,62,3.72
1950-09-26,UA-35,11.8,0.0,62,2.7
1950-09-26,UA-40,16.6,0.0,69,2.42
1950-09-26,UA-43,13.7,0.0,66,2.22
1950-09-26,UA-46,14.5,0.0,60,4.04
1950-09-26,UA-48,13.5,0.0,67,2.09
1950-09-26,UA-51,13.2,0.0,67,3.07
1950-09-26,UA-53,10.0,0.0,71,2.26
1950-09-26,UA-56,13.9,0.0,59,4.48
1950-09-26,UA-59,11.0,0.0,66,3.16
1950-09-26,UA-61,13.4,0.0,61,3.96
1950-09-26,UA-63,9.8,0.0,71,2.22
1950-09-26,UA-65,12.6,0.0,64,2.0
1950-09-26,UA-68,13.1,0.0,62,4.27
1950-09-26,UA-71,12.3,0.0,65,3.08
1950-09-26,UA-74,12.2,0.0,63,4.17
1950-09-26,UA-77,14.4,0.0,59,3.17
1950-09-27,UA-05,16.2,0.0,65,3.69
1950-09-27,UA-07,14.6,0.3,67,3.92
1950-09-27,UA-09,14.5,0.0,57,2.79
1950-09-27,UA-12,15.2,0.0,68,3.24
1950-09-27,UA-14,13.9,0.0,58,2.72
1950-09-27,UA-18,16.2,0.0,61,4.11
1950-09-27,UA-21,15.8,0.4,62,2.31
1950-09-27,UA-23,16.2,0.0,68,3.13
1950-09-27,UA-26,15.2,0.9,65,2.47
1950-09-27,UA-30,16.1,0.0,62,4.28
1950-09-27,UA-32,16.4,0.0,62,3.97
1950-09-27,UA-35,15.6,0.0,63,3.88
1950-09-27,UA-40,18.5,0.0,65,1.78
1950-09-27,UA-43,17.0,0.0,55,1.64
1950-09-27,UA-46,13.9,1.2,71,3.46
1950-09-27,UA-48,16.0,0.0,73,2.84
1950-09-27,UA-51,16.9,0.0,77,3.92
1950-09-27,UA-53,14.0,0.0,67,3.87
1950-09-27,UA-56,14.9,0.2,66,3.99
1950-09-27,UA-59,14.2,0.6,65,5.02
1950-09-27,UA-61,14.4,0.3,69,2.99
1950-09-27,UA-63,13.9,0.0,63,3.51
1950-09-27,UA-65,15.5,0.0,70,2.58
1950-09-27,UA-68,15.4,0.1,65,3.57
1950-09-27,UA-71,15.8,0.3,64,4.08
1950-09-27,UA-74,15.2,0.5,66,4.8
1950-09-27,UA-77,16.9,0.3,60,2.02
1950-09-28,UA-05,12.0,0.0,66,3.5
1950-09-28,UA-07,10.5,0.0,68,4.7
1950-09-28,UA-09,15.2,0.0,63,2.91
1950-09-28,UA-12,14.3,0.2,72,3.31
1950-09-28,UA-14,13.9,0.4,69,2.51
1950-09-28,UA-18,10.9,0.0,67,4.51
1950-09-28,UA-21,13.5,0.0,64,2.23
1950-09-28,UA-23,15.8,0.0,74,3.27
1950-09-28,UA-26,11.8,0.0,68,3.28
1950-09-28,UA-30,11.9,0.0,65,4.56
1950-09-28,UA-32,12.3,0.0,65,3.78
1950-09-28,UA-35,14.7,0.1,65,3.11
1950-09-28,UA-40,18.7,0.0,72,2.49
1950-09-28,UA-43,18.0,0.0,58,1.79
1950-09-28,UA-46,10.5,0.0,73,4.01
1950-09-28,UA-48,17.1,0.0,67,2.93
1950-09-28,UA-51,17.6,0.0,60,3.74
1950-09-28,UA-53,13.7,0.5,65,3.66
1950-09-28,UA-56,10.6,0.0,69,4.56
1950-09-28,UA-59,12.4,0.3,70,4.8
1950-09-28,UA-61,10.5,0.0,72,3.88
1950-09-28,UA-63,13.6,1.0,67,4.06
1950-09-28,UA-65,17.1,0.2,66,2.73
1950-09-28,UA-68,10.8,0.0,70,3.8
1950-09-28,UA-71,13.7,0.0,67,3.6
1950-09-28,UA-74,11.2,0.0,69,5.22
1950-09-28,UA-77,13.5,0.0,63,2.92
1950-09-29,UA-05,11.6,0.0,64,3.05
1950-09-29,UA-07,13.1,0.0,61,4.75
1950-09-29,UA-09,13.5,0.0,62,2.32
1950-09-29,UA-12,12.3,0.0,68,2.65
1950-09-29,UA-14,12.3,0.0,65,1.82
1950-09-29,UA-18,12.5,0.0,58,4.34
1950-09-29,UA-21,13.2,0.0,67,2.11
1950-09-29,UA-23,14.9,0.0,66,1.96
1950-09-29,UA-26,11.5,0.0,69,2.16
1950-09-29,UA-30,12.8,0.0,58,4.22
1950-09-29,UA-32,12.4,0.0,60,3.53
1950-09-29,UA-35,12.0,0.0,64,2.35
1950-09-29,UA-40,18.5,0.0,79,1.74
1950-09-29,UA-43,17.8,0.0,66,1.73
1950-09-29,UA-46,12.5,0.0,63,3.67
1950-09-29,UA-48,14.1,0.0,62,1.9
1950-09-29,UA-51,14.4,0.0,61,1.98
1950-09-29,UA-53,11.2,0.0,68,3.15
1950-09-29,UA-56,13.0,0.0,60,4.49
1950-09-29,UA-59,12.1,0.0,63,4.46
1950-09-29,UA-61,11.6,0.0,65,3.3
1950-09-29,UA-63,11.7,0.0,66,3.55
1950-09-29,UA-65,14.0,0.0,58,1.9
1950-09-29,UA-68,11.3,0.0,65,3.31
1950-09-29,UA-71,12.6,0.0,65,3.27
1950-09-29,UA-74,12.2,0.0,64,4.95
1950-09-29,UA-77,11.6,0.0,66,1.25
1950-09-30,UA-05,13.9,0.0,69,2.23
1950-09-30,UA-07,13.9,0.0,71,2.83
1950-09-30,UA-09,14.1,0.0,61,2.91
1950-09-30,UA-12,14.1,0.0,68,2.66
1950-09-30,UA-14,13.1,0.0,62,2.4
1950-09-30,UA-18,13.7,0.0,64,2.99
1950-09-30,UA-21,14.0,0.0,68,1.64
1950-09-30,UA-23,15.8,0.0,66,2.81
1950-09-30,UA-26,12.8,0.0,75,1.93
1950-09-30,UA-30,13.6,0.0,65,3.26
1950-09-30,UA-32,14.1,0.0,64,2.47
1950-09-30,UA-35,14.2,0.0,68,2.21
1950-09-30,UA-40,18.3,0.0,78,2.25
1950-09-30,UA-43,16.7,0.0,65,2.28
1950-09-30,UA-46,13.6,0.0,74,2.0
1950-09-30,UA-48,15.4,0.0,64,1.76
1950-09-30,UA-51,15.3,0.0,70,1.7
1950-09-30,UA-53,12.9,0.0,71,2.99
1950-09-30,UA-56,14.1,0.0,69,2.79
1950-09-30,UA-59,13.3,0.0,65,3.68
1950-09-30,UA-61,13.4,0.0,73,1.92
1950-09-30,UA-63,13.6,0.0,66,3.08
1950-09-30,UA-65,15.1,0.0,62,2.03
1950-09-30,UA-68,13.4,0.0,71,2.23
1950-09-30,UA-71,14.1,0.0,68,2.6
1950-09-30,UA-74,12.3,0.0,70,3.78
1950-09-30,UA-77,13.1,0.0,69,1.81
1950-10-01,UA-05,15.4,0.0,69,3.56
1950-10-01,UA-07,15.7,0.0,62,4.82
1950-10-01,UA-09,11.7,0.0,63,2.34
1950-10-01,UA-12,13.2,0.0,69,2.65
1950-10-01,UA-14,12.3,0.0,64,2.57
1950-10-01,UA-18,14.6,0.0,69,3.85
1950-10-01,UA-21,17.8,0.1,57,3.15
1950-10-01,UA-23,15.5,0.0,68,3.56
1950-10-01,UA-26,15.5,0.0,60,4.72
1950-10-01,UA-30,12.9,0.0,69,3.11
1950-10-01,UA-32,14.4,0.0,69,3.08
1950-10-01,UA-35,14.5,0.0,66,2.58
1950-10-01,UA-40,18.9,0.0,59,2.91
1950-10-01,UA-43,17.0,0.0,55,4.77
1950-10-01,UA-46,15.6,0.0,62,4.91
1950-10-01,UA-48,16.9,0.0,61,3.68
1950-10-01,UA-51,16.9,0.0,64,3.68
1950-10-01,UA-53,11.2,0.0,67,2.53
1950-10-01,UA-56,15.6,0.0,64,4.61
1950-10-01,UA-59,10.4,0.0,71,1.7
1950-10-01,UA-61,15.3,0.0,62,5.42
1950-10-01,UA-63,10.7,0.0,69,1.97
1950-10-01,UA-65,16.7,0.0,60,3.56
1950-10-01,UA-68,15.2,0.0,67,4.53
1950-10-01,UA-71,13.5,0.0,72,2.29
1950-10-01,UA-74,11.1,0.0,72,2.35
1950-10-01,UA-77,16.1,0.0,56,5.02
1950-10-02,UA-05,14.9,5.1,73,3.68
1950-10-02,UA-07,12.3,7.2,81,3.77
1950-10-02,UA-09,11.9,0.0,52,3.97
1950-10-02,UA-12,14.0,0.0,57,3.56
1950-10-02,UA-14,12.8,0.0,48,4.03
1950-10-02,UA-18,14.6,3.6,73,4.19
1950-10-02,UA-21,13.9,8.0,79,2.15
1950-10-02,UA-23,15.6,0.0,55,4.5
1950-10-02,UA-26,11.4,8.9,84,2.64
1950-10-02,UA-30,13.6,0.8,72,3.7
1950-10-02,UA-32,14.6,1.0,70,3.05
1950-10-02,UA-35,15.4,0.5,60,2.92
1950-10-02,UA-40,18.1,0.3,74,2.85
1950-10-02,UA-43,17.8,0.0,63,3.08
1950-10-02,UA-46,11.8,7.5,82,3.47
1950-10-02,UA-48,16.9,1.2,65,2.8
1950-10-02,UA-51,16.2,0.4,75,3.16
1950-10-02,UA-53,12.3,0.0,56,3.65
1950-10-02,UA-56,13.4,2.6,77,4.28
1950-10-02,UA-59,11.5,0.0,62,3.81
1950-10-02,UA-61,11.9,3.9,82,3.34
1950-10-02,UA-63,11.3,0.0,59,3.27
1950-10-02,UA-65,17.1,0.4,61,2.93
1950-10-02,UA-68,13.9,2.1,76,4.27
1950-10-02,UA-71,14.2,0.7,71,3.41
1950-10-02,UA-74,12.6,2.0,71,4.33
1950-10-02,UA-77,13.2,5.4,76,3.12
1950-10-03,UA-05,11.7,2.6,73,2.77
1950-10-03,UA-07,11.3,0.0,72,3.67
1950-10-03,UA-09,14.3,0.0,50,4.84
1950-10-03,UA-12,13.4,0.0,63,2.24
1950-10-03,UA-14,14.0,2.7,59,3.82
1950-10-03,UA-18,11.9,1.9,70,3.01
1950-10-03,UA-21,13.5,0.2,69,2.68
1950-10-03,UA-23,15.0,1.1,64,2.82
1950-10-03,UA-26,11.5,1.2,70,2.38
1950-10-03,UA-30,11.4,2.5,85,2.67
1950-10-03,UA-32,11.6,2.1,82,2.86
1950-10-03,UA-35,15.3,1.0,72,1.97
1950-10-03,UA-40,17.9,0.9,76,4.72
1950-10-03,UA-43,16.9,1.6,74,2.02
1950-10-03,UA-46,11.2,0.9,71,3.56
1950-10-03,UA-48,17.2,0.1,67,2.81
1950-10-03,UA-51,16.2,0.0,70,3.97
1950-10-03,UA-53,12.5,0.3,62,2.25
1950-10-03,UA-56,11.9,0.0,70,3.02
1950-10-03,UA-59,11.8,1.3,67,2.48
1950-10-03,UA-61,11.1,0.4,72,2.66
1950-10-03,UA-63,12.3,0.0,59,3.03
1950-10-03,UA-65,17.2,0.0,56,2.29
1950-10-03,UA-68,11.3,0.0,73,2.26
1950-10-03,UA-71,14.0,0.0,80,2.04
1950-10-03,UA-74,11.2,1.9,86,2.03
1950-10-03,UA-77,11.9,0.0,71,1.73
1950-10-04,UA-05,9.6,0.0,65,3.55
1950-10-04,UA-07,9.6,0.0,64,4.66
1950-10-04,UA-09,13.2,1.6,70,2.95
1950-10-04,UA-12,13.0,0.0,70,3.77
1950-10-04,UA-14,13.2,1.6,76,2.15
1950-10-04,UA-18,9.2,0.0,65,4.13
1950-10-04,UA-21,11.2,0.0,59,2.1
1950-10-04,UA-23,14.6,0.0,72,4.3
1950-10-04,UA-26,8.8,0.3,68,3.59
1950-10-04,UA-30,9.4,0.0,68,3.83
1950-10-04,UA-32,9.4,0.0,67,3.56
1950-10-04,UA-35,12.7,0.0,65,4.07
1950-10-04,UA-40,17.3,0.0,70,5.46
1950-10-04,UA-43,15.9,0.0,62,2.34
1950-10-04,UA-46,8.8,0.0,66,4.07
1950-10-04,UA-48,14.8,0.0,60,5.06
1950-10-04,UA-51,14.0,0.0,56,5.23
1950-10-04,UA-53,11.4,0.0,70,3.68
1950-10-04,UA-56,9.7,0.0,63,4.63
1950-10-04,UA-59,11.0,0.0,76,2.94
1950-10-04,UA-61,8.8,0.1,64,4.26
1950-10-04,UA-63,12.1,0.0,72,2.42
1950-10-04,UA-65,15.2,0.0,57,4.74
1950-10-04,UA-68,9.3,0.0,61,4.14
1950-10-04,UA-71,11.2,0.0,73,3.7
1950-10-04,UA-74,9.1,0.0,73,3.7
1950-10-04,UA-77,9.7,0.7,65,3.81
1950-10-05,UA-05,8.3,3.1,78,4.65
1950-10-05,UA-07,10.1,5.3,75,5.71
1950-10-05,UA-09,10.7,0.0,71,2.69
1950-10-05,UA-12,10.0,2.1,68,3.18
1950-10-05,UA-14,9.8,0.0,65,2.52
1950-10-05,UA-18,8.6,3.8,82,5.33
1950-10-05,UA-21,10.9,0.0,66,2.06
1950-10-05,UA-23,11.9,3.0,63,3.39
1950-10-05,UA-26,9.4,1.8,73,4.85
1950-10-05,UA-30,8.2,4.1,84,4.41
1950-10-05,UA-32,8.1,2.1,80,4.22
1950-10-05,UA-35,8.7,4.9,77,3.32
1950-10-05,UA-40,15.1,0.0,64,4.33
1950-10-05,UA-43,12.2,0.2,61,2.11
1950-10-05,UA-46,9.4,1.6,74,5.24
1950-10-05,UA-48,10.9,2.1,67,3.02
1950-10-05,UA-51,11.6,0.4,56,3.44
1950-10-05,UA-53,8.5,1.0,74,2.96
1950-10-05,UA-56,9.7,5.8,77,5.56
1950-10-05,UA-59,8.5,0.5,75,2.67
1950-10-05,UA-61,8.5,5.5,78,5.49
1950-10-05,UA-63,9.6,1.0,69,2.95
1950-10-05,UA-65,11.1,3.5,63,2.72
1950-10-05,UA-68,8.4,5.5,79,5.19
1950-10-05,UA-71,8.2,2.1,81,3.51
1950-10-05,UA-74,8.2,4.6,86,3.84
1950-10-05,UA-77,9.8,4.8,72,4.32
1950-10-06,UA-05,8.9,1.0,81,4.96
1950-10-06,UA-07,8.3,0.0,76,3.31
1950-10-06,UA-09,10.7,6.2,74,3.97
1950-10-06,UA-12,10.1,7.5,80,4.69
1950-10-06,UA-14,9.6,16.4,72,3.4
1950-10-06,UA-18,9.3,0.5,77,5.25
1950-10-06,UA-21,10.2,0.0,68,2.56
1950-10-06,UA-23,11.1,16.3,80,5.43
1950-10-06,UA-26,8.4,0.1,75,3.34
1950-10-06,UA-30,9.3,1.8,84,4.97
1950-10-06,UA-32,8.9,1.7,88,4.91
1950-10-06,UA-35,8.9,7.2,92,4.98
1950-10-06,UA-40,12.3,8.0,78,5.42
1950-10-06,UA-43,9.4,9.3,82,2.48
1950-10-06,UA-46,7.9,0.0,76,2.83
1950-10-06,UA-48,10.1,3.7,87,5.81
1950-10-06,UA-51,10.4,1.9,80,7.42
1950-10-06,UA-53,9.1,5.8,84,4.25
1950-10-06,UA-56,9.2,0.0,73,4.13
1950-10-06,UA-59,9.6,1.0,82,4.16
1950-10-06,UA-61,8.1,0.0,77,3.86
1950-10-06,UA-63,9.9,3.9,74,4.22
1950-10-06,UA-65,10.1,4.5,87,4.74
1950-10-06,UA-68,8.6,0.1,77,4.88
1950-10-06,UA-71,9.1,2.1,91,4.67
1950-10-06,UA-74,9.6,1.6,78,4.99
1950-10-06,UA-77,9.0,0.4,76,4.75
1950-10-07,UA-05,8.6,0.0,71,3.76
1950-10-07,UA-07,7.1,0.0,79,2.09
1950-10-07,UA-09,10.9,3.2,72,4.04
1950-10-07,UA-12,10.7,9.1,82,5.97
1950-10-07,UA-14,9.8,13.4,91,4.67
1950-10-07,UA-18,8.1,0.0,72,3.12
1950-10-07,UA-21,9.2,0.0,67,1.0
1950-10-07,UA-23,12.1,12.1,83,7.26
1950-10-07,UA-26,7.7,0.0,75,1.44
1950-10-07,UA-30,7.9,0.0,76,3.87
1950-10-07,UA-32,8.2,0.0,75,3.94
1950-10-07,UA-35,9.5,1.5,84,6.07
1950-10-07,UA-40,12.0,10.0,84,8.06
1950-10-07,UA-43,9.4,10.4,92,4.17
1950-10-07,UA-46,7.5,0.0,76,2.28
1950-10-07,UA-48,10.5,3.4,82,7.21
1950-10-07,UA-51,10.8,0.5,72,8.52
1950-10-07,UA-53,10.0,2.0,73,6.01
1950-10-07,UA-56,7.1,0.0,78,1.84
1950-10-07,UA-59,8.6,0.0,78,5.31
1950-10-07,UA-61,7.0,0.0,76,1.73
1950-10-07,UA-63,10.2,1.4,75,5.82
1950-10-07,UA-65,10.3,7.3,84,6.57
1950-10-07,UA-68,7.3,0.0,74,2.62
1950-10-07,UA-71,9.5,0.0,77,5.18
1950-10-07,UA-74,7.6,0.0,74,3.66
1950-10-07,UA-77,8.5,0.0,71,2.43
1950-10-08,UA-05,8.4,0.0,78,2.13
1950-10-08,UA-07,8.6,0.0,72,2.74
1950-10-08,UA-09,11.1,0.0,53,4.93
1950-10-08,UA-12,10.3,0.0,67,4.46
1950-10-08,UA-14,10.1,0.2,55,4.45
1950-10-08,UA-18,8.3,0.0,77,2.07
1950-10-08,UA-21,10.0,0.0,72,0.83
1950-10-08,UA-23,11.7,0.1,62,5.68
1950-10-08,UA-26,8.0,0.0,72,2.47
1950-10-08,UA-30,8.5,0.0,81,2.34
1950-10-08,UA-32,8.7,0.0,79,2.38
1950-10-08,UA-35,10.6,0.0,73,3.99
1950-10-08,UA-40,13.3,3.9,82,7.64
1950-10-08,UA-43,10.5,4.0,91,4.97
1950-10-08,UA-46,8.8,0.0,71,2.72
1950-10-08,UA-48,12.1,0.8,68,5.02
1950-10-08,UA-51,13.2,1.3,61,5.63
1950-10-08,UA-53,9.9,0.0,70,4.21
1950-10-08,UA-56,7.4,0.0,74,2.21
1950-10-08,UA-59,9.7,0.0,78,3.22
1950-10-08,UA-61,7.3,0.0,72,2.24
1950-10-08,UA-63,10.1,0.0,71,4.39
1950-10-08,UA-65,11.5,1.5,70,4.87
1950-10-08,UA-68,7.0,0.0,75,1.8
1950-10-08,UA-71,10.7,0.0,76,3.0
1950-10-08,UA-74,8.1,0.0,82,2.17
1950-10-08,UA-77,7.4,0.0,72,1.57
1950-10-09,UA-05,10.2,0.0,72,1.82
1950-10-09,UA-07,10.0,0.0,73,2.95
1950-10-09,UA-09,8.9,0.0,72,3.5
1950-10-09,UA-12,9.6,0.0,75,3.35
1950-10-09,UA-14,9.0,0.0,70,3.62
1950-10-09,UA-18,9.9,0.0,75,2.48
1950-10-09,UA-21,10.8,0.0,71,1.6
1950-10-09,UA-23,11.2,0.0,71,4.76
1950-10-09,UA-26,9.4,0.0,72,2.09
1950-10-09,UA-30,10.0,0.0,75,2.4
1950-10-09,UA-32,9.9,0.0,75,1.95
1950-10-09,UA-35,9.8,0.0,72,2.65
1950-10-09,UA-40,14.1,1.5,69,4.57
1950-10-09,UA-43,11.1,0.2,71,3.93
1950-10-09,UA-46,10.2,0.0,71,2.35
1950-10-09,UA-48,11.6,0.0,64,3.8
1950-10-09,UA-51,12.6,0.0,60,3.89
1950-10-09,UA-53,8.6,0.0,74,2.96
1950-10-09,UA-56,9.7,0.0,77,2.92
1950-10-09,UA-59,8.3,0.0,76,2.4
1950-10-09,UA-61,9.5,0.0,74,2.71
1950-10-09,UA-63,8.6,0.0,76,2.92
1950-10-09,UA-65,11.4,0.0,64,3.83
1950-10-09,UA-68,9.7,0.0,74,2.56
1950-10-09,UA-71,10.5,0.0,74,2.13
1950-10-09,UA-74,9.9,0.0,77,2.74
1950-10-09,UA-77,10.7,0.0,67,2.66
1950-10-10,UA-05,10.7,0.0,67,2.42
1950-10-10,UA-07,11.3,0.0,71,2.84
1950-10-10,UA-09,8.8,0.0,77,2.56
1950-10-10,UA-12,9.1,0.0,77,2.7
1950-10-10,UA-14,8.8,0.0,75,2.76
1950-10-10,UA-18,11.1,0.0,66,2.89
1950-10-10,UA-21,11.8,0.0,65,1.93
1950-10-10,UA-23,10.8,0.0,74,3.68
1950-10-10,UA-26,11.0,0.0,71,1.99
1950-10-10,UA-30,10.2,0.0,71,2.58
1950-10-10,UA-32,10.0,0.0,70,2.09
1950-10-10,UA-35,8.8,0.0,76,2.16
1950-10-10,UA-40,14.2,0.0,71,4.47
1950-10-10,UA-43,11.0,0.0,79,3.96
1950-10-10,UA-46,10.9,0.0,73,2.27
1950-10-10,UA-48,10.4,0.0,72,2.79
1950-10-10,UA-51,11.0,0.0,70,2.99
1950-10-10,UA-53,8.1,0.0,76,2.35
1950-10-10,UA-56,11.6,0.0,65,3.27
1950-10-10,UA-59,8.1,0.0,78,2.22
1950-10-10,UA-61,11.1,0.0,62,3.04
1950-10-10,UA-63,8.6,0.0,75,2.41
1950-10-10,UA-65,10.4,0.0,72,2.85
1950-10-10,UA-68,10.9,0.0,65,3.13
1950-10-10,UA-71,9.4,0.0,79,1.87
1950-10-10,UA-74,10.2,0.0,70,2.94
1950-10-10,UA-77,11.6,0.0,59,2.9
1950-10-11,UA-05,11.3,0.0,63,3.69
1950-10-11,UA-07,12.1,2.4,70,3.96
1950-10-11,UA-09,9.1,0.0,67,2.94
1950-10-11,UA-12,10.6,0.0,75,2.89
1950-10-11,UA-14,9.7,0.0,67,3.14
1950-10-11,UA-18,11.5,0.0,62,4.3
1950-10-11,UA-21,13.6,0.0,59,2.8
1950-10-11,UA-23,11.7,0.0,73,3.49
1950-10-11,UA-26,11.6,1.2,70,2.46
1950-10-11,UA-30,11.0,0.0,68,4.07
1950-10-11,UA-32,11.2,0.0,66,3.54
1950-10-11,UA-35,10.2,0.0,74,2.7
1950-10-11,UA-40,15.0,0.0,78,2.03
1950-10-11,UA-43,12.3,0.0,80,2.95
1950-10-11,UA-46,11.8,1.9,68,3.97
1950-10-11,UA-48,11.4,0.0,74,2.45
1950-10-11,UA-51,11.7,0.0,76,2.68
1950-10-11,UA-53,9.7,0.0,72,3.04
1950-10-11,UA-56,12.6,0.8,64,4.03
1950-10-11,UA-59,9.9,0.0,70,3.7
1950-10-11,UA-61,11.5,0.6,69,3.12
1950-10-11,UA-63,9.7,0.0,69,3.01
1950-10-11,UA-65,11.1,0.0,75,2.42
1950-10-11,UA-68,11.4,0.3,66,3.99
1950-10-11,UA-71,11.0,0.0,75,3.02
1950-10-11,UA-74,10.7,0.0,71,4.74
1950-10-11,UA-77,11.5,0.0,69,2.24
1950-10-12,UA-05,8.2,0.4,68,3.89
1950-10-12,UA-07,7.4,1.6,75,5.96
1950-10-12,UA-09,9.3,0.0,61,3.87
1950-10-12,UA-12,10.8,0.4,73,3.22
1950-10-12,UA-14,9.3,0.0,65,3.46
1950-10-12,UA-18,8.1,1.0,68,4.32
1950-10-12,UA-21,9.5,0.0,57,3.15
1950-10-12,UA-23,11.9,0.0,74,3.49
1950-10-12,UA-26,7.8,0.1,66,6.04
1950-10-12,UA-30,7.6,6.6,80,2.97
1950-10-12,UA-32,7.7,5.3,77,2.95
1950-10-12,UA-35,9.0,5.8,86,3.54
1950-10-12,UA-40,14.7,0.0,90,2.08
1950-10-12,UA-43,12.9,0.0,86,2.01
1950-10-12,UA-46,7.0,1.4,73,6.59
1950-10-12,UA-48,11.0,2.1,85,3.53
1950-10-12,UA-51,11.3,0.3,81,4.19
1950-10-12,UA-53,10.0,5.3,72,3.34
1950-10-12,UA-56,7.7,4.5,73,5.77
1950-10-12,UA-59,9.8,0.8,65,4.99
1950-10-12,UA-61,7.2,0.8,72,6.12
1950-10-12,UA-63,8.6,0.0,65,4.07
1950-10-12,UA-65,11.6,3.8,83,3.07
1950-10-12,UA-68,7.7,0.6,70,5.25
1950-10-12,UA-71,8.5,6.7,87,3.46
1950-10-12,UA-74,7.5,7.3,86,3.11
1950-10-12,UA-77,8.8,0.0,61,5.65
1950-10-13,UA-05,5.8,4.5,87,3.29
1950-10-13,UA-07,6.3,9.3,91,6.22
1950-10-13,UA-09,11.0,5.4,75,5.01
1950-10-13,UA-12,7.8,5.7,88,2.09
1950-10-13,UA-14,9.8,7.9,86,2.58
1950-10-13,UA-18,6.1,5.8,88,2.6
1950-10-13,UA-21,9.0,0.0,62,5.01
1950-10-13,UA-23,9.4,5.4,85,2.49
1950-10-13,UA-26,6.4,13.5,85,7.54
1950-10-13,UA-30,5.4,0.5,81,2.34
1950-10-13,UA-32,5.3,3.5,85,2.21
1950-10-13,UA-35,6.7,0.1,75,2.87
1950-10-13,UA-40,11.0,7.8,81,6.28
1950-10-13,UA-43,7.1,8.1,90,2.58
1950-10-13,UA-46,6.5,9.7,85,7.09
1950-10-13,UA-48,8.1,1.2,71,3.46
1950-10-13,UA-51,8.6,0.0,60,4.84
1950-10-13,UA-53,6.9,14.5,90,2.1
1950-10-13,UA-56,6.2,8.9,90,5.36
1950-10-13,UA-59,7.7,9.0,89,2.58
1950-10-13,UA-61,5.7,12.0,90,6.71
1950-10-13,UA-63,9.2,4.1,77,3.38
1950-10-13,UA-65,7.8,4.2,71,3.29
1950-10-13,UA-68,5.7,6.0,89,5.19
1950-10-13,UA-71,6.6,0.0,79,2.65
1950-10-13,UA-74,5.3,0.0,81,1.78
1950-10-13,UA-77,6.2,12.7,82,6.68
1950-10-14,UA-05,5.6,2.9,83,3.84
1950-10-14,UA-07,5.5,5.8,78,3.42
1950-10-14,UA-09,8.0,17.0,80,5.46
1950-10-14,UA-12,5.3,21.9,88,3.49
1950-10-14,UA-14,5.7,26.1,96,2.23
1950-10-14,UA-18,6.1,1.6,81,4.01
1950-10-14,UA-21,7.3,0.0,75,4.37
1950-10-14,UA-23,6.5,14.2,81,2.66
1950-10-14,UA-26,5.7,4.6,81,3.68
1950-10-14,UA-30,6.2,2.8,83,3.58
1950-10-14,UA-32,6.3,3.3,83,3.34
1950-10-14,UA-35,6.2,4.3,80,2.4
1950-10-14,UA-40,10.4,2.0,77,3.77
1950-10-14,UA-43,7.1,1.0,79,2.37
1950-10-14,UA-46,5.3,5.4,83,4.19
1950-10-14,UA-48,7.4,0.3,76,1.58
1950-10-14,UA-51,8.2,0.4,66,2.99
1950-10-14,UA-53,6.1,22.3,92,2.32
1950-10-14,UA-56,5.8,2.5,76,3.13
1950-10-14,UA-59,8.2,8.4,81,4.45
1950-10-14,UA-61,5.0,3.4,80,3.52
1950-10-14,UA-63,8.5,19.4,85,4.72
1950-10-14,UA-65,7.1,0.0,74,1.6
1950-10-14,UA-68,5.1,1.1,80,3.74
1950-10-14,UA-71,7.2,7.1,83,2.78
1950-10-14,UA-74,5.8,0.3,87,3.66
1950-10-14,UA-77,5.7,5.4,84,3.61
1950-10-15,UA-05,6.3,0.9,81,4.21
1950-10-15,UA-07,6.6,0.0,80,2.57
1950-10-15,UA-09,5.9,3.1,90,2.84
1950-10-15,UA-12,7.3,0.3,81,3.59
1950-10-15,UA-14,5.5,0.3,85,2.94
1950-10-15,UA-18,6.5,0.1,79,3.76
1950-10-15,UA-21,5.0,0.0,73,1.38
1950-10-15,UA-23,8.3,1.7,85,4.02
1950-10-15,UA-26,4.6,0.0,80,2.28
1950-10-15,UA-30,6.9,0.1,77,3.67
1950-10-15,UA-32,6.5,2.1,84,3.87
1950-10-15,UA-35,6.9,3.9,79,3.56
1950-10-15,UA-40,11.1,0.9,71,3.65
1950-10-15,UA-43,7.3,2.6,82,1.6
1950-10-15,UA-46,4.1,0.0,81,1.26
1950-10-15,UA-48,7.8,0.0,72,2.54
1950-10-15,UA-51,7.3,0.2,72,3.2
1950-10-15,UA-53,6.9,0.9,76,3.96
1950-10-15,UA-56,6.6,0.0,80,3.28
1950-10-15,UA-59,7.3,0.6,76,3.75
1950-10-15,UA-61,5.4,0.0,80,3.18
1950-10-15,UA-63,6.3,2.7,82,3.41
1950-10-15,UA-65,7.6,0.0,70,2.25
1950-10-15,UA-68,6.1,0.2,78,3.97
1950-10-15,UA-71,7.4,3.4,84,4.14
1950-10-15,UA-74,7.1,0.0,71,3.5
1950-10-15,UA-77,5.9,0.7,77,4.56
1950-10-16,UA-05,5.7,1.1,82,1.47
1950-10-16,UA-07,6.4,0.0,80,1.74
1950-10-16,UA-09,4.8,4.6,91,3.31
1950-10-16,UA-12,5.8,7.5,85,3.98
1950-10-16,UA-14,4.5,1.9,86,2.99
1950-10-16,UA-18,6.7,0.0,71,1.66
1950-10-16,UA-21,5.7,0.0,77,0.99
1950-10-16,UA-23,6.8,5.4,82,4.78
1950-10-16,UA-26,6.4,0.0,78,2.2
1950-10-16,UA-30,6.2,0.3,78,2.22
1950-10-16,UA-32,6.0,0.0,76,1.97
1950-10-16,UA-35,6.3,0.7,76,3.56
1950-10-16,UA-40,10.6,0.5,77,5.07
1950-10-16,UA-43,7.2,0.8,84,2.65
1950-10-16,UA-46,6.6,0.0,81,2.53
1950-10-16,UA-48,8.7,0.5,73,3.29
1950-10-16,UA-51,8.9,0.1,65,3.59
1950-10-16,UA-53,5.9,4.4,80,4.21
1950-10-16,UA-56,6.0,0.0,79,1.87
1950-10-16,UA-59,6.1,1.2,75,3.89
1950-10-16,UA-61,5.3,0.0,80,1.77
1950-10-16,UA-63,5.0,8.7,89,4.29
1950-10-16,UA-65,7.8,0.4,76,3.07
1950-10-16,UA-68,5.4,0.0,77,1.58
1950-10-16,UA-71,6.3,0.0,75,3.1
1950-10-16,UA-74,6.1,0.0,72,2.59
1950-10-16,UA-77,6.1,0.0,78,1.33
1950-10-17,UA-05,5.0,0.0,71,2.15
1950-10-17,UA-07,6.3,0.0,76,2.08
1950-10-17,UA-09,5.8,0.3,80,1.53
1950-10-17,UA-12,5.7,4.2,90,2.78
1950-10-17,UA-14,4.6,2.4,87,1.75
1950-10-17,UA-18,4.9,0.0,72,2.49
1950-10-17,UA-21,6.9,1.0,75,1.0
1950-10-17,UA-23,6.7,7.0,84,3.91
1950-10-17,UA-26,6.1,0.2,80,1.39
1950-10-17,UA-30,5.7,0.0,77,2.83
1950-10-17,UA-32,5.6,0.0,74,2.51
1950-10-17,UA-35,5.6,0.3,74,3.86
1950-10-17,UA-40,9.9,0.7,70,2.91
1950-10-17,UA-43,6.2,0.2,76,2.27
1950-10-17,UA-46,6.4,0.2,80,2.17
1950-10-17,UA-48,7.9,0.0,62,3.25
1950-10-17,UA-51,7.4,0.0,55,3.5
1950-10-17,UA-53,5.0,3.6,91,2.74
1950-10-17,UA-56,5.8,0.0,70,1.5
1950-10-17,UA-59,5.9,2.5,91,3.78
1950-10-17,UA-61,5.4,0.4,82,1.49
1950-10-17,UA-63,5.4,1.9,87,2.57
1950-10-17,UA-65,7.5,0.0,62,2.78
1950-10-17,UA-68,5.3,0.0,69,1.2
1950-10-17,UA-71,5.7,0.1,79,3.69
1950-10-17,UA-74,5.6,0.0,78,2.74
1950-10-17,UA-77,6.0,0.5,78,1.14
1950-10-18,UA-05,5.0,11.0,88,4.03
1950-10-18,UA-07,7.9,8.1,92,5.65
1950-10-18,UA-09,6.5,0.6,80,3.11
1950-10-18,UA-12,6.3,4.1,82,3.58
1950-10-18,UA-14,5.4,0.9,85,3.16
1950-10-18,UA-18,4.9,11.5,89,4.22
1950-10-18,UA-21,8.5,8.6,85,2.66
1950-10-18,UA-23,7.9,4.3,80,4.78
1950-10-18,UA-26,7.8,7.6,84,5.16
1950-10-18,UA-30,5.6,7.6,86,3.02
1950-10-18,UA-32,4.9,9.6,87,3.34
1950-10-18,UA-35,7.5,6.2,72,3.39
1950-10-18,UA-40,12.4,1.5,66,5.86
1950-10-18,UA-43,9.1,0.5,71,4.21
1950-10-18,UA-46,7.7,12.6,88,5.89
1950-10-18,UA-48,8.2,6.0,74,3.66
1950-10-18,UA-51,8.5,4.7,69,4.26
1950-10-18,UA-53,5.3,3.8,84,3.19
1950-10-18,UA-56,7.7,10.4,90,5.43
1950-10-18,UA-59,5.2,3.9,91,2.23
1950-10-18,UA-61,7.2,7.1,89,5.37
1950-10-18,UA-63,5.2,4.0,87,2.93
1950-10-18,UA-65,8.2,6.0,73,3.56
1950-10-18,UA-68,6.2,10.5,90,4.92
1950-10-18,UA-71,7.1,8.8,78,3.25
1950-10-18,UA-74,6.4,5.6,83,3.14
1950-10-18,UA-77,7.3,7.8,85,3.75
1950-10-19,UA-05,5.4,14.4,92,6.63
1950-10-19,UA-07,6.9,3.2,84,7.09
1950-10-19,UA-09,8.4,9.2,84,6.79
1950-10-19,UA-12,7.7,8.5,88,5.92
1950-10-19,UA-14,7.7,12.1,88,5.74
1950-10-19,UA-18,5.2,14.3,92,6.57
1950-10-19,UA-21,8.5,0.7,72,4.83
1950-10-19,UA-23,9.1,11.8,83,7.33
1950-10-19,UA-26,7.0,3.3,86,7.49
1950-10-19,UA-30,5.5,11.7,95,5.08
1950-10-19,UA-32,5.4,10.9,94,5.67
1950-10-19,UA-35,6.1,5.3,93,5.51
1950-10-19,UA-40,12.0,17.6,79,7.29
1950-10-19,UA-43,9.0,17.9,84,5.13
1950-10-19,UA-46,6.9,5.7,88,6.9
1950-10-19,UA-48,8.7,2.4,75,6.64
1950-10-19,UA-51,9.2,0.7,67,7.67
1950-10-19,UA-53,6.4,6.2,91,4.48
1950-10-19,UA-56,6.2,6.6,89,7.09
1950-10-19,UA-59,5.8,8.5,93,3.8
1950-10-19,UA-61,6.3,4.5,87,7.23
1950-10-19,UA-63,6.9,9.4,91,5.14
1950-10-19,UA-65,8.9,3.2,73,6.08
1950-10-19,UA-68,5.5,7.5,91,7.35
1950-10-19,UA-71,6.2,5.5,94,4.89
1950-10-19,UA-74,5.0,10.7,93,5.55
1950-10-19,UA-77,7.3,6.2,81,7.7
1950-10-20,UA-05,6.4,2.5,78,4.93
1950-10-20,UA-07,7.4,3.3,84,6.14
1950-10-20,UA-09,6.5,0.0,78,4.29
1950-10-20,UA-12,5.6,1.7,81,4.22
1950-10-20,UA-14,4.9,0.5,80,3.63
1950-10-20,UA-18,6.2,2.7,78,5.98
1950-10-20,UA-21,9.4,0.1,61,2.69
1950-10-20,UA-23,7.1,1.3,77,4.65
1950-10-20,UA-26,8.3,1.5,70,6.04
1950-10-20,UA-30,5.8,3.1,77,5.82
1950-10-20,UA-32,6.3,1.9,74,5.25
1950-10-20,UA-35,6.3,0.3,73,4.57
1950-10-20,UA-40,10.5,0.7,75,4.76
1950-10-20,UA-43,6.6,1.6,83,2.41
1950-10-20,UA-46,7.4,4.9,82,6.35
1950-10-20,UA-48,7.8,0.0,68,4.02
1950-10-20,UA-51,7.9,0.0,67,4.72
1950-10-20,UA-53,5.1,1.3,77,4.91
1950-10-20,UA-56,7.0,3.2,83,6.16
1950-10-20,UA-59,4.3,3.1,84,5.91
1950-10-20,UA-61,6.9,2.1,79,6.35
1950-10-20,UA-63,4.9,1.8,83,5.0
1950-10-20,UA-65,7.6,0.0,67,3.67
1950-10-20,UA-68,6.4,2.0,79,5.71
1950-10-20,UA-71,6.1,0.5,75,5.05
1950-10-20,UA-74,5.6,3.8,75,6.4
1950-10-20,UA-77,8.0,1.2,70,5.38
1950-10-21,UA-05,6.7,1.2,76,6.09
1950-10-21,UA-07,6.6,2.5,77,7.79
1950-10-21,UA-09,7.2,0.1,73,5.01
1950-10-21,UA-12,7.1,1.3,77,4.79
1950-10-21,UA-14,6.3,0.1,76,3.99
1950-10-21,UA-18,6.3,3.0,82,6.66
1950-10-21,UA-21,9.0,0.0,64,2.79
1950-10-21,UA-23,8.5,0.6,79,5.48
1950-10-21,UA-26,7.9,0.5,67,7.62
1950-10-21,UA-30,6.5,2.5,85,6.21
1950-10-21,UA-32,6.7,2.5,79,5.73
1950-10-21,UA-35,7.8,0.5,70,5.38
1950-10-21,UA-40,12.2,0.0,60,3.4
1950-10-21,UA-43,8.3,0.0,71,3.42
1950-10-21,UA-46,6.5,1.7,79,7.84
1950-10-21,UA-48,8.4,0.8,72,4.0
1950-10-21,UA-51,9.0,0.0,64,3.7
1950-10-21,UA-53,6.3,1.8,79,5.13
1950-10-21,UA-56,6.6,3.5,79,7.38
1950-10-21,UA-59,6.3,3.4,85,5.68
1950-10-21,UA-61,6.4,2.6,80,7.68
1950-10-21,UA-63,6.1,2.2,81,5.06
1950-10-21,UA-65,8.6,0.2,75,3.94
1950-10-21,UA-68,6.3,0.7,78,6.88
1950-10-21,UA-71,7.3,1.6,77,5.46
1950-10-21,UA-74,6.4,5.1,90,6.12
1950-10-21,UA-77,8.8,0.0,59,5.51
1950-10-22,UA-05,4.8,3.9,84,5.37
1950-10-22,UA-07,4.9,6.0,91,6.1
1950-10-22,UA-09,6.6,0.0,80,2.73
1950-10-22,UA-12,5.6,0.4,84,3.5
1950-10-22,UA-14,5.5,0.0,83,2.55
1950-10-22,UA-18,4.5,2.2,87,5.49
1950-10-22,UA-21,7.1,0.2,63,3.87
1950-10-22,UA-23,7.0,0.7,81,4.12
1950-10-22,UA-26,5.3,6.1,82,6.95
1950-10-22,UA-30,4.8,2.7,86,5.07
1950-10-22,UA-32,5.0,3.0,84,4.83
1950-10-22,UA-35,5.4,2.3,81,4.29
1950-10-22,UA-40,10.3,11.0,79,6.99
1950-10-22,UA-43,6.8,3.9,84,3.61
1950-10-22,UA-46,5.4,3.9,82,6.63
1950-10-22,UA-48,6.0,0.3,77,4.92
1950-10-22,UA-51,6.9,0.3,68,6.5
1950-10-22,UA-53,5.2,2.3,86,3.69
1950-10-22,UA-56,4.9,5.7,89,6.07
1950-10-22,UA-59,5.1,3.5,90,4.23
1950-10-22,UA-61,4.5,7.7,90,6.63
1950-10-22,UA-63,5.5,1.8,87,3.61
1950-10-22,UA-65,6.0,0.3,76,4.48
1950-10-22,UA-68,4.4,4.0,88,5.97
1950-10-22,UA-71,5.9,2.4,82,4.5
1950-10-22,UA-74,4.7,2.1,88,5.08
1950-10-22,UA-77,5.7,5.0,79,7.06
1950-10-23,UA-05,3.2,0.9,69,5.59
1950-10-23,UA-07,3.6,0.0,78,5.04
1950-10-23,UA-09,4.4,0.9,87,3.39
1950-10-23,UA-12,4.0,4.4,89,5.01
1950-10-23,UA-14,3.7,2.5,89,3.42
1950-10-23,UA-18,2.6,1.3,73,5.94
1950-10-23,UA-21,3.8,0.0,69,2.18
1950-10-23,UA-23,5.1,6.3,86,6.23
1950-10-23,UA-26,4.2,0.0,69,5.12
1950-10-23,UA-30,2.4,2.1,82,5.9
1950-10-23,UA-32,2.9,1.1,76,5.56
1950-10-23,UA-35,3.6,1.5,78,5.72
1950-10-23,UA-40,8.1,7.5,79,7.27
1950-10-23,UA-43,4.2,1.5,80,3.49
1950-10-23,UA-46,3.7,0.0,71,4.52
1950-10-23,UA-48,5.2,0.3,64,5.71
1950-10-23,UA-51,5.9,0.4,61,6.95
1950-10-23,UA-53,3.2,4.8,88,4.91
1950-10-23,UA-56,3.4,0.6,74,5.36
1950-10-23,UA-59,3.6,3.2,90,4.67
1950-10-23,UA-61,3.3,0.4,79,5.22
1950-10-23,UA-63,3.8,3.1,88,3.9
1950-10-23,UA-65,5.0,0.3,64,5.13
1950-10-23,UA-68,3.1,1.4,73,5.84
1950-10-23,UA-71,3.2,3.0,84,5.96
1950-10-23,UA-74,2.3,3.0,87,5.84
1950-10-23,UA-77,4.8,0.0,68,5.71
1950-10-24,UA-05,0.4,0.0,73,2.66
1950-10-24,UA-07,1.7,0.0,74,1.97
1950-10-24,UA-09,2.9,2.6,91,4.14
1950-10-24,UA-12,2.9,1.5,80,5.4
1950-10-24,UA-14,1.9,2.1,89,4.28
1950-10-24,UA-18,0.1,0.0,75,3.3
1950-10-24,UA-21,4.7,0.0,68,1.86
1950-10-24,UA-23,4.2,2.4,77,6.56
1950-10-24,UA-26,3.7,0.0,65,2.1
1950-10-24,UA-30,1.2,0.1,73,3.83
1950-10-24,UA-32,1.0,0.0,71,3.36
1950-10-24,UA-35,2.7,0.1,65,4.27
1950-10-24,UA-40,6.9,1.5,61,5.65
1950-10-24,UA-43,2.3,0.0,64,2.76
1950-10-24,UA-46,3.5,0.0,70,1.81
1950-10-24,UA-48,3.0,0.0,66,3.75
1950-10-24,UA-51,3.6,0.0,55,3.89
1950-10-24,UA-53,2.3,1.1,78,5.2
1950-10-24,UA-56,0.8,0.0,77,2.2
1950-10-24,UA-59,1.9,1.8,84,4.97
1950-10-24,UA-61,2.3,0.0,69,2.22
1950-10-24,UA-63,2.5,1.2,85,4.76
1950-10-24,UA-65,3.1,0.0,62,3.53
1950-10-24,UA-68,0.7,0.0,77,2.5
1950-10-24,UA-71,2.6,0.3,72,4.43
1950-10-24,UA-74,1.7,0.1,71,4.33
1950-10-24,UA-77,3.7,0.0,65,2.42
1950-10-25,UA-05,0.2,0.0,68,2.66
1950-10-25,UA-07,1.1,0.0,69,4.16
1950-10-25,UA-09,1.9,0.2,78,4.0
1950-10-25,UA-12,1.4,0.3,75,3.09
1950-10-25,UA-14,0.2,0.3,81,2.84
1950-10-25,UA-18,-1.2,0.0,72,2.46
1950-10-25,UA-21,6.0,1.1,63,2.86
1950-10-25,UA-23,3.4,0.9,70,3.62
1950-10-25,UA-26,3.4,0.1,57,6.16
1950-10-25,UA-30,0.2,0.0,73,1.99
1950-10-25,UA-32,-1.1,0.0,70,1.91
1950-10-25,UA-35,1.7,0.0,63,2.16
1950-10-25,UA-40,8.4,0.0,58,3.73
1950-10-25,UA-43,3.3,0.0,65,2.31
1950-10-25,UA-46,3.0,0.0,57,5.75
1950-10-25,UA-48,2.8,0.0,64,2.26
1950-10-25,UA-51,4.4,0.0,60,3.77
1950-10-25,UA-53,0.8,0.0,70,2.94
1950-10-25,UA-56,0.4,0.0,72,3.63
1950-10-25,UA-59,0.3,0.0,79,3.08
1950-10-25,UA-61,2.3,0.0,61,4.99
1950-10-25,UA-63,1.8,0.0,78,3.04
1950-10-25,UA-65,2.7,0.0,61,2.2
1950-10-25,UA-68,0.8,0.0,68,3.65
1950-10-25,UA-71,1.0,0.0,74,2.19
1950-10-25,UA-74,0.7,0.0,69,2.47
1950-10-25,UA-77,3.3,1.2,60,4.9
1950-10-26,UA-05,0.2,12.7,78,5.77
1950-10-26,UA-07,0.2,12.0,74,7.35
1950-10-26,UA-09,0.9,0.0,82,2.12
1950-10-26,UA-12,1.4,0.0,80,3.77
1950-10-26,UA-14,0.0,0.0,85,2.6
1950-10-26,UA-18,0.1,4.5,72,5.83
1950-10-26,UA-21,5.9,14.7,89,2.35
1950-10-26,UA-23,3.0,0.9,80,5.39
1950-10-26,UA-26,0.6,14.8,92,7.7
1950-10-26,UA-30,0.8,0.0,71,4.45
1950-10-26,UA-32,0.8,2.1,71,4.9
1950-10-26,UA-35,1.8,1.5,73,4.85
1950-10-26,UA-40,11.8,1.1,77,7.38
1950-10-26,UA-43,7.0,3.8,81,4.45
1950-10-26,UA-46,0.7,12.5,85,7.63
1950-10-26,UA-48,3.5,6.4,84,6.53
1950-10-26,UA-51,6.4,18.7,83,8.97
1950-10-26,UA-53,1.7,0.0,66,3.36
1950-10-26,UA-56,0.0,12.6,75,6.83
1950-10-26,UA-59,-0.3,0.0,79,2.98
1950-10-26,UA-61,0.0,15.2,86,7.43
1950-10-26,UA-63,1.4,0.0,75,2.7
1950-10-26,UA-65,3.6,7.6,83,6.11
1950-10-26,UA-68,-0.1,17.5,81,6.45
1950-10-26,UA-71,2.1,0.0,74,4.53
1950-10-26,UA-74,0.5,0.0,72,4.12
1950-10-26,UA-77,0.6,18.8,97,5.69
1950-10-27,UA-05,2.3,7.0,97,5.31
1950-10-27,UA-07,1.0,13.5,95,6.28
1950-10-27,UA-09,2.6,0.8,74,5.41
1950-10-27,UA-12,3.9,3.1,82,5.97
1950-10-27,UA-14,2.8,0.1,79,5.29
1950-10-27,UA-18,0.8,14.3,95,6.52
1950-10-27,UA-21,8.5,15.4,94,1.29
1950-10-27,UA-23,5.6,5.5,84,6.74
1950-10-27,UA-26,3.4,4.7,98,4.99
1950-10-27,UA-30,0.9,13.8,89,6.46
1950-10-27,UA-32,1.7,12.4,94,5.72
1950-10-27,UA-35,4.1,11.4,93,5.93
1950-10-27,UA-40,15.1,0.0,79,5.42
1950-10-27,UA-43,13.5,1.3,84,2.5
1950-10-27,UA-46,3.2,14.9,97,5.17
1950-10-27,UA-48,8.9,2.9,91,5.91
1950-10-27,UA-51,13.0,0.8,91,6.29
1950-10-27,UA-53,1.6,8.5,83,6.47
1950-10-27,UA-56,1.2,9.4,95,6.26
1950-10-27,UA-59,1.4,0.6,77,6.43
1950-10-27,UA-61,2.4,4.9,99,5.3
1950-10-27,UA-63,1.9,1.4,74,5.91
1950-10-27,UA-65,9.0,3.5,91,5.67
1950-10-27,UA-68,2.0,6.6,97,5.5
1950-10-27,UA-71,2.9,7.7,88,6.68
1950-10-27,UA-74,0.7,6.6,84,7.12
1950-10-27,UA-77,4.2,1.5,99,3.89
1950-10-28,UA-05,7.1,23.8,96,4.24
1950-10-28,UA-07,2.6,12.8,99,3.66
1950-10-28,UA-09,4.2,0.2,70,6.03
1950-10-28,UA-12,5.7,3.2,76,5.95
1950-10-28,UA-14,4.1,1.1,75,5.62
1950-10-28,UA-18,4.6,19.4,94,5.33
1950-10-28,UA-21,4.6,0.9,87,1.55
1950-10-28,UA-23,7.4,1.5,77,6.38
1950-10-28,UA-26,4.1,6.4,95,2.94
1950-10-28,UA-30,3.9,6.2,89,6.24
1950-10-28,UA-32,5.6,10.0,90,5.28
1950-10-28,UA-35,7.2,1.6,83,5.39
1950-10-28,UA-40,15.2,0.1,76,2.93
1950-10-28,UA-43,12.8,0.6,77,2.4
1950-10-28,UA-46,2.9,2.6,95,3.09
1950-10-28,UA-48,10.0,4.0,80,4.93
1950-10-28,UA-51,11.6,11.9,90,6.07
1950-10-28,UA-53,3.5,3.5,79,6.49
1950-10-28,UA-56,3.4,12.5,99,3.9
1950-10-28,UA-59,3.2,0.0,68,6.66
1950-10-28,UA-61,3.9,9.4,99,3.31
1950-10-28,UA-63,3.5,0.1,71,6.4
1950-10-28,UA-65,9.6,3.2,81,4.91
1950-10-28,UA-68,5.3,16.5,99,4.16
1950-10-28,UA-71,5.2,4.3,86,6.08
1950-10-28,UA-74,3.4,8.2,84,7.19
1950-10-28,UA-77,5.9,2.7,97,2.9
1950-10-29,UA-05,4.1,0.7,97,2.71
1950-10-29,UA-07,1.7,0.1,95,2.59
1950-10-29,UA-09,1.8,8.6,82,5.65
1950-10-29,UA-12,4.8,2.9,88,5.59
1950-10-29,UA-14,2.6,6.1,91,5.53
1950-10-29,UA-18,3.9,5.4,98,2.96
1950-10-29,UA-21,5.8,0.0,78,2.18
1950-10-29,UA-23,6.7,1.0,84,6.18
1950-10-29,UA-26,2.4,0.0,86,3.39
1950-10-29,UA-30,3.5,9.8,94,4.55
1950-10-29,UA-32,4.5,6.8,96,3.46
1950-10-29,UA-35,5.9,6.0,93,4.09
1950-10-29,UA-40,13.9,0.0,88,2.95
1950-10-29,UA-43,11.8,0.0,85,2.42
1950-10-29,UA-46,1.7,0.0,86,3.53
1950-10-29,UA-48,8.9,3.6,91,3.17
1950-10-29,UA-51,10.5,0.1,92,4.07
1950-10-29,UA-53,2.7,7.3,89,5.99
1950-10-29,UA-56,2.4,0.1,95,2.7
1950-10-29,UA-59,1.4,3.6,77,6.19
1950-10-29,UA-61,2.0,0.0,91,2.78
1950-10-29,UA-63,1.5,5.7,82,5.88
1950-10-29,UA-65,9.1,4.3,91,3.17
1950-10-29,UA-68,2.5,0.3,96,2.91
1950-10-29,UA-71,4.6,5.7,92,4.94
1950-10-29,UA-74,2.4,11.1,91,6.01
1950-10-29,UA-77,3.0,0.0,87,2.25
1950-10-30,UA-05,3.5,0.4,82,5.12
1950-10-30,UA-07,4.6,0.0,89,6.35
1950-10-30,UA-09,-1.0,0.0,64,5.77
1950-10-30,UA-12,1.3,0.0,64,6.57
1950-10-30,UA-14,-0.5,0.1,67,5.94
1950-10-30,UA-18,2.7,0.0,79,5.84
1950-10-30,UA-21,9.0,0.0,71,2.99
1950-10-30,UA-23,3.4,0.0,65,8.34
1950-10-30,UA-26,5.6,0.0,92,7.67
1950-10-30,UA-30,1.6,0.0,71,5.63
1950-10-30,UA-32,2.5,0.0,75,5.26
1950-10-30,UA-35,2.5,0.0,68,5.67
1950-10-30,UA-40,11.5,0.0,79,4.72
1950-10-30,UA-43,6.9,0.0,84,5.93
1950-10-30,UA-46,6.0,0.0,89,7.73
1950-10-30,UA-48,5.3,0.0,69,6.48
1950-10-30,UA-51,6.6,0.0,77,7.69
1950-10-30,UA-53,-0.1,0.0,63,6.27
1950-10-30,UA-56,4.2,0.1,88,6.07
1950-10-30,UA-59,-0.8,0.0,66,5.6
1950-10-30,UA-61,4.8,0.3,92,6.71
1950-10-30,UA-63,-1.0,0.0,67,5.69
1950-10-30,UA-65,5.2,0.0,68,6.31
1950-10-30,UA-68,4.0,0.2,88,5.68
1950-10-30,UA-71,1.9,0.0,69,5.88
1950-10-30,UA-74,0.6,0.3,67,6.11
1950-10-30,UA-77,5.3,0.5,92,5.67
1950-10-31,UA-05,1.4,0.0,55,5.04
1950-10-31,UA-07,3.6,0.0,62,6.38
1950-10-31,UA-09,-2.1,0.0,52,6.56
1950-10-31,UA-12,-0.1,0.0,53,7.15
1950-10-31,UA-14,-1.9,0.0,51,6.78
1950-10-31,UA-18,0.3,0.0,59,5.62
1950-10-31,UA-21,10.4,0.3,77,1.89
1950-10-31,UA-23,1.4,0.0,54,9.39
1950-10-31,UA-26,3.2,0.0,74,7.78
1950-10-31,UA-30,-0.9,0.0,57,5.41
1950-10-31,UA-32,-0.1,0.0,59,5.12
1950-10-31,UA-35,0.4,0.0,52,6.26
1950-10-31,UA-40,11.0,0.0,70,6.74
1950-10-31,UA-43,5.6,0.0,76,7.59
1950-10-31,UA-46,3.6,0.0,72,7.86
1950-10-31,UA-48,3.6,0.0,58,7.98
1950-10-31,UA-51,5.2,0.0,70,8.95
1950-10-31,UA-53,-1.5,0.0,51,6.51
1950-10-31,UA-56,2.9,0.0,60,6.12
1950-10-31,UA-59,-1.6,0.0,52,5.75
1950-10-31,UA-61,2.6,0.0,67,6.59
1950-10-31,UA-63,-1.7,0.0,50,6.21
1950-10-31,UA-65,3.7,0.0,61,7.93
1950-10-31,UA-68,1.9,0.0,60,5.47
1950-10-31,UA-71,0.0,0.0,61,6.1
1950-10-31,UA-74,-1.2,0.0,58,5.64
1950-10-31,UA-77,3.2,0.0,70,5.3
1950-11-01,UA-05,-0.8,0.0,62,4.27
1950-11-01,UA-07,0.7,0.0,63,5.44
1950-11-01,UA-09,-1.7,0.0,60,6.7
1950-11-01,UA-12,0.1,0.0,61,7.09
1950-11-01,UA-14,-1.0,0.0,64,6.94
1950-11-01,UA-18,-1.4,0.0,63,4.75
1950-11-01,UA-21,7.1,0.0,80,1.06
1950-11-01,UA-23,1.8,0.0,66,9.31
1950-11-01,UA-26,0.9,0.0,67,6.68
1950-11-01,UA-30,-1.2,0.0,55,4.89
1950-11-01,UA-32,-0.9,0.0,62,4.5
1950-11-01,UA-35,-0.1,0.0,62,6.12
1950-11-01,UA-40,10.2,0.3,70,6.11
1950-11-01,UA-43,5.1,0.0,77,7.48
1950-11-01,UA-46,1.2,0.0,66,6.62
1950-11-01,UA-48,3.0,0.0,66,7.68
1950-11-01,UA-51,4.2,0.0,71,8.75
1950-11-01,UA-53,-1.5,0.0,53,6.32
1950-11-01,UA-56,0.1,0.0,64,5.46
1950-11-01,UA-59,-1.7,0.0,43,5.52
1950-11-01,UA-61,-0.1,0.0,65,5.74
1950-11-01,UA-63,-1.7,0.0,47,6.04
1950-11-01,UA-65,3.2,0.0,67,7.71
1950-11-01,UA-68,-0.6,0.0,64,4.68
1950-11-01,UA-71,-0.2,0.0,63,5.84
1950-11-01,UA-74,-1.5,0.0,51,5.13
1950-11-01,UA-77,0.9,0.0,63,4.2
1950-11-02,UA-05,-0.1,0.0,68,3.78
1950-11-02,UA-07,0.6,0.0,75,4.85
1950-11-02,UA-09,-0.5,0.0,49,6.86
1950-11-02,UA-12,0.8,0.0,57,6.82
1950-11-02,UA-14,0.3,0.0,60,6.94
1950-11-02,UA-18,-0.5,0.0,63,4.14
1950-11-02,UA-21,6.6,0.1,77,1.56
1950-11-02,UA-23,2.7,0.7,68,8.72
1950-11-02,UA-26,0.7,0.0,77,5.74
1950-11-02,UA-30,-0.6,0.0,52,4.21
1950-11-02,UA-32,-0.1,0.0,59,4.12
1950-11-02,UA-35,0.5,0.0,62,5.63
1950-11-02,UA-40,9.3,6.7,80,2.65
1950-11-02,UA-43,5.2,6.5,88,4.32
1950-11-02,UA-46,0.8,0.0,77,6.01
1950-11-02,UA-48,2.9,1.7,71,6.27
1950-11-02,UA-51,3.2,0.5,73,6.94
1950-11-02,UA-53,-0.6,0.0,43,6.05
1950-11-02,UA-56,0.4,0.0,73,4.47
1950-11-02,UA-59,-1.0,0.0,40,4.97
1950-11-02,UA-61,0.4,0.0,75,4.81
1950-11-02,UA-63,-0.9,0.0,39,5.85
1950-11-02,UA-65,3.2,2.8,71,6.28
1950-11-02,UA-68,0.1,0.0,72,3.91
1950-11-02,UA-71,0.5,0.0,56,5.29
1950-11-02,UA-74,-1.2,0.0,48,4.25
1950-11-02,UA-77,0.8,0.0,75,3.38
1950-11-03,UA-05,0.2,0.2,71,2.95
1950-11-03,UA-07,0.6,0.0,69,4.44
1950-11-03,UA-09,0.4,3.5,76,5.6
1950-11-03,UA-12,1.1,4.7,81,4.61
1950-11-03,UA-14,0.6,4.0,88,5.3
1950-11-03,UA-18,-0.5,0.4,61,3.68
1950-11-03,UA-21,6.5,1.7,83,2.98
1950-11-03,UA-23,2.9,5.8,87,5.11
1950-11-03,UA-26,1.0,0.0,78,4.54
1950-11-03,UA-30,-0.8,0.8,62,3.76
1950-11-03,UA-32,0.1,0.4,63,3.27
1950-11-03,UA-35,0.9,1.7,76,3.52
1950-11-03,UA-40,10.8,0.3,80,2.85
1950-11-03,UA-43,7.6,0.2,89,2.02
1950-11-03,UA-46,1.1,0.0,75,4.98
1950-11-03,UA-48,3.1,2.0,91,3.19
1950-11-03,UA-51,4.6,1.1,88,3.05
1950-11-03,UA-53,-0.5,3.7,70,5.04
1950-11-03,UA-56,0.4,0.0,67,3.98
1950-11-03,UA-59,0.2,1.1,49,5.24
1950-11-03,UA-61,0.8,0.0,79,4.06
1950-11-03,UA-63,0.0,2.1,59,5.45
1950-11-03,UA-65,3.4,1.9,91,2.98
1950-11-03,UA-68,0.4,0.0,74,3.28
1950-11-03,UA-71,0.2,1.4,72,4.06
1950-11-03,UA-74,-0.6,0.7,56,4.47
1950-11-03,UA-77,1.2,0.0,79,2.98
1950-11-04,UA-05,2.6,0.0,86,3.73
1950-11-04,UA-07,2.2,1.4,82,5.4
1950-11-04,UA-09,2.4,0.2,92,4.33
1950-11-04,UA-12,5.0,7.2,96,3.39
1950-11-04,UA-14,3.7,0.8,97,3.98
1950-11-04,UA-18,1.3,0.2,87,3.97
1950-11-04,UA-21,9.5,6.7,76,2.93
1950-11-04,UA-23,6.6,7.9,95,4.22
1950-11-04,UA-26,3.3,1.8,92,6.13
1950-11-04,UA-30,1.0,0.2,89,3.49
1950-11-04,UA-32,2.0,0.2,88,3.29
1950-11-04,UA-35,4.2,2.8,93,3.46
1950-11-04,UA-40,13.4,2.0,88,6.02
1950-11-04,UA-43,11.2,2.3,91,3.17
1950-11-04,UA-46,3.1,1.1,89,6.17
1950-11-04,UA-48,6.7,4.5,97,4.14
1950-11-04,UA-51,8.0,2.1,94,5.14
1950-11-04,UA-53,2.2,5.7,95,3.87
1950-11-04,UA-56,2.4,0.8,83,4.92
1950-11-04,UA-59,0.5,2.5,85,4.82
1950-11-04,UA-61,2.8,2.2,88,5.51
1950-11-04,UA-63,1.3,6.0,93,4.55
1950-11-04,UA-65,7.1,8.8,97,4.07
1950-11-04,UA-68,2.7,1.7,85,4.58
1950-11-04,UA-71,2.5,0.9,93,3.39
1950-11-04,UA-74,0.2,1.8,85,4.59
1950-11-04,UA-77,3.6,2.2,94,4.55
1950-11-05,UA-05,8.3,11.6,99,2.52
1950-11-05,UA-07,4.5,7.7,98,3.08
1950-11-05,UA-09,4.5,0.0,83,4.67
1950-11-05,UA-12,8.9,0.8,89,4.98
1950-11-05,UA-14,6.1,0.0,89,4.41
1950-11-05,UA-18,6.6,10.6,99,3.01
1950-11-05,UA-21,8.6,2.3,86,1.58
1950-11-05,UA-23,9.0,0.1,88,5.58
1950-11-05,UA-26,6.6,2.1,95,2.72
1950-11-05,UA-30,6.7,11.8,97,5.07
1950-11-05,UA-32,8.6,12.4,98,4.47
1950-11-05,UA-35,10.4,3.0,95,5.41
1950-11-05,UA-40,15.0,0.0,78,6.55
1950-11-05,UA-43,13.7,0.1,80,3.24
1950-11-05,UA-46,6.2,1.1,93,3.08
1950-11-05,UA-48,12.6,0.7,90,4.91
1950-11-05,UA-51,13.7,3.0,90,6.35
1950-11-05,UA-53,7.0,1.0,93,5.54
1950-11-05,UA-56,4.9,6.4,99,2.73
1950-11-05,UA-59,4.3,3.9,93,6.29
1950-11-05,UA-61,6.0,4.7,98,2.54
1950-11-05,UA-63,4.7,1.9,92,5.34
1950-11-05,UA-65,12.2,0.7,90,4.5
1950-11-05,UA-68,6.3,4.4,99,2.36
1950-11-05,UA-71,8.0,11.4,95,4.96
1950-11-05,UA-74,4.9,10.0,94,5.87
1950-11-05,UA-77,7.2,3.6,98,1.66
1950-11-06,UA-05,12.2,9.1,96,3.62
1950-11-06,UA-07,5.5,6.7,98,2.32
1950-11-06,UA-09,7.3,0.0,83,4.99
1950-11-06,UA-12,11.2,0.0,79,4.73
1950-11-06,UA-14,7.8,0.1,83,4.72
1950-11-06,UA-18,11.2,8.9,97,2.69
1950-11-06,UA-21,6.3,7.1,90,2.66
1950-11-06,UA-23,10.8,0.0,79,5.44
1950-11-06,UA-26,6.8,13.8,97,2.97
1950-11-06,UA-30,12.5,4.7,93,4.57
1950-11-06,UA-32,13.2,3.3,92,4.59
1950-11-06,UA-35,12.9,1.8,85,5.16
1950-11-06,UA-40,15.9,0.0,71,5.65
1950-11-06,UA-43,15.0,0.0,67,2.6
1950-11-06,UA-46,6.7,8.4,96,2.86
1950-11-06,UA-48,13.7,0.8,81,4.38
1950-11-06,UA-51,14.0,2.4,84,6.69
1950-11-06,UA-53,10.5,1.2,82,5.05
1950-11-06,UA-56,6.6,14.7,98,2.22
1950-11-06,UA-59,9.4,4.9,87,6.02
1950-11-06,UA-61,7.0,14.7,96,2.73
1950-11-06,UA-63,8.7,0.0,82,4.66
1950-11-06,UA-65,13.3,0.2,82,3.77
1950-11-06,UA-68,9.3,20.6,97,1.47
1950-11-06,UA-71,12.3,3.7,86,4.64
1950-11-06,UA-74,11.7,7.0,95,4.7
1950-11-06,UA-77,7.6,14.4,98,2.24
1950-11-07,UA-05,5.6,12.3,89,6.03
1950-11-07,UA-07,2.9,7.8,90,7.37
1950-11-07,UA-09,10.1,2.9,86,4.71
1950-11-07,UA-12,9.3,1.1,84,5.19
1950-11-07,UA-14,8.9,2.9,89,4.22
1950-11-07,UA-18,5.8,13.7,92,6.76
1950-11-07,UA-21,4.2,0.0,68,3.44
1950-11-07,UA-23,9.6,1.2,85,5.62
1950-11-07,UA-26,3.1,6.9,78,7.05
1950-11-07,UA-30,7.6,6.9,91,6.92
1950-11-07,UA-32,7.6,7.8,89,6.32
1950-11-07,UA-35,8.5,2.9,87,6.26
1950-11-07,UA-40,12.5,1.0,82,5.82
1950-11-07,UA-43,11.2,1.5,80,4.29
1950-11-07,UA-46,2.2,4.9,87,7.61
1950-11-07,UA-48,8.9,3.6,83,5.7
1950-11-07,UA-51,8.6,5.4,83,6.55
1950-11-07,UA-53,8.4,2.3,87,5.63
1950-11-07,UA-56,3.4,14.3,91,7.34
1950-11-07,UA-59,8.4,1.4,88,5.93
1950-11-07,UA-61,2.5,8.2,88,7.57
1950-11-07,UA-63,8.9,0.8,87,4.68
1950-11-07,UA-65,9.0,2.2,82,5.17
1950-11-07,UA-68,3.4,12.8,90,7.07
1950-11-07,UA-71,8.2,2.1,86,6.08
1950-11-07,UA-74,7.8,8.4,93,7.47
1950-11-07,UA-77,3.9,13.1,76,6.1
1950-11-08,UA-05,1.9,0.0,68,3.95
1950-11-08,UA-07,1.7,0.5,79,6.17
1950-11-08,UA-09,5.5,0.0,77,4.1
1950-11-08,UA-12,4.3,0.0,73,3.78
1950-11-08,UA-14,3.9,0.0,79,3.5
1950-11-08,UA-18,2.4,0.0,71,5.37
1950-11-08,UA-21,2.4,1.3,84,1.85
1950-11-08,UA-23,5.5,0.0,78,4.05
1950-11-08,UA-26,2.7,0.0,67,3.36
1950-11-08,UA-30,3.2,0.0,71,5.15
1950-11-08,UA-32,3.2,0.0,68,4.32
1950-11-08,UA-35,4.4,0.0,67,3.45
1950-11-08,UA-40,9.7,1.0,78,2.96
1950-11-08,UA-43,7.0,0.3,87,2.09
1950-11-08,UA-46,0.9,0.0,70,5.38
1950-11-08,UA-48,5.2,0.0,77,2.39
1950-11-08,UA-51,4.9,0.0,73,2.33
1950-11-08,UA-53,3.8,0.2,70,4.12
1950-11-08,UA-56,1.8,0.3,76,5.9
1950-11-08,UA-59,3.1,0.7,80,5.18
1950-11-08,UA-61,0.8,0.0,69,5.02
1950-11-08,UA-63,3.8,0.1,74,4.21
1950-11-08,UA-65,5.1,0.0,77,2.28
1950-11-08,UA-68,1.0,0.0,70,4.51
1950-11-08,UA-71,4.2,0.0,67,3.83
1950-11-08,UA-74,2.9,0.8,79,6.26
1950-11-08,UA-77,2.8,0.3,76,1.87
1950-11-09,UA-05,0.3,0.0,72,2.51
1950-11-09,UA-07,1.9,0.5,74,5.14
1950-11-09,UA-09,4.8,4.2,83,3.59
1950-11-09,UA-12,3.8,1.3,91,2.79
1950-11-09,UA-14,4.6,3.2,89,3.04
1950-11-09,UA-18,0.5,0.0,73,3.85
1950-11-09,UA-21,1.0,0.0,79,1.83
1950-11-09,UA-23,5.1,2.3,89,3.66
1950-11-09,UA-26,0.4,0.0,72,2.74
1950-11-09,UA-30,1.0,0.0,73,3.32
1950-11-09,UA-32,0.6,0.0,72,2.52
1950-11-09,UA-35,2.6,0.0,75,2.35
1950-11-09,UA-40,9.2,2.6,80,5.2
1950-11-09,UA-43,5.8,2.9,92,1.91
1950-11-09,UA-46,1.4,0.0,69,4.57
1950-11-09,UA-48,3.6,0.0,80,3.21
1950-11-09,UA-51,4.5,0.0,74,3.42
1950-11-09,UA-53,2.0,0.0,86,1.68
1950-11-09,UA-56,1.3,0.6,73,4.69
1950-11-09,UA-59,0.9,0.0,82,2.45
1950-11-09,UA-61,0.0,0.0,72,3.84
1950-11-09,UA-63,3.7,3.0,86,2.06
1950-11-09,UA-65,3.6,0.0,83,2.97
1950-11-09,UA-68,-0.1,0.1,73,3.42
1950-11-09,UA-71,1.7,0.0,77,1.83
1950-11-09,UA-74,1.4,0.0,76,4.15
1950-11-09,UA-77,1.1,0.0,74,2.16
1950-11-10,UA-05,3.3,0.3,76,3.56
1950-11-10,UA-07,4.9,1.0,77,4.68
1950-11-10,UA-09,3.6,0.5,85,3.14
1950-11-10,UA-12,3.2,0.0,77,3.61
1950-11-10,UA-14,3.0,0.0,86,2.94
1950-11-10,UA-18,3.4,1.8,81,4.51
1950-11-10,UA-21,4.2,0.0,79,2.96
1950-11-10,UA-23,4.2,0.0,77,4.19
1950-11-10,UA-26,3.6,0.0,72,3.28
1950-11-10,UA-30,3.0,0.9,83,4.39
1950-11-10,UA-32,3.3,0.9,79,3.73
1950-11-10,UA-35,2.2,0.0,73,3.38
1950-11-10,UA-40,7.5,0.0,73,5.01
1950-11-10,UA-43,3.9,0.0,79,1.44
1950-11-10,UA-46,3.7,0.0,76,4.49
1950-11-10,UA-48,3.4,0.0,74,2.64
1950-11-10,UA-51,3.5,0.0,72,2.66
1950-11-10,UA-53,1.5,1.1,82,3.58
1950-11-10,UA-56,4.7,1.0,78,4.68
1950-11-10,UA-59,0.9,1.6,87,3.67
1950-11-10,UA-61,3.3,0.2,76,4.18
1950-11-10,UA-63,3.6,1.0,83,3.56
1950-11-10,UA-65,3.2,0.0,73,2.54
1950-11-10,UA-68,3.4,0.8,77,3.84
1950-11-10,UA-71,2.6,1.6,82,3.42
1950-11-10,UA-74,3.1,0.9,88,4.69
1950-11-10,UA-77,2.9,0.0,77,1.28
1950-11-11,UA-05,3.6,0.0,81,2.6
1950-11-11,UA-07,5.7,0.0,68,4.33
1950-11-11,UA-09,3.4,0.5,85,3.28
1950-11-11,UA-12,5.1,0.0,83,2.72
1950-11-11,UA-14,3.3,0.0,82,2.54
1950-11-11,UA-18,5.2,0.1,75,3.28
1950-11-11,UA-21,5.6,0.1,74,2.6
1950-11-11,UA-23,5.4,0.0,82,2.91
1950-11-11,UA-26,4.3,0.0,76,2.52
1950-11-11,UA-30,5.1,0.0,80,2.93
1950-11-11,UA-32,5.5,0.0,76,2.62
1950-11-11,UA-35,5.1,0.0,78,2.76
1950-11-11,UA-40,9.2,0.0,68,2.04
1950-11-11,UA-43,4.9,0.0,73,1.41
1950-11-11,UA-46,5.6,0.0,66,3.62
1950-11-11,UA-48,5.9,0.0,82,3.19
1950-11-11,UA-51,6.4,0.0,76,3.97
1950-11-11,UA-53,3.7,0.0,87,3.01
1950-11-11,UA-56,5.1,0.0,72,3.94
1950-11-11,UA-59,3.1,0.3,88,3.39
1950-11-11,UA-61,4.0,0.0,77,3.22
1950-11-11,UA-63,3.6,0.2,88,3.15
1950-11-11,UA-65,5.6,0.0,82,2.85
1950-11-11,UA-68,3.2,0.1,82,3.21
1950-11-11,UA-71,5.3,0.0,81,2.52
1950-11-11,UA-74,4.6,0.0,87,3.44
1950-11-11,UA-77,3.4,0.0,80,1.9
1950-11-12,UA-05,6.0,0.0,80,2.12
1950-11-12,UA-07,8.5,0.1,71,3.38
1950-11-12,UA-09,6.0,0.0,81,3.42
1950-11-12,UA-12,7.7,0.0,87,4.07
1950-11-12,UA-14,5.8,0.0,82,3.05
1950-11-12,UA-18,7.4,0.0,74,2.51
1950-11-12,UA-21,8.7,0.0,65,3.02
1950-11-12,UA-23,7.2,0.0,87,4.16
1950-11-12,UA-26,7.6,0.0,70,2.76
1950-11-12,UA-30,7.1,0.0,74,2.38
1950-11-12,UA-32,7.0,0.0,74,2.27
1950-11-12,UA-35,6.8,0.0,83,3.36
1950-11-12,UA-40,10.5,0.0,80,4.44
1950-11-12,UA-43,7.5,0.0,82,1.73
1950-11-12,UA-46,8.7,0.0,64,3.48
1950-11-12,UA-48,10.3,0.0,88,4.17
1950-11-12,UA-51,10.4,0.0,86,4.62
1950-11-12,UA-53,5.9,0.0,84,3.45
1950-11-12,UA-56,8.2,0.0,74,3.17
1950-11-12,UA-59,5.2,0.0,82,3.01
1950-11-12,UA-61,7.5,0.0,69,3.06
1950-11-12,UA-63,5.9,0.0,87,3.16
1950-11-12,UA-65,9.6,0.0,88,3.74
1950-11-12,UA-68,7.2,0.0,76,2.56
1950-11-12,UA-71,6.5,0.0,76,2.62
1950-11-12,UA-74,6.8,0.0,77,2.48
1950-11-12,UA-77,6.4,0.0,75,2.16
1950-11-13,UA-05,7.0,0.0,78,2.99
1950-11-13,UA-07,11.1,0.0,58,5.4
1950-11-13,UA-09,7.8,0.0,80,3.33
1950-11-13,UA-12,8.9,0.0,89,4.1
1950-11-13,UA-14,7.0,0.0,87,3.01
1950-11-13,UA-18,7.4,0.0,74,3.59
1950-11-13,UA-21,10.8,0.0,65,3.21
1950-11-13,UA-23,7.3,0.0,93,4.1
1950-11-13,UA-26,9.5,0.2,70,2.52
1950-11-13,UA-30,7.1,0.0,80,3.67
1950-11-13,UA-32,7.8,0.0,80,3.6
1950-11-13,UA-35,10.5,0.0,94,4.9
1950-11-13,UA-40,12.0,0.0,84,5.21
1950-11-13,UA-43,10.0,0.0,79,2.14
1950-11-13,UA-46,11.5,0.2,57,5.22
1950-11-13,UA-48,11.7,0.0,94,4.75
1950-11-13,UA-51,11.9,0.0,92,5.61
1950-11-13,UA-53,8.7,0.0,93,4.27
1950-11-13,UA-56,9.7,0.0,67,4.73
1950-11-13,UA-59,8.2,0.0,91,4.62
1950-11-13,UA-61,9.1,0.0,72,3.53
1950-11-13,UA-63,8.5,0.0,91,3.74
1950-11-13,UA-65,11.0,0.0,92,4.01
1950-11-13,UA-68,7.0,0.0,78,3.14
1950-11-13,UA-71,8.9,0.0,90,3.61
1950-11-13,UA-74,6.8,0.0,81,4.22
1950-11-13,UA-77,7.8,0.0,82,1.6
1950-11-14,UA-05,8.1,0.0,84,2.17
1950-11-14,UA-07,9.8,2.3,75,4.68
1950-11-14,UA-09,10.2,0.0,77,3.49
1950-11-14,UA-12,10.0,0.3,90,4.32
1950-11-14,UA-14,8.9,0.0,84,3.11
1950-11-14,UA-18,8.8,1.2,81,2.93
1950-11-14,UA-21,10.2,0.8,79,2.99
1950-11-14,UA-23,8.8,0.0,92,4.0
1950-11-14,UA-26,11.1,0.0,75,3.16
1950-11-14,UA-30,8.5,0.3,86,2.85
1950-11-14,UA-32,8.3,0.0,86,2.6
1950-11-14,UA-35,10.7,0.0,93,4.02
1950-11-14,UA-40,12.7,0.0,83,3.54
1950-11-14,UA-43,11.3,0.0,79,1.34
1950-11-14,UA-46,10.4,0.9,76,4.35
1950-11-14,UA-48,11.4,0.0,94,4.29
1950-11-14,UA-51,11.4,0.0,92,4.49
1950-11-14,UA-53,9.4,0.0,91,4.1
1950-11-14,UA-56,10.1,0.8,77,3.82
1950-11-14,UA-59,9.3,0.0,92,4.36
1950-11-14,UA-61,10.1,0.2,79,3.76
1950-11-14,UA-63,9.4,0.0,90,3.9
1950-11-14,UA-65,11.3,0.0,93,3.58
1950-11-14,UA-68,9.1,1.8,80,2.99
1950-11-14,UA-71,8.9,0.0,90,3.01
1950-11-14,UA-74,8.2,0.0,89,3.42
1950-11-14,UA-77,9.6,3.7,82,1.71
1950-11-15,UA-05,7.5,3.3,83,4.08
1950-11-15,UA-07,6.8,4.3,93,4.76
1950-11-15,UA-09,10.9,1.6,76,3.88
1950-11-15,UA-12,10.7,0.7,89,4.27
1950-11-15,UA-14,9.9,2.5,85,3.69
1950-11-15,UA-18,7.7,4.2,85,4.32
1950-11-15,UA-21,6.8,18.8,90,3.12
1950-11-15,UA-23,9.3,0.1,92,4.25
1950-11-15,UA-26,7.1,0.9,84,4.21
1950-11-15,UA-30,7.6,0.0,90,4.45
1950-11-15,UA-32,8.3,0.0,87,4.31
1950-11-15,UA-35,11.3,0.0,92,5.64
1950-11-15,UA-40,12.4,0.1,88,3.94
1950-11-15,UA-43,13.9,0.0,77,2.08
1950-11-15,UA-46,5.8,5.9,91,5.04
1950-11-15,UA-48,13.0,0.0,91,5.86
1950-11-15,UA-51,12.5,0.0,91,6.52
1950-11-15,UA-53,10.2,0.9,89,5.0
1950-11-15,UA-56,7.4,3.5,87,4.52
1950-11-15,UA-59,10.0,0.0,91,5.14
1950-11-15,UA-61,6.5,1.9,89,4.55
1950-11-15,UA-63,9.9,3.2,91,4.03
1950-11-15,UA-65,12.8,0.0,91,5.06
1950-11-15,UA-68,7.0,1.9,86,4.44
1950-11-15,UA-71,9.8,0.1,91,4.54
1950-11-15,UA-74,7.1,0.3,93,4.8
1950-11-15,UA-77,8.1,0.4,79,3.56
1950-11-16,UA-05,2.5,0.3,82,4.05
1950-11-16,UA-07,2.7,0.4,85,5.05
1950-11-16,UA-09,9.8,8.4,89,3.37
1950-11-16,UA-12,7.1,7.3,91,4.42
1950-11-16,UA-14,9.5,6.4,93,3.2
1950-11-16,UA-18,2.5,1.4,84,4.7
1950-11-16,UA-21,3.6,1.7,81,2.17
1950-11-16,UA-23,7.4,9.0,93,4.77
1950-11-16,UA-26,2.0,0.0,81,4.08
1950-11-16,UA-30,3.8,1.1,83,4.49
1950-11-16,UA-32,3.6,1.1,81,3.95
1950-11-16,UA-35,6.7,0.8,78,3.9
1950-11-16,UA-40,10.8,5.8,88,5.43
1950-11-16,UA-43,10.4,9.5,87,3.54
1950-11-16,UA-46,2.0,1.8,90,4.71
1950-11-16,UA-48,7.1,1.3,80,3.91
1950-11-16,UA-51,6.2,0.4,73,4.88
1950-11-16,UA-53,6.1,7.9,89,4.6
1950-11-16,UA-56,2.9,0.4,85,4.9
1950-11-16,UA-59,6.3,3.9,88,4.68
1950-11-16,UA-61,2.0,0.0,86,4.63
1950-11-16,UA-63,7.5,9.1,92,4.23
1950-11-16,UA-65,7.3,3.3,86,3.73
1950-11-16,UA-68,2.1,0.4,84,4.44
1950-11-16,UA-71,5.9,0.3,79,4.09
1950-11-16,UA-74,4.3,0.8,84,4.89
1950-11-16,UA-77,2.5,0.0,79,3.13
1950-11-17,UA-05,1.2,0.2,82,2.88
1950-11-17,UA-07,1.3,4.3,89,3.05
1950-11-17,UA-09,3.8,12.5,85,5.08
1950-11-17,UA-12,2.2,0.0,83,3.78
1950-11-17,UA-14,2.6,0.8,81,4.64
1950-11-17,UA-18,1.7,1.3,82,3.08
1950-11-17,UA-21,2.9,18.1,91,3.75
1950-11-17,UA-23,3.9,0.0,81,4.46
1950-11-17,UA-26,1.7,3.4,81,3.14
1950-11-17,UA-30,1.9,0.1,81,2.78
1950-11-17,UA-32,1.9,1.1,82,2.61
1950-11-17,UA-35,2.6,0.2,81,2.97
1950-11-17,UA-40,8.1,0.2,68,4.61
1950-11-17,UA-43,4.6,0.1,81,2.87
1950-11-17,UA-46,1.6,6.3,86,3.64
1950-11-17,UA-48,4.7,0.0,80,3.37
1950-11-17,UA-51,5.5,0.0,77,4.05
1950-11-17,UA-53,1.3,0.1,83,3.36
1950-11-17,UA-56,1.4,4.0,85,3.08
1950-11-17,UA-59,1.4,0.0,85,3.36
1950-11-17,UA-61,1.1,3.4,82,3.44
1950-11-17,UA-63,2.6,0.2,81,4.41
1950-11-17,UA-65,4.3,0.0,80,3.08
1950-11-17,UA-68,1.3,0.8,78,3.09
1950-11-17,UA-71,2.4,0.1,81,2.73
1950-11-17,UA-74,1.1,0.0,83,2.37
1950-11-17,UA-77,1.6,1.0,77,2.73
1950-11-18,UA-05,0.9,2.2,92,3.19
1950-11-18,UA-07,1.6,2.2,93,3.31
1950-11-18,UA-09,3.8,6.1,83,4.4
1950-11-18,UA-12,3.8,19.8,91,4.4
1950-11-18,UA-14,2.9,9.8,93,3.51
1950-11-18,UA-18,0.6,4.2,88,3.49
1950-11-18,UA-21,2.7,0.1,83,2.77
1950-11-18,UA-23,5.1,14.7,89,5.62
1950-11-18,UA-26,1.7,2.0,89,5.4
1950-11-18,UA-30,0.8,2.5,79,4.04
1950-11-18,UA-32,1.0,4.3,89,3.62
1950-11-18,UA-35,2.8,10.9,92,3.99
1950-11-18,UA-40,9.0,9.6,82,7.56
1950-11-18,UA-43,6.3,6.3,85,4.37
1950-11-18,UA-46,1.0,2.6,91,4.69
1950-11-18,UA-48,5.9,3.0,81,4.89
1950-11-18,UA-51,5.8,1.2,75,6.12
1950-11-18,UA-53,-0.1,10.5,90,5.01
1950-11-18,UA-56,1.3,3.2,92,2.82
1950-11-18,UA-59,-0.7,0.0,80,2.89
1950-11-18,UA-61,1.2,3.4,94,4.58
1950-11-18,UA-63,0.6,3.7,83,3.5
1950-11-18,UA-65,6.1,5.0,81,4.61
1950-11-18,UA-68,1.1,2.6,93,3.66
1950-11-18,UA-71,1.4,5.5,87,4.34
1950-11-18,UA-74,0.3,0.0,74,3.96
1950-11-18,UA-77,2.5,2.1,85,5.95
1950-11-19,UA-05,0.4,0.0,73,2.46
1950-11-19,UA-07,1.1,0.1,87,2.46
1950-11-19,UA-09,2.1,1.7,86,5.52
1950-11-19,UA-12,-0.7,0.5,77,5.52
1950-11-19,UA-14,0.1,2.3,81,5.06
1950-11-19,UA-18,-0.2,0.0,81,2.65
1950-11-19,UA-21,2.3,0.0,75,2.32
1950-11-19,UA-23,0.4,1.5,78,6.38
1950-11-19,UA-26,0.9,0.0,76,2.06
1950-11-19,UA-30,-0.8,0.0,77,3.49
1950-11-19,UA-32,0.1,0.0,76,2.98
1950-11-19,UA-35,-0.1,0.0,74,3.76
1950-11-19,UA-40,4.8,1.8,77,6.45
1950-11-19,UA-43,1.8,0.9,78,2.62
1950-11-19,UA-46,1.2,0.0,79,2.6
1950-11-19,UA-48,1.3,0.0,72,3.98
1950-11-19,UA-51,2.1,0.0,67,4.28
1950-11-19,UA-53,-1.7,0.0,75,4.64
1950-11-19,UA-56,1.1,0.0,81,2.13
1950-11-19,UA-59,-1.3,0.0,73,4.47
1950-11-19,UA-61,0.3,0.1,80,2.11
1950-11-19,UA-63,-0.5,0.1,73,5.26
1950-11-19,UA-65,0.9,0.0,69,3.83
1950-11-19,UA-68,-0.0,0.4,83,1.78
1950-11-19,UA-71,-0.4,0.0,75,3.76
1950-11-19,UA-74,-1.7,0.0,73,3.48
1950-11-19,UA-77,1.1,0.1,75,2.16
1950-11-20,UA-05,0.6,0.0,70,3.74
1950-11-20,UA-07,1.4,0.0,77,3.92
1950-11-20,UA-09,-0.5,0.0,71,3.56
1950-11-20,UA-12,-1.7,0.0,71,1.75
1950-11-20,UA-14,-2.1,0.0,71,2.44
1950-11-20,UA-18,-0.1,0.0,71,3.77
1950-11-20,UA-21,5.5,0.0,61,2.37
1950-11-20,UA-23,-1.1,0.0,70,2.2
1950-11-20,UA-26,1.8,0.0,79,3.32
1950-11-20,UA-30,-0.7,0.6,75,2.98
1950-11-20,UA-32,0.3,0.3,68,3.07
1950-11-20,UA-35,-1.1,0.0,75,1.53
1950-11-20,UA-40,5.2,0.0,58,3.12
1950-11-20,UA-43,0.5,0.0,75,1.78
1950-11-20,UA-46,2.2,0.0,75,3.73
1950-11-20,UA-48,0.4,0.0,78,2.73
1950-11-20,UA-51,3.4,0.0,76,4.45
1950-11-20,UA-53,-3.1,0.0,75,1.59
1950-11-20,UA-56,0.8,0.0,78,3.55
1950-11-20,UA-59,-2.6,0.0,79,2.08
1950-11-20,UA-61,1.0,0.0,82,3.45
1950-11-20,UA-63,-1.8,0.0,75,2.68
1950-11-20,UA-65,-0.3,0.0,75,2.32
1950-11-20,UA-68,0.4,0.0,79,3.55
1950-11-20,UA-71,-1.0,0.0,78,1.69
1950-11-20,UA-74,-2.1,0.0,76,2.31
1950-11-20,UA-77,1.6,0.0,83,2.89
1950-11-21,UA-05,1.0,0.0,72,5.5
1950-11-21,UA-07,3.8,1.0,80,6.98
1950-11-21,UA-09,-1.7,0.0,69,3.37
1950-11-21,UA-12,-1.9,0.0,77,3.45
1950-11-21,UA-14,-2.3,0.0,72,3.32
1950-11-21,UA-18,0.2,0.0,71,5.94
1950-11-21,UA-21,8.7,2.4,62,3.86
1950-11-21,UA-23,-0.8,0.0,74,4.7
1950-11-21,UA-26,3.9,0.4,89,6.19
1950-11-21,UA-30,-1.8,2.7,79,5.29
1950-11-21,UA-32,-0.2,0.2,70,4.86
1950-11-21,UA-35,-1.4,0.0,75,4.06
1950-11-21,UA-40,5.1,0.0,69,4.74
1950-11-21,UA-43,-0.0,0.0,81,4.76
1950-11-21,UA-46,3.8,2.0,88,6.67
1950-11-21,UA-48,-0.3,0.0,79,4.8
1950-11-21,UA-51,3.1,0.0,79,6.52
1950-11-21,UA-53,-2.8,0.0,75,3.32
1950-11-21,UA-56,3.2,0.5,77,6.91
1950-11-21,UA-59,-1.9,0.0,75,2.88
1950-11-21,UA-61,3.2,1.9,89,7.27
1950-11-21,UA-63,-1.8,0.0,78,2.92
1950-11-21,UA-65,-0.6,0.0,78,4.54
1950-11-21,UA-68,2.3,0.3,79,6.89
1950-11-21,UA-71,-0.9,0.6,76,4.52
1950-11-21,UA-74,-2.4,1.2,71,5.07
1950-11-21,UA-77,4.7,0.0,85,6.94
1950-11-22,UA-05,-1.4,0.0,67,6.1
1950-11-22,UA-07,2.5,3.8,78,7.53
1950-11-22,UA-09,-6.7,0.0,39,4.93
1950-11-22,UA-12,-4.1,0.0,51,5.51
1950-11-22,UA-14,-5.9,0.0,37,5.27
1950-11-22,UA-18,-1.6,0.0,64,6.91
1950-11-22,UA-21,8.4,2.4,72,4.07
1950-11-22,UA-23,-2.6,0.0,50,7.33
1950-11-22,UA-26,3.6,0.2,83,7.33
1950-11-22,UA-30,-2.9,0.0,69,6.29
1950-11-22,UA-32,-2.1,0.0,62,5.7
1950-11-22,UA-35,-3.1,0.0,60,4.91
1950-11-22,UA-40,4.2,0.0,64,5.5
1950-11-22,UA-43,-0.4,0.0,69,6.86
1950-11-22,UA-46,3.9,0.3,83,7.14
1950-11-22,UA-48,-1.1,0.0,63,5.91
1950-11-22,UA-51,1.6,0.0,70,7.26
1950-11-22,UA-53,-5.6,0.0,52,5.12
1950-11-22,UA-56,1.0,2.8,72,7.87
1950-11-22,UA-59,-4.9,0.0,47,5.36
1950-11-22,UA-61,1.7,0.7,83,8.42
1950-11-22,UA-63,-6.3,0.0,47,4.88
1950-11-22,UA-65,-1.1,0.0,61,5.83
1950-11-22,UA-68,-0.4,0.0,71,7.49
1950-11-22,UA-71,-2.6,0.0,67,5.36
1950-11-22,UA-74,-3.2,0.0,61,6.67
1950-11-22,UA-77,3.2,0.0,80,8.21
1950-11-23,UA-05,-1.5,0.0,49,5.86
1950-11-23,UA-07,1.2,0.0,66,6.62
1950-11-23,UA-09,-5.9,0.0,44,5.03
1950-11-23,UA-12,-3.9,0.0,43,5.33
1950-11-23,UA-14,-5.5,0.0,38,5.67
1950-11-23,UA-18,-2.0,0.0,47,6.46
1950-11-23,UA-21,8.2,1.5,56,3.49
1950-11-23,UA-23,-2.3,0.0,45,6.76
1950-11-23,UA-26,1.4,0.0,81,6.51
1950-11-23,UA-30,-3.6,0.0,51,5.87
1950-11-23,UA-32,-2.5,0.0,44,5.29
1950-11-23,UA-35,-3.4,0.0,46,5.03
1950-11-23,UA-40,5.4,0.0,63,3.44
1950-11-23,UA-43,0.4,0.0,65,4.88
1950-11-23,UA-46,1.9,0.3,78,6.5
1950-11-23,UA-48,-1.1,0.0,57,5.56
1950-11-23,UA-51,1.9,0.0,71,6.39
1950-11-23,UA-53,-5.6,0.0,45,5.13
1950-11-23,UA-56,0.2,0.0,62,7.16
1950-11-23,UA-59,-5.2,0.0,43,5.52
1950-11-23,UA-61,0.3,0.0,76,7.57
1950-11-23,UA-63,-6.2,0.0,49,4.68
1950-11-23,UA-65,-1.1,0.0,57,5.56
1950-11-23,UA-68,-0.9,0.0,61,7.3
1950-11-23,UA-71,-2.9,0.0,52,5.34
1950-11-23,UA-74,-4.2,0.0,45,6.24
1950-11-23,UA-77,1.6,0.0,78,7.65
1950-11-24,UA-05,0.8,0.0,75,4.72
1950-11-24,UA-07,2.2,6.8,92,3.22
1950-11-24,UA-09,-4.5,0.0,40,4.42
1950-11-24,UA-12,-2.5,0.0,41,4.71
1950-11-24,UA-14,-3.9,0.0,33,5.31
1950-11-24,UA-18,-0.0,0.0,70,4.84
1950-11-24,UA-21,6.0,9.3,93,2.52
1950-11-24,UA-23,-0.5,0.0,45,5.76
1950-11-24,UA-26,1.7,9.2,93,2.33
1950-11-24,UA-30,-2.8,0.0,61,4.73
1950-11-24,UA-32,-1.5,0.0,60,4.25
1950-11-24,UA-35,-2.7,0.0,58,3.7
1950-11-24,UA-40,7.3,0.0,70,1.81
1950-11-24,UA-43,0.2,0.0,77,2.31
1950-11-24,UA-46,2.6,6.7,93,2.77
1950-11-24,UA-48,-1.2,0.0,73,3.69
1950-11-24,UA-51,2.0,0.0,82,3.87
1950-11-24,UA-53,-4.2,0.0,43,4.3
1950-11-24,UA-56,2.9,3.2,86,3.76
1950-11-24,UA-59,-4.1,0.0,43,4.86
1950-11-24,UA-61,2.1,6.8,92,3.04
1950-11-24,UA-63,-4.8,0.0,48,4.33
1950-11-24,UA-65,-1.3,0.0,72,3.75
1950-11-24,UA-68,2.4,0.0,85,4.75
1950-11-24,UA-71,-2.2,0.0,58,4.15
1950-11-24,UA-74,-3.4,0.0,55,5.28
1950-11-24,UA-77,3.5,1.8,87,2.76
1950-11-25,UA-05,0.1,0.0,71,2.86
1950-11-25,UA-07,3.6,2.5,93,2.82
1950-11-25,UA-09,-2.9,0.0,49,4.92
1950-11-25,UA-12,-2.8,0.0,55,3.55
1950-11-25,UA-14,-2.6,0.0,51,5.25
1950-11-25,UA-18,-0.1,0.0,70,3.28
1950-11-25,UA-21,6.2,10.9,89,3.23
1950-11-25,UA-23,-1.0,0.0,61,4.31
1950-11-25,UA-26,2.8,1.4,90,2.51
1950-11-25,UA-30,-3.3,0.0,60,3.32
1950-11-25,UA-32,-1.8,0.0,59,2.74
1950-11-25,UA-35,-3.7,0.0,60,2.59
1950-11-25,UA-40,7.1,0.0,63,1.96
1950-11-25,UA-43,0.1,0.0,78,1.24
1950-11-25,UA-46,3.4,4.6,87,2.96
1950-11-25,UA-48,-2.1,0.0,75,2.47
1950-11-25,UA-51,0.2,0.0,79,2.41
1950-11-25,UA-53,-4.3,0.0,48,3.49
1950-11-25,UA-56,3.5,2.0,92,2.75
1950-11-25,UA-59,-3.9,0.0,45,4.33
1950-11-25,UA-61,3.0,2.7,93,2.9
1950-11-25,UA-63,-3.8,0.0,48,4.29
1950-11-25,UA-65,-2.0,0.0,76,2.5
1950-11-25,UA-68,1.7,1.3,90,3.08
1950-11-25,UA-71,-3.2,0.0,61,2.94
1950-11-25,UA-74,-4.5,0.0,52,3.65
1950-11-25,UA-77,3.5,4.6,94,2.13
1950-11-26,UA-05,2.7,3.1,90,3.94
1950-11-26,UA-07,3.1,6.4,94,4.75
1950-11-26,UA-09,-0.3,0.0,81,5.15
1950-11-26,UA-12,-0.7,0.0,87,4.02
1950-11-26,UA-14,-0.9,0.0,88,4.63
1950-11-26,UA-18,2.1,5.9,88,4.7
1950-11-26,UA-21,5.5,4.9,84,2.61
1950-11-26,UA-23,0.3,0.0,88,4.4
1950-11-26,UA-26,3.7,8.5,87,4.05
1950-11-26,UA-30,0.1,8.5,83,4.54
1950-11-26,UA-32,1.6,5.2,84,3.92
1950-11-26,UA-35,-0.9,11.9,88,3.57
1950-11-26,UA-40,7.9,0.1,75,3.22
1950-11-26,UA-43,3.0,0.0,81,1.86
1950-11-26,UA-46,3.4,8.5,94,4.9
1950-11-26,UA-48,1.3,8.2,91,3.65
1950-11-26,UA-51,6.1,7.3,84,4.16
1950-11-26,UA-53,-2.1,0.7,85,4.48
1950-11-26,UA-56,3.0,8.3,94,4.87
1950-11-26,UA-59,-2.0,2.3,77,5.63
1950-11-26,UA-61,3.2,8.6,91,4.82
1950-11-26,UA-63,-1.8,0.0,80,4.66
1950-11-26,UA-65,0.7,5.1,91,3.13
1950-11-26,UA-68,3.0,5.8,92,4.44
1950-11-26,UA-71,-0.9,9.0,85,3.67
1950-11-26,UA-74,-1.4,9.5,82,5.48
1950-11-26,UA-77,3.8,2.9,90,3.26
1950-11-27,UA-05,1.9,0.5,83,4.56
1950-11-27,UA-07,2.6,1.7,90,5.12
1950-11-27,UA-09,1.0,2.4,89,5.64
1950-11-27,UA-12,0.7,10.2,93,4.66
1950-11-27,UA-14,0.8,6.3,94,4.8
1950-11-27,UA-18,1.4,0.3,88,4.68
1950-11-27,UA-21,3.8,0.0,73,3.42
1950-11-27,UA-23,1.8,8.6,92,5.93
1950-11-27,UA-26,2.6,1.7,85,5.2
1950-11-27,UA-30,0.1,0.3,92,4.42
1950-11-27,UA-32,1.3,0.4,87,4.34
1950-11-27,UA-35,0.6,6.2,91,5.02
1950-11-27,UA-40,7.2,10.5,88,7.51
1950-11-27,UA-43,4.1,8.2,92,3.12
1950-11-27,UA-46,2.3,1.4,90,5.17
1950-11-27,UA-48,2.7,5.5,83,5.4
1950-11-27,UA-51,3.5,1.1,76,6.33
1950-11-27,UA-53,-0.8,13.8,94,4.64
1950-11-27,UA-56,2.3,3.0,91,4.82
1950-11-27,UA-59,-1.2,17.0,93,4.9
1950-11-27,UA-61,2.0,1.0,87,5.23
1950-11-27,UA-63,-0.0,10.5,95,4.59
1950-11-27,UA-65,2.8,5.5,84,4.83
1950-11-27,UA-68,2.0,1.2,86,4.85
1950-11-27,UA-71,0.4,2.1,91,4.59
1950-11-27,UA-74,-1.0,0.0,93,4.32
1950-11-27,UA-77,2.7,0.8,81,5.21
1950-11-28,UA-05,2.2,1.2,89,3.83
1950-11-28,UA-07,2.8,0.6,87,4.44
1950-11-28,UA-09,-0.7,1.1,83,2.97
1950-11-28,UA-12,0.2,0.3,87,3.65
1950-11-28,UA-14,-1.5,0.0,83,3.08
1950-11-28,UA-18,2.4,0.7,92,4.17
1950-11-28,UA-21,2.8,0.0,76,2.75
1950-11-28,UA-23,1.0,0.4,85,3.93
1950-11-28,UA-26,2.3,0.4,80,3.71
1950-11-28,UA-30,1.6,0.4,95,3.67
1950-11-28,UA-32,2.4,0.7,90,3.45
1950-11-28,UA-35,1.4,0.1,92,3.17
1950-11-28,UA-40,3.7,0.0,73,5.2
1950-11-28,UA-43,-0.5,0.0,83,1.48
1950-11-28,UA-46,2.3,0.7,82,4.72
1950-11-28,UA-48,2.3,0.1,81,2.7
1950-11-28,UA-51,3.2,0.2,78,3.81
1950-11-28,UA-53,-0.8,0.7,92,4.0
1950-11-28,UA-56,2.7,1.1,90,4.29
1950-11-28,UA-59,-1.7,3.9,92,4.77
1950-11-28,UA-61,1.7,1.1,87,4.12
1950-11-28,UA-63,-1.5,0.1,90,4.67
1950-11-28,UA-65,1.5,0.0,82,2.43
1950-11-28,UA-68,1.9,1.8,90,4.06
1950-11-28,UA-71,1.4,0.5,92,3.32
1950-11-28,UA-74,1.1,1.0,96,3.57
1950-11-28,UA-77,2.0,0.0,79,3.13
1950-11-29,UA-05,2.0,0.8,77,3.17
1950-11-29,UA-07,2.7,2.8,80,5.71
1950-11-29,UA-09,0.9,0.0,84,4.22
1950-11-29,UA-12,2.3,0.0,90,4.24
1950-11-29,UA-14,0.7,0.1,90,3.48
1950-11-29,UA-18,2.0,2.7,83,4.29
1950-11-29,UA-21,1.8,0.6,81,3.15
1950-11-29,UA-23,2.9,0.0,89,4.85
1950-11-29,UA-26,3.0,0.3,63,3.34
1950-11-29,UA-30,1.9,0.9,86,3.78
1950-11-29,UA-32,2.6,0.8,78,3.55
1950-11-29,UA-35,1.9,0.0,89,3.57
1950-11-29,UA-40,7.1,0.2,68,4.15
1950-11-29,UA-43,3.6,0.0,77,3.34
1950-11-29,UA-46,2.8,0.7,67,5.55
1950-11-29,UA-48,4.3,0.0,84,4.62
1950-11-29,UA-51,4.2,0.0,79,5.17
1950-11-29,UA-53,0.7,0.4,94,3.85
1950-11-29,UA-56,2.5,2.8,80,5.01
1950-11-29,UA-59,0.8,1.7,97,4.44
1950-11-29,UA-61,2.1,1.2,72,4.13
1950-11-29,UA-63,1.3,0.5,95,3.79
1950-11-29,UA-65,4.5,0.0,83,4.61
1950-11-29,UA-68,1.6,2.2,80,3.67
1950-11-29,UA-71,2.1,0.5,87,3.42
1950-11-29,UA-74,1.4,1.0,92,4.11
1950-11-29,UA-77,1.3,0.0,77,1.59
1950-11-30,UA-05,4.0,2.1,86,2.48
1950-11-30,UA-07,4.4,0.2,84,4.42
1950-11-30,UA-09,3.7,0.0,80,5.82
1950-11-30,UA-12,4.6,0.0,90,3.8
1950-11-30,UA-14,3.6,0.0,90,4.33
1950-11-30,UA-18,4.0,1.5,87,3.4
1950-11-30,UA-21,3.4,0.5,91,2.05
1950-11-30,UA-23,5.1,0.0,86,5.07
1950-11-30,UA-26,4.7,1.5,80,2.43
1950-11-30,UA-30,3.7,2.3,90,3.15
1950-11-30,UA-32,4.3,1.3,88,2.74
1950-11-30,UA-35,2.1,0.1,89,2.12
1950-11-30,UA-40,9.0,0.0,76,5.28
1950-11-30,UA-43,5.9,0.0,82,3.09
1950-11-30,UA-46,4.2,0.6,82,4.31
1950-11-30,UA-48,4.8,0.0,85,2.47
1950-11-30,UA-51,4.5,0.0,76,2.08
1950-11-30,UA-53,1.5,0.9,94,3.02
1950-11-30,UA-56,4.5,0.3,84,4.09
1950-11-30,UA-59,0.8,3.1,97,3.76
1950-11-30,UA-61,3.9,1.3,84,3.37
1950-11-30,UA-63,2.8,2.6,95,3.7
1950-11-30,UA-65,5.8,0.0,89,3.44
1950-11-30,UA-68,3.8,2.4,85,2.88
1950-11-30,UA-71,3.2,1.9,90,2.57
1950-11-30,UA-74,2.8,1.8,95,3.26
1950-11-30,UA-77,3.6,1.0,86,1.58
1950-12-01,UA-05,2.5,0.2,87,3.37
1950-12-01,UA-07,3.0,0.1,80,5.09
1950-12-01,UA-09,3.9,0.1,93,3.17
1950-12-01,UA-12,2.7,0.0,95,1.94
1950-12-01,UA-14,3.6,0.1,99,2.22
1950-12-01,UA-18,2.2,0.1,87,4.13
1950-12-01,UA-21,2.0,0.0,89,2.95
1950-12-01,UA-23,4.1,0.4,97,2.14
1950-12-01,UA-26,2.8,0.0,79,2.87
1950-12-01,UA-30,2.3,1.4,89,3.61
1950-12-01,UA-32,2.8,1.3,89,3.1
1950-12-01,UA-35,2.8,0.7,90,2.13
1950-12-01,UA-40,9.0,0.0,84,3.78
1950-12-01,UA-43,5.8,0.0,90,2.29
1950-12-01,UA-46,2.9,0.0,79,4.71
1950-12-01,UA-48,2.8,0.0,92,1.71
1950-12-01,UA-51,3.4,0.0,85,2.71
1950-12-01,UA-53,1.0,1.4,95,2.12
1950-12-01,UA-56,2.7,0.1,84,4.67
1950-12-01,UA-59,0.8,2.7,97,3.12
1950-12-01,UA-61,2.0,0.0,86,3.94
1950-12-01,UA-63,1.4,2.2,96,2.49
1950-12-01,UA-65,3.1,0.0,94,1.54
1950-12-01,UA-68,2.2,0.1,87,3.95
1950-12-01,UA-71,2.8,0.0,90,2.37
1950-12-01,UA-74,1.7,0.0,91,3.99
1950-12-01,UA-77,2.4,0.0,83,2.5
1950-12-02,UA-05,2.2,0.0,87,3.87
1950-12-02,UA-07,5.7,0.0,52,6.39
1950-12-02,UA-09,3.7,0.0,91,2.1
1950-12-02,UA-12,1.4,0.0,90,3.16
1950-12-02,UA-14,2.2,0.0,96,1.95
1950-12-02,UA-18,2.8,0.0,77,5.03
1950-12-02,UA-21,2.9,0.0,85,2.81
1950-12-02,UA-23,2.5,0.0,93,2.44
1950-12-02,UA-26,3.0,0.0,69,2.37
1950-12-02,UA-30,2.5,0.0,83,5.04
1950-12-02,UA-32,2.5,0.0,86,4.52
1950-12-02,UA-35,2.9,0.0,90,4.25
1950-12-02,UA-40,7.6,0.0,89,2.83
1950-12-02,UA-43,3.5,0.0,94,1.27
1950-12-02,UA-46,5.3,0.0,53,5.74
1950-12-02,UA-48,3.6,0.0,92,3.2
1950-12-02,UA-51,5.8,0.0,87,3.99
1950-12-02,UA-53,0.2,0.0,93,3.9
1950-12-02,UA-56,5.2,1.4,56,5.35
1950-12-02,UA-59,0.7,0.4,92,5.79
1950-12-02,UA-61,2.8,0.0,68,3.66
1950-12-02,UA-63,0.9,0.0,93,3.69
1950-12-02,UA-65,2.5,0.0,93,2.35
1950-12-02,UA-68,1.8,0.0,81,3.94
1950-12-02,UA-71,2.6,0.0,87,4.34
1950-12-02,UA-74,2.6,0.0,79,5.77
1950-12-02,UA-77,0.9,0.0,81,1.9
1950-12-03,UA-05,3.3,0.0,96,4.0
1950-12-03,UA-07,2.6,0.0,73,4.33
1950-12-03,UA-09,2.8,0.0,94,3.32
1950-12-03,UA-12,3.8,0.0,96,3.84
1950-12-03,UA-14,2.4,0.0,95,3.25
1950-12-03,UA-18,2.8,0.0,94,4.42
1950-12-03,UA-21,3.2,0.1,80,3.08
1950-12-03,UA-23,4.1,0.4,95,3.63
1950-12-03,UA-26,0.9,0.0,83,3.2
1950-12-03,UA-30,4.2,0.5,94,4.6
1950-12-03,UA-32,4.9,0.3,94,4.56
1950-12-03,UA-35,4.5,0.0,98,4.39
1950-12-03,UA-40,8.8,0.0,85,3.79
1950-12-03,UA-43,5.3,0.0,92,1.94
1950-12-03,UA-46,2.9,0.0,71,4.05
1950-12-03,UA-48,4.8,0.0,96,3.61
1950-12-03,UA-51,9.1,0.0,90,4.65
1950-12-03,UA-53,2.3,0.2,98,4.12
1950-12-03,UA-56,1.6,0.0,82,4.23
1950-12-03,UA-59,1.9,0.6,98,5.19
1950-12-03,UA-61,0.1,0.0,89,3.61
1950-12-03,UA-63,2.8,0.2,97,3.69
1950-12-03,UA-65,3.8,0.0,97,3.2
1950-12-03,UA-68,1.0,0.0,96,3.89
1950-12-03,UA-71,4.8,0.1,95,4.34
1950-12-03,UA-74,3.4,0.4,96,5.07
1950-12-03,UA-77,0.9,0.0,85,2.51
1950-12-04,UA-05,5.4,0.1,96,3.22
1950-12-04,UA-07,4.6,4.1,87,3.11
1950-12-04,UA-09,1.6,0.2,87,4.76
1950-12-04,UA-12,2.0,0.2,89,3.31
1950-12-04,UA-14,1.0,0.6,90,4.24
1950-12-04,UA-18,5.0,0.0,94,3.53
1950-12-04,UA-21,5.4,8.7,92,2.45
1950-12-04,UA-23,2.3,0.1,87,3.91
1950-12-04,UA-26,3.4,2.2,86,2.31
1950-12-04,UA-30,5.2,0.4,94,4.37
1950-12-04,UA-32,5.8,0.4,95,3.93
1950-12-04,UA-35,1.7,0.2,96,3.36
1950-12-04,UA-40,7.9,0.0,82,1.41
1950-12-04,UA-43,2.7,0.0,88,1.14
1950-12-04,UA-46,4.3,6.6,88,3.03
1950-12-04,UA-48,2.5,0.1,94,2.71
1950-12-04,UA-51,6.8,0.0,91,4.3
1950-12-04,UA-53,1.1,0.1,92,3.85
1950-12-04,UA-56,4.1,3.4,89,3.53
1950-12-04,UA-59,1.0,0.3,96,4.71
1950-12-04,UA-61,2.6,4.3,91,2.96
1950-12-04,UA-63,1.7,0.2,89,4.05
1950-12-04,UA-65,2.3,0.1,94,2.64
1950-12-04,UA-68,3.4,0.0,97,3.19
1950-12-04,UA-71,2.6,0.0,92,3.48
1950-12-04,UA-74,4.2,0.2,93,5.25
1950-12-04,UA-77,3.1,0.1,90,2.04
1950-12-05,UA-05,3.6,1.3,98,3.04
1950-12-05,UA-07,-0.3,14.7,96,3.18
1950-12-05,UA-09,2.4,0.0,92,3.62
1950-12-05,UA-12,2.0,0.1,89,2.63
1950-12-05,UA-14,1.5,0.0,96,2.94
1950-12-05,UA-18,3.5,3.1,97,2.93
1950-12-05,UA-21,2.6,15.2,92,2.44
1950-12-05,UA-23,3.3,0.8,88,3.1
1950-12-05,UA-26,0.8,5.8,97,2.09
1950-12-05,UA-30,2.7,2.3,95,3.98
1950-12-05,UA-32,3.0,1.4,96,3.66
1950-12-05,UA-35,2.5,0.2,92,3.53
1950-12-05,UA-40,10.1,1.3,85,4.79
1950-12-05,UA-43,7.3,0.0,88,2.78
1950-12-05,UA-46,-0.3,13.8,96,3.02
1950-12-05,UA-48,4.7,0.0,91,3.71
1950-12-05,UA-51,7.6,0.3,91,4.34
1950-12-05,UA-53,0.7,0.5,88,3.01
1950-12-05,UA-56,0.7,12.8,97,3.16
1950-12-05,UA-59,0.1,1.9,93,3.59
1950-12-05,UA-61,0.7,7.6,98,2.03
1950-12-05,UA-63,1.1,1.2,92,3.0
1950-12-05,UA-65,4.6,0.0,91,3.34
1950-12-05,UA-68,2.8,3.4,96,2.04
1950-12-05,UA-71,2.1,0.5,89,3.71
1950-12-05,UA-74,2.0,4.1,94,4.15
1950-12-05,UA-77,2.4,0.7,98,1.57
1950-12-06,UA-05,-0.5,1.4,89,1.83
1950-12-06,UA-07,-3.9,0.3,89,2.92
1950-12-06,UA-09,7.2,0.1,93,3.65
1950-12-06,UA-12,5.0,1.9,91,2.27
1950-12-06,UA-14,6.5,0.2,98,2.67
1950-12-06,UA-18,-1.2,1.0,84,2.73
1950-12-06,UA-21,2.2,0.8,87,1.49
1950-12-06,UA-23,6.2,4.4,95,2.29
1950-12-06,UA-26,-0.3,0.7,88,1.84
1950-12-06,UA-30,-0.4,0.5,85,2.95
1950-12-06,UA-32,0.1,0.9,87,2.33
1950-12-06,UA-35,2.9,1.6,90,1.53
1950-12-06,UA-40,11.3,0.0,93,3.67
1950-12-06,UA-43,10.7,0.1,88,2.92
1950-12-06,UA-46,-3.6,0.3,90,2.58
1950-12-06,UA-48,4.8,1.9,93,1.67
1950-12-06,UA-51,4.5,0.8,92,2.41
1950-12-06,UA-53,2.0,0.3,89,2.67
1950-12-06,UA-56,-3.5,0.5,89,2.71
1950-12-06,UA-59,-0.2,0.7,95,3.77
1950-12-06,UA-61,-1.7,0.5,85,2.28
1950-12-06,UA-63,2.7,1.0,92,3.15
1950-12-06,UA-65,5.3,0.8,94,1.59
1950-12-06,UA-68,-1.4,1.2,87,2.06
1950-12-06,UA-71,1.5,0.3,86,2.28
1950-12-06,UA-74,-0.6,0.1,84,4.11
1950-12-06,UA-77,0.8,2.1,96,1.4
1950-12-07,UA-05,0.6,2.7,94,2.2
1950-12-07,UA-07,-4.3,2.3,92,2.94
1950-12-07,UA-09,7.9,3.2,97,2.31
1950-12-07,UA-12,4.8,0.4,95,2.12
1950-12-07,UA-14,6.6,0.4,99,1.92
1950-12-07,UA-18,-0.6,1.5,87,2.29
1950-12-07,UA-21,2.5,3.6,92,1.31
1950-12-07,UA-23,6.5,1.6,98,1.75
1950-12-07,UA-26,0.6,3.1,96,2.95
1950-12-07,UA-30,-0.7,1.2,85,1.94
1950-12-07,UA-32,0.3,0.7,92,1.94
1950-12-07,UA-35,2.3,0.3,97,2.41
1950-12-07,UA-40,11.9,0.0,91,4.09
1950-12-07,UA-43,12.4,0.0,84,3.58
1950-12-07,UA-46,-2.2,1.0,95,3.1
1950-12-07,UA-48,6.1,0.0,98,1.76
1950-12-07,UA-51,5.9,0.0,97,1.99
1950-12-07,UA-53,0.7,2.1,95,2.16
1950-12-07,UA-56,-2.6,1.6,91,2.72
1950-12-07,UA-59,-0.9,0.0,96,1.38
1950-12-07,UA-61,-0.3,1.3,95,2.88
1950-12-07,UA-63,1.1,2.4,96,1.67
1950-12-07,UA-65,7.3,0.0,97,1.8
1950-12-07,UA-68,0.1,2.3,93,2.49
1950-12-07,UA-71,1.1,1.3,93,2.24
1950-12-07,UA-74,-2.1,0.0,80,2.4
1950-12-07,UA-77,1.7,3.3,98,2.48
1950-12-08,UA-05,2.8,0.0,99,2.14
1950-12-08,UA-07,0.7,0.0,98,2.42
1950-12-08,UA-09,8.3,0.8,98,2.32
1950-12-08,UA-12,6.5,0.2,99,1.21
1950-12-08,UA-14,7.7,0.2,99,2.12
1950-12-08,UA-18,2.1,0.1,98,2.17
1950-12-08,UA-21,5.5,0.2,89,1.38
1950-12-08,UA-23,7.6,1.9,99,2.04
1950-12-08,UA-26,2.7,0.0,97,2.82
1950-12-08,UA-30,1.8,0.6,98,2.09
1950-12-08,UA-32,3.0,0.1,99,1.85
1950-12-08,UA-35,5.3,0.3,99,1.34
1950-12-08,UA-40,12.0,0.0,87,4.44
1950-12-08,UA-43,11.6,0.0,83,4.04
1950-12-08,UA-46,1.3,0.0,98,2.86
1950-12-08,UA-48,8.1,0.0,98,1.52
1950-12-08,UA-51,7.6,0.0,98,1.67
1950-12-08,UA-53,2.8,0.2,98,1.49
1950-12-08,UA-56,1.2,0.0,98,2.37
1950-12-08,UA-59,0.4,2.5,98,2.07
1950-12-08,UA-61,2.0,0.0,99,2.94
1950-12-08,UA-63,2.5,0.6,98,1.65
1950-12-08,UA-65,9.0,0.1,97,1.84
1950-12-08,UA-68,2.0,0.0,99,2.65
1950-12-08,UA-71,2.8,0.1,98,1.59
1950-12-08,UA-74,0.2,3.3,96,2.77
1950-12-08,UA-77,3.6,0.0,97,2.58
1950-12-09,UA-05,3.8,0.0,98,1.45
1950-12-09,UA-07,0.9,2.0,99,2.68
1950-12-09,UA-09,4.8,1.2,96,3.07
1950-12-09,UA-12,6.5,0.3,98,3.16
1950-12-09,UA-14,6.0,0.0,98,2.47
1950-12-09,UA-18,3.5,0.2,99,2.43
1950-12-09,UA-21,7.0,2.1,82,1.9
1950-12-09,UA-23,7.8,1.8,98,3.03
1950-12-09,UA-26,3.4,0.0,95,2.82
1950-12-09,UA-30,2.1,0.6,98,2.88
1950-12-09,UA-32,4.0,0.7,99,2.27
1950-12-09,UA-35,6.3,0.7,99,2.68
1950-12-09,UA-40,11.4,0.0,92,3.12
1950-12-09,UA-43,10.2,0.0,91,3.17
1950-12-09,UA-46,2.2,0.0,95,2.44
1950-12-09,UA-48,9.0,0.1,97,1.29
1950-12-09,UA-51,7.8,0.0,96,1.1
1950-12-09,UA-53,3.5,0.3,95,3.9
1950-12-09,UA-56,1.7,0.1,99,2.65
1950-12-09,UA-59,-0.9,0.0,91,4.12
1950-12-09,UA-61,2.4,0.0,98,2.46
1950-12-09,UA-63,1.6,0.1,89,3.86
1950-12-09,UA-65,8.9,0.0,97,1.16
1950-12-09,UA-68,2.7,0.0,98,1.89
1950-12-09,UA-71,3.7,0.1,98,2.74
1950-12-09,UA-74,-0.3,0.5,92,3.66
1950-12-09,UA-77,3.7,0.0,99,1.9
1950-12-10,UA-05,5.5,0.5,99,2.56
1950-12-10,UA-07,1.5,0.1,99,3.27
1950-12-10,UA-09,0.1,0.1,80,3.66
1950-12-10,UA-12,4.8,0.7,96,3.48
1950-12-10,UA-14,1.9,0.0,87,3.47
1950-12-10,UA-18,4.4,0.6,99,2.94
1950-12-10,UA-21,4.3,0.0,90,1.67
1950-12-10,UA-23,5.8,2.7,94,3.77
1950-12-10,UA-26,3.9,0.1,98,4.02
1950-12-10,UA-30,3.7,0.3,99,2.72
1950-12-10,UA-32,5.1,0.3,99,2.56
1950-12-10,UA-35,6.8,1.4,98,2.87
1950-12-10,UA-40,11.1,0.0,92,1.95
1950-12-10,UA-43,9.0,0.0,88,1.74
1950-12-10,UA-46,3.0,0.0,98,3.72
1950-12-10,UA-48,7.9,0.0,96,2.12
1950-12-10,UA-51,7.3,0.0,93,2.6
1950-12-10,UA-53,3.0,0.6,95,3.82
1950-12-10,UA-56,2.9,0.2,99,2.89
1950-12-10,UA-59,0.2,0.9,93,3.58
1950-12-10,UA-61,4.2,0.7,98,3.59
1950-12-10,UA-63,0.7,0.1,82,3.59
1950-12-10,UA-65,7.8,0.1,96,2.36
1950-12-10,UA-68,5.0,0.3,98,2.91
1950-12-10,UA-71,4.6,0.1,99,2.64
1950-12-10,UA-74,1.3,0.2,98,3.2
1950-12-10,UA-77,4.3,0.3,97,2.52
1950-12-11,UA-05,6.3,6.1,99,5.67
1950-12-11,UA-07,5.6,3.6,97,4.91
1950-12-11,UA-09,-1.3,0.0,68,5.83
1950-12-11,UA-12,2.8,0.0,82,5.54
1950-12-11,UA-14,0.6,0.0,67,5.88
1950-12-11,UA-18,5.6,6.2,98,6.11
1950-12-11,UA-21,4.4,8.7,96,2.52
1950-12-11,UA-23,3.6,0.1,82,5.97
1950-12-11,UA-26,4.7,2.3,95,3.38
1950-12-11,UA-30,3.8,1.8,96,6.0
1950-12-11,UA-32,4.9,3.2,97,5.31
1950-12-11,UA-35,4.1,2.8,92,5.22
1950-12-11,UA-40,10.2,0.0,87,2.36
1950-12-11,UA-43,6.5,0.0,90,1.96
1950-12-11,UA-46,4.8,2.9,94,4.05
1950-12-11,UA-48,5.6,1.0,90,4.73
1950-12-11,UA-51,7.6,1.6,95,6.31
1950-12-11,UA-53,1.6,0.0,74,5.88
1950-12-11,UA-56,6.8,3.3,97,5.31
1950-12-11,UA-59,-0.6,0.0,80,6.22
1950-12-11,UA-61,5.9,2.6,97,4.73
1950-12-11,UA-63,-0.3,0.0,69,5.78
1950-12-11,UA-65,5.2,0.4,89,4.51
1950-12-11,UA-68,7.0,6.9,99,5.58
1950-12-11,UA-71,3.5,0.8,91,5.43
1950-12-11,UA-74,2.6,1.2,93,6.62
1950-12-11,UA-77,5.5,0.2,94,3.68
1950-12-12,UA-05,6.7,0.2,97,4.28
1950-12-12,UA-07,4.5,1.6,94,3.86
1950-12-12,UA-09,-0.3,0.0,72,5.69
1950-12-12,UA-12,2.2,0.0,77,4.33
1950-12-12,UA-14,-0.7,0.0,76,4.41
1950-12-12,UA-18,6.4,0.2,96,4.59
1950-12-12,UA-21,7.3,7.2,92,3.26
1950-12-12,UA-23,3.1,0.0,83,4.52
1950-12-12,UA-26,3.5,0.7,92,2.99
1950-12-12,UA-30,4.8,0.3,95,4.9
1950-12-12,UA-32,6.0,0.6,96,4.35
1950-12-12,UA-35,5.4,0.0,90,4.74
1950-12-12,UA-40,10.7,0.0,85,4.47
1950-12-12,UA-43,7.3,0.0,82,1.82
1950-12-12,UA-46,4.3,1.2,91,3.63
1950-12-12,UA-48,7.6,0.7,92,4.58
1950-12-12,UA-51,9.3,0.0,94,5.13
1950-12-12,UA-53,1.1,0.0,70,4.91
1950-12-12,UA-56,5.6,2.4,97,4.16
1950-12-12,UA-59,-0.6,0.0,79,5.49
1950-12-12,UA-61,4.1,0.9,95,3.83
1950-12-12,UA-63,-0.2,0.0,70,4.92
1950-12-12,UA-65,6.8,0.5,92,4.07
1950-12-12,UA-68,5.8,0.0,96,4.42
1950-12-12,UA-71,4.6,0.3,90,4.61
1950-12-12,UA-74,3.2,0.4,92,5.55
1950-12-12,UA-77,3.2,0.0,91,2.73
1950-12-13,UA-05,7.4,0.0,90,4.55
1950-12-13,UA-07,4.6,3.8,95,3.04
1950-12-13,UA-09,1.5,0.0,87,5.55
1950-12-13,UA-12,2.6,0.0,85,4.91
1950-12-13,UA-14,0.8,0.0,92,4.93
1950-12-13,UA-18,7.4,0.0,89,4.98
1950-12-13,UA-21,6.7,10.9,94,2.55
1950-12-13,UA-23,4.0,0.0,86,5.31
1950-12-13,UA-26,4.0,0.5,90,2.17
1950-12-13,UA-30,7.9,0.6,91,5.98
1950-12-13,UA-32,8.5,0.1,91,5.46
1950-12-13,UA-35,6.4,0.0,85,5.99
1950-12-13,UA-40,11.2,0.0,81,5.07
1950-12-13,UA-43,7.7,0.0,81,2.19
1950-12-13,UA-46,4.5,5.2,92,2.87
1950-12-13,UA-48,8.3,0.0,89,5.3
1950-12-13,UA-51,10.3,0.0,89,7.08
1950-12-13,UA-53,1.9,0.0,84,5.65
1950-12-13,UA-56,5.3,1.2,94,3.32
1950-12-13,UA-59,1.2,0.0,87,6.84
1950-12-13,UA-61,3.7,0.2,94,2.98
1950-12-13,UA-63,0.3,0.0,90,5.44
1950-12-13,UA-65,6.9,0.0,89,4.49
1950-12-13,UA-68,5.8,0.0,93,4.15
1950-12-13,UA-71,6.6,0.4,83,6.1
1950-12-13,UA-74,6.7,1.8,89,7.24
1950-12-13,UA-77,4.8,0.1,89,2.27
1950-12-14,UA-05,5.6,0.0,97,2.94
1950-12-14,UA-07,4.0,0.0,95,4.48
1950-12-14,UA-09,1.6,0.0,85,5.44
1950-12-14,UA-12,3.3,0.0,89,4.25
1950-12-14,UA-14,2.0,0.0,90,4.51
1950-12-14,UA-18,5.1,0.0,96,3.08
1950-12-14,UA-21,7.4,1.8,88,3.2
1950-12-14,UA-23,4.0,0.0,89,4.62
1950-12-14,UA-26,3.7,0.0,95,4.19
1950-12-14,UA-30,7.4,0.4,97,2.79
1950-12-14,UA-32,8.3,0.3,94,2.44
1950-12-14,UA-35,7.1,0.2,91,4.51
1950-12-14,UA-40,11.1,0.0,85,3.44
1950-12-14,UA-43,7.9,0.0,81,1.79
1950-12-14,UA-46,4.1,0.7,92,4.72
1950-12-14,UA-48,8.7,0.1,93,4.39
1950-12-14,UA-51,9.1,0.0,95,4.21
1950-12-14,UA-53,3.0,0.0,87,4.65
1950-12-14,UA-56,3.9,0.0,96,4.4
1950-12-14,UA-59,1.7,0.1,93,5.16
1950-12-14,UA-61,3.6,0.0,97,4.71
1950-12-14,UA-63,1.3,0.0,94,4.72
1950-12-14,UA-65,7.7,0.0,92,4.03
1950-12-14,UA-68,3.8,0.0,99,3.81
1950-12-14,UA-71,6.8,0.7,91,3.99
1950-12-14,UA-74,6.8,1.7,97,3.38
1950-12-14,UA-77,4.1,0.0,96,3.84
1950-12-15,UA-05,6.2,0.0,88,5.78
1950-12-15,UA-07,7.6,0.0,91,5.46
1950-12-15,UA-09,-1.1,0.1,76,6.19
1950-12-15,UA-12,1.5,0.0,86,5.06
1950-12-15,UA-14,-0.1,0.1,84,5.26
1950-12-15,UA-18,6.2,0.0,85,6.41
1950-12-15,UA-21,8.8,3.4,82,3.31
1950-12-15,UA-23,2.6,0.0,87,5.88
1950-12-15,UA-26,6.2,0.0,95,4.47
1950-12-15,UA-30,4.0,0.0,88,6.17
1950-12-15,UA-32,5.4,0.0,84,5.44
1950-12-15,UA-35,2.7,0.0,88,4.99
1950-12-15,UA-40,11.0,0.0,81,4.28
1950-12-15,UA-43,7.3,0.0,86,3.05
1950-12-15,UA-46,6.0,0.0,94,5.0
1950-12-15,UA-48,4.7,0.0,88,5.16
1950-12-15,UA-51,6.2,0.0,92,5.93
1950-12-15,UA-53,1.0,0.0,84,5.37
1950-12-15,UA-56,7.9,0.0,91,5.99
1950-12-15,UA-59,-0.1,0.0,88,5.88
1950-12-15,UA-61,7.1,0.0,96,6.11
1950-12-15,UA-63,-0.3,0.2,84,5.54
1950-12-15,UA-65,4.2,0.0,88,5.02
1950-12-15,UA-68,7.0,0.0,92,6.53
1950-12-15,UA-71,2.5,0.0,88,5.32
1950-12-15,UA-74,3.3,0.0,86,6.5
1950-12-15,UA-77,7.6,0.0,95,5.82
1950-12-16,UA-05,2.8,0.0,83,5.11
1950-12-16,UA-07,6.8,1.1,89,6.12
1950-12-16,UA-09,-3.1,0.0,66,6.57
1950-12-16,UA-12,-0.6,0.0,81,5.54
1950-12-16,UA-14,-2.3,0.0,76,6.02
1950-12-16,UA-18,2.3,0.0,82,5.81
1950-12-16,UA-21,8.8,6.1,90,3.37
1950-12-16,UA-23,0.9,0.0,82,6.52
1950-12-16,UA-26,6.6,0.5,95,4.95
1950-12-16,UA-30,0.6,0.0,85,5.72
1950-12-16,UA-32,1.4,0.2,84,4.91
1950-12-16,UA-35,0.5,0.0,88,4.91
1950-12-16,UA-40,10.9,0.0,76,4.49
1950-12-16,UA-43,6.3,0.0,81,2.65
1950-12-16,UA-46,6.5,0.5,94,5.48
1950-12-16,UA-48,3.3,0.0,87,5.37
1950-12-16,UA-51,5.7,0.0,89,6.17
1950-12-16,UA-53,-1.4,0.0,78,5.7
1950-12-16,UA-56,6.1,1.5,84,6.3
1950-12-16,UA-59,-2.2,0.0,74,6.1
1950-12-16,UA-61,6.2,0.2,94,6.41
1950-12-16,UA-63,-2.6,0.0,69,6.12
1950-12-16,UA-65,3.1,0.0,87,5.16
1950-12-16,UA-68,4.7,0.0,85,6.11
1950-12-16,UA-71,0.5,0.0,85,5.36
1950-12-16,UA-74,-0.0,0.0,80,6.15
1950-12-16,UA-77,7.2,0.4,95,5.88
1950-12-17,UA-05,3.2,0.0,91,3.43
1950-12-17,UA-07,6.1,0.1,93,4.53
1950-12-17,UA-09,-1.1,0.0,75,5.65
1950-12-17,UA-12,0.7,0.0,85,3.82
1950-12-17,UA-14,-0.7,0.0,85,4.61
1950-12-17,UA-18,2.3,0.5,87,3.9
1950-12-17,UA-21,7.7,0.5,86,2.58
1950-12-17,UA-23,1.9,0.0,86,4.44
1950-12-17,UA-26,5.5,0.0,96,4.24
1950-12-17,UA-30,0.5,0.5,86,3.96
1950-12-17,UA-32,1.5,0.6,87,3.32
1950-12-17,UA-35,1.5,0.0,88,3.52
1950-12-17,UA-40,11.3,0.4,87,3.78
1950-12-17,UA-43,7.4,1.0,88,1.72
1950-12-17,UA-46,5.4,0.0,95,4.78
1950-12-17,UA-48,4.9,0.0,87,4.13
1950-12-17,UA-51,7.8,0.0,95,4.76
1950-12-17,UA-53,-0.5,0.0,81,4.05
1950-12-17,UA-56,5.7,0.0,91,4.32
1950-12-17,UA-59,-1.4,0.0,77,4.41
1950-12-17,UA-61,5.8,0.2,97,4.8
1950-12-17,UA-63,-1.3,0.0,76,4.54
1950-12-17,UA-65,4.4,0.0,88,4.0
1950-12-17,UA-68,4.8,0.1,93,3.9
1950-12-17,UA-71,0.9,0.0,87,3.79
1950-12-17,UA-74,-0.3,0.2,82,4.27
1950-12-17,UA-77,6.5,0.1,98,3.96
1950-12-18,UA-05,4.4,0.5,97,3.99
1950-12-18,UA-07,5.9,2.8,94,3.47
1950-12-18,UA-09,-3.0,0.0,73,5.5
1950-12-18,UA-12,-0.4,0.0,84,4.42
1950-12-18,UA-14,-2.0,0.0,80,4.82
1950-12-18,UA-18,3.9,0.9,94,4.23
1950-12-18,UA-21,5.8,2.5,91,1.89
1950-12-18,UA-23,0.7,0.0,83,5.53
1950-12-18,UA-26,5.6,1.9,97,2.99
1950-12-18,UA-30,2.3,0.3,86,4.42
1950-12-18,UA-32,3.5,1.0,90,3.87
1950-12-18,UA-35,2.1,1.7,87,4.08
1950-12-18,UA-40,10.1,0.0,85,2.26
1950-12-18,UA-43,5.4,0.0,83,3.48
1950-12-18,UA-46,5.1,7.7,97,3.29
1950-12-18,UA-48,3.7,0.8,86,4.7
1950-12-18,UA-51,6.2,0.0,89,5.86
1950-12-18,UA-53,-1.3,0.0,82,4.58
1950-12-18,UA-56,5.9,1.0,97,3.36
1950-12-18,UA-59,-2.0,0.0,81,4.56
1950-12-18,UA-61,5.8,1.3,96,3.74
1950-12-18,UA-63,-2.2,0.0,76,4.72
1950-12-18,UA-65,3.4,0.4,85,4.61
1950-12-18,UA-68,5.7,1.7,99,3.95
1950-12-18,UA-71,1.9,0.3,86,4.4
1950-12-18,UA-74,1.4,0.3,83,4.7
1950-12-18,UA-77,6.8,1.3,97,3.67
1950-12-19,UA-05,0.4,0.0,81,4.46
1950-12-19,UA-07,3.0,0.3,84,6.03
1950-12-19,UA-09,-1.6,0.0,64,7.16
1950-12-19,UA-12,-0.5,0.0,77,5.64
1950-12-19,UA-14,-1.2,0.0,71,6.55
1950-12-19,UA-18,-0.6,0.1,83,5.19
1950-12-19,UA-21,5.6,9.6,93,2.16
1950-12-19,UA-23,0.9,0.0,79,6.88
1950-12-19,UA-26,3.3,0.6,90,6.95
1950-12-19,UA-30,-1.4,0.2,78,4.73
1950-12-19,UA-32,-0.9,0.2,84,4.5
1950-12-19,UA-35,-0.7,0.0,83,4.85
1950-12-19,UA-40,9.7,0.0,77,3.95
1950-12-19,UA-43,5.3,0.0,80,4.08
1950-12-19,UA-46,3.7,2.2,87,6.73
1950-12-19,UA-48,1.7,0.0,83,5.76
1950-12-19,UA-51,3.2,0.0,83,6.57
1950-12-19,UA-53,-1.9,0.0,72,5.58
1950-12-19,UA-56,2.3,0.0,83,5.66
1950-12-19,UA-59,-3.1,0.0,68,5.7
1950-12-19,UA-61,2.3,0.2,85,6.25
1950-12-19,UA-63,-2.5,0.0,65,6.22
1950-12-19,UA-65,1.9,0.0,83,5.66
1950-12-19,UA-68,1.3,0.0,82,5.14
1950-12-19,UA-71,-0.8,0.0,81,5.01
1950-12-19,UA-74,-2.0,0.0,73,5.15
1950-12-19,UA-77,2.6,0.2,90,5.28
1950-12-20,UA-05,-0.9,0.0,75,3.9
1950-12-20,UA-07,-0.7,0.0,75,4.5
1950-12-20,UA-09,-4.8,0.0,65,7.39
1950-12-20,UA-12,-1.3,0.7,67,7.14
1950-12-20,UA-14,-3.6,0.1,69,7.21
1950-12-20,UA-18,-1.8,0.0,72,4.4
1950-12-20,UA-21,1.9,0.6,91,1.7
1950-12-20,UA-23,0.2,0.3,73,8.73
1950-12-20,UA-26,0.8,0.0,79,4.21
1950-12-20,UA-30,-1.9,0.0,64,4.95
1950-12-20,UA-32,-1.4,0.0,71,4.36
1950-12-20,UA-35,-0.8,0.4,72,5.51
1950-12-20,UA-40,8.5,4.5,80,5.1
1950-12-20,UA-43,4.3,3.2,91,2.94
1950-12-20,UA-46,0.6,0.0,79,4.47
1950-12-20,UA-48,1.9,2.1,81,5.93
1950-12-20,UA-51,3.0,1.0,84,6.57
1950-12-20,UA-53,-2.7,0.1,59,6.97
1950-12-20,UA-56,-0.8,0.0,75,4.2
1950-12-20,UA-59,-3.5,0.0,55,6.63
1950-12-20,UA-61,-0.6,0.0,81,3.81
1950-12-20,UA-63,-3.5,0.0,52,7.16
1950-12-20,UA-65,2.2,2.5,83,5.68
1950-12-20,UA-68,-0.9,0.0,77,3.77
1950-12-20,UA-71,-1.2,0.0,69,5.89
1950-12-20,UA-74,-2.2,0.0,55,5.75
1950-12-20,UA-77,0.6,0.0,80,2.6
1950-12-21,UA-05,-0.8,4.2,87,3.49
1950-12-21,UA-07,-1.7,0.7,74,3.88
1950-12-21,UA-09,-5.3,0.0,74,5.88
1950-12-21,UA-12,-1.4,5.8,79,6.12
1950-12-21,UA-14,-4.2,0.2,77,5.89
1950-12-21,UA-18,-1.8,3.3,81,4.54
1950-12-21,UA-21,1.6,0.1,87,1.29
1950-12-21,UA-23,0.5,7.1,81,7.59
1950-12-21,UA-26,-0.6,0.0,78,2.67
1950-12-21,UA-30,-2.2,3.2,78,4.76
1950-12-21,UA-32,-1.2,4.9,85,4.43
1950-12-21,UA-35,0.3,9.1,92,5.63
1950-12-21,UA-40,10.2,9.2,83,7.71
1950-12-21,UA-43,7.1,8.7,91,3.48
1950-12-21,UA-46,-1.0,0.0,77,3.06
1950-12-21,UA-48,4.1,13.2,94,5.98
1950-12-21,UA-51,5.4,16.5,93,5.04
1950-12-21,UA-53,-3.5,4.4,76,5.92
1950-12-21,UA-56,-1.6,1.6,77,3.7
1950-12-21,UA-59,-4.9,0.9,72,5.78
1950-12-21,UA-61,-1.6,0.1,79,3.05
1950-12-21,UA-63,-5.1,2.4,73,6.0
1950-12-21,UA-65,4.1,10.1,94,5.57
1950-12-21,UA-68,-1.3,1.8,82,3.06
1950-12-21,UA-71,-1.3,4.5,85,5.42
1950-12-21,UA-74,-3.2,0.4,69,5.3
1950-12-21,UA-77,-0.3,0.4,79,2.29
1950-12-22,UA-05,-0.8,0.1,89,1.61
1950-12-22,UA-07,-0.9,1.3,91,1.76
1950-12-22,UA-09,-1.3,2.1,87,5.91
1950-12-22,UA-12,1.0,4.0,95,4.71
1950-12-22,UA-14,-0.0,2.9,95,4.96
1950-12-22,UA-18,-2.3,0.4,84,1.78
1950-12-22,UA-21,1.8,0.4,90,1.92
1950-12-22,UA-23,2.8,4.0,93,6.08
1950-12-22,UA-26,-0.6,0.0,87,1.47
1950-12-22,UA-30,-3.2,1.2,82,2.51
1950-12-22,UA-32,-2.2,0.5,84,2.16
1950-12-22,UA-35,-1.6,8.8,92,3.2
1950-12-22,UA-40,8.0,0.6,75,5.16
1950-12-22,UA-43,4.8,0.5,85,4.53
1950-12-22,UA-46,-0.8,0.0,88,1.45
1950-12-22,UA-48,2.6,0.0,88,3.59
1950-12-22,UA-51,2.7,1.1,86,3.6
1950-12-22,UA-53,-1.7,8.7,94,4.46
1950-12-22,UA-56,-0.8,1.7,90,1.6
1950-12-22,UA-59,-4.1,9.2,89,4.26
1950-12-22,UA-61,-1.1,0.0,89,1.89
1950-12-22,UA-63,-2.2,10.2,92,4.2
1950-12-22,UA-65,3.1,0.0,89,3.82
1950-12-22,UA-68,-0.4,1.0,93,1.56
1950-12-22,UA-71,-2.5,4.0,89,3.25
1950-12-22,UA-74,-4.0,2.0,77,3.26
1950-12-22,UA-77,-0.2,0.0,85,2.05
1950-12-23,UA-05,-0.1,0.0,90,2.86
1950-12-23,UA-07,-0.9,0.0,89,4.03
1950-12-23,UA-09,0.0,0.1,92,2.04
1950-12-23,UA-12,-0.9,0.0,88,1.64
1950-12-23,UA-14,-1.1,0.1,94,1.95
1950-12-23,UA-18,-1.2,0.0,88,2.62
1950-12-23,UA-21,1.1,0.0,75,2.34
1950-12-23,UA-23,-0.2,0.0,86,2.72
1950-12-23,UA-26,-1.2,0.0,91,4.09
1950-12-23,UA-30,-1.8,0.0,87,1.58
1950-12-23,UA-32,-0.6,0.1,88,1.99
1950-12-23,UA-35,-0.5,0.0,93,1.55
1950-12-23,UA-40,8.0,0.0,78,3.37
1950-12-23,UA-43,2.6,0.0,91,3.26
1950-12-23,UA-46,-1.5,0.0,90,4.38
1950-12-23,UA-48,2.3,0.0,83,2.84
1950-12-23,UA-51,3.2,0.0,85,4.03
1950-12-23,UA-53,-4.3,0.0,90,1.93
1950-12-23,UA-56,-0.7,0.0,89,3.88
1950-12-23,UA-59,-4.8,0.2,90,2.28
1950-12-23,UA-61,-0.8,0.0,92,4.36
1950-12-23,UA-63,-3.3,0.1,91,2.69
1950-12-23,UA-65,1.9,0.0,83,2.78
1950-12-23,UA-68,-0.4,0.0,92,3.79
1950-12-23,UA-71,-0.6,0.0,89,1.41
1950-12-23,UA-74,-4.0,0.0,80,1.38
1950-12-23,UA-77,-0.2,0.0,93,3.78
1950-12-24,UA-05,0.0,0.0,87,3.24
1950-12-24,UA-07,2.4,0.0,94,3.49
1950-12-24,UA-09,-1.0,0.3,90,2.45
1950-12-24,UA-12,-2.5,0.0,91,3.01
1950-12-24,UA-14,-1.3,0.0,87,2.76
1950-12-24,UA-18,-0.5,0.0,87,3.49
1950-12-24,UA-21,3.6,0.0,81,2.09
1950-12-24,UA-23,-1.0,0.0,89,4.22
1950-12-24,UA-26,1.9,0.0,95,3.93
1950-12-24,UA-30,-1.2,0.0,87,3.05
1950-12-24,UA-32,-0.9,0.0,87,2.72
1950-12-24,UA-35,-3.6,0.0,94,2.47
1950-12-24,UA-40,8.6,0.0,77,2.53
1950-12-24,UA-43,2.8,0.0,88,4.2
1950-12-24,UA-46,1.5,0.0,93,4.12
1950-12-24,UA-48,0.3,0.0,86,3.78
1950-12-24,UA-51,1.2,0.0,87,3.83
1950-12-24,UA-53,-4.4,0.0,93,2.55
1950-12-24,UA-56,2.8,0.1,91,3.82
1950-12-24,UA-59,-6.1,0.0,92,1.95
1950-12-24,UA-61,2.3,0.0,97,4.25
1950-12-24,UA-63,-3.1,0.0,93,1.92
1950-12-24,UA-65,0.0,0.0,85,3.74
1950-12-24,UA-68,2.0,0.0,88,4.22
1950-12-24,UA-71,-2.1,0.0,92,2.54
1950-12-24,UA-74,-1.4,0.0,84,2.59
1950-12-24,UA-77,2.7,0.0,96,4.01
1950-12-25,UA-05,-1.9,0.0,85,3.3
1950-12-25,UA-07,0.8,0.0,86,4.0
1950-12-25,UA-09,-2.2,0.3,84,3.65
1950-12-25,UA-12,-1.2,0.0,89,4.22
1950-12-25,UA-14,-1.7,0.0,82,3.84
1950-12-25,UA-18,-2.5,0.0,87,3.88
1950-12-25,UA-21,2.8,0.0,91,1.49
1950-12-25,UA-23,-0.3,0.0,85,5.43
1950-12-25,UA-26,0.5,0.0,93,5.31
1950-12-25,UA-30,-3.1,0.0,89,3.87
1950-12-25,UA-32,-2.5,0.0,88,3.61
1950-12-25,UA-35,-2.7,0.0,95,3.54
1950-12-25,UA-40,7.5,0.2,80,2.17
1950-12-25,UA-43,2.9,0.3,89,3.99
1950-12-25,UA-46,0.9,0.0,91,4.79
1950-12-25,UA-48,-0.0,0.2,86,4.38
1950-12-25,UA-51,0.9,0.0,86,5.06
1950-12-25,UA-53,-3.0,0.0,93,3.9
1950-12-25,UA-56,0.1,0.0,84,4.2
1950-12-25,UA-59,-6.3,0.0,93,3.61
1950-12-25,UA-61,-0.3,0.0,89,4.93
1950-12-25,UA-63,-4.4,0.0,92,3.65
1950-12-25,UA-65,0.2,0.0,85,4.47
1950-12-25,UA-68,-1.3,0.0,84,3.96
1950-12-25,UA-71,-2.8,0.0,94,3.76
1950-12-25,UA-74,-3.7,0.0,86,4.13
1950-12-25,UA-77,0.0,0.0,92,5.03
1950-12-26,UA-05,-0.9,0.9,85,2.87
1950-12-26,UA-07,-0.3,1.6,85,3.25
1950-12-26,UA-09,-6.2,0.0,74,4.08
1950-12-26,UA-12,-2.3,0.0,78,4.12
1950-12-26,UA-14,-4.7,0.0,74,4.17
1950-12-26,UA-18,-1.4,1.3,86,3.0
1950-12-26,UA-21,2.5,0.4,90,1.78
1950-12-26,UA-23,-0.8,1.0,76,5.59
1950-12-26,UA-26,0.3,0.5,88,3.72
1950-12-26,UA-30,-1.8,0.0,85,3.2
1950-12-26,UA-32,-1.1,0.9,84,2.9
1950-12-26,UA-35,-1.9,1.2,91,3.45
1950-12-26,UA-40,8.5,6.0,88,3.89
1950-12-26,UA-43,4.8,3.8,93,2.72
1950-12-26,UA-46,0.2,1.0,88,3.05
1950-12-26,UA-48,1.4,3.9,90,4.72
1950-12-26,UA-51,3.0,3.3,91,5.82
1950-12-26,UA-53,-5.4,0.0,85,3.64
1950-12-26,UA-56,-0.5,1.4,86,3.2
1950-12-26,UA-59,-8.6,0.0,89,3.32
1950-12-26,UA-61,-0.5,1.3,88,3.79
1950-12-26,UA-63,-7.7,0.0,86,3.57
1950-12-26,UA-65,1.5,5.1,90,4.67
1950-12-26,UA-68,-0.8,0.6,85,3.19
1950-12-26,UA-71,-2.0,0.0,86,3.51
1950-12-26,UA-74,-2.6,0.0,84,3.28
1950-12-26,UA-77,0.4,0.4,89,3.85
1950-12-27,UA-05,-2.4,2.6,85,3.2
1950-12-27,UA-07,-4.3,3.6,82,4.47
1950-12-27,UA-09,-4.9,2.1,84,2.94
1950-12-27,UA-12,-3.0,6.5,90,2.98
1950-12-27,UA-14,-4.4,6.7,86,2.5
1950-12-27,UA-18,-4.1,2.7,87,3.78
1950-12-27,UA-21,2.2,0.9,77,3.62
1950-12-27,UA-23,-1.1,5.1,90,3.92
1950-12-27,UA-26,-1.0,6.4,91,2.79
1950-12-27,UA-30,-3.8,1.7,79,3.48
1950-12-27,UA-32,-3.0,2.1,82,3.24
1950-12-27,UA-35,-4.0,7.1,92,3.19
1950-12-27,UA-40,7.9,6.9,92,6.17
1950-12-27,UA-43,6.1,2.2,94,4.08
1950-12-27,UA-46,-2.6,4.9,88,4.48
1950-12-27,UA-48,-0.0,3.9,93,4.04
1950-12-27,UA-51,1.0,0.9,90,4.94
1950-12-27,UA-53,-5.2,2.0,87,2.89
1950-12-27,UA-56,-4.0,4.0,87,4.0
1950-12-27,UA-59,-9.2,0.8,87,3.02
1950-12-27,UA-61,-2.6,7.3,89,3.57
1950-12-27,UA-63,-5.9,0.8,88,2.69
1950-12-27,UA-65,0.7,2.5,95,3.87
1950-12-27,UA-68,-2.8,4.4,86,3.55
1950-12-27,UA-71,-4.1,4.3,85,2.84
1950-12-27,UA-74,-4.6,1.3,76,3.48
1950-12-27,UA-77,-0.4,3.9,90,2.33
1950-12-28,UA-05,-13.3,0.0,74,3.2
1950-12-28,UA-07,-10.8,0.0,71,3.18
1950-12-28,UA-09,-6.4,4.4,84,4.12
1950-12-28,UA-12,-9.6,0.5,82,5.04
1950-12-28,UA-14,-7.2,3.0,85,3.96
1950-12-28,UA-18,-14.1,0.0,80,3.2
1950-12-28,UA-21,-0.8,0.0,57,2.54
1950-12-28,UA-23,-6.1,0.7,80,6.61
1950-12-28,UA-26,-9.6,0.0,73,4.08
1950-12-28,UA-30,-11.3,0.0,71,3.44
1950-12-28,UA-32,-13.1,0.0,74,3.44
1950-12-28,UA-35,-10.6,0.5,81,4.86
1950-12-28,UA-40,3.9,0.7,85,5.72
1950-12-28,UA-43,-0.7,0.8,87,4.0
1950-12-28,UA-46,-10.5,0.0,73,4.62
1950-12-28,UA-48,-6.7,0.0,75,6.04
1950-12-28,UA-51,-5.5,0.0,70,7.11
1950-12-28,UA-53,-13.2,0.3,80,4.72
1950-12-28,UA-56,-11.6,0.0,73,2.86
1950-12-28,UA-59,-16.4,0.0,83,3.97
1950-12-28,UA-61,-12.6,0.0,76,3.7
1950-12-28,UA-63,-13.1,0.3,82,4.38
1950-12-28,UA-65,-6.1,0.0,72,5.8
1950-12-28,UA-68,-12.0,0.0,72,3.2
1950-12-28,UA-71,-12.3,0.1,75,3.96
1950-12-28,UA-74,-11.8,0.0,71,3.25
1950-12-28,UA-77,-8.0,0.2,69,2.51
1950-12-29,UA-05,-14.6,0.0,79,2.64
1950-12-29,UA-07,-12.1,0.0,77,2.64
1950-12-29,UA-09,-12.3,5.8,77,5.11
1950-12-29,UA-12,-14.0,3.3,77,5.7
1950-12-29,UA-14,-11.1,7.5,76,5.35
1950-12-29,UA-18,-16.9,0.0,87,2.43
1950-12-29,UA-21,-1.3,0.0,53,2.01
1950-12-29,UA-23,-8.5,5.9,74,8.29
1950-12-29,UA-26,-10.9,0.0,72,4.14
1950-12-29,UA-30,-13.7,0.0,77,2.42
1950-12-29,UA-32,-17.0,0.0,84,2.63
1950-12-29,UA-35,-15.7,0.0,80,5.1
1950-12-29,UA-40,3.0,19.7,84,8.09
1950-12-29,UA-43,-2.3,13.4,90,6.46
1950-12-29,UA-46,-10.8,0.0,69,3.88
1950-12-29,UA-48,-9.9,0.9,68,6.86
1950-12-29,UA-51,-9.1,0.3,60,8.03
1950-12-29,UA-53,-17.0,0.0,78,4.6
1950-12-29,UA-56,-12.9,0.0,80,2.44
1950-12-29,UA-59,-20.8,0.0,84,3.16
1950-12-29,UA-61,-13.3,0.0,76,3.08
1950-12-29,UA-63,-18.1,0.0,82,4.13
1950-12-29,UA-65,-8.2,2.9,67,6.66
1950-12-29,UA-68,-14.4,0.0,79,2.46
1950-12-29,UA-71,-15.7,0.0,80,3.35
1950-12-29,UA-74,-15.1,0.0,75,2.28
1950-12-29,UA-77,-10.6,0.0,68,1.92
1950-12-30,UA-05,-12.5,0.0,66,1.84
1950-12-30,UA-07,-12.0,0.0,72,1.46
1950-12-30,UA-09,-10.9,8.3,86,4.89
1950-12-30,UA-12,-14.1,4.3,81,5.05
1950-12-30,UA-14,-10.9,4.9,85,4.18
1950-12-30,UA-18,-15.6,0.0,72,1.74
1950-12-30,UA-21,-2.6,0.0,54,1.97
1950-12-30,UA-23,-11.2,2.0,85,6.64
1950-12-30,UA-26,-9.9,0.0,65,2.16
1950-12-30,UA-30,-14.6,0.0,67,2.55
1950-12-30,UA-32,-14.1,0.0,64,2.74
1950-12-30,UA-35,-15.8,0.0,77,4.21
1950-12-30,UA-40,-2.8,0.1,86,7.88
1950-12-30,UA-43,-8.5,0.5,87,2.63
1950-12-30,UA-46,-10.2,0.0,68,2.0
1950-12-30,UA-48,-11.9,0.4,64,4.74
1950-12-30,UA-51,-9.4,0.0,50,5.31
1950-12-30,UA-53,-17.1,0.8,75,4.33
1950-12-30,UA-56,-11.8,0.0,73,1.23
1950-12-30,UA-59,-20.7,0.0,77,3.58
1950-12-30,UA-61,-12.0,0.0,68,1.86
1950-12-30,UA-63,-15.6,2.6,78,4.47
1950-12-30,UA-65,-11.8,0.4,64,4.58
1950-12-30,UA-68,-12.2,0.0,71,1.8
1950-12-30,UA-71,-16.1,0.0,73,3.12
1950-12-30,UA-74,-15.2,0.0,64,2.27
1950-12-30,UA-77,-9.1,0.0,62,1.37
1950-12-31,UA-05,-11.0,0.0,61,3.04
1950-12-31,UA-07,-9.1,0.0,61,3.13
1950-12-31,UA-09,-20.3,0.0,76,2.92
1950-12-31,UA-12,-20.2,0.0,75,2.53
1950-12-31,UA-14,-19.4,0.0,73,2.65
1950-12-31,UA-18,-11.9,0.0,63,3.09
1950-12-31,UA-21,-0.5,0.0,60,1.58
1950-12-31,UA-23,-16.6,0.0,79,3.64
1950-12-31,UA-26,-8.4,0.0,62,3.12
1950-12-31,UA-30,-12.4,0.0,62,2.79
1950-12-31,UA-32,-12.2,0.0,60,2.5
1950-12-31,UA-35,-18.0,0.0,76,2.43
1950-12-31,UA-40,-0.1,1.1,79,4.47
1950-12-31,UA-43,-8.0,0.0,84,2.51
1950-12-31,UA-46,-7.1,0.0,59,3.29
1950-12-31,UA-48,-10.5,0.0,56,2.23
1950-12-31,UA-51,-6.2,0.0,68,2.53
1950-12-31,UA-53,-16.9,0.0,77,2.32
1950-12-31,UA-56,-9.5,0.0,59,3.62
1950-12-31,UA-59,-15.7,0.0,79,2.09
1950-12-31,UA-61,-10.4,0.0,67,3.54
1950-12-31,UA-63,-16.9,0.0,81,2.39
1950-12-31,UA-65,-10.5,0.0,53,2.14
1950-12-31,UA-68,-10.5,0.0,56,3.64
1950-12-31,UA-71,-14.2,0.0,77,2.27
1950-12-31,UA-74,-11.9,0.0,63,2.75
1950-12-31,UA-77,-8.2,0.0,61,3.34
