date,region,temperature,precipitation,humidity,wind
2024-01-01,UA-05,3.0,0.8,88,3.87
2024-01-01,UA-07,4.6,13.5,92,4.08
2024-01-01,UA-09,2.7,0.0,81,4.38
2024-01-01,UA-12,2.7,0.6,89,4.08
2024-01-01,UA-14,1.5,0.0,89,3.59
2024-01-01,UA-18,2.9,4.2,88,3.57
2024-01-01,UA-21,5.7,9.7,90,3.44
2024-01-01,UA-23,3.9,1.3,90,4.77
2024-01-01,UA-26,6.0,1.8,77,3.9
2024-01-01,UA-30,1.5,4.7,92,3.04
2024-01-01,UA-32,2.8,1.1,90,3.47
2024-01-01,UA-35,3.8,0.2,93,3.94
2024-01-01,UA-40,10.0,1.0,88,6.29
2024-01-01,UA-43,7.6,1.5,82,3.7
2024-01-01,UA-46,5.5,10.3,86,5.24
2024-01-01,UA-48,6.1,0.0,94,4.46
2024-01-01,UA-51,6.5,0.0,93,4.99
2024-01-01,UA-53,1.1,0.4,91,3.65
2024-01-01,UA-56,4.7,9.4,89,4.43
2024-01-01,UA-59,1.8,3.8,87,3.99
2024-01-01,UA-61,4.8,6.3,85,4.91
2024-01-01,UA-63,2.3,1.7,85,4.02
2024-01-01,UA-65,6.1,0.0,91,4.21
2024-01-01,UA-68,3.4,4.9,87,4.6
2024-01-01,UA-71,3.1,0.1,92,3.18
2024-01-01,UA-74,1.0,7.1,93,2.61
2024-01-01,UA-77,4.7,1.4,79,2.97
2024-01-02,UA-05,4.2,0.4,82,4.71
2024-01-02,UA-07,2.2,6.4,97,3.06
2024-01-02,UA-09,6.0,3.4,86,5.62
2024-01-02,UA-12,5.0,0.7,83,5.16
2024-01-02,UA-14,5.1,1.2,91,4.54
2024-01-02,UA-18,-0.7,0.5,82,4.59
2024-01-02,UA-21,3.9,1.6,88,2.69
2024-01-02,UA-23,5.5,1.0,87,5.54
2024-01-02,UA-26,5.0,0.4,69,4.16
2024-01-02,UA-30,-1.6,0.7,83,5.13
2024-01-02,UA-32,1.2,0.0,79,4.71
2024-01-02,UA-35,4.6,0.3,81,4.55
2024-01-02,UA-40,9.5,4.6,83,4.66
2024-01-02,UA-43,7.5,5.9,87,3.34
2024-01-02,UA-46,4.0,1.7,81,4.6
2024-01-02,UA-48,5.7,0.0,76,3.89
2024-01-02,UA-51,5.9,0.0,72,3.85
2024-01-02,UA-53,2.2,0.7,80,5.48
2024-01-02,UA-56,1.5,5.5,95,3.56
2024-01-02,UA-59,-0.8,3.3,90,4.64
2024-01-02,UA-61,3.5,0.9,84,4.9
2024-01-02,UA-63,2.7,1.8,86,5.31
2024-01-02,UA-65,5.6,0.0,78,3.74
2024-01-02,UA-68,3.7,1.2,86,5.07
2024-01-02,UA-71,2.1,0.0,77,5.37
2024-01-02,UA-74,-4.9,7.3,86,3.41
2024-01-02,UA-77,5.3,0.0,63,3.52
2024-01-03,UA-05,2.4,3.8,92,3.82
2024-01-03,UA-07,3.6,12.3,94,5.01
2024-01-03,UA-09,-2.5,0.4,82,3.7
2024-01-03,UA-12,-1.2,4.4,85,3.64
2024-01-03,UA-14,-1.6,1.4,87,3.39
2024-01-03,UA-18,0.2,8.2,93,4.29
2024-01-03,UA-21,7.2,11.9,86,3.45
2024-01-03,UA-23,2.3,4.1,84,4.21
2024-01-03,UA-26,6.7,4.5,76,4.69
2024-01-03,UA-30,-4.4,7.3,86,3.97
2024-01-03,UA-32,-0.5,5.2,91,3.46
2024-01-03,UA-35,0.4,1.3,92,3.28
2024-01-03,UA-40,8.8,5.3,79,5.57
2024-01-03,UA-43,6.0,4.0,84,3.94
2024-01-03,UA-46,5.8,8.7,83,5.45
2024-01-03,UA-48,4.3,1.0,87,3.68
2024-01-03,UA-51,5.3,0.1,79,4.32
2024-01-03,UA-53,-6.2,5.5,79,3.53
2024-01-03,UA-56,3.3,11.2,94,4.87
2024-01-03,UA-59,-11.0,2.1,73,3.42
2024-01-03,UA-61,4.6,6.3,86,5.27
2024-01-03,UA-63,-7.6,1.4,75,3.48
2024-01-03,UA-65,4.4,1.5,88,3.59
2024-01-03,UA-68,3.1,7.3,89,4.91
2024-01-03,UA-71,-2.5,5.1,90,3.45
2024-01-03,UA-74,-9.9,5.8,79,4.64
2024-01-03,UA-77,6.3,1.9,72,3.68
2024-01-04,UA-05,5.6,2.8,86,3.49
2024-01-04,UA-07,5.4,5.0,91,4.63
2024-01-04,UA-09,1.6,4.9,96,3.93
2024-01-04,UA-12,4.3,0.9,92,3.48
2024-01-04,UA-14,3.5,3.5,96,3.48
2024-01-04,UA-18,3.9,3.6,90,3.47
2024-01-04,UA-21,8.1,2.4,83,3.31
2024-01-04,UA-23,5.6,0.1,91,4.01
2024-01-04,UA-26,8.2,2.1,73,4.59
2024-01-04,UA-30,1.8,4.7,92,2.07
2024-01-04,UA-32,4.3,3.4,89,3.32
2024-01-04,UA-35,5.1,0.9,87,3.06
2024-01-04,UA-40,10.4,3.6,88,6.13
2024-01-04,UA-43,9.0,1.5,87,4.78
2024-01-04,UA-46,7.0,6.9,83,5.4
2024-01-04,UA-48,6.5,0.4,84,2.98
2024-01-04,UA-51,7.4,0.7,78,3.82
2024-01-04,UA-53,0.8,2.9,95,2.61
2024-01-04,UA-56,5.7,4.4,88,4.26
2024-01-04,UA-59,-8.3,4.3,82,4.12
2024-01-04,UA-61,6.6,3.7,84,4.8
2024-01-04,UA-63,-4.2,6.3,92,2.78
2024-01-04,UA-65,6.3,0.3,86,3.11
2024-01-04,UA-68,5.9,3.6,86,3.94
2024-01-04,UA-71,3.4,2.3,90,3.04
2024-01-04,UA-74,-7.8,5.3,90,4.17
2024-01-04,UA-77,7.7,0.9,72,2.46
2024-01-05,UA-05,1.4,0.6,80,3.76
2024-01-05,UA-07,-0.2,0.9,77,4.16
2024-01-05,UA-09,2.9,7.3,98,2.9
2024-01-05,UA-12,3.3,6.3,90,3.79
2024-01-05,UA-14,3.6,5.8,98,3.21
2024-01-05,UA-18,-0.7,0.8,82,4.28
2024-01-05,UA-21,6.1,0.4,80,2.37
2024-01-05,UA-23,4.8,2.1,89,4.38
2024-01-05,UA-26,3.3,0.9,79,4.23
2024-01-05,UA-30,-1.9,1.1,90,4.07
2024-01-05,UA-32,0.5,0.9,81,3.89
2024-01-05,UA-35,3.2,0.8,84,3.91
2024-01-05,UA-40,9.5,1.6,82,5.23
2024-01-05,UA-43,7.0,1.4,89,3.82
2024-01-05,UA-46,1.2,0.3,81,4.35
2024-01-05,UA-48,4.9,0.1,80,3.87
2024-01-05,UA-51,5.0,0.0,76,3.94
2024-01-05,UA-53,-0.3,1.3,93,3.62
2024-01-05,UA-56,0.0,1.1,78,4.34
2024-01-05,UA-59,-7.1,2.7,88,3.58
2024-01-05,UA-61,1.1,1.0,83,4.59
2024-01-05,UA-63,-3.6,2.7,93,3.09
2024-01-05,UA-65,5.0,0.1,80,3.77
2024-01-05,UA-68,0.8,0.7,83,4.21
2024-01-05,UA-71,0.9,0.3,86,4.29
2024-01-05,UA-74,-7.4,3.9,91,3.7
2024-01-05,UA-77,4.0,0.3,80,3.2
2024-01-06,UA-05,0.7,0.1,88,2.86
2024-01-06,UA-07,-0.5,7.4,92,3.36
2024-01-06,UA-09,-0.9,0.2,80,4.37
2024-01-06,UA-12,0.6,0.6,83,3.41
2024-01-06,UA-14,0.1,0.0,86,3.65
2024-01-06,UA-18,-0.6,0.8,86,3.13
2024-01-06,UA-21,6.1,3.2,87,2.51
2024-01-06,UA-23,2.7,0.0,84,3.8
2024-01-06,UA-26,3.8,5.6,88,2.96
2024-01-06,UA-30,-2.3,0.9,86,2.9
2024-01-06,UA-32,-0.3,0.1,82,2.78
2024-01-06,UA-35,0.9,0.0,83,2.56
2024-01-06,UA-40,9.5,0.0,79,6.02
2024-01-06,UA-43,6.8,0.0,73,3.5
2024-01-06,UA-46,3.1,4.8,89,3.26
2024-01-06,UA-48,4.6,0.0,84,3.87
2024-01-06,UA-51,6.5,0.0,88,4.57
2024-01-06,UA-53,-3.1,0.7,81,2.83
2024-01-06,UA-56,0.5,5.3,92,3.08
2024-01-06,UA-59,-6.4,4.5,89,3.13
2024-01-06,UA-61,1.8,1.4,89,3.0
2024-01-06,UA-63,-4.4,2.9,87,2.9
2024-01-06,UA-65,4.6,0.0,81,3.72
2024-01-06,UA-68,0.8,0.4,91,3.06
2024-01-06,UA-71,-0.7,0.0,81,2.37
2024-01-06,UA-74,-6.7,4.7,90,2.86
2024-01-06,UA-77,2.7,0.4,86,1.92
2024-01-07,UA-05,-4.1,10.0,87,5.35
2024-01-07,UA-07,-7.0,6.7,80,6.12
2024-01-07,UA-09,-2.2,6.4,83,4.9
2024-01-07,UA-12,-1.0,8.5,89,5.68
2024-01-07,UA-14,-0.5,5.6,93,4.08
2024-01-07,UA-18,-7.3,3.2,76,5.94
2024-01-07,UA-21,4.3,2.8,82,4.21
2024-01-07,UA-23,2.4,10.0,90,5.61
2024-01-07,UA-26,-1.0,6.4,90,4.8
2024-01-07,UA-30,-9.2,0.0,77,5.59
2024-01-07,UA-32,-5.5,7.0,79,5.41
2024-01-07,UA-35,-1.6,13.3,94,5.57
2024-01-07,UA-40,11.5,1.1,71,4.87
2024-01-07,UA-43,10.4,0.7,67,2.49
2024-01-07,UA-46,-3.8,9.7,92,5.84
2024-01-07,UA-48,5.6,10.0,96,4.2
2024-01-07,UA-51,6.4,12.7,98,3.76
2024-01-07,UA-53,-5.3,4.2,75,6.16
2024-01-07,UA-56,-6.9,6.8,82,5.81
2024-01-07,UA-59,-13.2,0.0,82,5.4
2024-01-07,UA-61,-4.4,11.7,94,5.32
2024-01-07,UA-63,-8.9,0.2,82,5.39
2024-01-07,UA-65,7.0,10.0,96,3.42
2024-01-07,UA-68,-4.9,11.6,93,5.28
2024-01-07,UA-71,-4.6,8.0,82,5.77
2024-01-07,UA-74,-14.3,0.0,84,5.49
2024-01-07,UA-77,-0.0,5.7,93,3.37
2024-01-08,UA-05,-11.4,7.9,82,5.15
2024-01-08,UA-07,-12.0,0.0,75,5.07
2024-01-08,UA-09,-9.3,12.1,84,6.15
2024-01-08,UA-12,-9.7,11.1,86,6.93
2024-01-08,UA-14,-8.1,11.3,83,5.43
2024-01-08,UA-18,-12.4,0.7,68,5.95
2024-01-08,UA-21,-2.8,0.0,57,5.9
2024-01-08,UA-23,-5.5,11.1,88,8.27
2024-01-08,UA-26,-10.0,3.7,82,3.62
2024-01-08,UA-30,-14.1,0.0,74,5.49
2024-01-08,UA-32,-12.0,5.0,77,5.42
2024-01-08,UA-35,-9.0,7.7,88,6.65
2024-01-08,UA-40,9.6,12.6,92,6.23
2024-01-08,UA-43,6.8,13.7,95,2.89
2024-01-08,UA-46,-11.4,1.3,82,4.5
2024-01-08,UA-48,-2.6,7.0,90,7.21
2024-01-08,UA-51,-1.5,16.5,94,7.77
2024-01-08,UA-53,-12.3,7.2,74,6.32
2024-01-08,UA-56,-11.9,0.3,75,5.04
2024-01-08,UA-59,-17.8,0.0,77,5.55
2024-01-08,UA-61,-11.9,2.5,83,4.4
2024-01-08,UA-63,-15.4,2.4,76,5.83
2024-01-08,UA-65,-2.0,10.1,92,6.48
2024-01-08,UA-68,-12.0,3.7,83,4.99
2024-01-08,UA-71,-10.6,6.8,77,5.87
2024-01-08,UA-74,-17.3,0.0,79,5.36
2024-01-08,UA-77,-8.5,5.4,84,4.68
2024-01-09,UA-05,-12.1,0.0,78,3.65
2024-01-09,UA-07,-12.9,0.0,74,2.94
2024-01-09,UA-09,-13.4,0.0,82,3.95
2024-01-09,UA-12,-12.3,0.0,81,4.19
2024-01-09,UA-14,-12.9,0.0,80,3.69
2024-01-09,UA-18,-9.2,0.0,68,4.29
2024-01-09,UA-21,-3.8,0.0,56,3.18
2024-01-09,UA-23,-9.5,0.0,82,5.81
2024-01-09,UA-26,-15.7,0.0,84,1.4
2024-01-09,UA-30,-10.5,0.0,80,4.39
2024-01-09,UA-32,-10.1,0.0,77,3.93
2024-01-09,UA-35,-10.3,0.0,82,4.19
2024-01-09,UA-40,0.6,0.6,81,7.61
2024-01-09,UA-43,-5.5,2.1,87,5.18
2024-01-09,UA-46,-13.5,0.0,79,1.51
2024-01-09,UA-48,-7.1,0.8,72,5.34
2024-01-09,UA-51,-7.8,3.2,77,6.42
2024-01-09,UA-53,-12.2,0.0,74,4.26
2024-01-09,UA-56,-12.5,0.0,73,3.24
2024-01-09,UA-59,-14.3,0.3,86,4.56
2024-01-09,UA-61,-16.5,0.0,83,2.43
2024-01-09,UA-63,-14.1,0.0,80,4.51
2024-01-09,UA-65,-7.4,1.3,71,4.96
2024-01-09,UA-68,-14.6,0.0,79,3.2
2024-01-09,UA-71,-9.8,0.0,79,3.99
2024-01-09,UA-74,-11.8,0.0,89,4.94
2024-01-09,UA-77,-12.2,0.0,73,3.05
2024-01-10,UA-05,-7.6,0.0,82,4.15
2024-01-10,UA-07,-8.0,0.0,78,4.42
2024-01-10,UA-09,-7.7,0.0,88,4.86
2024-01-10,UA-12,-4.5,0.0,92,4.13
2024-01-10,UA-14,-7.4,0.0,91,3.9
2024-01-10,UA-18,-5.4,0.1,79,5.04
2024-01-10,UA-21,-5.3,0.0,73,1.06
2024-01-10,UA-23,-3.7,0.0,86,4.67
2024-01-10,UA-26,-13.0,0.0,79,2.55
2024-01-10,UA-30,-4.2,0.4,87,5.18
2024-01-10,UA-32,-5.0,0.1,84,4.47
2024-01-10,UA-35,-4.7,0.0,90,4.05
2024-01-10,UA-40,-0.7,0.0,78,5.74
2024-01-10,UA-43,-5.4,0.0,84,1.81
2024-01-10,UA-46,-11.1,0.0,74,3.31
2024-01-10,UA-48,-4.4,0.0,80,3.59
2024-01-10,UA-51,-6.7,0.0,77,5.2
2024-01-10,UA-53,-4.1,0.0,88,4.58
2024-01-10,UA-56,-7.2,0.0,75,4.82
2024-01-10,UA-59,-2.4,0.8,92,5.68
2024-01-10,UA-61,-10.3,0.0,74,4.44
2024-01-10,UA-63,-3.4,0.8,89,4.88
2024-01-10,UA-65,-4.8,0.0,80,2.95
2024-01-10,UA-68,-9.0,0.0,79,4.39
2024-01-10,UA-71,-3.9,0.1,88,4.37
2024-01-10,UA-74,-2.8,1.4,95,5.78
2024-01-10,UA-77,-8.9,0.0,67,3.6
2024-01-11,UA-05,-4.0,1.3,81,5.43
2024-01-11,UA-07,-4.0,3.4,84,5.86
2024-01-11,UA-09,-3.1,1.6,90,5.96
2024-01-11,UA-12,-2.5,2.1,93,5.19
2024-01-11,UA-14,-3.6,2.8,94,4.64
2024-01-11,UA-18,-3.6,1.5,81,6.56
2024-01-11,UA-21,-5.7,0.5,90,1.46
2024-01-11,UA-23,-1.7,2.9,89,6.26
2024-01-11,UA-26,-3.9,1.9,75,5.8
2024-01-11,UA-30,-3.2,2.3,85,6.66
2024-01-11,UA-32,-3.3,1.1,84,5.75
2024-01-11,UA-35,-2.7,0.5,88,5.04
2024-01-11,UA-40,3.7,0.5,78,5.73
2024-01-11,UA-43,-0.4,0.0,88,3.48
2024-01-11,UA-46,-4.6,2.7,76,6.45
2024-01-11,UA-48,-1.9,0.1,76,4.7
2024-01-11,UA-51,-1.9,0.3,69,5.78
2024-01-11,UA-53,-2.9,2.2,90,5.8
2024-01-11,UA-56,-3.8,2.7,80,5.93
2024-01-11,UA-59,-2.9,3.9,92,7.29
2024-01-11,UA-61,-4.6,1.9,79,6.67
2024-01-11,UA-63,-2.5,2.9,91,6.27
2024-01-11,UA-65,-2.0,0.2,77,4.42
2024-01-11,UA-68,-4.4,1.7,80,6.09
2024-01-11,UA-71,-2.6,1.7,88,5.46
2024-01-11,UA-74,-2.9,2.2,89,7.48
2024-01-11,UA-77,-2.2,0.9,67,5.21
2024-01-12,UA-05,-9.6,0.1,77,3.74
2024-01-12,UA-07,-7.2,2.4,75,4.19
2024-01-12,UA-09,-10.5,0.9,79,4.82
2024-01-12,UA-12,-9.3,0.5,73,5.11
2024-01-12,UA-14,-10.6,1.0,80,4.38
2024-01-12,UA-18,-8.7,0.3,63,4.25
2024-01-12,UA-21,-1.6,0.0,71,2.6
2024-01-12,UA-23,-6.9,0.3,71,6.72
2024-01-12,UA-26,-5.5,1.1,80,3.8
2024-01-12,UA-30,-10.5,0.0,70,3.92
2024-01-12,UA-32,-9.9,0.0,67,4.07
2024-01-12,UA-35,-9.5,0.2,72,4.95
2024-01-12,UA-40,-0.4,4.7,78,8.34
2024-01-12,UA-43,-5.6,5.2,86,3.7
2024-01-12,UA-46,-5.7,1.8,79,4.2
2024-01-12,UA-48,-6.0,0.2,66,5.23
2024-01-12,UA-51,-5.6,0.7,70,5.89
2024-01-12,UA-53,-10.4,0.0,66,5.06
2024-01-12,UA-56,-7.0,1.4,73,4.23
2024-01-12,UA-59,-13.0,0.0,77,4.5
2024-01-12,UA-61,-7.1,0.8,80,4.0
2024-01-12,UA-63,-11.9,0.0,74,4.81
2024-01-12,UA-65,-6.2,0.2,67,4.99
2024-01-12,UA-68,-8.2,0.5,79,3.83
2024-01-12,UA-71,-10.0,0.0,70,4.5
2024-01-12,UA-74,-12.6,0.0,80,4.11
2024-01-12,UA-77,-4.7,0.8,74,4.33
2024-01-13,UA-05,-3.9,3.5,91,4.0
2024-01-13,UA-07,-1.8,3.8,90,4.83
2024-01-13,UA-09,-16.3,0.0,81,2.41
2024-01-13,UA-12,-11.2,0.4,79,3.63
2024-01-13,UA-14,-14.8,0.0,83,2.56
2024-01-13,UA-18,-5.3,4.7,89,3.64
2024-01-13,UA-21,-1.7,0.8,82,2.71
2024-01-13,UA-23,-7.9,0.0,69,4.12
2024-01-13,UA-26,-1.8,3.3,83,6.01
2024-01-13,UA-30,-8.2,3.0,84,3.28
2024-01-13,UA-32,-6.2,4.3,89,2.83
2024-01-13,UA-35,-9.0,2.2,86,3.99
2024-01-13,UA-40,-1.3,2.8,68,3.45
2024-01-13,UA-43,-7.5,0.5,80,1.83
2024-01-13,UA-46,-1.7,4.4,90,6.64
2024-01-13,UA-48,-6.2,1.7,84,2.74
2024-01-13,UA-51,-5.1,1.5,78,4.1
2024-01-13,UA-53,-11.8,0.3,78,3.83
2024-01-13,UA-56,-2.5,4.9,89,4.58
2024-01-13,UA-59,-15.3,0.0,84,3.17
2024-01-13,UA-61,-2.1,5.2,91,6.21
2024-01-13,UA-63,-14.6,0.0,81,2.66
2024-01-13,UA-65,-6.7,0.9,82,2.48
2024-01-13,UA-68,-2.8,4.9,91,4.77
2024-01-13,UA-71,-8.8,2.1,84,3.69
2024-01-13,UA-74,-11.0,1.9,86,3.91
2024-01-13,UA-77,-1.8,1.3,75,4.49
2024-01-14,UA-05,-2.0,1.6,84,4.17
2024-01-14,UA-07,-0.6,2.9,89,6.84
2024-01-14,UA-09,-11.4,1.8,82,4.7
2024-01-14,UA-12,-3.3,3.6,88,4.57
2024-01-14,UA-14,-10.0,3.6,84,4.36
2024-01-14,UA-18,-2.1,2.3,89,5.26
2024-01-14,UA-21,-0.9,1.5,83,3.48
2024-01-14,UA-23,-1.6,4.1,84,5.57
2024-01-14,UA-26,-1.7,0.4,75,5.59
2024-01-14,UA-30,-3.2,1.8,89,4.62
2024-01-14,UA-32,-2.7,1.7,89,4.27
2024-01-14,UA-35,-3.3,1.1,92,3.56
2024-01-14,UA-40,4.2,4.6,77,6.11
2024-01-14,UA-43,-0.4,2.6,88,3.93
2024-01-14,UA-46,-1.4,2.3,82,6.55
2024-01-14,UA-48,-2.1,0.2,89,3.29
2024-01-14,UA-51,-3.0,0.0,83,3.73
2024-01-14,UA-53,-4.8,1.9,89,4.66
2024-01-14,UA-56,-0.8,2.7,88,6.42
2024-01-14,UA-59,-6.6,2.1,90,5.98
2024-01-14,UA-61,-2.0,1.1,82,5.73
2024-01-14,UA-63,-8.0,1.6,87,4.96
2024-01-14,UA-65,-2.0,0.3,91,3.09
2024-01-14,UA-68,-2.2,1.3,84,5.18
2024-01-14,UA-71,-3.3,1.3,89,3.94
2024-01-14,UA-74,-4.6,2.8,93,5.53
2024-01-14,UA-77,-0.9,0.0,67,2.87
2024-01-15,UA-05,-1.4,0.0,74,3.95
2024-01-15,UA-07,-0.1,0.1,77,6.05
2024-01-15,UA-09,-1.1,3.1,87,5.5
2024-01-15,UA-12,-2.0,0.0,85,5.01
2024-01-15,UA-14,-1.8,1.1,87,4.12
2024-01-15,UA-18,-1.3,0.0,77,5.09
2024-01-15,UA-21,0.2,0.6,79,2.79
2024-01-15,UA-23,-0.6,0.0,86,5.37
2024-01-15,UA-26,0.2,0.0,71,3.12
2024-01-15,UA-30,-1.1,0.0,77,4.82
2024-01-15,UA-32,-0.8,0.0,74,4.34
2024-01-15,UA-35,-1.8,0.0,79,4.65
2024-01-15,UA-40,7.8,0.5,72,7.58
2024-01-15,UA-43,3.8,0.2,82,4.23
2024-01-15,UA-46,-0.5,0.1,75,5.09
2024-01-15,UA-48,0.6,0.0,84,3.89
2024-01-15,UA-51,-0.0,0.0,80,4.11
2024-01-15,UA-53,-2.9,0.0,83,4.87
2024-01-15,UA-56,0.2,0.0,75,5.38
2024-01-15,UA-59,-2.4,2.8,86,5.86
2024-01-15,UA-61,-1.0,0.2,76,4.16
2024-01-15,UA-63,-3.1,0.2,86,4.56
2024-01-15,UA-65,-0.3,0.0,88,3.69
2024-01-15,UA-68,-1.4,0.3,76,4.35
2024-01-15,UA-71,-1.1,1.4,75,4.66
2024-01-15,UA-74,-1.1,1.0,84,5.85
2024-01-15,UA-77,-0.4,0.0,71,2.66
2024-01-16,UA-05,-2.7,0.1,76,4.18
2024-01-16,UA-07,-3.9,0.0,74,4.85
2024-01-16,UA-09,2.3,8.2,84,7.1
2024-01-16,UA-12,0.2,5.8,87,5.16
2024-01-16,UA-14,1.1,12.2,87,6.0
2024-01-16,UA-18,-3.5,0.0,73,5.36
2024-01-16,UA-21,-0.2,0.1,74,2.13
2024-01-16,UA-23,1.4,9.6,87,6.17
2024-01-16,UA-26,-2.1,2.2,76,3.81
2024-01-16,UA-30,-3.5,0.0,72,4.99
2024-01-16,UA-32,-2.7,0.0,73,4.33
2024-01-16,UA-35,-1.3,4.1,84,4.03
2024-01-16,UA-40,7.3,11.5,78,7.42
2024-01-16,UA-43,3.5,9.9,87,4.39
2024-01-16,UA-46,-2.3,0.5,82,4.39
2024-01-16,UA-48,1.7,4.3,83,4.42
2024-01-16,UA-51,1.8,4.6,79,4.27
2024-01-16,UA-53,-1.5,6.0,85,4.67
2024-01-16,UA-56,-2.8,0.0,73,5.11
2024-01-16,UA-59,-2.6,4.2,84,5.67
2024-01-16,UA-61,-2.8,0.6,79,4.46
2024-01-16,UA-63,-0.6,7.5,87,5.48
2024-01-16,UA-65,2.0,3.8,85,4.38
2024-01-16,UA-68,-3.2,0.1,77,4.46
2024-01-16,UA-71,-1.6,1.9,76,4.19
2024-01-16,UA-74,-4.7,0.0,77,6.03
2024-01-16,UA-77,-1.0,0.3,70,3.28
2024-01-17,UA-05,-6.5,0.2,86,3.44
2024-01-17,UA-07,-5.5,1.5,83,4.81
2024-01-17,UA-09,-4.3,0.0,83,3.18
2024-01-17,UA-12,-4.5,0.0,76,2.79
2024-01-17,UA-14,-4.8,0.0,85,2.76
2024-01-17,UA-18,-8.7,0.4,83,4.02
2024-01-17,UA-21,0.2,7.5,80,3.97
2024-01-17,UA-23,-1.5,0.0,83,2.66
2024-01-17,UA-26,-2.6,1.1,80,4.1
2024-01-17,UA-30,-7.8,0.0,72,3.71
2024-01-17,UA-32,-7.0,0.1,79,3.08
2024-01-17,UA-35,-6.9,0.0,85,2.56
2024-01-17,UA-40,6.2,0.0,66,4.94
2024-01-17,UA-43,1.1,0.3,80,2.93
2024-01-17,UA-46,-3.1,0.9,82,4.81
2024-01-17,UA-48,-0.0,0.0,80,2.38
2024-01-17,UA-51,1.5,0.0,75,2.98
2024-01-17,UA-53,-9.0,0.0,77,3.17
2024-01-17,UA-56,-4.9,1.6,82,4.65
2024-01-17,UA-59,-11.6,0.0,77,4.86
2024-01-17,UA-61,-4.0,1.8,85,4.69
2024-01-17,UA-63,-8.7,0.0,75,4.04
2024-01-17,UA-65,0.5,0.0,81,2.25
2024-01-17,UA-68,-5.8,0.9,86,4.4
2024-01-17,UA-71,-6.7,0.0,75,3.05
2024-01-17,UA-74,-10.7,0.0,75,4.44
2024-01-17,UA-77,-1.2,0.5,71,3.86
2024-01-18,UA-05,2.3,2.8,88,4.59
2024-01-18,UA-07,2.8,5.5,92,4.44
2024-01-18,UA-09,-0.6,0.3,83,5.67
2024-01-18,UA-12,3.0,4.3,90,7.3
2024-01-18,UA-14,0.5,1.8,89,5.4
2024-01-18,UA-18,1.7,5.9,90,5.34
2024-01-18,UA-21,5.5,18.2,96,2.31
2024-01-18,UA-23,4.3,5.5,90,8.03
2024-01-18,UA-26,4.4,5.3,89,2.5
2024-01-18,UA-30,1.0,4.1,92,5.65
2024-01-18,UA-32,2.1,1.5,92,5.23
2024-01-18,UA-35,3.8,5.0,96,6.53
2024-01-18,UA-40,10.0,10.4,85,8.13
2024-01-18,UA-43,8.5,3.4,81,5.34
2024-01-18,UA-46,4.8,4.6,91,4.07
2024-01-18,UA-48,6.2,0.8,93,6.53
2024-01-18,UA-51,6.9,0.1,93,7.2
2024-01-18,UA-53,0.3,12.2,90,7.35
2024-01-18,UA-56,3.0,5.2,91,4.35
2024-01-18,UA-59,-2.5,5.8,89,9.02
2024-01-18,UA-61,3.5,3.1,90,4.01
2024-01-18,UA-63,-1.8,8.0,88,7.19
2024-01-18,UA-65,6.8,1.6,91,6.14
2024-01-18,UA-68,2.1,6.2,90,4.81
2024-01-18,UA-71,2.4,2.6,93,5.88
2024-01-18,UA-74,-1.0,10.4,92,6.61
2024-01-18,UA-77,5.5,4.3,85,3.06
2024-01-19,UA-05,0.5,6.2,90,3.82
2024-01-19,UA-07,-1.9,3.1,90,3.64
2024-01-19,UA-09,5.3,3.4,93,6.44
2024-01-19,UA-12,5.1,9.7,99,3.42
2024-01-19,UA-14,5.9,6.0,99,5.07
2024-01-19,UA-18,0.1,2.5,88,3.9
2024-01-19,UA-21,1.5,1.9,77,5.17
2024-01-19,UA-23,6.4,7.1,99,4.38
2024-01-19,UA-26,-0.3,6.0,93,3.77
2024-01-19,UA-30,0.4,2.5,87,4.0
2024-01-19,UA-32,1.0,5.0,86,3.71
2024-01-19,UA-35,2.7,5.3,97,3.63
2024-01-19,UA-40,10.5,10.7,94,5.88
2024-01-19,UA-43,10.0,2.6,95,5.09
2024-01-19,UA-46,-1.6,3.9,91,3.83
2024-01-19,UA-48,5.7,1.7,95,3.32
2024-01-19,UA-51,5.5,0.9,90,4.48
2024-01-19,UA-53,2.9,11.2,97,3.45
2024-01-19,UA-56,-0.7,2.6,87,3.72
2024-01-19,UA-59,1.7,8.0,93,4.03
2024-01-19,UA-61,-1.2,3.4,93,4.02
2024-01-19,UA-63,3.7,18.5,98,3.58
2024-01-19,UA-65,6.6,1.2,96,3.27
2024-01-19,UA-68,-0.7,3.9,93,3.97
2024-01-19,UA-71,1.6,9.3,91,3.8
2024-01-19,UA-74,-0.7,0.7,88,3.81
2024-01-19,UA-77,0.9,7.2,92,3.98
2024-01-20,UA-05,-2.3,0.2,82,4.29
2024-01-20,UA-07,-1.2,1.3,83,5.94
2024-01-20,UA-09,1.5,3.2,93,5.07
2024-01-20,UA-12,-1.0,1.8,85,4.88
2024-01-20,UA-14,0.4,3.0,93,4.29
2024-01-20,UA-18,-1.4,1.9,76,4.79
2024-01-20,UA-21,-0.9,0.0,75,2.31
2024-01-20,UA-23,-0.2,1.7,84,6.01
2024-01-20,UA-26,-1.3,0.2,78,4.5
2024-01-20,UA-30,-1.9,1.9,75,4.17
2024-01-20,UA-32,-1.7,0.8,75,4.23
2024-01-20,UA-35,-2.4,0.5,83,4.2
2024-01-20,UA-40,4.4,4.0,90,7.47
2024-01-20,UA-43,1.8,6.6,95,3.47
2024-01-20,UA-46,-0.9,0.7,78,5.66
2024-01-20,UA-48,-0.5,0.3,82,4.56
2024-01-20,UA-51,-0.9,0.6,80,5.43
2024-01-20,UA-53,-2.4,3.1,83,4.57
2024-01-20,UA-56,-0.7,1.6,77,5.66
2024-01-20,UA-59,-4.2,2.8,88,3.69
2024-01-20,UA-61,-1.7,0.4,82,5.33
2024-01-20,UA-63,-2.3,4.4,88,4.85
2024-01-20,UA-65,-0.5,1.2,83,4.34
2024-01-20,UA-68,-1.9,0.3,82,4.73
2024-01-20,UA-71,-2.0,0.5,79,3.99
2024-01-20,UA-74,-4.1,2.1,88,3.67
2024-01-20,UA-77,-2.3,0.0,75,4.09
2024-01-21,UA-05,-1.8,1.2,85,4.19
2024-01-21,UA-07,-2.5,0.0,80,4.03
2024-01-21,UA-09,-4.9,0.0,84,2.84
2024-01-21,UA-12,-3.1,1.7,88,2.5
2024-01-21,UA-14,-4.4,0.0,75,1.88
2024-01-21,UA-18,-1.9,0.9,83,4.18
2024-01-21,UA-21,-2.1,0.0,88,1.55
2024-01-21,UA-23,-1.9,1.1,80,2.61
2024-01-21,UA-26,-2.7,0.2,84,4.09
2024-01-21,UA-30,-2.3,1.5,88,3.36
2024-01-21,UA-32,-1.5,1.2,83,3.98
2024-01-21,UA-35,-1.7,0.5,90,3.43
2024-01-21,UA-40,1.5,0.3,73,5.62
2024-01-21,UA-43,-2.6,0.0,87,1.44
2024-01-21,UA-46,-2.1,0.0,82,3.8
2024-01-21,UA-48,-1.1,0.1,85,3.16
2024-01-21,UA-51,-0.9,0.0,77,4.21
2024-01-21,UA-53,-3.7,1.5,84,2.96
2024-01-21,UA-56,-1.3,0.9,76,4.35
2024-01-21,UA-59,-8.4,0.9,91,2.89
2024-01-21,UA-61,-2.7,0.1,82,4.21
2024-01-21,UA-63,-6.5,0.4,84,1.96
2024-01-21,UA-65,-1.3,0.0,86,2.71
2024-01-21,UA-68,-2.3,0.6,85,4.32
2024-01-21,UA-71,-1.2,1.8,88,3.43
2024-01-21,UA-74,-6.0,1.5,91,2.82
2024-01-21,UA-77,-0.7,0.1,74,4.19
2024-01-22,UA-05,-4.2,0.0,86,4.45
2024-01-22,UA-07,-1.4,0.0,68,5.96
2024-01-22,UA-09,-9.9,0.0,87,2.42
2024-01-22,UA-12,-4.6,0.0,80,2.38
2024-01-22,UA-14,-7.8,0.0,83,2.29
2024-01-22,UA-18,-3.3,0.0,76,5.63
2024-01-22,UA-21,-2.0,0.0,82,3.44
2024-01-22,UA-23,-3.9,0.0,78,2.95
2024-01-22,UA-26,-4.9,0.0,80,3.11
2024-01-22,UA-30,-3.2,0.0,77,4.99
2024-01-22,UA-32,-2.7,0.0,77,4.52
2024-01-22,UA-35,-3.2,0.0,89,2.98
2024-01-22,UA-40,1.2,0.0,72,4.07
2024-01-22,UA-43,-3.2,0.0,89,3.16
2024-01-22,UA-46,-1.2,0.2,64,4.58
2024-01-22,UA-48,-1.1,0.0,85,2.55
2024-01-22,UA-51,-0.4,0.0,82,2.98
2024-01-22,UA-53,-5.1,0.0,78,2.98
2024-01-22,UA-56,-1.3,0.0,70,5.93
2024-01-22,UA-59,-11.7,0.0,89,3.67
2024-01-22,UA-61,-3.1,0.0,82,4.86
2024-01-22,UA-63,-9.2,0.0,86,2.47
2024-01-22,UA-65,-1.5,0.0,83,2.37
2024-01-22,UA-68,-3.8,0.0,87,5.57
2024-01-22,UA-71,-2.7,0.0,81,3.48
2024-01-22,UA-74,-6.6,0.0,87,5.55
2024-01-22,UA-77,-2.2,0.0,79,3.84
2024-01-23,UA-05,-1.9,0.4,84,3.89
2024-01-23,UA-07,1.4,7.4,92,5.1
2024-01-23,UA-09,-11.2,0.0,82,3.25
2024-01-23,UA-12,-4.1,0.0,80,3.67
2024-01-23,UA-14,-7.9,0.0,74,3.1
2024-01-23,UA-18,-1.4,2.0,85,5.03
2024-01-23,UA-21,-0.2,0.5,80,1.55
2024-01-23,UA-23,-3.2,0.0,75,3.75
2024-01-23,UA-26,-0.7,0.4,84,2.08
2024-01-23,UA-30,-0.6,2.5,83,5.46
2024-01-23,UA-32,-0.2,0.4,81,5.03
2024-01-23,UA-35,-2.4,0.0,86,4.87
2024-01-23,UA-40,2.7,0.0,68,2.1
2024-01-23,UA-43,-2.8,0.0,90,2.37
2024-01-23,UA-46,1.7,8.3,85,4.5
2024-01-23,UA-48,-1.0,0.0,82,4.31
2024-01-23,UA-51,3.0,0.7,80,4.54
2024-01-23,UA-53,-4.2,0.0,81,5.06
2024-01-23,UA-56,0.6,5.7,91,4.64
2024-01-23,UA-59,-4.8,0.0,90,6.87
2024-01-23,UA-61,-0.6,3.1,87,3.25
2024-01-23,UA-63,-6.7,0.0,86,4.24
2024-01-23,UA-65,-1.6,0.0,82,3.52
2024-01-23,UA-68,-1.7,1.5,90,3.71
2024-01-23,UA-71,-1.6,0.0,84,5.21
2024-01-23,UA-74,-1.3,3.6,90,6.65
2024-01-23,UA-77,-1.3,0.3,78,1.84
2024-01-24,UA-05,0.5,3.1,90,4.14
2024-01-24,UA-07,2.4,7.7,90,6.92
2024-01-24,UA-09,-8.5,0.0,68,3.6
2024-01-24,UA-12,-3.2,0.1,84,3.79
2024-01-24,UA-14,-7.6,0.0,68,2.89
2024-01-24,UA-18,1.1,4.9,92,5.19
2024-01-24,UA-21,0.3,11.1,95,3.79
2024-01-24,UA-23,-2.9,0.0,79,3.37
2024-01-24,UA-26,2.0,2.0,77,6.43
2024-01-24,UA-30,0.8,4.1,92,4.76
2024-01-24,UA-32,1.1,2.9,89,4.33
2024-01-24,UA-35,-0.7,0.8,95,4.06
2024-01-24,UA-40,2.7,0.1,79,2.71
2024-01-24,UA-43,-2.5,0.0,89,1.49
2024-01-24,UA-46,2.3,5.1,82,7.6
2024-01-24,UA-48,-0.2,0.3,94,3.3
2024-01-24,UA-51,1.8,0.5,90,3.25
2024-01-24,UA-53,-2.7,0.4,88,4.7
2024-01-24,UA-56,2.4,6.2,88,6.23
2024-01-24,UA-59,-1.9,2.3,96,5.75
2024-01-24,UA-61,1.8,4.8,84,6.06
2024-01-24,UA-63,-4.2,0.0,86,4.4
2024-01-24,UA-65,-0.9,0.2,94,2.71
2024-01-24,UA-68,1.1,4.4,88,5.1
2024-01-24,UA-71,0.3,1.2,92,4.24
2024-01-24,UA-74,0.5,5.0,96,5.68
2024-01-24,UA-77,2.1,2.4,73,3.71
2024-01-25,UA-05,2.7,4.2,89,5.09
2024-01-25,UA-07,3.4,6.2,90,7.48
2024-01-25,UA-09,-2.9,2.7,89,4.59
2024-01-25,UA-12,0.2,4.1,96,4.21
2024-01-25,UA-14,-2.4,4.9,96,3.73
2024-01-25,UA-18,2.5,5.0,92,5.45
2024-01-25,UA-21,2.1,1.2,90,1.98
2024-01-25,UA-23,0.6,5.5,96,5.04
2024-01-25,UA-26,4.1,4.7,82,7.76
2024-01-25,UA-30,2.5,3.3,95,4.22
2024-01-25,UA-32,2.8,3.2,93,4.36
2024-01-25,UA-35,1.7,3.4,95,3.87
2024-01-25,UA-40,6.4,5.2,79,6.46
2024-01-25,UA-43,3.3,2.8,91,3.65
2024-01-25,UA-46,3.8,7.8,88,8.27
2024-01-25,UA-48,3.2,1.8,91,4.13
2024-01-25,UA-51,4.3,1.4,79,5.28
2024-01-25,UA-53,-0.2,3.7,95,3.85
2024-01-25,UA-56,3.3,7.1,91,7.15
2024-01-25,UA-59,-0.2,2.9,96,4.71
2024-01-25,UA-61,3.0,8.5,89,7.55
2024-01-25,UA-63,-0.9,4.0,95,3.83
2024-01-25,UA-65,2.8,1.3,93,3.8
2024-01-25,UA-68,2.5,5.4,90,6.58
2024-01-25,UA-71,2.2,4.8,94,3.64
2024-01-25,UA-74,1.7,3.2,97,3.91
2024-01-25,UA-77,5.5,1.6,68,6.86
2024-01-26,UA-05,0.6,2.9,90,5.62
2024-01-26,UA-07,0.4,1.3,81,5.07
2024-01-26,UA-09,1.4,2.1,98,3.18
2024-01-26,UA-12,1.3,4.1,98,2.27
2024-01-26,UA-14,0.6,1.7,98,2.44
2024-01-26,UA-18,0.6,3.2,94,5.5
2024-01-26,UA-21,3.5,0.3,76,2.99
2024-01-26,UA-23,1.6,2.1,96,3.07
2024-01-26,UA-26,1.2,2.1,79,5.24
2024-01-26,UA-30,0.8,3.2,96,4.07
2024-01-26,UA-32,1.1,3.6,94,4.44
2024-01-26,UA-35,1.6,1.9,95,2.9
2024-01-26,UA-40,5.4,3.4,84,5.14
2024-01-26,UA-43,2.4,3.1,93,2.69
2024-01-26,UA-46,1.1,1.2,80,4.95
2024-01-26,UA-48,2.8,1.7,91,4.14
2024-01-26,UA-51,2.9,0.7,83,6.3
2024-01-26,UA-53,0.9,1.7,96,2.23
2024-01-26,UA-56,0.4,2.8,86,5.53
2024-01-26,UA-59,0.9,1.3,99,1.44
2024-01-26,UA-61,0.2,1.1,83,5.42
2024-01-26,UA-63,1.0,2.8,99,1.3
2024-01-26,UA-65,2.4,2.3,92,3.69
2024-01-26,UA-68,-0.4,2.1,91,5.98
2024-01-26,UA-71,1.4,1.7,95,2.69
2024-01-26,UA-74,0.9,1.9,97,3.18
2024-01-26,UA-77,1.4,1.0,78,5.76
2024-01-27,UA-05,-0.7,0.0,81,2.16
2024-01-27,UA-07,0.6,7.4,95,2.25
2024-01-27,UA-09,0.9,1.7,95,1.91
2024-01-27,UA-12,1.0,0.2,92,2.02
2024-01-27,UA-14,0.2,0.3,93,1.77
2024-01-27,UA-18,-0.4,0.6,90,2.58
2024-01-27,UA-21,3.6,4.0,79,3.33
2024-01-27,UA-23,1.5,1.1,89,2.56
2024-01-27,UA-26,1.7,7.0,89,5.14
2024-01-27,UA-30,0.5,0.5,93,3.2
2024-01-27,UA-32,0.7,0.6,89,2.93
2024-01-27,UA-35,1.4,0.9,97,2.73
2024-01-27,UA-40,3.4,2.0,82,3.97
2024-01-27,UA-43,0.5,0.7,90,1.67
2024-01-27,UA-46,1.9,7.2,91,5.23
2024-01-27,UA-48,2.2,0.5,93,2.8
2024-01-27,UA-51,1.8,0.0,78,4.05
2024-01-27,UA-53,0.7,0.1,94,1.44
2024-01-27,UA-56,-0.3,2.9,88,1.56
2024-01-27,UA-59,0.3,0.7,98,1.75
2024-01-27,UA-61,0.8,9.1,94,3.9
2024-01-27,UA-63,1.2,0.8,96,1.27
2024-01-27,UA-65,1.7,1.3,96,2.17
2024-01-27,UA-68,-1.8,2.0,92,1.56
2024-01-27,UA-71,1.1,1.0,96,3.02
2024-01-27,UA-74,0.4,0.2,95,3.11
2024-01-27,UA-77,1.1,7.7,89,4.12
2024-01-28,UA-05,-1.1,0.0,87,3.25
2024-01-28,UA-07,0.3,0.9,97,1.56
2024-01-28,UA-09,-1.3,2.7,94,2.61
2024-01-28,UA-12,1.2,1.4,93,3.35
2024-01-28,UA-14,-0.7,1.3,89,2.26
2024-01-28,UA-18,-1.5,0.0,87,2.89
2024-01-28,UA-21,3.5,0.0,73,3.59
2024-01-28,UA-23,1.6,1.1,88,3.69
2024-01-28,UA-26,2.1,2.4,91,3.02
2024-01-28,UA-30,-0.8,0.0,89,3.56
2024-01-28,UA-32,-0.2,0.0,86,3.64
2024-01-28,UA-35,1.1,0.4,94,4.15
2024-01-28,UA-40,3.5,0.3,75,4.88
2024-01-28,UA-43,0.1,1.2,92,2.43
2024-01-28,UA-46,1.4,1.9,92,3.22
2024-01-28,UA-48,1.9,1.2,90,4.3
2024-01-28,UA-51,1.6,0.6,85,5.37
2024-01-28,UA-53,0.4,0.0,93,3.77
2024-01-28,UA-56,-0.8,0.0,87,1.64
2024-01-28,UA-59,-0.6,0.0,93,3.36
2024-01-28,UA-61,0.3,1.4,92,2.21
2024-01-28,UA-63,0.9,0.9,94,3.25
2024-01-28,UA-65,1.7,0.5,92,3.81
2024-01-28,UA-68,-3.7,0.0,93,2.5
2024-01-28,UA-71,0.9,0.5,93,3.74
2024-01-28,UA-74,-1.3,0.0,92,3.16
2024-01-28,UA-77,0.4,2.5,87,2.91
2024-01-29,UA-05,-1.7,0.0,81,1.04
2024-01-29,UA-07,0.1,0.3,89,2.21
2024-01-29,UA-09,-5.2,0.0,85,2.56
2024-01-29,UA-12,0.6,0.1,85,2.99
2024-01-29,UA-14,-1.6,0.0,75,2.89
2024-01-29,UA-18,-1.7,0.0,85,1.49
2024-01-29,UA-21,0.8,0.0,81,1.56
2024-01-29,UA-23,0.0,0.2,82,4.46
2024-01-29,UA-26,0.9,0.0,85,2.07
2024-01-29,UA-30,-2.2,0.0,78,1.6
2024-01-29,UA-32,-2.1,0.0,79,1.54
2024-01-29,UA-35,0.2,0.0,86,3.41
2024-01-29,UA-40,2.3,0.0,79,6.93
2024-01-29,UA-43,-1.2,0.5,91,4.3
2024-01-29,UA-46,0.5,0.0,85,2.33
2024-01-29,UA-48,1.2,0.0,85,4.47
2024-01-29,UA-51,1.6,0.0,84,5.38
2024-01-29,UA-53,-0.2,0.0,84,2.68
2024-01-29,UA-56,-0.7,0.0,85,1.76
2024-01-29,UA-59,-2.6,0.0,88,2.0
2024-01-29,UA-61,-0.9,0.0,88,1.88
2024-01-29,UA-63,-0.1,0.0,87,2.35
2024-01-29,UA-65,0.6,0.1,85,4.32
2024-01-29,UA-68,-2.1,0.1,94,1.53
2024-01-29,UA-71,-0.3,0.0,86,1.99
2024-01-29,UA-74,-3.7,0.0,83,1.87
2024-01-29,UA-77,-0.5,0.0,85,1.53
2024-01-30,UA-05,-1.7,0.0,80,2.56
2024-01-30,UA-07,0.3,0.0,79,3.89
2024-01-30,UA-09,-0.7,0.0,82,3.24
2024-01-30,UA-12,-0.4,0.0,82,2.63
2024-01-30,UA-14,-1.3,0.0,81,2.67
2024-01-30,UA-18,-1.4,0.0,80,3.51
2024-01-30,UA-21,-0.3,0.0,82,2.26
2024-01-30,UA-23,-0.4,0.0,83,2.96
2024-01-30,UA-26,-0.3,0.0,76,1.52
2024-01-30,UA-30,-0.6,0.0,77,3.34
2024-01-30,UA-32,-1.1,0.0,78,2.8
2024-01-30,UA-35,-0.8,0.0,82,2.37
2024-01-30,UA-40,2.0,0.0,74,5.76
2024-01-30,UA-43,-1.9,0.0,89,4.07
2024-01-30,UA-46,-0.0,0.0,74,2.7
2024-01-30,UA-48,-1.3,0.0,89,2.26
2024-01-30,UA-51,-1.2,0.0,88,2.56
2024-01-30,UA-53,-1.0,0.0,81,3.03
2024-01-30,UA-56,-0.2,0.0,80,3.53
2024-01-30,UA-59,-2.7,0.0,86,3.67
2024-01-30,UA-61,-1.6,0.0,83,2.5
2024-01-30,UA-63,-0.7,0.0,80,3.55
2024-01-30,UA-65,-1.5,0.0,89,2.21
2024-01-30,UA-68,-3.7,0.0,88,2.96
2024-01-30,UA-71,-0.5,0.0,79,2.77
2024-01-30,UA-74,-1.0,0.0,83,3.56
2024-01-30,UA-77,-1.7,0.0,80,1.61
2024-01-31,UA-05,0.3,0.0,75,2.66
2024-01-31,UA-07,1.5,0.0,78,4.59
2024-01-31,UA-09,-0.3,0.0,86,2.32
2024-01-31,UA-12,0.6,0.0,81,2.52
2024-01-31,UA-14,-0.1,0.0,84,2.29
2024-01-31,UA-18,0.7,0.0,75,3.84
2024-01-31,UA-21,-0.4,0.0,81,1.52
2024-01-31,UA-23,0.5,0.0,85,3.01
2024-01-31,UA-26,0.7,0.0,69,1.49
2024-01-31,UA-30,1.5,0.0,73,3.65
2024-01-31,UA-32,1.3,0.1,73,3.16
2024-01-31,UA-35,1.1,0.0,78,2.93
2024-01-31,UA-40,3.3,0.0,71,2.82
2024-01-31,UA-43,-0.7,0.0,80,1.28
2024-01-31,UA-46,1.6,0.0,71,3.53
2024-01-31,UA-48,-0.1,0.0,86,2.34
2024-01-31,UA-51,-0.4,0.0,83,2.42
2024-01-31,UA-53,0.2,0.0,80,2.88
2024-01-31,UA-56,1.3,0.0,77,4.31
2024-01-31,UA-59,-1.2,0.0,84,3.37
2024-01-31,UA-61,0.3,0.0,76,3.13
2024-01-31,UA-63,0.7,0.0,80,2.94
2024-01-31,UA-65,-0.2,0.0,87,2.33
2024-01-31,UA-68,-1.9,0.0,85,2.97
2024-01-31,UA-71,1.5,0.0,74,3.06
2024-01-31,UA-74,0.5,0.0,80,3.8
2024-01-31,UA-77,-0.4,0.0,76,1.32
2024-02-01,UA-05,2.4,0.1,83,3.92
2024-02-01,UA-07,2.9,0.8,85,5.99
2024-02-01,UA-09,1.7,0.0,81,4.5
2024-02-01,UA-12,1.9,0.0,85,3.85
2024-02-01,UA-14,0.8,0.0,85,3.68
2024-02-01,UA-18,2.5,0.1,83,5.16
2024-02-01,UA-21,0.7,1.9,89,2.51
2024-02-01,UA-23,1.3,0.0,87,4.34
2024-02-01,UA-26,2.9,0.3,68,4.34
2024-02-01,UA-30,2.7,0.2,82,5.07
2024-02-01,UA-32,2.7,0.2,83,4.24
2024-02-01,UA-35,2.7,0.0,84,3.53
2024-02-01,UA-40,4.8,0.0,79,3.57
2024-02-01,UA-43,2.3,0.0,78,2.62
2024-02-01,UA-46,3.3,1.0,76,5.69
2024-02-01,UA-48,0.8,0.0,86,2.83
2024-02-01,UA-51,1.1,0.0,81,3.13
2024-02-01,UA-53,1.6,0.1,84,4.37
2024-02-01,UA-56,2.9,0.7,84,5.72
2024-02-01,UA-59,1.0,0.8,90,5.16
2024-02-01,UA-61,3.1,0.7,78,5.11
2024-02-01,UA-63,1.5,0.0,86,4.65
2024-02-01,UA-65,1.0,0.0,86,3.05
2024-02-01,UA-68,2.5,0.3,84,4.55
2024-02-01,UA-71,2.4,0.1,84,4.09
2024-02-01,UA-74,2.1,0.6,87,5.48
2024-02-01,UA-77,2.4,0.0,71,2.89
2024-02-02,UA-05,1.9,0.2,76,4.87
2024-02-02,UA-07,2.2,1.0,76,5.63
2024-02-02,UA-09,1.8,0.3,80,5.08
2024-02-02,UA-12,1.6,0.5,81,4.8
2024-02-02,UA-14,0.6,0.3,83,4.13
2024-02-02,UA-18,1.7,0.6,76,5.57
2024-02-02,UA-21,2.0,0.6,87,1.79
2024-02-02,UA-23,1.5,0.2,82,4.68
2024-02-02,UA-26,2.5,0.9,74,5.4
2024-02-02,UA-30,1.8,0.4,72,5.51
2024-02-02,UA-32,2.2,0.3,73,5.1
2024-02-02,UA-35,2.2,0.1,74,4.73
2024-02-02,UA-40,5.6,0.0,77,5.47
2024-02-02,UA-43,2.7,0.0,86,2.61
2024-02-02,UA-46,2.0,1.2,78,5.7
2024-02-02,UA-48,2.3,0.0,77,3.9
2024-02-02,UA-51,2.8,0.0,75,4.64
2024-02-02,UA-53,1.3,0.7,77,5.33
2024-02-02,UA-56,2.0,0.7,79,5.46
2024-02-02,UA-59,0.6,1.0,79,6.0
2024-02-02,UA-61,1.6,1.1,80,5.51
2024-02-02,UA-63,1.5,0.7,76,5.49
2024-02-02,UA-65,2.0,0.0,78,3.54
2024-02-02,UA-68,1.3,0.5,81,5.23
2024-02-02,UA-71,2.1,0.2,74,5.04
2024-02-02,UA-74,1.3,0.3,74,6.17
2024-02-02,UA-77,2.9,1.1,71,4.94
2024-02-03,UA-05,3.4,3.1,88,6.11
2024-02-03,UA-07,5.6,4.7,90,8.05
2024-02-03,UA-09,0.5,1.9,79,6.28
2024-02-03,UA-12,0.9,3.2,88,5.8
2024-02-03,UA-14,-0.4,3.4,84,5.04
2024-02-03,UA-18,3.7,4.7,89,7.16
2024-02-03,UA-21,3.8,0.8,90,1.76
2024-02-03,UA-23,0.9,3.3,88,6.55
2024-02-03,UA-26,5.9,1.5,71,7.38
2024-02-03,UA-30,2.8,5.0,90,6.29
2024-02-03,UA-32,3.3,4.0,88,5.94
2024-02-03,UA-35,2.3,3.4,86,5.67
2024-02-03,UA-40,6.0,2.5,66,7.53
2024-02-03,UA-43,3.3,2.4,77,5.37
2024-02-03,UA-46,5.5,4.4,87,8.08
2024-02-03,UA-48,2.8,1.9,83,5.3
2024-02-03,UA-51,4.0,0.2,72,5.79
2024-02-03,UA-53,0.4,4.7,91,5.87
2024-02-03,UA-56,5.2,4.5,89,7.97
2024-02-03,UA-59,-0.1,6.6,93,5.8
2024-02-03,UA-61,4.7,3.6,87,8.04
2024-02-03,UA-63,0.3,4.8,87,5.83
2024-02-03,UA-65,2.4,2.2,84,5.15
2024-02-03,UA-68,3.9,2.6,89,7.25
2024-02-03,UA-71,2.2,4.5,88,5.65
2024-02-03,UA-74,1.9,4.8,93,6.39
2024-02-03,UA-77,6.5,0.0,60,5.63
2024-02-04,UA-05,5.0,2.7,78,5.74
2024-02-04,UA-07,5.5,2.7,76,7.29
2024-02-04,UA-09,3.3,1.7,87,5.57
2024-02-04,UA-12,4.4,1.4,83,5.06
2024-02-04,UA-14,2.6,1.7,92,4.71
2024-02-04,UA-18,4.6,1.8,76,6.6
2024-02-04,UA-21,6.5,5.1,85,2.26
2024-02-04,UA-23,4.7,3.0,87,5.92
2024-02-04,UA-26,6.9,3.3,73,7.02
2024-02-04,UA-30,4.5,1.4,74,6.14
2024-02-04,UA-32,4.9,1.4,76,5.63
2024-02-04,UA-35,5.4,1.8,80,5.43
2024-02-04,UA-40,8.0,6.2,87,7.14
2024-02-04,UA-43,6.3,6.4,89,5.39
2024-02-04,UA-46,6.1,5.2,78,7.69
2024-02-04,UA-48,7.4,0.3,73,5.5
2024-02-04,UA-51,8.3,0.0,64,6.26
2024-02-04,UA-53,3.1,0.9,84,5.32
2024-02-04,UA-56,5.4,2.5,77,7.01
2024-02-04,UA-59,2.9,1.2,80,6.24
2024-02-04,UA-61,5.5,3.8,79,7.48
2024-02-04,UA-63,3.1,1.2,84,5.6
2024-02-04,UA-65,7.0,0.4,75,5.33
2024-02-04,UA-68,4.9,3.6,79,6.52
2024-02-04,UA-71,4.9,0.8,76,5.32
2024-02-04,UA-74,3.8,1.7,75,6.88
2024-02-04,UA-77,7.8,2.9,65,5.37
2024-02-05,UA-05,4.3,3.0,81,7.2
2024-02-05,UA-07,5.0,5.2,81,7.94
2024-02-05,UA-09,1.9,10.0,91,5.35
2024-02-05,UA-12,2.8,4.9,83,7.51
2024-02-05,UA-14,1.5,8.9,93,6.1
2024-02-05,UA-18,3.1,7.4,80,7.97
2024-02-05,UA-21,8.6,2.6,83,3.88
2024-02-05,UA-23,3.8,3.1,83,8.33
2024-02-05,UA-26,7.0,14.0,83,7.05
2024-02-05,UA-30,2.1,6.2,84,7.51
2024-02-05,UA-32,3.5,7.5,78,7.23
2024-02-05,UA-35,4.0,3.3,80,7.4
2024-02-05,UA-40,8.8,2.9,85,6.94
2024-02-05,UA-43,6.7,6.3,88,6.06
2024-02-05,UA-46,5.8,10.6,88,7.47
2024-02-05,UA-48,6.8,1.3,74,6.63
2024-02-05,UA-51,8.3,1.5,72,6.57
2024-02-05,UA-53,1.5,7.0,86,7.25
2024-02-05,UA-56,4.7,5.9,82,8.06
2024-02-05,UA-59,0.9,5.8,89,5.53
2024-02-05,UA-61,5.1,7.2,87,7.58
2024-02-05,UA-63,1.4,6.6,88,5.41
2024-02-05,UA-65,6.4,3.5,78,6.36
2024-02-05,UA-68,4.5,3.9,85,7.72
2024-02-05,UA-71,2.7,6.2,82,6.99
2024-02-05,UA-74,1.7,6.2,86,7.13
2024-02-05,UA-77,7.9,9.6,78,5.41
2024-02-06,UA-05,6.0,3.9,79,5.19
2024-02-06,UA-07,6.8,7.3,81,7.35
2024-02-06,UA-09,0.0,0.9,82,5.47
2024-02-06,UA-12,2.7,1.2,80,4.87
2024-02-06,UA-14,0.5,2.2,83,4.9
2024-02-06,UA-18,3.7,4.6,89,5.01
2024-02-06,UA-21,8.7,0.0,68,2.62
2024-02-06,UA-23,3.1,0.4,81,5.52
2024-02-06,UA-26,9.2,0.5,64,5.41
2024-02-06,UA-30,1.9,4.4,88,3.74
2024-02-06,UA-32,3.8,3.0,86,4.38
2024-02-06,UA-35,4.1,1.7,83,4.63
2024-02-06,UA-40,9.5,0.5,82,5.58
2024-02-06,UA-43,7.8,0.8,83,4.94
2024-02-06,UA-46,8.5,0.7,66,7.8
2024-02-06,UA-48,7.4,0.9,80,3.99
2024-02-06,UA-51,9.2,1.1,72,4.43
2024-02-06,UA-53,1.1,1.9,82,4.44
2024-02-06,UA-56,6.1,8.9,84,6.65
2024-02-06,UA-59,-0.5,0.6,80,4.41
2024-02-06,UA-61,7.8,2.9,71,7.63
2024-02-06,UA-63,-0.2,0.7,79,4.61
2024-02-06,UA-65,7.0,1.8,82,4.05
2024-02-06,UA-68,6.8,5.2,76,6.57
2024-02-06,UA-71,2.8,2.7,84,3.96
2024-02-06,UA-74,1.0,2.9,83,3.82
2024-02-06,UA-77,9.7,0.1,62,4.31
2024-02-07,UA-05,7.3,0.9,69,6.09
2024-02-07,UA-07,6.3,3.7,77,8.08
2024-02-07,UA-09,4.9,1.0,84,5.18
2024-02-07,UA-12,6.9,0.0,75,5.73
2024-02-07,UA-14,5.4,0.3,83,5.04
2024-02-07,UA-18,6.5,2.3,74,7.48
2024-02-07,UA-21,8.9,0.0,66,4.36
2024-02-07,UA-23,6.6,0.0,78,6.14
2024-02-07,UA-26,8.1,0.8,64,6.85
2024-02-07,UA-30,6.0,2.1,77,7.12
2024-02-07,UA-32,7.5,0.6,70,6.57
2024-02-07,UA-35,7.8,0.0,69,5.67
2024-02-07,UA-40,9.6,0.0,78,5.31
2024-02-07,UA-43,9.2,0.0,72,4.92
2024-02-07,UA-46,7.1,4.2,70,7.22
2024-02-07,UA-48,8.1,0.0,70,3.8
2024-02-07,UA-51,9.4,0.0,61,4.7
2024-02-07,UA-53,5.8,0.1,76,6.24
2024-02-07,UA-56,6.5,3.5,75,7.89
2024-02-07,UA-59,3.7,4.6,88,6.88
2024-02-07,UA-61,7.0,2.2,70,7.1
2024-02-07,UA-63,4.6,2.3,85,5.72
2024-02-07,UA-65,7.7,0.0,74,3.96
2024-02-07,UA-68,7.1,2.2,70,6.77
2024-02-07,UA-71,7.2,0.0,70,6.11
2024-02-07,UA-74,4.5,5.4,86,7.49
2024-02-07,UA-77,8.6,0.0,61,4.97
2024-02-08,UA-05,1.8,3.2,84,2.72
2024-02-08,UA-07,0.9,4.1,86,2.98
2024-02-08,UA-09,4.2,5.4,84,4.25
2024-02-08,UA-12,4.1,1.3,81,3.31
2024-02-08,UA-14,3.3,5.1,89,3.47
2024-02-08,UA-18,0.8,3.1,84,3.41
2024-02-08,UA-21,6.6,4.7,83,2.07
2024-02-08,UA-23,4.6,5.0,85,3.38
2024-02-08,UA-26,1.3,11.1,93,3.02
2024-02-08,UA-30,0.1,1.1,81,3.51
2024-02-08,UA-32,1.9,2.2,81,3.28
2024-02-08,UA-35,4.0,1.0,79,2.77
2024-02-08,UA-40,9.2,0.0,86,4.58
2024-02-08,UA-43,8.4,0.0,81,4.19
2024-02-08,UA-46,0.9,12.2,95,3.16
2024-02-08,UA-48,5.8,0.3,80,2.47
2024-02-08,UA-51,7.2,0.0,77,3.3
2024-02-08,UA-53,1.8,0.1,77,3.57
2024-02-08,UA-56,1.1,4.3,86,3.16
2024-02-08,UA-59,-1.7,0.2,69,3.81
2024-02-08,UA-61,0.9,12.4,93,2.91
2024-02-08,UA-63,1.0,0.5,75,3.73
2024-02-08,UA-65,5.9,0.0,81,2.63
2024-02-08,UA-68,1.1,6.1,89,2.78
2024-02-08,UA-71,2.5,0.9,81,3.28
2024-02-08,UA-74,-2.4,0.2,69,3.03
2024-02-08,UA-77,2.8,3.0,89,2.82
2024-02-09,UA-05,2.6,8.4,94,2.13
2024-02-09,UA-07,-0.2,10.1,97,3.72
2024-02-09,UA-09,-2.3,12.7,96,2.87
2024-02-09,UA-12,0.7,9.9,97,2.59
2024-02-09,UA-14,0.3,9.8,99,2.0
2024-02-09,UA-18,-1.3,11.6,97,4.08
2024-02-09,UA-21,9.5,6.3,83,3.55
2024-02-09,UA-23,3.7,3.8,95,3.22
2024-02-09,UA-26,7.3,2.7,81,2.99
2024-02-09,UA-30,-2.1,8.6,94,3.95
2024-02-09,UA-32,-0.6,12.2,95,3.45
2024-02-09,UA-35,3.1,7.0,95,2.89
2024-02-09,UA-40,9.9,0.0,90,5.17
2024-02-09,UA-43,10.2,0.0,81,5.06
2024-02-09,UA-46,4.1,6.8,93,2.46
2024-02-09,UA-48,6.5,0.0,85,3.0
2024-02-09,UA-51,8.2,0.0,79,3.6
2024-02-09,UA-53,-1.9,7.9,90,3.51
2024-02-09,UA-56,-0.2,11.5,96,3.51
2024-02-09,UA-59,-3.5,1.1,81,2.44
2024-02-09,UA-61,3.7,7.2,93,2.17
2024-02-09,UA-63,-2.6,4.4,83,2.95
2024-02-09,UA-65,6.2,0.0,85,3.28
2024-02-09,UA-68,2.7,9.5,95,2.03
2024-02-09,UA-71,-0.9,11.0,96,3.85
2024-02-09,UA-74,-2.3,2.1,80,3.05
2024-02-09,UA-77,8.0,1.7,77,2.36
2024-02-10,UA-05,6.9,2.7,92,2.15
2024-02-10,UA-07,4.8,4.2,94,2.78
2024-02-10,UA-09,-2.3,20.5,97,4.4
2024-02-10,UA-12,1.4,10.1,98,3.37
2024-02-10,UA-14,1.0,13.5,99,2.89
2024-02-10,UA-18,1.2,4.4,98,3.53
2024-02-10,UA-21,11.1,6.1,81,3.87
2024-02-10,UA-23,5.7,5.1,96,2.69
2024-02-10,UA-26,9.2,1.4,78,2.66
2024-02-10,UA-30,-1.1,7.1,98,4.2
2024-02-10,UA-32,1.4,4.9,98,2.98
2024-02-10,UA-35,4.7,4.0,98,2.6
2024-02-10,UA-40,10.8,0.0,85,6.35
2024-02-10,UA-43,11.1,0.0,82,6.16
2024-02-10,UA-46,8.3,3.1,84,3.56
2024-02-10,UA-48,6.7,0.2,89,2.42
2024-02-10,UA-51,7.5,0.0,84,2.56
2024-02-10,UA-53,-1.6,10.8,95,4.71
2024-02-10,UA-56,4.4,4.7,93,2.77
2024-02-10,UA-59,-1.6,5.0,85,5.29
2024-02-10,UA-61,8.0,2.7,85,3.25
2024-02-10,UA-63,-1.9,8.0,92,5.1
2024-02-10,UA-65,7.3,0.0,89,2.8
2024-02-10,UA-68,7.6,3.8,88,3.03
2024-02-10,UA-71,0.1,8.0,98,3.6
2024-02-10,UA-74,-1.3,4.7,90,5.34
2024-02-10,UA-77,9.9,0.6,76,2.24
2024-02-11,UA-05,7.2,0.0,86,3.12
2024-02-11,UA-07,7.7,1.7,90,3.48
2024-02-11,UA-09,1.3,2.8,97,3.76
2024-02-11,UA-12,6.9,0.5,97,3.59
2024-02-11,UA-14,5.3,0.8,97,3.26
2024-02-11,UA-18,3.7,0.0,95,3.34
2024-02-11,UA-21,10.9,5.5,82,3.94
2024-02-11,UA-23,7.4,0.2,94,4.35
2024-02-11,UA-26,9.2,0.3,80,2.95
2024-02-11,UA-30,1.0,0.1,100,3.88
2024-02-11,UA-32,3.8,0.0,96,3.13
2024-02-11,UA-35,6.0,0.0,96,3.86
2024-02-11,UA-40,11.4,0.0,78,6.18
2024-02-11,UA-43,12.7,0.0,68,5.34
2024-02-11,UA-46,9.2,2.6,81,4.27
2024-02-11,UA-48,8.4,0.0,88,4.44
2024-02-11,UA-51,8.9,0.0,85,5.07
2024-02-11,UA-53,2.2,0.5,99,3.97
2024-02-11,UA-56,6.9,0.2,90,3.18
2024-02-11,UA-59,-0.4,0.7,93,4.7
2024-02-11,UA-61,8.9,0.0,80,3.08
2024-02-11,UA-63,-0.3,1.0,97,4.22
2024-02-11,UA-65,9.1,0.0,87,4.5
2024-02-11,UA-68,8.0,0.0,84,3.39
2024-02-11,UA-71,3.2,0.0,99,3.47
2024-02-11,UA-74,0.4,0.8,99,4.46
2024-02-11,UA-77,9.8,0.0,74,2.7
2024-02-12,UA-05,8.8,1.5,86,2.43
2024-02-12,UA-07,9.6,0.5,82,3.16
2024-02-12,UA-09,5.7,1.0,88,3.53
2024-02-12,UA-12,9.8,1.3,84,5.0
2024-02-12,UA-14,7.5,0.9,86,3.41
2024-02-12,UA-18,5.2,0.3,94,2.11
2024-02-12,UA-21,10.4,0.8,84,2.51
2024-02-12,UA-23,8.8,1.2,81,5.2
2024-02-12,UA-26,10.1,1.9,76,1.99
2024-02-12,UA-30,3.8,0.1,98,2.64
2024-02-12,UA-32,7.9,0.0,89,2.81
2024-02-12,UA-35,9.3,2.3,88,5.02
2024-02-12,UA-40,12.0,0.0,66,4.53
2024-02-12,UA-43,12.9,0.0,55,2.41
2024-02-12,UA-46,9.6,1.6,80,3.01
2024-02-12,UA-48,10.0,0.6,79,5.81
2024-02-12,UA-51,9.4,0.5,79,7.22
2024-02-12,UA-53,7.6,3.3,91,4.55
2024-02-12,UA-56,8.7,0.0,86,2.22
2024-02-12,UA-59,5.4,2.7,96,4.19
2024-02-12,UA-61,9.4,1.5,79,1.96
2024-02-12,UA-63,5.9,2.6,93,3.94
2024-02-12,UA-65,10.7,1.0,77,5.26
2024-02-12,UA-68,8.1,0.3,85,2.02
2024-02-12,UA-71,7.6,1.3,92,3.62
2024-02-12,UA-74,3.1,0.3,100,2.7
2024-02-12,UA-77,8.7,2.4,78,1.58
2024-02-13,UA-05,7.5,4.3,90,2.65
2024-02-13,UA-07,5.7,6.3,86,4.75
2024-02-13,UA-09,4.9,0.0,93,1.64
2024-02-13,UA-12,8.6,1.0,85,3.17
2024-02-13,UA-14,7.3,0.0,87,2.44
2024-02-13,UA-18,6.0,4.3,94,2.2
2024-02-13,UA-21,8.5,0.3,66,5.22
2024-02-13,UA-23,7.9,0.0,82,3.4
2024-02-13,UA-26,6.4,17.9,87,5.61
2024-02-13,UA-30,6.2,4.9,94,2.33
2024-02-13,UA-32,7.7,6.8,91,2.35
2024-02-13,UA-35,8.7,1.1,91,2.98
2024-02-13,UA-40,11.2,0.4,73,3.45
2024-02-13,UA-43,11.4,0.0,67,2.06
2024-02-13,UA-46,6.2,2.2,82,5.05
2024-02-13,UA-48,9.6,0.0,86,2.09
2024-02-13,UA-51,7.2,2.6,94,3.2
2024-02-13,UA-53,7.4,5.2,90,3.49
2024-02-13,UA-56,5.8,11.5,93,4.54
2024-02-13,UA-59,7.0,4.6,93,3.18
2024-02-13,UA-61,5.6,15.7,91,5.47
2024-02-13,UA-63,6.7,5.0,92,2.56
2024-02-13,UA-65,9.4,0.0,85,1.59
2024-02-13,UA-68,5.2,8.7,96,3.92
2024-02-13,UA-71,7.4,3.3,94,2.68
2024-02-13,UA-74,5.5,2.4,96,2.28
2024-02-13,UA-77,6.1,20.0,94,5.31
2024-02-14,UA-05,2.6,9.1,96,4.46
2024-02-14,UA-07,2.5,0.2,78,3.74
2024-02-14,UA-09,3.0,0.0,94,4.03
2024-02-14,UA-12,8.0,0.1,87,2.45
2024-02-14,UA-14,7.1,0.0,83,3.64
2024-02-14,UA-18,2.2,7.8,98,4.49
2024-02-14,UA-21,4.3,0.0,69,2.72
2024-02-14,UA-23,7.8,0.1,87,2.66
2024-02-14,UA-26,3.5,1.0,75,3.88
2024-02-14,UA-30,3.1,2.0,99,3.2
2024-02-14,UA-32,3.9,1.7,98,3.5
2024-02-14,UA-35,7.0,1.8,96,1.79
2024-02-14,UA-40,9.4,3.8,88,4.16
2024-02-14,UA-43,8.7,2.0,86,2.4
2024-02-14,UA-46,3.0,0.0,75,3.34
2024-02-14,UA-48,7.2,0.9,94,1.6
2024-02-14,UA-51,6.8,0.9,92,3.68
2024-02-14,UA-53,6.6,1.3,90,3.26
2024-02-14,UA-56,2.1,3.2,83,4.3
2024-02-14,UA-59,4.7,1.5,96,4.11
2024-02-14,UA-61,2.1,2.7,81,4.41
2024-02-14,UA-63,5.6,0.1,94,4.35
2024-02-14,UA-65,6.6,2.1,96,1.6
2024-02-14,UA-68,1.7,5.0,91,4.92
2024-02-14,UA-71,5.4,0.1,96,1.58
2024-02-14,UA-74,5.1,4.4,99,2.45
2024-02-14,UA-77,3.6,3.9,81,5.04
2024-02-15,UA-05,1.8,0.0,93,2.91
2024-02-15,UA-07,0.4,0.0,87,1.52
2024-02-15,UA-09,-2.4,0.0,73,6.04
2024-02-15,UA-12,3.0,0.6,82,4.49
2024-02-15,UA-14,-0.8,0.0,78,5.24
2024-02-15,UA-18,1.3,0.0,93,2.74
2024-02-15,UA-21,2.4,0.0,79,1.15
2024-02-15,UA-23,3.5,0.3,79,5.63
2024-02-15,UA-26,0.9,0.0,80,1.51
2024-02-15,UA-30,1.3,0.0,98,2.84
2024-02-15,UA-32,1.8,0.0,96,2.83
2024-02-15,UA-35,4.4,6.1,99,3.49
2024-02-15,UA-40,7.9,0.0,83,4.67
2024-02-15,UA-43,4.0,0.0,93,5.64
2024-02-15,UA-46,1.3,0.0,81,2.28
2024-02-15,UA-48,6.5,0.8,92,4.34
2024-02-15,UA-51,6.0,0.1,91,5.83
2024-02-15,UA-53,1.8,2.2,85,3.81
2024-02-15,UA-56,0.4,0.0,87,1.25
2024-02-15,UA-59,1.1,6.1,93,3.54
2024-02-15,UA-61,0.3,0.0,87,1.27
2024-02-15,UA-63,0.5,0.1,77,4.8
2024-02-15,UA-65,5.9,1.2,89,4.16
2024-02-15,UA-68,1.2,0.1,90,2.27
2024-02-15,UA-71,3.6,7.8,99,2.33
2024-02-15,UA-74,2.2,0.0,97,2.59
2024-02-15,UA-77,2.5,0.0,80,2.03
2024-02-16,UA-05,2.8,0.1,92,1.54
2024-02-16,UA-07,0.7,0.0,87,3.43
2024-02-16,UA-09,-6.8,0.0,73,5.27
2024-02-16,UA-12,-1.4,0.0,75,3.76
2024-02-16,UA-14,-4.1,0.0,71,4.48
2024-02-16,UA-18,2.1,0.0,97,1.78
2024-02-16,UA-21,3.3,0.0,79,1.27
2024-02-16,UA-23,-0.2,0.0,72,5.33
2024-02-16,UA-26,1.4,0.0,85,3.15
2024-02-16,UA-30,2.0,0.0,96,1.6
2024-02-16,UA-32,2.6,0.0,93,1.78
2024-02-16,UA-35,0.1,0.0,89,2.69
2024-02-16,UA-40,5.3,0.2,81,4.49
2024-02-16,UA-43,0.8,0.0,93,5.59
2024-02-16,UA-46,1.8,0.0,85,3.61
2024-02-16,UA-48,1.1,0.0,84,4.47
2024-02-16,UA-51,2.1,0.0,84,4.76
2024-02-16,UA-53,-2.3,0.0,75,3.24
2024-02-16,UA-56,1.5,0.0,90,2.79
2024-02-16,UA-59,-2.0,3.7,81,2.8
2024-02-16,UA-61,1.0,0.0,90,2.83
2024-02-16,UA-63,-3.4,0.8,67,3.79
2024-02-16,UA-65,0.5,0.0,82,4.55
2024-02-16,UA-68,2.3,0.1,91,1.93
2024-02-16,UA-71,0.1,0.6,88,2.4
2024-02-16,UA-74,1.9,0.1,94,1.97
2024-02-16,UA-77,2.1,0.0,92,2.27
2024-02-17,UA-05,1.7,0.0,95,3.23
2024-02-17,UA-07,4.8,1.8,87,4.7
2024-02-17,UA-09,-5.6,0.0,78,3.59
2024-02-17,UA-12,-1.9,0.0,79,2.59
2024-02-17,UA-14,-3.7,0.0,76,3.07
2024-02-17,UA-18,2.5,1.2,91,4.15
2024-02-17,UA-21,5.0,1.3,78,1.73
2024-02-17,UA-23,-1.3,0.0,74,3.62
2024-02-17,UA-26,4.6,1.1,82,2.88
2024-02-17,UA-30,0.6,0.7,93,3.66
2024-02-17,UA-32,1.3,0.0,92,3.17
2024-02-17,UA-35,-0.5,0.0,88,1.56
2024-02-17,UA-40,3.6,0.0,78,5.15
2024-02-17,UA-43,-0.4,0.0,89,4.48
2024-02-17,UA-46,5.4,1.6,81,4.06
2024-02-17,UA-48,-0.3,0.0,91,2.57
2024-02-17,UA-51,-0.1,0.0,91,2.61
2024-02-17,UA-53,-2.1,0.0,74,2.45
2024-02-17,UA-56,5.1,1.4,87,4.41
2024-02-17,UA-59,-1.2,0.0,73,3.54
2024-02-17,UA-61,4.2,1.3,89,3.73
2024-02-17,UA-63,-3.3,0.0,71,2.85
2024-02-17,UA-65,-0.9,0.0,89,2.79
2024-02-17,UA-68,3.1,1.2,93,3.95
2024-02-17,UA-71,-0.3,0.0,94,2.41
2024-02-17,UA-74,0.6,1.4,91,4.34
2024-02-17,UA-77,3.4,0.0,91,2.83
2024-02-18,UA-05,2.5,0.6,80,4.09
2024-02-18,UA-07,1.1,0.4,80,3.47
2024-02-18,UA-09,-2.1,1.4,86,2.38
2024-02-18,UA-12,-0.8,1.9,93,3.31
2024-02-18,UA-14,-2.4,1.3,87,1.65
2024-02-18,UA-18,1.7,0.3,80,4.46
2024-02-18,UA-21,4.9,0.0,75,2.74
2024-02-18,UA-23,-0.1,1.7,89,2.99
2024-02-18,UA-26,3.6,0.2,79,3.59
2024-02-18,UA-30,1.4,1.5,80,4.51
2024-02-18,UA-32,2.4,1.5,78,4.09
2024-02-18,UA-35,1.1,2.5,93,3.46
2024-02-18,UA-40,3.9,0.3,80,3.84
2024-02-18,UA-43,1.3,0.3,89,1.64
2024-02-18,UA-46,2.5,0.4,78,3.39
2024-02-18,UA-48,2.2,0.4,93,2.82
2024-02-18,UA-51,3.0,0.9,91,3.24
2024-02-18,UA-53,-0.7,2.2,89,3.6
2024-02-18,UA-56,1.6,0.5,79,3.71
2024-02-18,UA-59,-0.1,3.1,85,4.04
2024-02-18,UA-61,2.0,0.3,81,3.67
2024-02-18,UA-63,-1.3,2.4,87,3.58
2024-02-18,UA-65,1.3,0.8,93,2.22
2024-02-18,UA-68,1.9,0.5,81,4.1
2024-02-18,UA-71,1.6,2.7,89,3.74
2024-02-18,UA-74,0.8,1.0,77,4.69
2024-02-18,UA-77,4.3,0.9,79,3.92
2024-02-19,UA-05,-0.3,0.0,64,2.36
2024-02-19,UA-07,0.4,1.3,75,4.7
2024-02-19,UA-09,-1.4,0.4,73,3.3
2024-02-19,UA-12,-0.4,0.0,67,2.89
2024-02-19,UA-14,-1.4,0.3,69,2.77
2024-02-19,UA-18,-1.5,0.0,69,2.68
2024-02-19,UA-21,2.8,2.3,84,2.02
2024-02-19,UA-23,0.0,0.1,65,4.23
2024-02-19,UA-26,1.9,0.7,78,3.77
2024-02-19,UA-30,-1.4,0.0,69,2.13
2024-02-19,UA-32,-0.6,0.0,63,2.14
2024-02-19,UA-35,-0.6,0.0,68,2.34
2024-02-19,UA-40,4.4,0.9,80,4.12
2024-02-19,UA-43,1.4,1.3,89,2.41
2024-02-19,UA-46,2.0,2.4,81,4.29
2024-02-19,UA-48,0.7,0.0,69,3.01
2024-02-19,UA-51,0.7,0.0,69,2.92
2024-02-19,UA-53,-1.3,0.0,63,2.58
2024-02-19,UA-56,-0.2,1.2,73,4.18
2024-02-19,UA-59,-2.8,0.0,67,2.51
2024-02-19,UA-61,0.1,0.6,76,4.2
2024-02-19,UA-63,-1.8,0.0,68,2.65
2024-02-19,UA-65,0.5,0.0,70,2.95
2024-02-19,UA-68,-0.5,0.3,71,3.24
2024-02-19,UA-71,-0.3,0.0,65,2.21
2024-02-19,UA-74,-1.9,0.0,63,2.07
2024-02-19,UA-77,1.4,0.1,75,3.6
2024-02-20,UA-05,0.2,2.7,85,4.08
2024-02-20,UA-07,5.1,3.6,92,4.42
2024-02-20,UA-09,-3.4,0.0,70,2.71
2024-02-20,UA-12,-1.2,0.0,67,2.95
2024-02-20,UA-14,-3.0,0.0,67,2.33
2024-02-20,UA-18,0.2,3.8,87,4.91
2024-02-20,UA-21,5.3,1.4,92,1.64
2024-02-20,UA-23,-0.7,0.0,61,3.3
2024-02-20,UA-26,6.2,1.7,78,3.13
2024-02-20,UA-30,-1.3,2.9,81,5.37
2024-02-20,UA-32,-0.7,2.0,81,4.62
2024-02-20,UA-35,-0.7,0.0,70,3.35
2024-02-20,UA-40,5.2,0.5,76,4.09
2024-02-20,UA-43,2.1,0.0,81,1.93
2024-02-20,UA-46,6.2,5.9,86,4.92
2024-02-20,UA-48,0.7,0.0,75,1.92
2024-02-20,UA-51,1.5,0.0,72,1.9
2024-02-20,UA-53,-2.5,0.1,68,3.58
2024-02-20,UA-56,4.3,5.0,92,4.25
2024-02-20,UA-59,-2.5,0.6,69,4.43
2024-02-20,UA-61,4.8,2.9,87,4.24
2024-02-20,UA-63,-2.8,0.0,70,3.15
2024-02-20,UA-65,0.4,0.0,72,1.93
2024-02-20,UA-68,2.4,4.2,87,3.98
2024-02-20,UA-71,-0.7,0.0,75,4.09
2024-02-20,UA-74,-1.6,3.9,79,6.01
2024-02-20,UA-77,4.4,0.4,77,1.69
2024-02-21,UA-05,5.1,0.7,86,2.7
2024-02-21,UA-07,5.4,0.9,82,4.04
2024-02-21,UA-09,-3.5,0.0,73,2.78
2024-02-21,UA-12,0.2,1.3,78,4.42
2024-02-21,UA-14,-3.0,0.0,67,2.43
2024-02-21,UA-18,3.9,1.3,89,2.98
2024-02-21,UA-21,6.6,5.4,85,1.57
2024-02-21,UA-23,0.6,0.2,72,4.5
2024-02-21,UA-26,6.1,0.4,81,2.25
2024-02-21,UA-30,2.7,1.3,94,2.78
2024-02-21,UA-32,3.6,1.2,92,2.68
2024-02-21,UA-35,2.3,1.7,86,3.68
2024-02-21,UA-40,6.6,5.0,78,6.03
2024-02-21,UA-43,4.3,0.2,80,1.58
2024-02-21,UA-46,6.1,0.8,79,3.58
2024-02-21,UA-48,3.0,0.8,80,2.7
2024-02-21,UA-51,4.0,0.0,80,2.81
2024-02-21,UA-53,-0.9,3.9,87,4.73
2024-02-21,UA-56,5.2,1.7,82,3.82
2024-02-21,UA-59,-1.5,7.5,94,5.15
2024-02-21,UA-61,5.7,0.5,81,3.54
2024-02-21,UA-63,-1.5,4.0,81,4.61
2024-02-21,UA-65,2.7,0.0,78,2.15
2024-02-21,UA-68,5.3,0.7,84,3.06
2024-02-21,UA-71,2.6,4.2,90,3.37
2024-02-21,UA-74,1.4,2.5,95,2.8
2024-02-21,UA-77,5.5,0.1,79,1.79
2024-02-22,UA-05,6.5,1.6,75,3.96
2024-02-22,UA-07,7.6,0.0,68,5.23
2024-02-22,UA-09,-1.9,0.0,81,3.17
2024-02-22,UA-12,2.8,0.2,84,4.31
2024-02-22,UA-14,-2.0,0.1,80,2.81
2024-02-22,UA-18,6.4,1.1,76,4.11
2024-02-22,UA-21,7.9,2.1,75,4.68
2024-02-22,UA-23,2.4,0.0,83,4.59
2024-02-22,UA-26,6.9,0.0,66,2.75
2024-02-22,UA-30,5.5,0.7,80,4.16
2024-02-22,UA-32,6.6,0.7,75,4.29
2024-02-22,UA-35,5.5,0.0,80,4.61
2024-02-22,UA-40,6.4,3.8,80,3.13
2024-02-22,UA-43,4.0,2.9,88,1.6
2024-02-22,UA-46,7.7,0.0,64,5.04
2024-02-22,UA-48,5.3,0.2,83,3.39
2024-02-22,UA-51,5.1,0.0,84,4.14
2024-02-22,UA-53,2.1,2.0,92,4.29
2024-02-22,UA-56,7.4,0.3,71,4.86
2024-02-22,UA-59,1.0,1.9,98,4.24
2024-02-22,UA-61,6.4,0.0,71,3.93
2024-02-22,UA-63,0.4,5.2,94,4.25
2024-02-22,UA-65,4.9,0.0,80,2.67
2024-02-22,UA-68,6.1,0.1,74,4.01
2024-02-22,UA-71,5.4,2.1,81,4.17
2024-02-22,UA-74,3.8,4.1,91,4.21
2024-02-22,UA-77,6.2,0.0,67,2.33
2024-02-23,UA-05,7.6,0.0,78,4.97
2024-02-23,UA-07,9.1,0.6,70,5.61
2024-02-23,UA-09,-0.0,0.0,83,3.89
2024-02-23,UA-12,2.7,0.0,81,5.46
2024-02-23,UA-14,-0.1,0.0,84,3.82
2024-02-23,UA-18,7.4,0.0,78,5.65
2024-02-23,UA-21,9.3,4.2,78,4.46
2024-02-23,UA-23,2.8,0.0,82,5.83
2024-02-23,UA-26,8.4,1.3,72,3.8
2024-02-23,UA-30,6.0,0.4,82,6.52
2024-02-23,UA-32,6.9,0.2,81,6.02
2024-02-23,UA-35,6.1,0.0,82,6.46
2024-02-23,UA-40,8.1,0.0,78,6.79
2024-02-23,UA-43,6.1,0.0,76,3.15
2024-02-23,UA-46,8.5,2.0,75,4.94
2024-02-23,UA-48,7.3,0.0,77,5.87
2024-02-23,UA-51,7.7,0.0,82,7.22
2024-02-23,UA-53,2.2,0.0,84,6.01
2024-02-23,UA-56,8.7,0.7,70,5.25
2024-02-23,UA-59,1.7,0.0,89,6.68
2024-02-23,UA-61,8.1,1.3,72,4.98
2024-02-23,UA-63,0.2,0.0,89,4.92
2024-02-23,UA-65,6.7,0.0,77,4.93
2024-02-23,UA-68,7.6,0.2,73,4.67
2024-02-23,UA-71,5.9,0.0,80,6.37
2024-02-23,UA-74,5.1,0.8,84,7.05
2024-02-23,UA-77,9.3,0.5,64,3.44
2024-02-24,UA-05,9.0,0.0,83,5.03
2024-02-24,UA-07,9.6,0.0,73,4.53
2024-02-24,UA-09,0.7,0.0,70,5.59
2024-02-24,UA-12,4.9,0.0,72,6.05
2024-02-24,UA-14,1.5,0.0,71,5.29
2024-02-24,UA-18,8.5,2.0,84,5.75
2024-02-24,UA-21,10.9,3.3,76,3.55
2024-02-24,UA-23,4.6,0.0,74,6.58
2024-02-24,UA-26,9.0,1.8,77,3.04
2024-02-24,UA-30,7.8,0.0,75,6.02
2024-02-24,UA-32,8.5,0.0,76,5.53
2024-02-24,UA-35,7.3,0.0,74,6.03
2024-02-24,UA-40,9.6,0.0,72,7.5
2024-02-24,UA-43,8.9,0.0,65,3.68
2024-02-24,UA-46,9.8,0.6,72,4.47
2024-02-24,UA-48,9.2,0.0,68,5.53
2024-02-24,UA-51,8.8,0.0,79,7.11
2024-02-24,UA-53,4.4,0.0,73,6.37
2024-02-24,UA-56,8.8,3.0,80,4.59
2024-02-24,UA-59,3.7,0.1,77,6.85
2024-02-24,UA-61,8.3,3.6,80,3.7
2024-02-24,UA-63,2.1,0.0,79,5.53
2024-02-24,UA-65,8.4,0.0,70,5.34
2024-02-24,UA-68,8.3,1.2,87,4.58
2024-02-24,UA-71,7.1,0.0,74,5.93
2024-02-24,UA-74,6.7,0.4,77,7.02
2024-02-24,UA-77,9.0,0.0,74,2.59
2024-02-25,UA-05,7.6,3.7,87,4.9
2024-02-25,UA-07,9.9,0.5,87,3.85
2024-02-25,UA-09,-1.0,0.0,57,6.16
2024-02-25,UA-12,3.0,0.0,64,5.64
2024-02-25,UA-14,0.2,0.0,60,5.89
2024-02-25,UA-18,7.3,4.8,88,5.17
2024-02-25,UA-21,10.7,3.2,89,2.22
2024-02-25,UA-23,2.7,0.0,67,6.29
2024-02-25,UA-26,9.6,0.0,85,3.21
2024-02-25,UA-30,5.6,2.0,78,5.51
2024-02-25,UA-32,6.8,0.9,75,4.84
2024-02-25,UA-35,4.7,0.0,67,5.75
2024-02-25,UA-40,9.0,0.0,74,4.73
2024-02-25,UA-43,7.0,0.0,75,2.92
2024-02-25,UA-46,9.9,1.4,86,3.43
2024-02-25,UA-48,5.9,0.0,71,5.54
2024-02-25,UA-51,6.6,0.0,82,6.72
2024-02-25,UA-53,2.4,0.0,63,6.0
2024-02-25,UA-56,9.7,0.5,88,4.41
2024-02-25,UA-59,2.1,0.0,62,6.64
2024-02-25,UA-61,9.3,0.1,89,4.0
2024-02-25,UA-63,0.9,0.0,61,5.67
2024-02-25,UA-65,5.2,0.0,71,5.38
2024-02-25,UA-68,8.6,0.4,90,4.64
2024-02-25,UA-71,4.9,0.0,69,5.63
2024-02-25,UA-74,4.6,2.9,77,6.3
2024-02-25,UA-77,9.8,0.0,85,3.47
2024-02-26,UA-05,6.7,0.2,71,4.54
2024-02-26,UA-07,9.3,0.0,87,4.9
2024-02-26,UA-09,-0.8,0.0,61,6.26
2024-02-26,UA-12,2.0,0.0,66,4.86
2024-02-26,UA-14,0.0,0.0,63,5.77
2024-02-26,UA-18,6.1,1.1,76,4.89
2024-02-26,UA-21,12.2,0.7,74,2.89
2024-02-26,UA-23,2.5,0.0,68,5.88
2024-02-26,UA-26,9.2,0.0,86,4.11
2024-02-26,UA-30,4.6,0.0,72,5.01
2024-02-26,UA-32,5.9,0.6,68,4.26
2024-02-26,UA-35,3.6,0.0,72,4.19
2024-02-26,UA-40,9.1,0.0,67,4.25
2024-02-26,UA-43,7.0,0.0,64,4.0
2024-02-26,UA-46,9.6,0.0,85,4.71
2024-02-26,UA-48,5.6,0.0,69,4.4
2024-02-26,UA-51,5.6,0.0,79,4.53
2024-02-26,UA-53,1.0,0.0,66,4.75
2024-02-26,UA-56,8.7,0.0,84,5.19
2024-02-26,UA-59,0.5,0.0,64,5.42
2024-02-26,UA-61,8.5,0.0,88,5.1
2024-02-26,UA-63,0.2,0.0,61,5.14
2024-02-26,UA-65,5.2,0.0,67,4.55
2024-02-26,UA-68,7.1,0.0,82,5.04
2024-02-26,UA-71,3.4,0.0,74,4.51
2024-02-26,UA-74,3.6,0.3,73,5.59
2024-02-26,UA-77,9.7,0.0,82,5.07
2024-02-27,UA-05,5.7,0.0,63,3.69
2024-02-27,UA-07,8.7,0.0,70,4.06
2024-02-27,UA-09,0.0,0.0,58,5.72
2024-02-27,UA-12,2.0,0.0,65,4.06
2024-02-27,UA-14,1.1,0.0,57,5.44
2024-02-27,UA-18,5.4,0.0,66,4.13
2024-02-27,UA-21,11.5,0.0,71,2.27
2024-02-27,UA-23,2.5,0.0,65,4.97
2024-02-27,UA-26,8.2,0.0,75,3.62
2024-02-27,UA-30,3.0,0.0,74,4.02
2024-02-27,UA-32,4.2,0.0,67,3.38
2024-02-27,UA-35,2.2,0.0,71,3.23
2024-02-27,UA-40,8.7,0.0,74,2.19
2024-02-27,UA-43,5.8,0.0,65,2.92
2024-02-27,UA-46,9.1,0.0,77,3.78
2024-02-27,UA-48,4.0,0.0,67,3.8
2024-02-27,UA-51,3.9,0.0,73,3.77
2024-02-27,UA-53,1.0,0.0,65,3.94
2024-02-27,UA-56,8.1,0.0,64,4.56
2024-02-27,UA-59,0.8,0.0,65,4.29
2024-02-27,UA-61,7.4,0.0,68,4.46
2024-02-27,UA-63,0.8,0.0,59,4.34
2024-02-27,UA-65,3.6,0.0,66,3.91
2024-02-27,UA-68,6.5,0.0,65,4.58
2024-02-27,UA-71,2.3,0.0,74,3.5
2024-02-27,UA-74,2.5,0.0,73,4.31
2024-02-27,UA-77,8.1,0.0,65,4.43
2024-02-28,UA-05,6.2,0.0,62,3.7
2024-02-28,UA-07,8.3,0.0,73,3.09
2024-02-28,UA-09,-0.4,0.0,56,4.46
2024-02-28,UA-12,2.3,0.0,61,3.6
2024-02-28,UA-14,1.0,0.0,51,4.47
2024-02-28,UA-18,5.8,0.0,64,3.94
2024-02-28,UA-21,10.4,0.0,72,1.56
2024-02-28,UA-23,2.5,0.0,65,4.28
2024-02-28,UA-26,8.6,0.0,75,2.55
2024-02-28,UA-30,4.1,0.0,69,4.08
2024-02-28,UA-32,4.9,0.0,64,3.51
2024-02-28,UA-35,3.1,0.0,68,3.1
2024-02-28,UA-40,8.1,0.0,76,1.83
2024-02-28,UA-43,4.6,0.0,68,1.64
2024-02-28,UA-46,9.2,0.0,74,2.38
2024-02-28,UA-48,4.2,0.0,71,3.23
2024-02-28,UA-51,4.3,0.0,79,3.44
2024-02-28,UA-53,1.7,0.0,60,3.77
2024-02-28,UA-56,7.8,0.0,72,3.76
2024-02-28,UA-59,2.2,0.0,58,4.56
2024-02-28,UA-61,7.4,0.0,75,3.31
2024-02-28,UA-63,1.3,0.0,55,3.82
2024-02-28,UA-65,3.7,0.0,71,3.28
2024-02-28,UA-68,6.5,0.0,70,4.09
2024-02-28,UA-71,3.6,0.0,69,3.49
2024-02-28,UA-74,3.3,0.0,71,4.66
2024-02-28,UA-77,7.4,0.0,74,3.08
2024-02-29,UA-05,5.0,0.0,79,2.2
2024-02-29,UA-07,8.9,0.6,86,1.95
2024-02-29,UA-09,1.1,0.0,64,3.88
2024-02-29,UA-12,2.0,0.0,66,2.53
2024-02-29,UA-14,1.3,0.0,63,3.12
2024-02-29,UA-18,6.2,0.0,76,2.62
2024-02-29,UA-21,9.8,0.0,75,1.46
2024-02-29,UA-23,2.5,0.0,73,2.96
2024-02-29,UA-26,7.8,0.0,81,3.22
2024-02-29,UA-30,4.9,0.0,71,3.02
2024-02-29,UA-32,4.9,0.0,70,2.46
2024-02-29,UA-35,2.3,0.0,72,2.22
2024-02-29,UA-40,8.4,0.0,80,2.01
2024-02-29,UA-43,6.3,0.0,75,1.27
2024-02-29,UA-46,8.9,0.3,82,2.68
2024-02-29,UA-48,4.0,0.0,76,1.62
2024-02-29,UA-51,5.0,0.0,87,2.19
2024-02-29,UA-53,1.2,0.0,64,2.6
2024-02-29,UA-56,8.3,0.0,80,2.42
2024-02-29,UA-59,2.1,0.0,63,3.49
2024-02-29,UA-61,6.9,0.0,82,2.97
2024-02-29,UA-63,1.2,0.0,65,2.66
2024-02-29,UA-65,3.3,0.0,76,1.63
2024-02-29,UA-68,5.6,0.0,84,2.72
2024-02-29,UA-71,3.4,0.0,70,2.4
2024-02-29,UA-74,5.1,0.0,70,3.62
2024-02-29,UA-77,5.6,0.0,87,3.02
2024-03-01,UA-05,5.4,0.0,77,3.32
2024-03-01,UA-07,6.2,0.0,83,4.7
2024-03-01,UA-09,0.7,0.0,75,3.35
2024-03-01,UA-12,2.0,0.0,73,2.43
2024-03-01,UA-14,1.0,0.0,72,2.78
2024-03-01,UA-18,5.0,0.0,72,3.49
2024-03-01,UA-21,10.4,0.0,74,2.53
2024-03-01,UA-23,2.6,0.0,78,2.96
2024-03-01,UA-26,5.7,0.0,90,5.21
2024-03-01,UA-30,3.9,0.0,73,2.82
2024-03-01,UA-32,4.5,0.0,70,2.84
2024-03-01,UA-35,3.1,0.0,72,2.36
2024-03-01,UA-40,9.0,0.0,82,2.66
2024-03-01,UA-43,7.2,0.0,72,2.3
2024-03-01,UA-46,5.6,0.1,89,5.43
2024-03-01,UA-48,5.0,0.0,76,2.74
2024-03-01,UA-51,5.7,0.0,83,3.03
2024-03-01,UA-53,1.5,0.0,71,2.44
2024-03-01,UA-56,6.2,0.0,82,4.34
2024-03-01,UA-59,3.0,0.0,72,2.38
2024-03-01,UA-61,4.5,0.0,92,5.07
2024-03-01,UA-63,1.4,0.0,74,2.48
2024-03-01,UA-65,4.2,0.0,77,2.63
2024-03-01,UA-68,4.8,0.0,87,4.16
2024-03-01,UA-71,3.4,0.0,74,2.51
2024-03-01,UA-74,4.8,0.0,69,2.55
2024-03-01,UA-77,6.3,0.0,86,5.02
2024-03-02,UA-05,4.8,0.0,67,2.76
2024-03-02,UA-07,6.6,0.0,75,4.35
2024-03-02,UA-09,2.1,0.0,68,6.09
2024-03-02,UA-12,1.4,0.0,77,3.99
2024-03-02,UA-14,1.8,0.0,68,5.01
2024-03-02,UA-18,3.7,0.2,72,3.34
2024-03-02,UA-21,11.9,0.0,65,1.79
2024-03-02,UA-23,2.2,0.0,78,4.75
2024-03-02,UA-26,7.1,0.0,77,4.44
2024-03-02,UA-30,2.8,0.0,76,3.07
2024-03-02,UA-32,3.7,0.0,72,2.82
2024-03-02,UA-35,2.6,0.0,77,3.08
2024-03-02,UA-40,9.0,0.0,76,1.99
2024-03-02,UA-43,5.4,0.0,72,3.49
2024-03-02,UA-46,7.1,0.0,78,4.48
2024-03-02,UA-48,4.1,0.0,71,3.94
2024-03-02,UA-51,5.2,0.0,70,4.09
2024-03-02,UA-53,1.4,0.0,75,4.15
2024-03-02,UA-56,6.0,0.2,75,4.23
2024-03-02,UA-59,2.7,0.0,71,4.21
2024-03-02,UA-61,6.1,0.0,76,4.64
2024-03-02,UA-63,1.8,0.0,71,4.77
2024-03-02,UA-65,3.4,0.0,73,3.83
2024-03-02,UA-68,5.2,0.6,75,3.56
2024-03-02,UA-71,2.8,0.0,78,2.99
2024-03-02,UA-74,3.6,0.0,70,3.65
2024-03-02,UA-77,6.9,1.1,75,4.39
2024-03-03,UA-05,2.2,0.0,77,2.7
2024-03-03,UA-07,4.6,0.7,71,4.43
2024-03-03,UA-09,1.3,0.0,68,6.6
2024-03-03,UA-12,3.5,0.0,61,4.9
2024-03-03,UA-14,2.3,0.0,59,5.86
2024-03-03,UA-18,1.5,0.0,83,3.46
2024-03-03,UA-21,10.3,0.1,77,1.42
2024-03-03,UA-23,4.0,0.0,64,5.35
2024-03-03,UA-26,5.6,2.1,87,4.2
2024-03-03,UA-30,1.9,0.0,76,3.81
2024-03-03,UA-32,2.3,0.0,77,3.28
2024-03-03,UA-35,2.6,0.0,70,3.14
2024-03-03,UA-40,7.6,0.0,76,2.49
2024-03-03,UA-43,5.2,0.0,77,1.97
2024-03-03,UA-46,5.9,3.7,84,4.32
2024-03-03,UA-48,4.5,0.0,70,3.02
2024-03-03,UA-51,3.8,0.0,76,2.56
2024-03-03,UA-53,2.0,0.1,62,5.39
2024-03-03,UA-56,3.4,0.1,74,4.04
2024-03-03,UA-59,1.8,0.0,60,5.85
2024-03-03,UA-61,4.6,2.1,81,4.0
2024-03-03,UA-63,1.8,0.0,60,5.95
2024-03-03,UA-65,4.4,0.0,69,2.93
2024-03-03,UA-68,2.9,0.1,75,3.4
2024-03-03,UA-71,2.1,0.0,75,3.88
2024-03-03,UA-74,1.9,0.0,71,4.71
2024-03-03,UA-77,5.8,2.6,86,3.7
2024-03-04,UA-05,5.0,0.0,68,3.86
2024-03-04,UA-07,5.8,8.7,87,3.37
2024-03-04,UA-09,1.3,0.0,73,4.49
2024-03-04,UA-12,4.1,0.0,69,3.59
2024-03-04,UA-14,2.4,0.0,68,4.21
2024-03-04,UA-18,4.0,0.0,71,4.4
2024-03-04,UA-21,10.2,1.6,75,2.16
2024-03-04,UA-23,4.0,0.0,72,4.23
2024-03-04,UA-26,7.7,1.5,83,3.24
2024-03-04,UA-30,3.2,0.0,75,3.59
2024-03-04,UA-32,4.1,0.0,70,3.32
2024-03-04,UA-35,3.5,0.0,75,2.51
2024-03-04,UA-40,8.0,0.0,83,2.02
2024-03-04,UA-43,5.7,0.0,82,1.43
2024-03-04,UA-46,8.0,4.5,85,3.19
2024-03-04,UA-48,5.4,0.0,74,2.65
2024-03-04,UA-51,4.0,0.0,81,2.27
2024-03-04,UA-53,3.0,0.0,69,3.7
2024-03-04,UA-56,5.8,6.1,81,4.11
2024-03-04,UA-59,2.0,0.0,71,3.7
2024-03-04,UA-61,6.6,0.6,81,4.1
2024-03-04,UA-63,2.0,0.0,70,3.95
2024-03-04,UA-65,5.0,0.0,74,2.76
2024-03-04,UA-68,6.0,0.1,70,4.67
2024-03-04,UA-71,3.3,0.0,76,3.07
2024-03-04,UA-74,3.0,0.0,72,3.83
2024-03-04,UA-77,7.3,0.0,78,3.9
2024-03-05,UA-05,5.5,0.0,72,2.46
2024-03-05,UA-07,7.4,0.0,74,3.65
2024-03-05,UA-09,1.1,0.0,72,3.16
2024-03-05,UA-12,3.9,0.0,67,2.63
2024-03-05,UA-14,1.9,0.0,74,2.74
2024-03-05,UA-18,5.3,0.0,72,2.81
2024-03-05,UA-21,9.7,0.0,73,1.85
2024-03-05,UA-23,4.3,0.0,73,2.92
2024-03-05,UA-26,6.7,0.0,79,3.53
2024-03-05,UA-30,4.5,0.0,73,2.43
2024-03-05,UA-32,5.1,0.0,72,2.15
2024-03-05,UA-35,3.8,0.0,74,2.1
2024-03-05,UA-40,8.0,0.0,83,3.07
2024-03-05,UA-43,6.2,0.0,82,2.12
2024-03-05,UA-46,7.8,0.3,80,3.11
2024-03-05,UA-48,5.4,0.1,74,2.88
2024-03-05,UA-51,4.9,0.0,83,2.81
2024-03-05,UA-53,3.1,0.0,67,2.62
2024-03-05,UA-56,6.9,0.1,73,3.75
2024-03-05,UA-59,2.4,0.0,72,2.56
2024-03-05,UA-61,5.8,0.0,78,3.56
2024-03-05,UA-63,1.9,0.0,74,2.63
2024-03-05,UA-65,5.1,0.0,75,2.63
2024-03-05,UA-68,5.5,0.0,76,3.08
2024-03-05,UA-71,4.4,0.0,73,2.19
2024-03-05,UA-74,3.8,0.0,71,3.18
2024-03-05,UA-77,5.3,0.0,79,3.45
2024-03-06,UA-05,3.7,0.1,75,3.09
2024-03-06,UA-07,2.3,9.2,91,4.57
2024-03-06,UA-09,-0.1,0.0,75,3.79
2024-03-06,UA-12,1.2,0.0,72,4.77
2024-03-06,UA-14,0.0,0.0,75,3.87
2024-03-06,UA-18,2.1,0.3,80,3.7
2024-03-06,UA-21,8.4,4.6,79,3.31
2024-03-06,UA-23,2.7,0.0,74,5.78
2024-03-06,UA-26,4.7,2.6,83,3.5
2024-03-06,UA-30,1.4,0.0,77,3.91
2024-03-06,UA-32,2.9,0.3,76,3.39
2024-03-06,UA-35,2.6,0.0,71,4.26
2024-03-06,UA-40,7.3,1.9,79,5.78
2024-03-06,UA-43,4.0,1.0,83,4.38
2024-03-06,UA-46,4.4,6.0,89,3.67
2024-03-06,UA-48,5.5,0.0,63,4.91
2024-03-06,UA-51,5.7,0.0,63,4.81
2024-03-06,UA-53,-0.7,0.0,74,4.59
2024-03-06,UA-56,2.5,4.8,88,4.05
2024-03-06,UA-59,-1.6,0.0,79,4.82
2024-03-06,UA-61,3.3,3.4,88,3.56
2024-03-06,UA-63,-1.5,0.0,78,4.44
2024-03-06,UA-65,5.2,0.0,63,4.62
2024-03-06,UA-68,3.4,0.7,81,3.31
2024-03-06,UA-71,2.3,0.0,74,3.91
2024-03-06,UA-74,0.1,0.0,72,4.58
2024-03-06,UA-77,4.8,1.0,77,2.68
2024-03-07,UA-05,-0.8,0.0,74,2.37
2024-03-07,UA-07,-0.6,0.0,78,2.69
2024-03-07,UA-09,-2.8,0.0,74,2.68
2024-03-07,UA-12,-1.2,0.0,71,3.25
2024-03-07,UA-14,-2.5,0.0,72,2.9
2024-03-07,UA-18,-1.4,0.0,75,2.13
2024-03-07,UA-21,6.2,5.6,74,3.31
2024-03-07,UA-23,0.4,0.0,70,4.56
2024-03-07,UA-26,2.1,1.0,80,4.04
2024-03-07,UA-30,-1.4,0.0,74,2.17
2024-03-07,UA-32,-1.0,0.0,74,2.29
2024-03-07,UA-35,-0.5,0.0,73,2.98
2024-03-07,UA-40,5.9,1.8,81,3.06
2024-03-07,UA-43,1.5,0.5,87,3.5
2024-03-07,UA-46,1.3,0.7,80,4.2
2024-03-07,UA-48,2.2,0.0,67,4.2
2024-03-07,UA-51,2.6,0.0,67,4.36
2024-03-07,UA-53,-2.0,0.0,71,2.41
2024-03-07,UA-56,-0.7,0.0,78,2.24
2024-03-07,UA-59,-1.8,0.0,71,2.43
2024-03-07,UA-61,0.1,0.0,81,3.25
2024-03-07,UA-63,-1.6,0.0,73,2.48
2024-03-07,UA-65,2.1,0.0,65,3.87
2024-03-07,UA-68,-0.8,0.0,78,2.47
2024-03-07,UA-71,-1.1,0.0,74,2.4
2024-03-07,UA-74,-1.8,0.0,70,2.15
2024-03-07,UA-77,2.0,1.0,77,2.9
2024-03-08,UA-05,0.3,0.0,65,2.08
2024-03-08,UA-07,0.1,0.0,76,2.07
2024-03-08,UA-09,-2.6,0.0,71,1.73
2024-03-08,UA-12,-2.1,0.0,73,2.02
2024-03-08,UA-14,-3.4,0.0,73,1.67
2024-03-08,UA-18,0.5,0.0,69,2.61
2024-03-08,UA-21,5.3,0.0,74,1.64
2024-03-08,UA-23,-0.9,0.0,71,2.54
2024-03-08,UA-26,1.2,0.0,73,1.96
2024-03-08,UA-30,1.0,0.0,68,2.44
2024-03-08,UA-32,0.9,0.0,64,2.12
2024-03-08,UA-35,-1.1,0.0,69,2.04
2024-03-08,UA-40,6.3,0.9,78,1.6
2024-03-08,UA-43,2.5,0.0,79,2.1
2024-03-08,UA-46,0.4,0.0,74,1.95
2024-03-08,UA-48,1.1,0.0,66,2.61
2024-03-08,UA-51,1.8,0.0,64,3.2
2024-03-08,UA-53,-1.7,0.0,67,2.17
2024-03-08,UA-56,0.6,0.0,74,2.07
2024-03-08,UA-59,0.8,0.0,64,3.31
2024-03-08,UA-61,-0.0,0.0,72,1.24
2024-03-08,UA-63,-0.3,0.0,64,2.69
2024-03-08,UA-65,0.8,0.0,66,2.55
2024-03-08,UA-68,-0.4,0.0,71,1.63
2024-03-08,UA-71,0.3,0.0,65,2.06
2024-03-08,UA-74,0.9,0.0,66,2.84
2024-03-08,UA-77,1.3,0.0,69,1.48
2024-03-09,UA-05,2.9,0.0,60,2.24
2024-03-09,UA-07,2.1,0.0,68,1.92
2024-03-09,UA-09,0.6,0.1,62,2.85
2024-03-09,UA-12,1.8,0.0,66,2.44
2024-03-09,UA-14,0.5,0.0,65,2.4
2024-03-09,UA-18,2.2,0.0,68,2.1
2024-03-09,UA-21,6.4,0.4,77,1.56
2024-03-09,UA-23,2.2,0.0,70,2.47
2024-03-09,UA-26,3.0,0.0,74,1.93
2024-03-09,UA-30,1.5,0.0,72,1.98
2024-03-09,UA-32,2.0,0.0,68,2.16
2024-03-09,UA-35,2.8,0.0,62,2.27
2024-03-09,UA-40,4.7,0.0,68,3.95
2024-03-09,UA-43,2.3,0.0,70,1.79
2024-03-09,UA-46,2.8,0.0,74,2.19
2024-03-09,UA-48,2.6,0.0,65,2.62
2024-03-09,UA-51,3.1,0.0,60,2.79
2024-03-09,UA-53,0.8,0.0,65,2.03
2024-03-09,UA-56,2.7,0.0,66,2.0
2024-03-09,UA-59,1.0,0.0,61,2.5
2024-03-09,UA-61,2.2,0.0,70,1.81
2024-03-09,UA-63,1.5,0.0,59,2.26
2024-03-09,UA-65,2.4,0.0,67,2.53
2024-03-09,UA-68,2.2,0.0,64,1.95
2024-03-09,UA-71,2.4,0.0,69,1.88
2024-03-09,UA-74,1.3,0.0,65,2.1
2024-03-09,UA-77,2.8,0.0,69,1.41
2024-03-10,UA-05,4.2,0.0,55,2.16
2024-03-10,UA-07,4.4,0.0,66,3.77
2024-03-10,UA-09,0.8,1.0,71,1.6
2024-03-10,UA-12,3.1,0.0,64,2.25
2024-03-10,UA-14,2.0,0.6,64,2.11
2024-03-10,UA-18,2.7,0.0,64,3.0
2024-03-10,UA-21,8.6,0.7,67,3.05
2024-03-10,UA-23,3.7,0.0,71,2.89
2024-03-10,UA-26,5.7,0.0,64,3.23
2024-03-10,UA-30,1.7,0.0,67,3.12
2024-03-10,UA-32,3.1,0.0,63,2.8
2024-03-10,UA-35,3.9,0.0,62,2.5
2024-03-10,UA-40,6.7,0.0,61,2.16
2024-03-10,UA-43,3.4,0.0,70,2.39
2024-03-10,UA-46,6.3,0.3,65,3.88
2024-03-10,UA-48,4.5,0.0,69,2.68
2024-03-10,UA-51,5.5,0.0,69,3.07
2024-03-10,UA-53,0.8,0.4,69,2.7
2024-03-10,UA-56,4.1,0.0,64,3.28
2024-03-10,UA-59,-0.7,1.0,68,3.18
2024-03-10,UA-61,5.2,0.0,62,3.08
2024-03-10,UA-63,0.3,0.7,66,3.04
2024-03-10,UA-65,4.4,0.0,71,2.86
2024-03-10,UA-68,4.3,0.0,59,2.77
2024-03-10,UA-71,3.1,0.0,67,2.77
2024-03-10,UA-74,0.2,0.2,62,3.12
2024-03-10,UA-77,5.8,0.0,62,2.65
2024-03-11,UA-05,2.9,1.0,59,5.17
2024-03-11,UA-07,4.3,0.7,66,7.07
2024-03-11,UA-09,-2.0,0.4,64,2.78
2024-03-11,UA-12,-0.8,0.0,64,3.29
2024-03-11,UA-14,-1.5,0.0,68,2.56
2024-03-11,UA-18,1.2,0.0,56,5.23
2024-03-11,UA-21,11.8,3.0,76,3.79
2024-03-11,UA-23,0.5,0.0,69,4.19
2024-03-11,UA-26,5.3,2.1,83,6.92
2024-03-11,UA-30,-0.4,0.0,57,4.1
2024-03-11,UA-32,1.1,0.0,55,4.15
2024-03-11,UA-35,0.9,0.0,59,3.47
2024-03-11,UA-40,7.8,0.0,70,3.6
2024-03-11,UA-43,5.5,0.0,72,2.72
2024-03-11,UA-46,5.4,1.8,80,7.11
2024-03-11,UA-48,3.8,0.0,64,4.42
2024-03-11,UA-51,5.3,0.2,79,5.14
2024-03-11,UA-53,-2.4,0.0,58,3.06
2024-03-11,UA-56,3.8,0.6,63,6.75
2024-03-11,UA-59,-3.0,0.0,58,2.35
2024-03-11,UA-61,4.1,1.9,78,7.12
2024-03-11,UA-63,-3.0,0.0,57,2.93
2024-03-11,UA-65,3.5,0.0,65,3.97
2024-03-11,UA-68,3.4,1.4,68,6.47
2024-03-11,UA-71,0.0,0.0,60,3.73
2024-03-11,UA-74,-1.6,0.0,60,3.32
2024-03-11,UA-77,5.0,3.1,87,6.01
2024-03-12,UA-05,1.5,10.7,92,5.33
2024-03-12,UA-07,3.5,1.1,91,5.46
2024-03-12,UA-09,-1.3,0.0,57,1.97
2024-03-12,UA-12,1.4,0.0,59,3.79
2024-03-12,UA-14,-0.3,0.0,56,2.78
2024-03-12,UA-18,0.5,11.9,89,5.53
2024-03-12,UA-21,11.2,10.0,87,1.6
2024-03-12,UA-23,2.0,0.3,62,4.91
2024-03-12,UA-26,5.1,2.6,96,4.86
2024-03-12,UA-30,0.4,1.4,71,4.5
2024-03-12,UA-32,0.7,7.9,78,4.57
2024-03-12,UA-35,1.3,2.7,72,4.35
2024-03-12,UA-40,9.2,0.3,73,7.17
2024-03-12,UA-43,7.8,1.1,72,4.63
2024-03-12,UA-46,5.1,1.6,94,4.56
2024-03-12,UA-48,3.5,6.4,81,5.83
2024-03-12,UA-51,5.0,3.8,86,7.3
2024-03-12,UA-53,0.2,0.0,56,3.54
2024-03-12,UA-56,2.6,3.6,94,5.66
2024-03-12,UA-59,-0.5,0.0,56,2.67
2024-03-12,UA-61,3.5,2.6,97,5.97
2024-03-12,UA-63,-0.6,0.0,54,2.36
2024-03-12,UA-65,3.6,3.6,79,5.62
2024-03-12,UA-68,2.3,4.8,95,5.99
2024-03-12,UA-71,1.2,0.7,70,4.12
2024-03-12,UA-74,0.3,0.0,62,4.14
2024-03-12,UA-77,5.2,5.9,97,5.79
2024-03-13,UA-05,1.0,4.1,92,3.93
2024-03-13,UA-07,2.3,0.9,91,3.51
2024-03-13,UA-09,1.2,0.0,54,6.15
2024-03-13,UA-12,3.6,1.5,54,5.59
2024-03-13,UA-14,2.2,1.1,50,6.19
2024-03-13,UA-18,0.6,2.2,91,4.2
2024-03-13,UA-21,8.6,3.1,76,4.63
2024-03-13,UA-23,3.8,2.4,58,6.83
2024-03-13,UA-26,3.1,6.7,95,2.92
2024-03-13,UA-30,1.7,1.1,73,4.04
2024-03-13,UA-32,0.8,5.2,90,4.23
2024-03-13,UA-35,1.8,6.2,78,5.03
2024-03-13,UA-40,9.8,2.3,79,2.91
2024-03-13,UA-43,9.1,1.7,73,2.11
2024-03-13,UA-46,3.1,4.6,95,3.1
2024-03-13,UA-48,4.2,7.0,84,5.2
2024-03-13,UA-51,4.7,13.3,92,5.96
2024-03-13,UA-53,2.7,0.5,51,5.37
2024-03-13,UA-56,1.8,1.0,92,3.72
2024-03-13,UA-59,1.8,0.0,52,5.01
2024-03-13,UA-61,1.9,3.9,96,3.4
2024-03-13,UA-63,2.0,0.4,51,5.48
2024-03-13,UA-65,4.6,4.2,79,5.15
2024-03-13,UA-68,1.1,2.8,95,3.71
2024-03-13,UA-71,1.9,5.5,78,4.68
2024-03-13,UA-74,2.6,0.0,54,4.29
2024-03-13,UA-77,3.0,4.9,97,2.88
2024-03-14,UA-05,2.0,0.8,85,2.35
2024-03-14,UA-07,2.7,0.0,86,1.6
2024-03-14,UA-09,3.1,0.1,65,5.82
2024-03-14,UA-12,3.3,4.7,84,3.96
2024-03-14,UA-14,2.1,5.1,86,5.16
2024-03-14,UA-18,2.1,0.8,82,2.12
2024-03-14,UA-21,7.8,0.0,71,2.75
2024-03-14,UA-23,3.7,6.9,85,4.32
2024-03-14,UA-26,2.6,1.7,91,1.59
2024-03-14,UA-30,2.6,0.0,75,2.07
2024-03-14,UA-32,1.6,0.3,86,2.28
2024-03-14,UA-35,2.9,0.6,88,3.17
2024-03-14,UA-40,8.9,0.4,92,2.64
2024-03-14,UA-43,7.8,5.4,88,1.35
2024-03-14,UA-46,3.2,0.0,88,1.81
2024-03-14,UA-48,6.0,1.3,91,3.18
2024-03-14,UA-51,3.8,2.6,93,4.25
2024-03-14,UA-53,2.4,0.9,79,3.96
2024-03-14,UA-56,2.6,0.0,86,1.48
2024-03-14,UA-59,2.2,0.0,69,3.84
2024-03-14,UA-61,1.7,0.9,91,1.85
2024-03-14,UA-63,2.1,1.1,74,4.57
2024-03-14,UA-65,6.6,1.2,90,3.06
2024-03-14,UA-68,1.6,1.0,89,2.04
2024-03-14,UA-71,2.7,0.1,82,2.9
2024-03-14,UA-74,2.9,0.0,64,2.23
2024-03-14,UA-77,2.1,1.7,92,1.58
2024-03-15,UA-05,3.9,1.0,89,1.48
2024-03-15,UA-07,3.7,0.0,83,2.51
2024-03-15,UA-09,3.6,0.2,71,4.04
2024-03-15,UA-12,3.5,4.2,93,2.58
2024-03-15,UA-14,2.8,2.6,85,3.19
2024-03-15,UA-18,4.0,0.0,82,1.53
2024-03-15,UA-21,7.0,0.0,73,1.27
2024-03-15,UA-23,4.2,0.7,91,2.92
2024-03-15,UA-26,3.7,0.0,85,3.08
2024-03-15,UA-30,3.9,0.0,85,1.69
2024-03-15,UA-32,4.0,1.7,89,1.85
2024-03-15,UA-35,3.8,1.2,96,2.11
2024-03-15,UA-40,8.8,2.6,93,1.26
2024-03-15,UA-43,8.1,7.4,92,1.29
2024-03-15,UA-46,4.3,0.0,81,3.37
2024-03-15,UA-48,6.6,0.1,91,2.9
2024-03-15,UA-51,6.2,3.4,96,3.36
2024-03-15,UA-53,3.4,2.3,87,2.77
2024-03-15,UA-56,3.9,0.0,84,2.08
2024-03-15,UA-59,3.8,0.0,75,2.79
2024-03-15,UA-61,3.4,0.0,86,2.37
2024-03-15,UA-63,3.4,0.0,77,3.12
2024-03-15,UA-65,6.8,0.0,89,2.75
2024-03-15,UA-68,2.9,0.0,88,1.76
2024-03-15,UA-71,3.4,4.3,95,1.8
2024-03-15,UA-74,4.0,0.0,79,1.83
2024-03-15,UA-77,3.3,0.0,88,1.39
2024-03-16,UA-05,6.1,0.1,85,1.93
2024-03-16,UA-07,7.6,0.7,78,3.67
2024-03-16,UA-09,5.1,0.1,70,1.67
2024-03-16,UA-12,5.2,0.0,89,0.79
2024-03-16,UA-14,4.6,0.1,78,1.36
2024-03-16,UA-18,6.0,0.0,83,2.22
2024-03-16,UA-21,8.9,0.4,77,2.2
2024-03-16,UA-23,5.7,0.0,86,1.31
2024-03-16,UA-26,6.5,0.0,77,2.14
2024-03-16,UA-30,4.6,0.1,88,1.96
2024-03-16,UA-32,5.0,0.0,89,1.63
2024-03-16,UA-35,5.2,0.2,90,1.21
2024-03-16,UA-40,8.2,5.8,92,1.28
2024-03-16,UA-43,7.7,4.6,90,1.63
2024-03-16,UA-46,7.9,0.7,74,3.47
2024-03-16,UA-48,6.9,0.1,91,1.6
2024-03-16,UA-51,5.8,0.9,97,2.33
2024-03-16,UA-53,4.1,0.2,88,0.94
2024-03-16,UA-56,6.7,0.0,81,3.73
2024-03-16,UA-59,4.7,0.0,78,1.53
2024-03-16,UA-61,6.5,0.0,81,3.1
2024-03-16,UA-63,3.8,0.8,81,1.67
2024-03-16,UA-65,7.1,0.0,89,1.45
2024-03-16,UA-68,5.3,0.0,84,3.11
2024-03-16,UA-71,4.4,0.0,91,0.98
2024-03-16,UA-74,4.9,0.0,79,1.98
2024-03-16,UA-77,6.5,0.0,81,2.19
2024-03-17,UA-05,6.2,4.0,87,3.44
2024-03-17,UA-07,6.0,4.1,79,4.46
2024-03-17,UA-09,5.7,0.6,79,1.4
2024-03-17,UA-12,6.6,1.4,88,2.17
2024-03-17,UA-14,5.7,1.2,81,2.02
2024-03-17,UA-18,5.7,4.5,89,3.89
2024-03-17,UA-21,7.4,3.8,79,2.39
2024-03-17,UA-23,6.2,1.6,89,2.44
2024-03-17,UA-26,4.8,8.8,85,3.15
2024-03-17,UA-30,6.9,5.0,87,3.56
2024-03-17,UA-32,7.3,4.0,85,3.46
2024-03-17,UA-35,7.5,0.2,81,2.95
2024-03-17,UA-40,8.1,3.1,88,1.73
2024-03-17,UA-43,7.4,1.0,84,1.87
2024-03-17,UA-46,6.1,6.2,78,4.29
2024-03-17,UA-48,7.3,0.0,86,2.8
2024-03-17,UA-51,6.8,0.3,88,3.43
2024-03-17,UA-53,6.0,0.5,84,2.32
2024-03-17,UA-56,5.9,5.0,80,3.86
2024-03-17,UA-59,6.2,0.1,81,2.36
2024-03-17,UA-61,4.8,9.0,86,3.45
2024-03-17,UA-63,5.4,0.9,85,1.83
2024-03-17,UA-65,7.2,0.0,87,2.29
2024-03-17,UA-68,4.4,5.8,92,3.32
2024-03-17,UA-71,7.2,0.5,81,3.1
2024-03-17,UA-74,7.0,4.4,85,3.85
2024-03-17,UA-77,5.0,3.2,87,2.75
2024-03-18,UA-05,2.7,4.1,88,2.8
2024-03-18,UA-07,1.2,0.5,78,2.66
2024-03-18,UA-09,6.9,1.9,83,1.8
2024-03-18,UA-12,6.9,3.1,82,2.99
2024-03-18,UA-14,6.5,1.7,81,2.42
2024-03-18,UA-18,2.6,6.6,90,3.42
2024-03-18,UA-21,3.6,0.0,63,2.96
2024-03-18,UA-23,6.2,2.8,85,3.15
2024-03-18,UA-26,1.3,2.1,86,2.88
2024-03-18,UA-30,2.9,16.9,94,3.32
2024-03-18,UA-32,3.0,8.4,90,3.33
2024-03-18,UA-35,4.0,8.8,95,3.11
2024-03-18,UA-40,8.2,0.0,86,3.54
2024-03-18,UA-43,7.0,0.0,79,2.09
2024-03-18,UA-46,1.0,2.7,87,2.6
2024-03-18,UA-48,5.7,5.1,93,3.17
2024-03-18,UA-51,5.6,3.7,86,3.42
2024-03-18,UA-53,6.6,3.4,80,3.42
2024-03-18,UA-56,1.8,0.8,79,2.93
2024-03-18,UA-59,7.0,0.7,82,3.31
2024-03-18,UA-61,0.8,2.9,88,2.76
2024-03-18,UA-63,6.6,0.3,82,2.52
2024-03-18,UA-65,5.8,4.4,95,3.44
2024-03-18,UA-68,1.6,2.5,87,3.0
2024-03-18,UA-71,3.9,11.4,96,2.16
2024-03-18,UA-74,4.4,11.0,93,3.65
2024-03-18,UA-77,2.0,1.9,83,3.34
2024-03-19,UA-05,-0.2,8.1,90,3.56
2024-03-19,UA-07,2.8,11.0,94,4.34
2024-03-19,UA-09,6.6,0.2,77,3.94
2024-03-19,UA-12,6.2,8.0,86,1.9
2024-03-19,UA-14,6.6,0.4,74,3.51
2024-03-19,UA-18,1.5,8.0,90,3.56
2024-03-19,UA-21,4.8,0.0,65,4.04
2024-03-19,UA-23,6.3,7.3,90,2.56
2024-03-19,UA-26,1.1,8.2,93,4.9
2024-03-19,UA-30,2.9,1.0,83,3.13
2024-03-19,UA-32,2.4,5.6,88,3.21
2024-03-19,UA-35,3.4,1.8,85,2.1
2024-03-19,UA-40,8.3,0.1,83,2.74
2024-03-19,UA-43,7.7,1.3,81,1.43
2024-03-19,UA-46,1.1,6.1,93,4.75
2024-03-19,UA-48,5.0,1.7,87,2.01
2024-03-19,UA-51,4.2,5.2,89,2.97
2024-03-19,UA-53,5.0,7.3,82,1.93
2024-03-19,UA-56,2.8,8.3,93,4.16
2024-03-19,UA-59,4.9,12.9,93,2.8
2024-03-19,UA-61,0.9,5.7,94,4.47
2024-03-19,UA-63,6.1,6.2,88,2.89
2024-03-19,UA-65,5.4,0.0,80,1.81
2024-03-19,UA-68,0.3,7.4,90,4.18
2024-03-19,UA-71,3.2,0.5,84,2.55
2024-03-19,UA-74,4.2,2.1,87,3.03
2024-03-19,UA-77,1.5,3.9,86,5.11
2024-03-20,UA-05,2.1,1.9,83,3.57
2024-03-20,UA-07,3.9,2.8,93,2.24
2024-03-20,UA-09,3.4,0.0,77,3.67
2024-03-20,UA-12,6.8,0.5,77,3.66
2024-03-20,UA-14,4.9,0.0,73,3.78
2024-03-20,UA-18,2.4,2.9,84,3.4
2024-03-20,UA-21,7.1,0.0,66,2.31
2024-03-20,UA-23,6.9,0.0,75,4.36
2024-03-20,UA-26,2.9,5.1,93,2.63
2024-03-20,UA-30,3.3,7.0,92,3.83
2024-03-20,UA-32,2.6,6.4,92,3.67
2024-03-20,UA-35,4.5,9.9,96,3.01
2024-03-20,UA-40,6.9,0.0,82,4.52
2024-03-20,UA-43,5.5,1.1,88,2.24
2024-03-20,UA-46,2.9,2.8,91,2.85
2024-03-20,UA-48,5.2,2.4,90,1.83
2024-03-20,UA-51,4.2,2.0,86,3.59
2024-03-20,UA-53,6.5,1.6,75,4.33
2024-03-20,UA-56,3.4,1.3,88,1.74
2024-03-20,UA-59,5.5,1.4,75,4.02
2024-03-20,UA-61,2.1,2.4,94,2.22
2024-03-20,UA-63,5.2,0.0,74,4.06
2024-03-20,UA-65,5.2,1.1,87,1.98
2024-03-20,UA-68,1.9,0.0,82,2.67
2024-03-20,UA-71,3.2,17.9,96,2.78
2024-03-20,UA-74,3.7,0.9,88,3.5
2024-03-20,UA-77,3.4,0.7,86,3.47
2024-03-21,UA-05,5.4,0.9,85,2.72
2024-03-21,UA-07,4.3,0.2,82,1.78
2024-03-21,UA-09,-0.5,0.0,84,2.81
2024-03-21,UA-12,4.8,0.0,72,3.47
2024-03-21,UA-14,1.4,0.0,76,2.91
2024-03-21,UA-18,4.7,0.1,86,2.54
2024-03-21,UA-21,7.9,0.0,63,1.1
2024-03-21,UA-23,5.2,0.9,76,3.61
2024-03-21,UA-26,3.9,0.0,82,1.8
2024-03-21,UA-30,5.8,0.2,78,2.25
2024-03-21,UA-32,6.0,0.6,81,2.7
2024-03-21,UA-35,5.9,2.4,87,2.86
2024-03-21,UA-40,6.9,0.3,71,2.87
2024-03-21,UA-43,5.0,0.7,78,1.6
2024-03-21,UA-46,3.0,0.0,82,2.1
2024-03-21,UA-48,6.0,0.0,81,2.28
2024-03-21,UA-51,4.0,1.4,87,2.58
2024-03-21,UA-53,4.4,0.0,70,3.38
2024-03-21,UA-56,4.4,0.0,82,1.62
2024-03-21,UA-59,3.7,0.0,73,2.87
2024-03-21,UA-61,3.2,0.1,88,2.32
2024-03-21,UA-63,2.0,0.0,77,3.03
2024-03-21,UA-65,5.5,0.0,75,2.27
2024-03-21,UA-68,4.2,0.6,88,2.87
2024-03-21,UA-71,5.6,0.5,81,2.57
2024-03-21,UA-74,5.3,0.0,71,2.34
2024-03-21,UA-77,5.0,0.2,85,3.11
2024-03-22,UA-05,6.4,0.0,75,1.78
2024-03-22,UA-07,6.6,0.2,86,3.13
2024-03-22,UA-09,0.4,0.0,81,2.48
2024-03-22,UA-12,2.4,0.0,76,2.31
2024-03-22,UA-14,0.5,0.0,79,2.28
2024-03-22,UA-18,6.0,0.0,75,2.45
2024-03-22,UA-21,7.7,1.4,72,2.18
2024-03-22,UA-23,3.1,0.0,75,3.06
2024-03-22,UA-26,6.4,0.0,77,2.07
2024-03-22,UA-30,6.9,0.0,70,1.69
2024-03-22,UA-32,7.3,0.0,70,1.53
2024-03-22,UA-35,3.8,0.0,81,2.26
2024-03-22,UA-40,5.6,1.5,77,6.46
2024-03-22,UA-43,2.7,2.8,84,3.96
2024-03-22,UA-46,6.3,1.8,85,2.99
2024-03-22,UA-48,5.4,0.0,81,2.74
2024-03-22,UA-51,6.0,0.4,78,2.68
2024-03-22,UA-53,1.7,0.0,75,1.68
2024-03-22,UA-56,6.9,0.0,81,3.08
2024-03-22,UA-59,1.2,0.0,79,2.06
2024-03-22,UA-61,6.0,0.5,84,2.72
2024-03-22,UA-63,1.4,0.0,77,2.28
2024-03-22,UA-65,4.6,0.0,81,2.77
2024-03-22,UA-68,6.0,0.3,81,2.25
2024-03-22,UA-71,4.0,0.0,81,1.94
2024-03-22,UA-74,6.7,0.0,67,2.4
2024-03-22,UA-77,7.5,0.0,74,1.41
2024-03-23,UA-05,9.8,0.0,68,3.87
2024-03-23,UA-07,10.7,1.7,74,4.42
2024-03-23,UA-09,1.8,0.0,77,1.98
2024-03-23,UA-12,5.3,0.0,72,2.67
2024-03-23,UA-14,1.5,0.0,77,1.81
2024-03-23,UA-18,9.4,0.3,76,4.24
2024-03-23,UA-21,12.2,0.4,64,3.55
2024-03-23,UA-23,4.7,0.0,74,2.55
2024-03-23,UA-26,11.8,0.5,61,2.97
2024-03-23,UA-30,9.5,0.3,73,3.99
2024-03-23,UA-32,10.2,0.0,66,4.11
2024-03-23,UA-35,6.0,0.0,77,3.71
2024-03-23,UA-40,5.9,0.0,71,3.55
2024-03-23,UA-43,3.7,0.0,79,1.8
2024-03-23,UA-46,11.5,3.4,66,4.72
2024-03-23,UA-48,6.2,0.0,79,3.29
2024-03-23,UA-51,6.5,0.0,80,3.93
2024-03-23,UA-53,5.4,0.0,72,3.74
2024-03-23,UA-56,10.9,0.9,72,4.01
2024-03-23,UA-59,6.1,0.5,75,5.02
2024-03-23,UA-61,10.9,0.2,67,3.89
2024-03-23,UA-63,4.8,0.0,71,3.38
2024-03-23,UA-65,5.1,0.0,77,2.33
2024-03-23,UA-68,10.1,0.3,73,3.75
2024-03-23,UA-71,8.2,0.0,71,4.02
2024-03-23,UA-74,8.5,4.5,84,4.62
2024-03-23,UA-77,11.3,0.0,65,2.2
2024-03-24,UA-05,6.4,1.0,83,2.86
2024-03-24,UA-07,5.6,1.7,79,3.6
2024-03-24,UA-09,6.2,0.0,68,4.07
2024-03-24,UA-12,7.6,0.0,70,5.58
2024-03-24,UA-14,5.0,0.0,73,3.76
2024-03-24,UA-18,5.4,4.0,90,3.32
2024-03-24,UA-21,7.3,2.7,70,2.81
2024-03-24,UA-23,6.8,0.0,76,5.52
2024-03-24,UA-26,5.4,5.6,80,3.01
2024-03-24,UA-30,7.0,4.9,86,3.97
2024-03-24,UA-32,7.3,3.8,83,3.69
2024-03-24,UA-35,8.8,0.2,74,6.04
2024-03-24,UA-40,7.7,0.0,76,5.75
2024-03-24,UA-43,6.4,0.0,75,2.52
2024-03-24,UA-46,4.9,3.4,82,3.68
2024-03-24,UA-48,9.1,0.0,77,6.33
2024-03-24,UA-51,8.8,0.0,82,7.13
2024-03-24,UA-53,8.6,0.4,66,6.06
2024-03-24,UA-56,5.7,4.0,81,3.44
2024-03-24,UA-59,8.9,5.2,76,5.85
2024-03-24,UA-61,4.9,5.2,83,3.09
2024-03-24,UA-63,8.6,0.2,64,5.58
2024-03-24,UA-65,8.4,0.0,75,5.21
2024-03-24,UA-68,5.7,3.6,87,2.77
2024-03-24,UA-71,9.2,5.6,78,4.45
2024-03-24,UA-74,6.3,7.2,93,4.25
2024-03-24,UA-77,6.3,0.4,80,2.9
2024-03-25,UA-05,4.3,0.0,73,2.92
2024-03-25,UA-07,4.3,0.6,77,1.58
2024-03-25,UA-09,7.9,0.0,66,3.45
2024-03-25,UA-12,7.7,0.0,70,4.12
2024-03-25,UA-14,7.8,0.1,68,4.09
2024-03-25,UA-18,3.4,0.1,77,2.18
2024-03-25,UA-21,5.3,1.7,78,1.64
2024-03-25,UA-23,7.8,0.0,72,5.43
2024-03-25,UA-26,4.3,0.3,76,1.64
2024-03-25,UA-30,4.4,3.3,82,3.14
2024-03-25,UA-32,4.3,3.2,84,3.42
2024-03-25,UA-35,6.6,16.5,86,3.28
2024-03-25,UA-40,8.8,7.3,82,8.14
2024-03-25,UA-43,8.3,3.4,73,4.34
2024-03-25,UA-46,4.4,1.7,81,1.54
2024-03-25,UA-48,8.6,7.9,83,4.71
2024-03-25,UA-51,6.1,24.2,95,5.66
2024-03-25,UA-53,7.0,0.2,73,3.31
2024-03-25,UA-56,4.6,0.6,72,1.51
2024-03-25,UA-59,6.6,7.1,84,2.1
2024-03-25,UA-61,4.4,0.4,74,1.84
2024-03-25,UA-63,7.3,0.0,71,3.63
2024-03-25,UA-65,8.6,5.9,79,4.66
2024-03-25,UA-68,3.8,0.4,75,1.84
2024-03-25,UA-71,5.1,20.7,92,3.51
2024-03-25,UA-74,4.4,2.1,79,2.89
2024-03-25,UA-77,5.2,1.3,77,2.58
2024-03-26,UA-05,6.0,0.0,63,3.24
2024-03-26,UA-07,6.0,0.1,72,2.59
2024-03-26,UA-09,7.5,0.2,68,2.45
2024-03-26,UA-12,8.7,1.4,74,2.96
2024-03-26,UA-14,7.3,0.6,73,2.65
2024-03-26,UA-18,5.2,0.0,68,2.83
2024-03-26,UA-21,6.6,0.0,68,2.48
2024-03-26,UA-23,7.9,3.0,81,3.61
2024-03-26,UA-26,7.2,0.0,64,3.01
2024-03-26,UA-30,5.2,0.9,74,4.03
2024-03-26,UA-32,5.9,0.4,69,4.19
2024-03-26,UA-35,5.3,10.2,92,4.13
2024-03-26,UA-40,7.1,15.3,83,11.2
2024-03-26,UA-43,5.2,8.5,89,5.52
2024-03-26,UA-46,6.8,0.0,68,3.21
2024-03-26,UA-48,6.5,5.0,91,4.72
2024-03-26,UA-51,5.7,3.8,78,7.28
2024-03-26,UA-53,7.8,1.6,75,2.61
2024-03-26,UA-56,5.4,0.0,72,2.16
2024-03-26,UA-59,6.9,2.1,80,2.28
2024-03-26,UA-61,5.9,0.0,70,2.86
2024-03-26,UA-63,8.0,0.2,68,2.55
2024-03-26,UA-65,6.5,3.6,90,4.02
2024-03-26,UA-68,5.4,0.0,66,2.16
2024-03-26,UA-71,4.9,5.2,92,4.03
2024-03-26,UA-74,4.1,1.9,78,4.02
2024-03-26,UA-77,7.4,0.0,62,3.16
2024-03-27,UA-05,8.1,0.0,55,4.84
2024-03-27,UA-07,9.9,0.0,55,6.47
2024-03-27,UA-09,8.4,0.4,69,3.46
2024-03-27,UA-12,7.2,0.0,83,1.9
2024-03-27,UA-14,7.4,0.4,74,2.32
2024-03-27,UA-18,7.2,0.0,59,4.75
2024-03-27,UA-21,12.8,0.0,48,3.82
2024-03-27,UA-23,7.6,0.0,85,2.38
2024-03-27,UA-26,9.6,0.0,61,5.93
2024-03-27,UA-30,5.8,0.0,76,3.3
2024-03-27,UA-32,6.6,0.0,68,3.36
2024-03-27,UA-35,6.4,0.0,84,2.1
2024-03-27,UA-40,8.8,0.0,78,3.21
2024-03-27,UA-43,7.4,0.0,79,1.75
2024-03-27,UA-46,9.9,0.0,58,6.14
2024-03-27,UA-48,7.0,0.0,83,1.97
2024-03-27,UA-51,6.4,0.0,84,3.41
2024-03-27,UA-53,6.0,0.0,80,1.9
2024-03-27,UA-56,9.3,0.0,55,6.52
2024-03-27,UA-59,4.5,0.0,83,2.32
2024-03-27,UA-61,9.0,0.0,60,7.22
2024-03-27,UA-63,5.4,0.0,81,2.34
2024-03-27,UA-65,7.2,0.0,81,1.69
2024-03-27,UA-68,8.4,0.0,56,6.57
2024-03-27,UA-71,5.7,0.0,83,2.33
2024-03-27,UA-74,4.7,0.0,76,3.1
2024-03-27,UA-77,9.4,0.0,61,6.88
2024-03-28,UA-05,11.1,4.4,66,5.54
2024-03-28,UA-07,10.1,2.5,73,5.28
2024-03-28,UA-09,10.6,0.1,58,2.66
2024-03-28,UA-12,9.9,0.2,64,5.27
2024-03-28,UA-14,9.4,0.2,62,3.38
2024-03-28,UA-18,10.9,3.5,66,5.8
2024-03-28,UA-21,13.2,9.9,67,5.13
2024-03-28,UA-23,9.2,0.0,69,6.2
2024-03-28,UA-26,10.0,1.5,71,4.21
2024-03-28,UA-30,9.9,2.6,67,5.66
2024-03-28,UA-32,10.8,2.1,64,5.47
2024-03-28,UA-35,10.7,0.0,70,5.3
2024-03-28,UA-40,11.7,0.1,69,7.51
2024-03-28,UA-43,13.2,0.0,57,3.97
2024-03-28,UA-46,10.4,0.9,70,5.84
2024-03-28,UA-48,11.2,0.0,71,5.41
2024-03-28,UA-51,10.4,0.0,78,6.97
2024-03-28,UA-53,9.4,0.0,65,4.95
2024-03-28,UA-56,10.2,3.9,73,5.38
2024-03-28,UA-59,9.6,0.1,63,4.78
2024-03-28,UA-61,9.1,2.3,76,5.2
2024-03-28,UA-63,10.4,0.2,59,4.14
2024-03-28,UA-65,11.5,0.0,68,4.82
2024-03-28,UA-68,10.0,3.6,72,5.84
2024-03-28,UA-71,10.0,0.3,71,5.01
2024-03-28,UA-74,8.3,1.8,74,5.94
2024-03-28,UA-77,10.1,2.5,73,4.33
2024-03-29,UA-05,9.8,4.0,71,4.56
2024-03-29,UA-07,10.9,5.7,67,4.49
2024-03-29,UA-09,12.4,2.9,70,5.7
2024-03-29,UA-12,12.5,3.2,74,4.93
2024-03-29,UA-14,12.1,4.1,72,4.71
2024-03-29,UA-18,8.8,9.1,77,4.02
2024-03-29,UA-21,14.1,3.5,63,4.26
2024-03-29,UA-23,11.7,1.8,74,5.92
2024-03-29,UA-26,11.9,6.3,61,4.85
2024-03-29,UA-30,8.4,5.2,86,3.65
2024-03-29,UA-32,9.2,6.5,79,3.87
2024-03-29,UA-35,11.0,4.0,76,4.32
2024-03-29,UA-40,12.3,0.0,79,4.48
2024-03-29,UA-43,14.7,0.1,65,4.27
2024-03-29,UA-46,11.7,12.1,64,4.69
2024-03-29,UA-48,12.9,0.4,68,4.58
2024-03-29,UA-51,13.1,0.0,63,4.68
2024-03-29,UA-53,11.1,3.0,75,3.57
2024-03-29,UA-56,10.3,8.0,70,4.46
2024-03-29,UA-59,10.9,1.4,73,3.79
2024-03-29,UA-61,10.8,8.9,64,4.92
2024-03-29,UA-63,12.2,5.1,68,3.35
2024-03-29,UA-65,13.4,0.0,66,4.42
2024-03-29,UA-68,10.0,7.8,69,4.74
2024-03-29,UA-71,9.7,5.6,83,3.85
2024-03-29,UA-74,8.3,5.4,90,3.79
2024-03-29,UA-77,13.1,1.9,51,4.61
2024-03-30,UA-05,14.9,0.0,52,3.77
2024-03-30,UA-07,15.8,0.0,56,4.12
2024-03-30,UA-09,12.4,0.0,71,3.91
2024-03-30,UA-12,12.9,0.0,63,3.26
2024-03-30,UA-14,11.4,0.0,71,3.66
2024-03-30,UA-18,13.8,0.0,59,3.98
2024-03-30,UA-21,17.4,0.0,59,3.21
2024-03-30,UA-23,11.4,0.0,70,3.67
2024-03-30,UA-26,15.6,0.0,57,3.12
2024-03-30,UA-30,12.7,0.0,64,3.7
2024-03-30,UA-32,13.4,0.0,60,3.75
2024-03-30,UA-35,12.5,0.0,61,3.5
2024-03-30,UA-40,12.4,0.0,71,4.17
2024-03-30,UA-43,13.6,0.0,55,1.72
2024-03-30,UA-46,16.4,0.0,54,4.43
2024-03-30,UA-48,13.0,0.0,62,3.75
2024-03-30,UA-51,11.4,0.0,70,4.66
2024-03-30,UA-53,12.3,0.0,63,3.3
2024-03-30,UA-56,15.8,0.0,54,4.17
2024-03-30,UA-59,12.5,0.0,63,3.63
2024-03-30,UA-61,15.8,0.0,52,4.04
2024-03-30,UA-63,12.5,0.0,65,3.42
2024-03-30,UA-65,13.4,0.0,56,3.11
2024-03-30,UA-68,15.5,0.0,51,4.17
2024-03-30,UA-71,12.6,0.0,63,3.37
2024-03-30,UA-74,12.2,0.0,66,4.07
2024-03-30,UA-77,16.9,0.0,50,3.18
2024-03-31,UA-05,17.7,0.0,57,4.01
2024-03-31,UA-07,18.2,0.0,47,4.28
2024-03-31,UA-09,15.2,0.0,48,3.34
2024-03-31,UA-12,15.4,0.0,48,3.95
2024-03-31,UA-14,13.9,0.0,49,2.91
2024-03-31,UA-18,17.5,0.0,58,4.12
2024-03-31,UA-21,18.3,0.0,51,3.65
2024-03-31,UA-23,13.1,0.0,61,4.19
2024-03-31,UA-26,17.3,0.0,53,2.91
2024-03-31,UA-30,16.8,0.0,59,4.14
2024-03-31,UA-32,17.3,0.0,58,4.16
2024-03-31,UA-35,15.6,0.0,54,4.4
2024-03-31,UA-40,14.0,0.0,54,6.64
2024-03-31,UA-43,15.3,0.0,39,2.7
2024-03-31,UA-46,18.0,0.0,47,4.76
2024-03-31,UA-48,14.2,0.0,64,4.14
2024-03-31,UA-51,11.4,0.0,78,4.59
2024-03-31,UA-53,15.1,0.0,50,3.94
2024-03-31,UA-56,18.3,0.0,56,3.77
2024-03-31,UA-59,16.0,0.0,53,4.16
2024-03-31,UA-61,17.6,0.0,54,3.42
2024-03-31,UA-63,16.0,0.0,49,3.32
2024-03-31,UA-65,14.7,0.0,56,3.39
2024-03-31,UA-68,17.5,0.0,58,4.06
2024-03-31,UA-71,16.3,0.0,54,4.15
2024-03-31,UA-74,16.7,0.0,58,4.18
2024-03-31,UA-77,18.0,0.0,51,2.55
2024-04-01,UA-05,19.3,0.0,49,3.65
2024-04-01,UA-07,20.1,0.2,42,5.18
2024-04-01,UA-09,17.2,0.0,45,4.45
2024-04-01,UA-12,15.9,0.0,52,4.84
2024-04-01,UA-14,15.5,0.0,47,4.13
2024-04-01,UA-18,19.2,0.0,49,4.2
2024-04-01,UA-21,20.0,0.0,45,4.03
2024-04-01,UA-23,13.6,0.0,58,5.31
2024-04-01,UA-26,19.7,0.0,45,3.81
2024-04-01,UA-30,17.7,0.0,56,4.14
2024-04-01,UA-32,18.3,0.0,54,3.88
2024-04-01,UA-35,15.1,0.0,69,4.06
2024-04-01,UA-40,13.8,0.0,67,5.62
2024-04-01,UA-43,17.2,0.0,44,3.45
2024-04-01,UA-46,19.8,0.0,43,5.53
2024-04-01,UA-48,14.1,0.0,73,4.41
2024-04-01,UA-51,12.4,0.0,81,3.63
2024-04-01,UA-53,15.5,0.0,55,4.64
2024-04-01,UA-56,20.3,0.0,43,4.66
2024-04-01,UA-59,16.1,0.0,55,5.23
2024-04-01,UA-61,20.2,0.0,40,4.6
2024-04-01,UA-63,16.7,0.0,44,4.57
2024-04-01,UA-65,14.6,0.0,68,4.07
2024-04-01,UA-68,19.6,0.0,46,4.19
2024-04-01,UA-71,16.0,0.0,64,3.77
2024-04-01,UA-74,17.3,0.0,56,4.89
2024-04-01,UA-77,21.0,0.0,37,3.24
2024-04-02,UA-05,14.9,2.6,61,5.39
2024-04-02,UA-07,13.6,13.8,69,6.69
2024-04-02,UA-09,18.6,0.0,41,5.39
2024-04-02,UA-12,17.2,0.0,56,6.08
2024-04-02,UA-14,16.0,0.0,40,5.14
2024-04-02,UA-18,15.1,3.1,63,5.67
2024-04-02,UA-21,11.3,13.7,77,4.46
2024-04-02,UA-23,14.3,0.0,62,6.29
2024-04-02,UA-26,12.0,4.9,67,6.07
2024-04-02,UA-30,16.3,1.4,64,5.48
2024-04-02,UA-32,16.2,0.6,62,5.42
2024-04-02,UA-35,16.0,0.0,62,5.63
2024-04-02,UA-40,14.9,0.0,63,5.78
2024-04-02,UA-43,19.6,0.0,39,4.82
2024-04-02,UA-46,12.2,7.6,71,6.83
2024-04-02,UA-48,14.8,0.0,65,5.99
2024-04-02,UA-51,14.7,0.0,65,6.09
2024-04-02,UA-53,17.0,0.0,55,5.86
2024-04-02,UA-56,13.7,12.2,68,6.47
2024-04-02,UA-59,17.6,0.0,55,6.02
2024-04-02,UA-61,12.7,5.8,67,6.36
2024-04-02,UA-63,17.7,0.0,47,5.47
2024-04-02,UA-65,15.4,0.0,62,5.56
2024-04-02,UA-68,13.5,3.0,64,5.89
2024-04-02,UA-71,17.0,0.0,57,5.04
2024-04-02,UA-74,17.0,0.2,63,5.7
2024-04-02,UA-77,14.3,0.5,50,5.52
2024-04-03,UA-05,12.2,1.2,54,5.88
2024-04-03,UA-07,10.4,1.0,67,8.05
2024-04-03,UA-09,14.8,0.8,52,4.0
2024-04-03,UA-12,13.8,0.0,51,4.67
2024-04-03,UA-14,12.8,0.2,52,3.67
2024-04-03,UA-18,11.1,1.9,61,7.51
2024-04-03,UA-21,12.2,0.1,63,3.5
2024-04-03,UA-23,12.3,0.0,61,4.91
2024-04-03,UA-26,12.6,0.5,52,6.04
2024-04-03,UA-30,11.5,1.3,61,7.27
2024-04-03,UA-32,12.3,1.8,57,6.29
2024-04-03,UA-35,13.1,0.0,51,5.24
2024-04-03,UA-40,11.5,0.0,75,4.1
2024-04-03,UA-43,11.7,0.0,61,3.65
2024-04-03,UA-46,11.5,0.7,59,6.69
2024-04-03,UA-48,13.6,0.0,55,4.58
2024-04-03,UA-51,13.1,0.0,55,4.3
2024-04-03,UA-53,13.0,0.0,51,5.38
2024-04-03,UA-56,10.8,0.9,65,7.8
2024-04-03,UA-59,12.4,1.1,57,6.71
2024-04-03,UA-61,11.2,0.7,58,6.82
2024-04-03,UA-63,13.2,0.2,52,4.81
2024-04-03,UA-65,13.4,0.0,56,4.7
2024-04-03,UA-68,11.4,0.4,58,6.49
2024-04-03,UA-71,13.2,0.2,53,5.74
2024-04-03,UA-74,10.9,2.6,68,8.18
2024-04-03,UA-77,13.4,0.1,47,5.03
2024-04-04,UA-05,10.4,0.0,58,2.92
2024-04-04,UA-07,8.7,0.0,67,1.86
2024-04-04,UA-09,13.8,0.0,48,3.86
2024-04-04,UA-12,12.8,0.0,51,4.31
2024-04-04,UA-14,12.8,0.0,49,3.54
2024-04-04,UA-18,8.0,0.0,64,3.6
2024-04-04,UA-21,12.2,3.4,77,2.13
2024-04-04,UA-23,12.2,0.0,62,4.26
2024-04-04,UA-26,11.0,2.2,72,1.47
2024-04-04,UA-30,7.3,0.0,65,4.19
2024-04-04,UA-32,9.3,0.0,60,3.47
2024-04-04,UA-35,12.7,0.0,52,3.87
2024-04-04,UA-40,11.8,0.0,74,2.14
2024-04-04,UA-43,12.6,0.0,54,2.52
2024-04-04,UA-46,10.3,2.0,77,1.84
2024-04-04,UA-48,14.1,0.1,60,2.5
2024-04-04,UA-51,13.4,0.1,64,2.37
2024-04-04,UA-53,9.8,0.0,55,4.51
2024-04-04,UA-56,8.6,0.0,66,2.31
2024-04-04,UA-59,7.0,1.0,65,4.55
2024-04-04,UA-61,9.8,1.5,74,1.67
2024-04-04,UA-63,10.0,0.5,57,4.64
2024-04-04,UA-65,14.0,0.2,60,2.77
2024-04-04,UA-68,9.5,0.2,69,2.22
2024-04-04,UA-71,10.1,0.0,60,4.14
2024-04-04,UA-74,5.6,0.0,66,4.42
2024-04-04,UA-77,12.6,0.4,62,1.94
2024-04-05,UA-05,10.8,1.4,70,2.3
2024-04-05,UA-07,11.4,6.5,82,3.58
2024-04-05,UA-09,8.3,0.0,63,2.87
2024-04-05,UA-12,8.1,0.0,60,2.47
2024-04-05,UA-14,7.6,0.0,62,2.43
2024-04-05,UA-18,9.9,2.4,74,2.76
2024-04-05,UA-21,13.3,3.0,76,1.71
2024-04-05,UA-23,8.6,0.0,62,2.93
2024-04-05,UA-26,11.9,3.9,76,2.67
2024-04-05,UA-30,9.3,0.0,69,2.36
2024-04-05,UA-32,10.2,0.3,69,2.15
2024-04-05,UA-35,10.4,0.0,57,1.69
2024-04-05,UA-40,11.6,0.0,76,1.77
2024-04-05,UA-43,11.3,0.9,63,2.19
2024-04-05,UA-46,12.0,3.7,74,3.58
2024-04-05,UA-48,13.6,0.0,59,2.05
2024-04-05,UA-51,13.0,0.2,74,2.12
2024-04-05,UA-53,6.3,0.0,60,2.2
2024-04-05,UA-56,10.9,4.1,83,3.21
2024-04-05,UA-59,5.5,0.0,67,2.21
2024-04-05,UA-61,10.7,5.6,81,2.98
2024-04-05,UA-63,5.8,0.0,67,2.65
2024-04-05,UA-65,13.5,0.0,57,2.1
2024-04-05,UA-68,10.5,1.0,79,2.78
2024-04-05,UA-71,9.2,0.0,61,1.61
2024-04-05,UA-74,8.3,0.0,63,2.56
2024-04-05,UA-77,12.2,0.1,69,2.25
2024-04-06,UA-05,11.9,4.8,80,3.02
2024-04-06,UA-07,12.6,2.4,75,4.23
2024-04-06,UA-09,10.1,0.0,56,2.09
2024-04-06,UA-12,12.1,1.3,64,3.26
2024-04-06,UA-14,10.1,0.0,55,1.78
2024-04-06,UA-18,11.7,4.1,82,3.1
2024-04-06,UA-21,14.1,0.9,81,1.7
2024-04-06,UA-23,11.3,0.6,68,3.16
2024-04-06,UA-26,13.1,1.9,72,3.89
2024-04-06,UA-30,12.4,5.1,79,2.53
2024-04-06,UA-32,12.6,6.2,77,2.89
2024-04-06,UA-35,13.6,0.1,62,2.53
2024-04-06,UA-40,11.6,0.0,75,1.84
2024-04-06,UA-43,11.3,0.2,62,1.82
2024-04-06,UA-46,13.0,2.8,71,4.37
2024-04-06,UA-48,13.5,0.6,72,2.96
2024-04-06,UA-51,13.0,1.0,79,2.85
2024-04-06,UA-53,11.2,0.4,60,2.82
2024-04-06,UA-56,12.3,4.1,77,3.87
2024-04-06,UA-59,10.5,0.4,64,2.82
2024-04-06,UA-61,12.3,4.9,75,3.88
2024-04-06,UA-63,9.8,0.0,63,2.57
2024-04-06,UA-65,13.2,0.7,68,2.95
2024-04-06,UA-68,11.7,5.8,80,3.2
2024-04-06,UA-71,13.6,1.4,67,2.1
2024-04-06,UA-74,12.5,2.5,78,2.48
2024-04-06,UA-77,13.0,2.5,72,3.13
2024-04-07,UA-05,13.4,0.0,68,2.2
2024-04-07,UA-07,13.8,0.0,70,2.04
2024-04-07,UA-09,14.9,0.2,51,1.66
2024-04-07,UA-12,14.8,0.0,65,2.06
2024-04-07,UA-14,13.8,0.1,55,1.4
2024-04-07,UA-18,11.5,0.0,77,2.09
2024-04-07,UA-21,14.9,0.0,71,1.5
2024-04-07,UA-23,13.8,0.0,66,2.11
2024-04-07,UA-26,13.7,0.0,67,1.71
2024-04-07,UA-30,11.6,0.1,78,2.22
2024-04-07,UA-32,12.1,0.0,75,2.06
2024-04-07,UA-35,14.1,0.0,71,1.82
2024-04-07,UA-40,11.8,0.0,74,2.54
2024-04-07,UA-43,12.6,0.0,52,2.46
2024-04-07,UA-46,14.0,0.0,67,1.97
2024-04-07,UA-48,15.2,0.3,71,1.34
2024-04-07,UA-51,13.8,0.4,80,1.6
2024-04-07,UA-53,13.9,0.0,65,2.12
2024-04-07,UA-56,13.6,0.0,70,2.09
2024-04-07,UA-59,14.2,0.0,65,1.95
2024-04-07,UA-61,13.7,0.0,67,2.03
2024-04-07,UA-63,14.5,0.0,61,1.7
2024-04-07,UA-65,14.5,0.5,68,1.35
2024-04-07,UA-68,13.4,0.0,68,2.1
2024-04-07,UA-71,13.9,0.2,73,1.96
2024-04-07,UA-74,11.4,0.2,81,2.02
2024-04-07,UA-77,14.7,0.0,61,2.31
2024-04-08,UA-05,15.9,0.0,57,2.61
2024-04-08,UA-07,17.1,0.0,59,3.21
2024-04-08,UA-09,17.0,0.0,46,1.46
2024-04-08,UA-12,16.4,0.0,57,1.14
2024-04-08,UA-14,16.2,0.0,50,1.29
2024-04-08,UA-18,15.6,0.0,58,2.82
2024-04-08,UA-21,16.0,0.0,68,2.42
2024-04-08,UA-23,14.6,0.0,66,1.95
2024-04-08,UA-26,15.8,0.0,64,1.84
2024-04-08,UA-30,15.0,0.0,63,2.2
2024-04-08,UA-32,15.7,0.0,59,2.24
2024-04-08,UA-35,15.9,0.0,60,1.93
2024-04-08,UA-40,14.0,0.0,60,5.1
2024-04-08,UA-43,14.2,0.0,48,4.28
2024-04-08,UA-46,16.8,0.0,60,2.89
2024-04-08,UA-48,17.2,0.0,58,1.64
2024-04-08,UA-51,15.0,0.0,67,2.2
2024-04-08,UA-53,14.8,0.0,61,2.2
2024-04-08,UA-56,16.9,0.0,59,3.15
2024-04-08,UA-59,14.3,0.0,65,2.67
2024-04-08,UA-61,16.3,0.0,57,2.64
2024-04-08,UA-63,15.1,0.0,62,2.46
2024-04-08,UA-65,16.4,0.0,56,1.6
2024-04-08,UA-68,15.9,0.0,57,3.22
2024-04-08,UA-71,16.3,0.0,59,2.06
2024-04-08,UA-74,14.8,0.0,65,2.46
2024-04-08,UA-77,16.5,0.0,55,2.04
2024-04-09,UA-05,17.6,0.0,47,3.26
2024-04-09,UA-07,18.6,0.0,56,2.88
2024-04-09,UA-09,17.7,0.0,44,2.34
2024-04-09,UA-12,17.1,0.0,55,1.22
2024-04-09,UA-14,16.3,0.0,47,1.82
2024-04-09,UA-18,17.4,0.0,49,3.12
2024-04-09,UA-21,17.2,0.0,67,2.15
2024-04-09,UA-23,15.7,0.0,59,1.34
2024-04-09,UA-26,16.9,0.0,61,2.32
2024-04-09,UA-30,17.5,0.0,53,2.76
2024-04-09,UA-32,17.7,0.0,50,2.73
2024-04-09,UA-35,17.5,0.0,55,2.13
2024-04-09,UA-40,13.6,0.0,74,2.24
2024-04-09,UA-43,13.8,0.0,54,3.88
2024-04-09,UA-46,17.6,0.0,61,2.38
2024-04-09,UA-48,17.8,0.0,56,1.19
2024-04-09,UA-51,15.2,0.0,64,2.08
2024-04-09,UA-53,16.7,0.0,55,2.42
2024-04-09,UA-56,18.2,0.0,56,3.0
2024-04-09,UA-59,17.1,0.0,55,2.49
2024-04-09,UA-61,17.0,0.0,57,2.83
2024-04-09,UA-63,16.5,0.0,56,2.47
2024-04-09,UA-65,17.2,0.0,52,1.84
2024-04-09,UA-68,17.0,0.0,52,3.46
2024-04-09,UA-71,18.5,0.0,52,2.2
2024-04-09,UA-74,17.2,0.0,55,2.9
2024-04-09,UA-77,17.9,0.0,51,2.71
2024-04-10,UA-05,17.5,0.0,48,2.81
2024-04-10,UA-07,18.4,0.0,60,3.57
2024-04-10,UA-09,17.2,0.0,49,2.03
2024-04-10,UA-12,18.1,0.0,55,1.72
2024-04-10,UA-14,16.4,0.0,49,2.36
2024-04-10,UA-18,17.6,0.0,48,3.07
2024-04-10,UA-21,17.2,0.0,68,3.31
2024-04-10,UA-23,16.3,0.0,56,2.06
2024-04-10,UA-26,17.2,0.0,65,2.78
2024-04-10,UA-30,18.0,0.0,53,2.24
2024-04-10,UA-32,17.9,0.0,52,2.04
2024-04-10,UA-35,18.3,0.0,53,1.61
2024-04-10,UA-40,14.2,0.0,73,3.82
2024-04-10,UA-43,14.0,0.0,62,3.83
2024-04-10,UA-46,16.3,0.0,70,3.69
2024-04-10,UA-48,18.5,0.0,56,2.26
2024-04-10,UA-51,17.0,0.0,58,2.21
2024-04-10,UA-53,18.8,0.0,49,1.42
2024-04-10,UA-56,18.4,0.0,59,3.36
2024-04-10,UA-59,19.2,0.0,48,1.45
2024-04-10,UA-61,17.5,0.0,61,2.75
2024-04-10,UA-63,18.1,0.0,53,1.49
2024-04-10,UA-65,18.2,0.0,49,2.39
2024-04-10,UA-68,17.1,0.0,56,3.36
2024-04-10,UA-71,18.3,0.0,53,1.26
2024-04-10,UA-74,17.6,0.0,55,2.57
2024-04-10,UA-77,18.3,0.0,54,2.7
2024-04-11,UA-05,15.8,0.0,62,3.65
2024-04-11,UA-07,12.8,0.0,63,3.46
2024-04-11,UA-09,19.2,0.0,43,1.73
2024-04-11,UA-12,19.6,0.0,53,1.43
2024-04-11,UA-14,18.0,0.0,45,1.81
2024-04-11,UA-18,15.0,0.0,62,4.02
2024-04-11,UA-21,16.9,0.0,63,4.08
2024-04-11,UA-23,17.7,0.0,56,1.52
2024-04-11,UA-26,14.9,0.0,67,2.79
2024-04-11,UA-30,16.0,0.0,59,3.92
2024-04-11,UA-32,16.7,0.0,58,3.54
2024-04-11,UA-35,20.1,0.0,50,2.3
2024-04-11,UA-40,15.0,0.0,75,3.73
2024-04-11,UA-43,15.3,0.0,65,3.64
2024-04-11,UA-46,14.2,0.0,67,2.66
2024-04-11,UA-48,20.4,0.0,51,2.07
2024-04-11,UA-51,19.5,0.0,54,3.4
2024-04-11,UA-53,19.7,0.0,51,1.84
2024-04-11,UA-56,13.8,0.0,62,3.77
2024-04-11,UA-59,19.8,0.0,49,2.92
2024-04-11,UA-61,14.3,0.0,66,3.27
2024-04-11,UA-63,19.6,0.0,50,2.08
2024-04-11,UA-65,19.4,0.0,53,1.77
2024-04-11,UA-68,14.5,0.0,67,3.81
2024-04-11,UA-71,19.0,0.0,56,2.9
2024-04-11,UA-74,15.7,0.0,57,3.85
2024-04-11,UA-77,16.9,0.0,61,3.57
2024-04-12,UA-05,14.1,0.0,56,3.4
2024-04-12,UA-07,12.5,0.0,69,3.07
2024-04-12,UA-09,20.6,0.0,37,3.36
2024-04-12,UA-12,16.6,0.0,54,3.6
2024-04-12,UA-14,19.1,0.1,40,2.84
2024-04-12,UA-18,13.6,0.0,60,3.73
2024-04-12,UA-21,16.1,0.0,61,2.93
2024-04-12,UA-23,15.5,0.0,61,3.6
2024-04-12,UA-26,14.6,0.0,64,1.97
2024-04-12,UA-30,14.2,0.0,57,3.86
2024-04-12,UA-32,14.6,0.0,54,3.51
2024-04-12,UA-35,15.7,0.0,50,3.69
2024-04-12,UA-40,14.7,0.0,80,2.33
2024-04-12,UA-43,16.7,0.0,63,2.18
2024-04-12,UA-46,14.3,0.0,65,1.98
2024-04-12,UA-48,18.2,0.0,50,4.16
2024-04-12,UA-51,17.5,0.0,52,5.21
2024-04-12,UA-53,15.5,0.0,47,3.77
2024-04-12,UA-56,12.9,0.0,67,3.14
2024-04-12,UA-59,14.8,0.0,49,3.96
2024-04-12,UA-61,13.6,0.0,64,2.37
2024-04-12,UA-63,16.4,0.0,47,3.62
2024-04-12,UA-65,18.0,0.0,52,3.4
2024-04-12,UA-68,13.2,0.0,61,3.0
2024-04-12,UA-71,15.0,0.0,55,3.64
2024-04-12,UA-74,13.6,0.0,58,4.31
2024-04-12,UA-77,15.3,0.0,55,2.58
2024-04-13,UA-05,14.2,0.6,68,3.65
2024-04-13,UA-07,14.5,0.3,69,3.87
2024-04-13,UA-09,16.5,0.0,43,3.03
2024-04-13,UA-12,14.0,0.0,59,3.47
2024-04-13,UA-14,15.7,0.0,43,3.06
2024-04-13,UA-18,13.9,0.8,67,3.94
2024-04-13,UA-21,16.2,0.0,70,1.59
2024-04-13,UA-23,13.5,0.0,62,3.54
2024-04-13,UA-26,15.5,0.0,63,3.78
2024-04-13,UA-30,14.3,0.2,66,3.62
2024-04-13,UA-32,14.6,0.2,64,3.57
2024-04-13,UA-35,14.5,0.1,60,3.14
2024-04-13,UA-40,14.6,0.0,76,4.76
2024-04-13,UA-43,15.2,0.0,62,2.38
2024-04-13,UA-46,14.9,0.4,69,4.18
2024-04-13,UA-48,16.8,0.0,52,3.71
2024-04-13,UA-51,16.5,0.4,53,4.13
2024-04-13,UA-53,13.3,0.1,59,3.34
2024-04-13,UA-56,14.5,0.7,69,3.97
2024-04-13,UA-59,12.9,0.1,61,3.39
2024-04-13,UA-61,14.5,0.4,69,4.06
2024-04-13,UA-63,13.7,0.0,57,3.36
2024-04-13,UA-65,16.5,0.0,48,3.24
2024-04-13,UA-68,14.0,0.7,70,3.94
2024-04-13,UA-71,14.5,0.0,63,3.15
2024-04-13,UA-74,13.5,1.1,70,3.78
2024-04-13,UA-77,16.7,0.1,54,3.94
2024-04-14,UA-05,17.0,0.0,60,3.88
2024-04-14,UA-07,15.5,0.4,70,4.67
2024-04-14,UA-09,15.5,0.0,50,3.6
2024-04-14,UA-12,16.0,0.4,59,3.6
2024-04-14,UA-14,14.8,0.1,52,3.19
2024-04-14,UA-18,15.4,0.7,68,4.18
2024-04-14,UA-21,18.2,0.0,64,3.2
2024-04-14,UA-23,14.9,0.0,63,3.63
2024-04-14,UA-26,17.8,0.7,62,4.0
2024-04-14,UA-30,15.1,1.4,68,3.9
2024-04-14,UA-32,16.6,0.0,61,3.69
2024-04-14,UA-35,17.3,0.0,57,3.86
2024-04-14,UA-40,14.2,0.0,83,2.55
2024-04-14,UA-43,14.4,0.0,71,2.87
2024-04-14,UA-46,16.9,1.7,65,4.57
2024-04-14,UA-48,18.7,0.0,57,4.38
2024-04-14,UA-51,18.1,0.0,60,4.47
2024-04-14,UA-53,15.1,0.3,60,3.62
2024-04-14,UA-56,15.7,0.3,70,4.61
2024-04-14,UA-59,14.9,1.4,65,4.11
2024-04-14,UA-61,16.6,0.9,65,4.45
2024-04-14,UA-63,15.3,0.3,56,3.34
2024-04-14,UA-65,17.8,0.0,59,4.22
2024-04-14,UA-68,16.5,0.3,65,4.19
2024-04-14,UA-71,16.6,0.0,60,3.59
2024-04-14,UA-74,14.2,2.9,70,4.63
2024-04-14,UA-77,19.9,0.0,49,3.87
2024-04-15,UA-05,13.4,6.0,81,2.86
2024-04-15,UA-07,8.6,8.2,85,1.74
2024-04-15,UA-09,16.8,4.6,58,5.16
2024-04-15,UA-12,17.0,2.3,67,3.89
2024-04-15,UA-14,17.7,2.3,57,4.84
2024-04-15,UA-18,9.9,10.3,86,2.54
2024-04-15,UA-21,17.9,2.3,70,2.2
2024-04-15,UA-23,16.6,0.5,65,5.46
2024-04-15,UA-26,15.5,10.9,80,2.52
2024-04-15,UA-30,10.3,10.0,80,2.96
2024-04-15,UA-32,12.0,8.7,82,2.54
2024-04-15,UA-35,17.1,5.7,71,4.01
2024-04-15,UA-40,14.9,0.0,81,4.84
2024-04-15,UA-43,16.9,0.0,65,5.22
2024-04-15,UA-46,11.5,13.0,85,2.73
2024-04-15,UA-48,19.2,0.0,61,4.87
2024-04-15,UA-51,19.0,0.0,61,5.19
2024-04-15,UA-53,13.9,11.7,71,3.64
2024-04-15,UA-56,9.2,5.6,86,1.87
2024-04-15,UA-59,11.5,0.2,60,5.83
2024-04-15,UA-61,12.2,13.8,85,2.87
2024-04-15,UA-63,13.7,7.5,64,4.95
2024-04-15,UA-65,18.7,0.0,64,4.34
2024-04-15,UA-68,11.9,6.3,85,2.84
2024-04-15,UA-71,13.8,12.3,77,2.89
2024-04-15,UA-74,9.7,0.0,62,5.03
2024-04-15,UA-77,19.8,0.3,59,3.22
2024-04-16,UA-05,13.0,8.6,80,2.58
2024-04-16,UA-07,10.0,2.9,78,3.96
2024-04-16,UA-09,17.2,0.3,62,6.62
2024-04-16,UA-12,17.2,0.3,76,3.81
2024-04-16,UA-14,16.8,0.0,61,5.49
2024-04-16,UA-18,11.7,6.1,83,3.03
2024-04-16,UA-21,10.9,9.4,90,2.34
2024-04-16,UA-23,16.6,0.0,67,5.79
2024-04-16,UA-26,11.1,15.6,87,3.53
2024-04-16,UA-30,11.6,9.9,87,2.3
2024-04-16,UA-32,12.5,6.2,85,1.95
2024-04-16,UA-35,16.8,0.0,80,2.19
2024-04-16,UA-40,15.5,0.0,73,5.91
2024-04-16,UA-43,18.7,0.0,50,5.48
2024-04-16,UA-46,9.9,6.1,86,3.65
2024-04-16,UA-48,18.0,0.0,75,4.99
2024-04-16,UA-51,18.9,0.0,71,4.64
2024-04-16,UA-53,13.2,2.4,87,1.78
2024-04-16,UA-56,10.6,6.3,83,3.67
2024-04-16,UA-59,10.9,1.0,81,2.32
2024-04-16,UA-61,10.6,12.4,86,3.74
2024-04-16,UA-63,12.4,3.9,88,1.46
2024-04-16,UA-65,17.5,0.0,72,5.29
2024-04-16,UA-68,11.2,9.6,84,3.3
2024-04-16,UA-71,13.8,0.0,84,2.56
2024-04-16,UA-74,10.8,3.1,82,3.06
2024-04-16,UA-77,14.6,3.4,78,3.68
2024-04-17,UA-05,6.4,13.5,92,3.72
2024-04-17,UA-07,8.6,0.0,66,1.3
2024-04-17,UA-09,20.0,0.0,45,5.71
2024-04-17,UA-12,17.9,0.0,65,5.55
2024-04-17,UA-14,18.2,0.0,52,4.62
2024-04-17,UA-18,7.6,9.9,82,2.34
2024-04-17,UA-21,9.8,0.0,71,2.24
2024-04-17,UA-23,16.6,0.0,63,6.22
2024-04-17,UA-26,7.2,3.4,82,1.2
2024-04-17,UA-30,7.8,12.6,89,3.41
2024-04-17,UA-32,7.4,14.6,92,3.81
2024-04-17,UA-35,14.4,6.5,85,3.54
2024-04-17,UA-40,15.9,0.0,67,5.12
2024-04-17,UA-43,18.6,0.0,48,4.33
2024-04-17,UA-46,7.8,0.2,74,1.27
2024-04-17,UA-48,17.4,0.0,72,5.54
2024-04-17,UA-51,16.8,0.1,76,3.58
2024-04-17,UA-53,14.6,1.1,83,3.85
2024-04-17,UA-56,8.5,0.1,71,1.44
2024-04-17,UA-59,11.3,11.7,93,3.5
2024-04-17,UA-61,7.4,1.2,76,1.49
2024-04-17,UA-63,16.8,0.0,74,4.03
2024-04-17,UA-65,17.1,0.0,67,5.7
2024-04-17,UA-68,6.8,7.1,84,2.38
2024-04-17,UA-71,10.0,11.4,91,3.46
2024-04-17,UA-74,8.3,11.6,83,2.41
2024-04-17,UA-77,6.8,11.0,89,2.45
2024-04-18,UA-05,5.6,14.1,93,4.18
2024-04-18,UA-07,6.9,6.4,82,4.16
2024-04-18,UA-09,21.4,0.3,44,3.99
2024-04-18,UA-12,15.6,2.1,73,3.73
2024-04-18,UA-14,18.9,0.5,54,3.99
2024-04-18,UA-18,6.2,10.8,89,4.51
2024-04-18,UA-21,8.1,0.7,65,4.62
2024-04-18,UA-23,16.2,0.5,67,3.89
2024-04-18,UA-26,6.1,9.3,90,4.24
2024-04-18,UA-30,6.9,15.9,92,4.7
2024-04-18,UA-32,6.2,17.9,94,4.33
2024-04-18,UA-35,12.0,6.8,90,3.84
2024-04-18,UA-40,14.6,0.0,78,4.0
2024-04-18,UA-43,16.5,0.3,65,3.76
2024-04-18,UA-46,5.5,6.3,84,4.49
2024-04-18,UA-48,14.2,0.7,78,5.02
2024-04-18,UA-51,11.0,2.6,85,4.19
2024-04-18,UA-53,14.0,3.9,81,3.3
2024-04-18,UA-56,7.4,5.7,83,4.0
2024-04-18,UA-59,12.6,4.5,87,3.21
2024-04-18,UA-61,6.3,7.9,86,4.07
2024-04-18,UA-63,15.7,4.8,73,3.17
2024-04-18,UA-65,14.5,0.5,73,4.72
2024-04-18,UA-68,6.0,8.3,89,4.26
2024-04-18,UA-71,8.8,6.7,95,3.18
2024-04-18,UA-74,7.3,11.8,91,4.16
2024-04-18,UA-77,6.2,12.2,90,4.1
2024-04-19,UA-05,5.5,1.6,75,4.68
2024-04-19,UA-07,5.8,0.9,71,5.31
2024-04-19,UA-09,13.8,0.3,54,4.41
2024-04-19,UA-12,10.4,0.2,65,5.23
2024-04-19,UA-14,12.1,0.0,52,4.62
2024-04-19,UA-18,5.3,3.4,82,5.47
2024-04-19,UA-21,7.3,0.4,65,2.67
2024-04-19,UA-23,11.1,0.0,62,5.0
2024-04-19,UA-26,5.3,0.5,72,3.99
2024-04-19,UA-30,6.5,5.6,82,5.16
2024-04-19,UA-32,6.2,2.4,75,5.04
2024-04-19,UA-35,7.6,0.9,72,4.7
2024-04-19,UA-40,12.0,0.2,75,3.68
2024-04-19,UA-43,10.9,0.2,73,3.24
2024-04-19,UA-46,5.3,0.4,70,4.96
2024-04-19,UA-48,10.0,0.0,71,4.06
2024-04-19,UA-51,9.8,0.0,67,3.67
2024-04-19,UA-53,8.4,3.1,77,5.04
2024-04-19,UA-56,5.7,1.2,73,5.14
2024-04-19,UA-59,8.1,2.0,80,6.49
2024-04-19,UA-61,4.8,1.7,76,4.82
2024-04-19,UA-63,9.6,1.2,75,5.63
2024-04-19,UA-65,9.7,0.0,71,3.77
2024-04-19,UA-68,4.9,2.0,77,4.89
2024-04-19,UA-71,7.7,1.5,74,4.8
2024-04-19,UA-74,6.2,4.7,86,6.29
2024-04-19,UA-77,6.4,0.2,64,3.84
2024-04-20,UA-05,8.4,0.9,63,2.88
2024-04-20,UA-07,8.4,0.0,60,3.92
2024-04-20,UA-09,15.4,0.0,46,5.35
2024-04-20,UA-12,12.8,1.0,61,5.32
2024-04-20,UA-14,14.4,0.0,49,4.86
2024-04-20,UA-18,8.2,0.5,65,3.24
2024-04-20,UA-21,8.7,0.4,64,2.85
2024-04-20,UA-23,13.0,1.4,61,5.99
2024-04-20,UA-26,7.9,0.0,60,2.37
2024-04-20,UA-30,8.6,1.0,65,2.94
2024-04-20,UA-32,8.5,1.0,64,2.99
2024-04-20,UA-35,9.5,10.8,69,4.68
2024-04-20,UA-40,13.5,2.6,80,5.11
2024-04-20,UA-43,12.2,2.8,80,5.23
2024-04-20,UA-46,7.9,0.1,61,3.45
2024-04-20,UA-48,11.0,11.9,73,5.6
2024-04-20,UA-51,10.1,23.3,78,5.75
2024-04-20,UA-53,10.3,3.7,66,4.3
2024-04-20,UA-56,8.2,0.0,63,3.46
2024-04-20,UA-59,9.8,3.6,63,3.23
2024-04-20,UA-61,7.5,0.0,63,2.92
2024-04-20,UA-63,11.7,2.0,60,3.43
2024-04-20,UA-65,10.7,6.3,72,5.11
2024-04-20,UA-68,7.5,1.2,73,3.05
2024-04-20,UA-71,9.6,9.1,69,3.58
2024-04-20,UA-74,8.8,0.0,62,3.27
2024-04-20,UA-77,8.3,0.8,69,2.56
2024-04-21,UA-05,5.7,11.8,89,6.0
2024-04-21,UA-07,7.3,1.6,77,3.91
2024-04-21,UA-09,15.9,0.0,59,5.72
2024-04-21,UA-12,13.5,0.7,67,7.75
2024-04-21,UA-14,13.7,0.1,63,5.66
2024-04-21,UA-18,5.2,14.2,90,6.5
2024-04-21,UA-21,8.6,1.5,70,3.51
2024-04-21,UA-23,12.5,0.0,70,7.96
2024-04-21,UA-26,8.1,0.7,72,3.33
2024-04-21,UA-30,7.4,25.9,92,5.95
2024-04-21,UA-32,5.9,22.3,94,6.29
2024-04-21,UA-35,10.5,13.6,88,5.55
2024-04-21,UA-40,11.5,2.4,82,7.43
2024-04-21,UA-43,10.0,1.2,79,6.1
2024-04-21,UA-46,7.1,2.2,77,3.45
2024-04-21,UA-48,10.3,4.3,85,5.45
2024-04-21,UA-51,8.4,3.4,83,6.86
2024-04-21,UA-53,12.7,6.3,71,7.62
2024-04-21,UA-56,7.2,0.8,75,4.63
2024-04-21,UA-59,14.1,3.7,66,7.21
2024-04-21,UA-61,7.5,1.4,76,3.62
2024-04-21,UA-63,15.2,0.5,56,6.93
2024-04-21,UA-65,10.4,1.9,84,5.71
2024-04-21,UA-68,6.7,1.4,75,5.24
2024-04-21,UA-71,10.7,26.5,87,5.01
2024-04-21,UA-74,9.8,26.6,89,4.3
2024-04-21,UA-77,9.6,0.1,67,3.82
2024-04-22,UA-05,8.5,0.3,71,2.46
2024-04-22,UA-07,6.3,0.7,75,3.82
2024-04-22,UA-09,14.4,0.1,50,3.12
2024-04-22,UA-12,12.0,1.1,66,3.98
2024-04-22,UA-14,13.1,2.0,58,3.09
2024-04-22,UA-18,7.7,0.3,76,4.06
2024-04-22,UA-21,6.6,6.6,83,2.79
2024-04-22,UA-23,12.3,0.8,70,3.5
2024-04-22,UA-26,6.6,3.5,84,1.89
2024-04-22,UA-30,7.7,0.6,78,4.46
2024-04-22,UA-32,8.2,0.0,74,3.3
2024-04-22,UA-35,9.4,0.4,77,2.67
2024-04-22,UA-40,12.4,0.3,83,5.71
2024-04-22,UA-43,11.6,0.3,76,3.49
2024-04-22,UA-46,5.3,3.5,83,2.37
2024-04-22,UA-48,9.9,8.8,85,2.42
2024-04-22,UA-51,8.9,4.2,89,3.35
2024-04-22,UA-53,9.5,3.5,73,4.25
2024-04-22,UA-56,7.1,0.9,75,3.83
2024-04-22,UA-59,8.2,2.7,78,5.23
2024-04-22,UA-61,6.2,3.4,83,2.23
2024-04-22,UA-63,10.3,2.5,68,4.77
2024-04-22,UA-65,10.3,6.5,85,2.84
2024-04-22,UA-68,7.0,3.3,79,2.57
2024-04-22,UA-71,9.6,0.4,72,3.37
2024-04-22,UA-74,7.5,6.5,79,5.37
2024-04-22,UA-77,7.3,2.9,85,2.16
2024-04-23,UA-05,10.3,1.8,74,2.44
2024-04-23,UA-07,6.2,0.1,75,2.7
2024-04-23,UA-09,12.9,1.9,69,2.31
2024-04-23,UA-12,12.9,0.1,69,2.48
2024-04-23,UA-14,12.7,0.8,67,2.53
2024-04-23,UA-18,8.9,0.2,79,2.26
2024-04-23,UA-21,10.5,2.5,71,2.44
2024-04-23,UA-23,13.1,0.0,71,2.46
2024-04-23,UA-26,8.0,2.7,80,4.27
2024-04-23,UA-30,9.8,0.8,77,1.86
2024-04-23,UA-32,10.4,0.6,71,1.99
2024-04-23,UA-35,11.8,0.1,73,2.33
2024-04-23,UA-40,12.9,0.0,81,2.87
2024-04-23,UA-43,13.7,0.0,71,1.88
2024-04-23,UA-46,6.7,0.4,80,3.57
2024-04-23,UA-48,13.4,0.1,71,2.86
2024-04-23,UA-51,11.1,1.3,80,2.3
2024-04-23,UA-53,11.3,0.6,70,1.85
2024-04-23,UA-56,7.1,0.2,79,2.54
2024-04-23,UA-59,10.4,0.3,69,1.22
2024-04-23,UA-61,7.5,2.0,82,3.43
2024-04-23,UA-63,10.6,1.6,73,1.97
2024-04-23,UA-65,13.7,0.1,69,2.8
2024-04-23,UA-68,8.7,1.8,81,2.81
2024-04-23,UA-71,11.8,0.1,71,2.36
2024-04-23,UA-74,9.0,0.3,76,1.96
2024-04-23,UA-77,9.4,3.5,80,4.22
2024-04-24,UA-05,10.2,10.2,93,3.54
2024-04-24,UA-07,9.1,11.9,89,3.63
2024-04-24,UA-09,13.4,0.1,65,5.24
2024-04-24,UA-12,15.4,1.3,65,6.36
2024-04-24,UA-14,14.0,0.3,65,5.46
2024-04-24,UA-18,9.6,15.7,93,4.23
2024-04-24,UA-21,10.1,7.1,89,1.82
2024-04-24,UA-23,15.1,2.4,66,7.25
2024-04-24,UA-26,10.5,2.5,82,2.92
2024-04-24,UA-30,10.1,14.8,91,4.96
2024-04-24,UA-32,10.8,11.4,93,4.24
2024-04-24,UA-35,14.6,4.4,78,5.16
2024-04-24,UA-40,16.3,1.0,68,7.06
2024-04-24,UA-43,19.2,0.2,55,4.31
2024-04-24,UA-46,9.2,7.4,86,2.85
2024-04-24,UA-48,14.7,4.4,80,4.69
2024-04-24,UA-51,13.3,1.9,87,4.66
2024-04-24,UA-53,12.4,3.8,72,6.16
2024-04-24,UA-56,9.7,11.8,87,3.72
2024-04-24,UA-59,10.3,6.0,77,6.09
2024-04-24,UA-61,9.5,6.7,86,3.61
2024-04-24,UA-63,11.2,1.9,74,5.56
2024-04-24,UA-65,15.3,4.3,77,4.38
2024-04-24,UA-68,9.8,12.3,90,3.85
2024-04-24,UA-71,13.0,9.2,84,4.68
2024-04-24,UA-74,9.8,19.7,88,5.7
2024-04-24,UA-77,11.8,7.6,80,3.08
2024-04-25,UA-05,11.7,17.1,86,2.28
2024-04-25,UA-07,8.8,0.0,82,3.08
2024-04-25,UA-09,22.4,0.1,42,6.41
2024-04-25,UA-12,16.4,0.1,75,1.61
2024-04-25,UA-14,20.1,0.1,51,4.51
2024-04-25,UA-18,11.4,16.4,84,2.39
2024-04-25,UA-21,7.8,2.0,85,2.05
2024-04-25,UA-23,16.4,0.6,74,1.96
2024-04-25,UA-26,9.3,0.0,75,2.08
2024-04-25,UA-30,13.3,0.2,80,2.18
2024-04-25,UA-32,13.8,0.0,77,2.0
2024-04-25,UA-35,15.6,0.0,77,1.85
2024-04-25,UA-40,15.4,0.1,80,2.36
2024-04-25,UA-43,19.1,0.3,65,1.53
2024-04-25,UA-46,7.9,0.4,80,3.03
2024-04-25,UA-48,15.4,0.0,82,1.86
2024-04-25,UA-51,13.5,1.3,92,2.09
2024-04-25,UA-53,15.4,0.0,79,1.81
2024-04-25,UA-56,9.6,0.4,79,2.77
2024-04-25,UA-59,16.0,0.2,73,2.06
2024-04-25,UA-61,9.0,0.0,75,2.64
2024-04-25,UA-63,17.3,0.0,70,2.4
2024-04-25,UA-65,15.6,0.2,82,1.9
2024-04-25,UA-68,10.1,14.0,84,2.28
2024-04-25,UA-71,14.7,0.0,79,1.71
2024-04-25,UA-74,13.7,0.0,75,2.21
2024-04-25,UA-77,10.5,8.2,81,1.94
2024-04-26,UA-05,9.1,1.5,86,3.03
2024-04-26,UA-07,9.4,0.0,67,1.65
2024-04-26,UA-09,20.5,0.3,45,4.49
2024-04-26,UA-12,17.2,0.9,79,2.45
2024-04-26,UA-14,19.0,0.0,55,2.81
2024-04-26,UA-18,9.4,2.8,85,3.11
2024-04-26,UA-21,9.0,0.3,73,1.48
2024-04-26,UA-23,17.7,1.1,74,2.48
2024-04-26,UA-26,9.9,0.0,68,1.62
2024-04-26,UA-30,11.2,0.3,83,3.49
2024-04-26,UA-32,11.1,0.7,85,3.28
2024-04-26,UA-35,15.9,1.1,83,2.13
2024-04-26,UA-40,14.2,4.0,87,3.66
2024-04-26,UA-43,17.0,2.6,74,2.73
2024-04-26,UA-46,9.1,0.4,68,1.5
2024-04-26,UA-48,16.5,0.0,79,2.82
2024-04-26,UA-51,13.8,0.2,82,3.42
2024-04-26,UA-53,15.7,8.1,87,2.27
2024-04-26,UA-56,10.0,0.0,69,2.64
2024-04-26,UA-59,15.6,8.2,87,2.56
2024-04-26,UA-61,9.2,0.0,69,2.16
2024-04-26,UA-63,16.5,2.8,82,2.33
2024-04-26,UA-65,16.4,0.7,81,2.89
2024-04-26,UA-68,9.2,2.9,77,2.89
2024-04-26,UA-71,14.3,4.0,83,2.39
2024-04-26,UA-74,11.9,0.2,81,3.41
2024-04-26,UA-77,10.5,0.7,72,2.53
2024-04-27,UA-05,11.8,0.0,64,1.55
2024-04-27,UA-07,12.6,0.5,63,2.77
2024-04-27,UA-09,21.1,0.0,54,1.61
2024-04-27,UA-12,15.8,0.0,74,3.29
2024-04-27,UA-14,20.1,0.0,59,2.16
2024-04-27,UA-18,11.4,0.0,65,1.67
2024-04-27,UA-21,13.1,0.0,61,2.32
2024-04-27,UA-23,16.1,0.0,74,3.64
2024-04-27,UA-26,11.6,0.0,67,2.08
2024-04-27,UA-30,11.9,0.0,70,2.47
2024-04-27,UA-32,12.4,0.0,67,2.18
2024-04-27,UA-35,13.9,0.0,70,2.89
2024-04-27,UA-40,14.4,0.0,84,4.14
2024-04-27,UA-43,16.2,0.4,71,1.85
2024-04-27,UA-46,11.8,0.1,63,2.65
2024-04-27,UA-48,16.0,0.0,62,3.47
2024-04-27,UA-51,14.6,0.0,64,3.34
2024-04-27,UA-53,13.6,0.0,76,3.18
2024-04-27,UA-56,12.0,0.3,62,2.73
2024-04-27,UA-59,13.2,0.0,79,3.22
2024-04-27,UA-61,11.6,0.2,69,2.7
2024-04-27,UA-63,15.2,0.0,78,3.26
2024-04-27,UA-65,16.1,0.0,62,3.1
2024-04-27,UA-68,11.3,0.0,66,2.19
2024-04-27,UA-71,13.2,0.2,70,2.97
2024-04-27,UA-74,11.5,0.0,68,3.0
2024-04-27,UA-77,12.1,1.0,71,2.32
2024-04-28,UA-05,14.2,0.0,57,1.84
2024-04-28,UA-07,15.5,0.0,59,2.77
2024-04-28,UA-09,20.9,0.0,57,2.68
2024-04-28,UA-12,14.1,6.3,75,5.15
2024-04-28,UA-14,20.2,0.2,61,3.71
2024-04-28,UA-18,13.6,0.0,61,2.08
2024-04-28,UA-21,15.2,0.0,61,2.38
2024-04-28,UA-23,14.0,9.8,80,6.77
2024-04-28,UA-26,14.7,0.0,63,2.75
2024-04-28,UA-30,13.5,0.0,64,1.85
2024-04-28,UA-32,13.9,0.0,60,1.84
2024-04-28,UA-35,13.9,0.0,65,4.16
2024-04-28,UA-40,15.3,14.9,86,5.99
2024-04-28,UA-43,15.4,11.2,85,4.1
2024-04-28,UA-46,14.8,0.0,61,3.13
2024-04-28,UA-48,15.3,1.1,61,5.22
2024-04-28,UA-51,15.4,0.0,59,5.41
2024-04-28,UA-53,12.6,0.0,71,4.32
2024-04-28,UA-56,14.9,0.1,61,2.49
2024-04-28,UA-59,12.1,0.2,75,3.49
2024-04-28,UA-61,14.6,0.0,62,2.8
2024-04-28,UA-63,13.7,2.7,74,4.07
2024-04-28,UA-65,13.9,5.7,71,5.08
2024-04-28,UA-68,14.1,0.0,62,2.23
2024-04-28,UA-71,13.8,0.0,64,2.97
2024-04-28,UA-74,12.8,0.0,64,1.85
2024-04-28,UA-77,15.1,0.0,62,2.65
2024-04-29,UA-05,14.7,0.0,54,2.95
2024-04-29,UA-07,16.6,0.0,54,4.1
2024-04-29,UA-09,15.9,3.0,74,5.37
2024-04-29,UA-12,15.6,2.4,59,5.64
2024-04-29,UA-14,15.3,3.4,73,5.02
2024-04-29,UA-18,14.5,0.0,57,2.52
2024-04-29,UA-21,17.0,0.0,65,1.72
2024-04-29,UA-23,14.2,1.9,69,6.29
2024-04-29,UA-26,16.0,0.0,54,4.53
2024-04-29,UA-30,14.0,0.0,60,3.02
2024-04-29,UA-32,14.4,0.0,56,3.24
2024-04-29,UA-35,15.5,0.0,53,5.54
2024-04-29,UA-40,15.2,9.2,89,4.21
2024-04-29,UA-43,14.6,8.7,92,4.55
2024-04-29,UA-46,16.3,0.0,54,4.99
2024-04-29,UA-48,17.0,0.0,54,6.25
2024-04-29,UA-51,16.5,0.0,54,6.88
2024-04-29,UA-53,14.5,0.0,53,5.6
2024-04-29,UA-56,15.8,0.0,56,3.53
2024-04-29,UA-59,13.5,0.0,54,4.91
2024-04-29,UA-61,15.5,0.0,56,4.02
2024-04-29,UA-63,14.8,0.0,54,5.27
2024-04-29,UA-65,16.4,0.3,58,5.83
2024-04-29,UA-68,15.0,0.0,55,2.88
2024-04-29,UA-71,14.9,0.0,57,4.07
2024-04-29,UA-74,13.6,0.0,60,2.84
2024-04-29,UA-77,15.9,0.0,53,2.92
2024-04-30,UA-05,15.5,0.0,50,2.86
2024-04-30,UA-07,16.5,0.0,50,4.51
2024-04-30,UA-09,14.6,0.0,51,5.16
2024-04-30,UA-12,15.7,0.0,49,4.78
2024-04-30,UA-14,14.7,0.0,47,5.17
2024-04-30,UA-18,14.8,0.0,56,2.73
2024-04-30,UA-21,17.4,0.0,55,2.72
2024-04-30,UA-23,15.1,0.0,51,6.26
2024-04-30,UA-26,15.8,0.0,51,5.27
2024-04-30,UA-30,14.7,0.0,58,2.54
2024-04-30,UA-32,15.0,0.0,55,2.62
2024-04-30,UA-35,15.6,0.0,53,4.12
2024-04-30,UA-40,15.3,0.8,75,5.89
2024-04-30,UA-43,13.8,2.4,77,7.15
2024-04-30,UA-46,16.1,0.0,50,5.89
2024-04-30,UA-48,17.3,0.0,45,6.07
2024-04-30,UA-51,16.9,0.0,47,6.58
2024-04-30,UA-53,14.7,0.0,52,3.56
2024-04-30,UA-56,16.0,0.0,53,3.62
2024-04-30,UA-59,14.5,0.0,55,1.93
2024-04-30,UA-61,15.4,0.0,52,4.39
2024-04-30,UA-63,14.7,0.0,53,3.33
2024-04-30,UA-65,16.8,0.0,46,6.14
2024-04-30,UA-68,15.1,0.0,54,3.19
2024-04-30,UA-71,15.6,0.0,56,3.07
2024-04-30,UA-74,14.3,0.0,59,2.5
2024-04-30,UA-77,15.8,0.0,50,3.28
2024-05-01,UA-05,16.5,0.0,49,2.06
2024-05-01,UA-07,17.5,0.0,49,3.89
2024-05-01,UA-09,15.8,0.0,48,2.39
2024-05-01,UA-12,17.0,0.0,47,2.98
2024-05-01,UA-14,16.1,0.0,42,3.04
2024-05-01,UA-18,15.9,0.0,55,2.03
2024-05-01,UA-21,18.3,0.0,48,4.08
2024-05-01,UA-23,16.5,0.0,49,4.56
2024-05-01,UA-26,16.8,0.0,47,5.31
2024-05-01,UA-30,16.8,0.0,55,1.35
2024-05-01,UA-32,16.5,0.0,53,1.62
2024-05-01,UA-35,16.4,0.0,51,2.69
2024-05-01,UA-40,14.9,0.0,74,4.93
2024-05-01,UA-43,13.7,0.0,70,6.61
2024-05-01,UA-46,17.1,0.0,47,5.43
2024-05-01,UA-48,17.9,0.0,42,4.65
2024-05-01,UA-51,17.4,0.0,43,4.97
2024-05-01,UA-53,16.1,0.0,53,2.31
2024-05-01,UA-56,16.9,0.0,53,3.08
2024-05-01,UA-59,16.4,0.0,54,2.52
2024-05-01,UA-61,16.3,0.0,50,4.18
2024-05-01,UA-63,16.5,0.0,50,2.39
2024-05-01,UA-65,17.5,0.0,41,4.95
2024-05-01,UA-68,16.1,0.0,53,2.76
2024-05-01,UA-71,16.9,0.0,57,1.87
2024-05-01,UA-74,15.7,0.0,60,2.04
2024-05-01,UA-77,16.5,0.0,47,3.39
2024-05-02,UA-05,17.5,0.0,47,1.78
2024-05-02,UA-07,17.4,0.0,50,2.87
2024-05-02,UA-09,16.3,0.0,56,2.66
2024-05-02,UA-12,18.3,0.0,47,3.02
2024-05-02,UA-14,17.6,0.0,43,2.61
2024-05-02,UA-18,17.0,0.0,54,2.08
2024-05-02,UA-21,17.7,0.0,49,3.36
2024-05-02,UA-23,18.2,0.0,51,3.97
2024-05-02,UA-26,17.1,0.0,44,3.72
2024-05-02,UA-30,17.6,0.0,56,2.38
2024-05-02,UA-32,17.7,0.0,51,2.04
2024-05-02,UA-35,18.0,0.0,51,2.95
2024-05-02,UA-40,14.4,0.0,82,2.73
2024-05-02,UA-43,15.3,0.0,60,4.72
2024-05-02,UA-46,16.9,0.0,46,3.7
2024-05-02,UA-48,19.7,0.0,39,4.09
2024-05-02,UA-51,19.1,0.0,41,4.34
2024-05-02,UA-53,17.5,0.0,50,3.04
2024-05-02,UA-56,16.9,0.0,55,2.1
2024-05-02,UA-59,16.4,0.1,55,3.44
2024-05-02,UA-61,16.6,0.0,50,3.11
2024-05-02,UA-63,16.9,0.0,54,2.75
2024-05-02,UA-65,19.1,0.0,39,4.0
2024-05-02,UA-68,16.7,0.0,53,1.87
2024-05-02,UA-71,18.5,0.0,52,2.52
2024-05-02,UA-74,17.4,0.0,53,2.95
2024-05-02,UA-77,17.7,0.0,42,2.47
2024-05-03,UA-05,17.1,0.0,50,3.42
2024-05-03,UA-07,17.0,0.0,57,3.27
2024-05-03,UA-09,13.3,0.0,52,4.07
2024-05-03,UA-12,16.0,0.0,51,4.17
2024-05-03,UA-14,15.1,0.0,46,3.8
2024-05-03,UA-18,15.5,0.0,57,3.49
2024-05-03,UA-21,18.4,0.0,55,2.26
2024-05-03,UA-23,16.7,0.0,52,5.09
2024-05-03,UA-26,17.3,0.0,51,2.48
2024-05-03,UA-30,14.6,0.0,56,3.63
2024-05-03,UA-32,15.9,0.0,54,3.42
2024-05-03,UA-35,16.8,0.0,50,3.98
2024-05-03,UA-40,15.6,0.0,77,2.26
2024-05-03,UA-43,16.5,0.0,63,2.63
2024-05-03,UA-46,17.5,0.0,50,3.25
2024-05-03,UA-48,19.9,0.0,41,3.88
2024-05-03,UA-51,20.0,0.0,42,3.42
2024-05-03,UA-53,13.8,0.0,51,4.32
2024-05-03,UA-56,16.7,0.0,59,3.32
2024-05-03,UA-59,11.3,0.0,53,4.57
2024-05-03,UA-61,16.9,0.0,53,3.42
2024-05-03,UA-63,12.2,0.0,51,4.36
2024-05-03,UA-65,19.1,0.0,42,3.95
2024-05-03,UA-68,16.7,0.0,53,3.52
2024-05-03,UA-71,15.7,0.0,55,3.86
2024-05-03,UA-74,13.2,0.0,54,3.86
2024-05-03,UA-77,18.3,0.0,44,2.95
2024-05-04,UA-05,13.8,0.0,49,2.63
2024-05-04,UA-07,15.2,0.0,56,2.29
2024-05-04,UA-09,6.9,0.0,38,4.01
2024-05-04,UA-12,10.0,0.0,42,4.39
2024-05-04,UA-14,7.8,0.0,35,3.96
2024-05-04,UA-18,13.0,0.0,55,2.37
2024-05-04,UA-21,18.8,0.0,53,2.29
2024-05-04,UA-23,11.1,0.0,41,5.67
2024-05-04,UA-26,15.7,0.0,54,2.51
2024-05-04,UA-30,12.3,0.0,53,2.36
2024-05-04,UA-32,12.6,0.0,52,2.61
2024-05-04,UA-35,11.6,0.0,46,3.84
2024-05-04,UA-40,14.7,0.1,71,4.33
2024-05-04,UA-43,12.4,1.7,69,5.22
2024-05-04,UA-46,15.6,0.0,57,2.55
2024-05-04,UA-48,14.6,0.0,38,5.47
2024-05-04,UA-51,15.7,0.0,41,6.07
2024-05-04,UA-53,9.1,0.0,42,3.52
2024-05-04,UA-56,14.6,0.0,57,2.27
2024-05-04,UA-59,9.1,0.0,47,2.33
2024-05-04,UA-61,14.6,0.0,55,2.57
2024-05-04,UA-63,8.1,0.0,40,3.0
2024-05-04,UA-65,13.9,0.0,38,5.34
2024-05-04,UA-68,13.7,0.0,56,2.52
2024-05-04,UA-71,12.0,0.0,53,3.0
2024-05-04,UA-74,11.8,0.0,52,1.91
2024-05-04,UA-77,16.1,0.0,46,2.38
2024-05-05,UA-05,16.3,0.0,46,3.51
2024-05-05,UA-07,17.9,0.0,53,3.33
2024-05-05,UA-09,11.4,0.0,35,2.4
2024-05-05,UA-12,13.5,0.0,40,3.29
2024-05-05,UA-14,10.3,0.0,38,2.08
2024-05-05,UA-18,15.9,0.2,57,3.76
2024-05-05,UA-21,17.9,0.0,60,2.22
2024-05-05,UA-23,12.4,0.0,42,2.94
2024-05-05,UA-26,16.6,0.0,51,1.37
2024-05-05,UA-30,15.8,0.2,56,3.76
2024-05-05,UA-32,16.1,0.1,50,3.81
2024-05-05,UA-35,14.5,0.0,44,3.85
2024-05-05,UA-40,12.4,0.0,57,4.12
2024-05-05,UA-43,9.2,0.0,58,3.45
2024-05-05,UA-46,16.9,0.0,55,2.31
2024-05-05,UA-48,13.6,0.0,43,2.76
2024-05-05,UA-51,13.1,0.0,47,3.53
2024-05-05,UA-53,13.7,0.0,42,4.65
2024-05-05,UA-56,17.4,0.1,54,3.48
2024-05-05,UA-59,14.4,0.2,51,4.95
2024-05-05,UA-61,16.4,0.0,50,2.39
2024-05-05,UA-63,14.1,0.0,38,4.92
2024-05-05,UA-65,12.6,0.0,43,2.57
2024-05-05,UA-68,16.0,0.0,53,2.87
2024-05-05,UA-71,15.8,0.0,47,4.17
2024-05-05,UA-74,15.4,0.3,58,3.84
2024-05-05,UA-77,17.0,0.0,44,1.42
2024-05-06,UA-05,17.6,1.5,56,3.72
2024-05-06,UA-07,17.3,2.5,69,3.46
2024-05-06,UA-09,16.9,0.0,42,4.66
2024-05-06,UA-12,18.2,0.0,44,4.41
2024-05-06,UA-14,16.0,0.1,42,3.79
2024-05-06,UA-18,16.8,4.2,66,3.48
2024-05-06,UA-21,18.7,0.0,66,3.1
2024-05-06,UA-23,16.0,0.0,53,5.9
2024-05-06,UA-26,18.2,1.2,59,3.77
2024-05-06,UA-30,17.2,3.9,66,3.63
2024-05-06,UA-32,18.2,1.5,54,3.51
2024-05-06,UA-35,18.2,0.0,44,4.8
2024-05-06,UA-40,13.0,0.0,63,2.03
2024-05-06,UA-43,11.0,0.0,62,1.77
2024-05-06,UA-46,17.8,2.0,66,3.68
2024-05-06,UA-48,15.2,0.0,56,5.14
2024-05-06,UA-51,14.6,0.0,58,5.31
2024-05-06,UA-53,18.5,0.0,47,3.86
2024-05-06,UA-56,17.6,3.2,64,3.56
2024-05-06,UA-59,17.1,0.5,59,3.23
2024-05-06,UA-61,17.6,1.7,61,3.8
2024-05-06,UA-63,18.4,0.0,47,3.03
2024-05-06,UA-65,14.4,0.0,57,4.52
2024-05-06,UA-68,17.0,1.5,58,3.44
2024-05-06,UA-71,19.1,0.0,47,3.94
2024-05-06,UA-74,16.7,2.4,69,3.57
2024-05-06,UA-77,18.3,1.0,56,2.25
2024-05-07,UA-05,15.0,8.6,70,4.17
2024-05-07,UA-07,12.2,4.4,76,4.26
2024-05-07,UA-09,19.3,0.0,39,5.0
2024-05-07,UA-12,17.4,6.9,52,5.84
2024-05-07,UA-14,17.8,0.0,36,4.39
2024-05-07,UA-18,13.3,1.6,71,5.01
2024-05-07,UA-21,15.8,4.6,80,2.98
2024-05-07,UA-23,15.8,1.3,51,5.87
2024-05-07,UA-26,14.9,3.7,73,3.23
2024-05-07,UA-30,13.3,2.6,73,5.27
2024-05-07,UA-32,15.1,4.2,67,4.83
2024-05-07,UA-35,16.3,15.4,70,5.13
2024-05-07,UA-40,13.1,0.0,66,3.25
2024-05-07,UA-43,12.7,0.0,56,2.79
2024-05-07,UA-46,13.2,4.4,79,3.36
2024-05-07,UA-48,15.2,3.9,72,5.4
2024-05-07,UA-51,15.4,5.1,77,5.58
2024-05-07,UA-53,15.5,8.7,65,5.85
2024-05-07,UA-56,12.6,3.1,75,4.3
2024-05-07,UA-59,13.1,9.8,71,6.48
2024-05-07,UA-61,13.9,1.0,72,3.88
2024-05-07,UA-63,16.0,9.2,64,5.89
2024-05-07,UA-65,14.8,0.4,66,4.78
2024-05-07,UA-68,14.0,0.4,71,4.19
2024-05-07,UA-71,15.9,5.9,67,5.08
2024-05-07,UA-74,11.2,7.2,82,5.15
2024-05-07,UA-77,16.8,7.9,70,3.15
2024-05-08,UA-05,10.8,0.0,58,2.33
2024-05-08,UA-07,10.4,0.0,62,1.9
2024-05-08,UA-09,10.6,0.5,56,4.12
2024-05-08,UA-12,9.9,0.0,61,4.33
2024-05-08,UA-14,10.0,1.9,60,3.38
2024-05-08,UA-18,10.0,0.0,61,2.34
2024-05-08,UA-21,14.5,1.6,73,2.96
2024-05-08,UA-23,11.5,1.6,61,4.94
2024-05-08,UA-26,11.3,0.0,65,3.15
2024-05-08,UA-30,9.8,0.0,62,2.84
2024-05-08,UA-32,10.3,0.0,60,2.49
2024-05-08,UA-35,10.0,0.0,61,3.73
2024-05-08,UA-40,14.3,0.0,79,1.87
2024-05-08,UA-43,12.6,2.7,76,2.42
2024-05-08,UA-46,10.8,0.0,62,3.35
2024-05-08,UA-48,13.6,0.2,53,4.6
2024-05-08,UA-51,13.6,0.2,61,4.96
2024-05-08,UA-53,8.5,0.0,57,3.81
2024-05-08,UA-56,10.4,0.0,62,1.88
2024-05-08,UA-59,7.9,0.0,59,3.67
2024-05-08,UA-61,10.3,0.0,61,2.8
2024-05-08,UA-63,8.2,0.0,58,3.86
2024-05-08,UA-65,12.9,1.4,56,3.93
2024-05-08,UA-68,10.2,0.0,62,2.34
2024-05-08,UA-71,10.4,0.0,60,2.89
2024-05-08,UA-74,9.1,0.0,57,3.36
2024-05-08,UA-77,12.2,0.4,65,2.27
2024-05-09,UA-05,11.9,0.0,57,2.22
2024-05-09,UA-07,11.6,0.0,60,2.18
2024-05-09,UA-09,9.5,0.0,44,2.84
2024-05-09,UA-12,10.7,0.0,53,2.73
2024-05-09,UA-14,10.0,0.0,46,2.23
2024-05-09,UA-18,10.3,0.0,59,2.55
2024-05-09,UA-21,15.8,0.0,56,2.32
2024-05-09,UA-23,12.5,0.0,49,3.41
2024-05-09,UA-26,13.3,0.0,56,1.87
2024-05-09,UA-30,9.2,0.0,55,2.74
2024-05-09,UA-32,10.7,0.0,57,2.34
2024-05-09,UA-35,11.0,0.0,58,2.65
2024-05-09,UA-40,14.4,1.0,80,3.0
2024-05-09,UA-43,12.0,1.1,81,3.87
2024-05-09,UA-46,12.5,0.0,57,2.54
2024-05-09,UA-48,14.3,0.0,45,3.67
2024-05-09,UA-51,14.1,0.0,50,4.08
2024-05-09,UA-53,8.1,0.0,51,3.0
2024-05-09,UA-56,11.3,0.0,61,2.29
2024-05-09,UA-59,6.1,0.0,49,3.13
2024-05-09,UA-61,12.3,0.0,55,2.44
2024-05-09,UA-63,7.4,0.0,48,3.02
2024-05-09,UA-65,13.6,0.0,45,3.64
2024-05-09,UA-68,11.6,0.0,60,2.12
2024-05-09,UA-71,10.6,0.0,58,2.56
2024-05-09,UA-74,7.0,0.0,52,2.53
2024-05-09,UA-77,13.7,0.0,58,1.84
2024-05-10,UA-05,14.0,0.0,54,2.13
2024-05-10,UA-07,14.0,0.0,57,3.23
2024-05-10,UA-09,10.7,0.0,35,1.67
2024-05-10,UA-12,11.8,0.0,49,1.68
2024-05-10,UA-14,10.3,0.0,39,1.51
2024-05-10,UA-18,13.4,0.0,57,2.65
2024-05-10,UA-21,15.3,0.2,66,1.41
2024-05-10,UA-23,13.0,0.0,43,2.32
2024-05-10,UA-26,14.6,0.0,54,1.7
2024-05-10,UA-30,13.0,0.0,57,2.66
2024-05-10,UA-32,13.6,0.0,56,2.03
2024-05-10,UA-35,13.0,0.0,53,1.86
2024-05-10,UA-40,14.7,0.0,62,4.19
2024-05-10,UA-43,12.5,0.0,60,4.31
2024-05-10,UA-46,13.9,0.0,56,2.33
2024-05-10,UA-48,14.7,0.0,43,2.46
2024-05-10,UA-51,14.4,0.0,51,2.7
2024-05-10,UA-53,10.8,0.0,48,2.39
2024-05-10,UA-56,14.1,0.0,55,2.86
2024-05-10,UA-59,10.7,0.5,54,3.68
2024-05-10,UA-61,14.2,0.0,51,2.47
2024-05-10,UA-63,10.8,0.0,46,2.63
2024-05-10,UA-65,14.0,0.0,40,2.88
2024-05-10,UA-68,13.7,0.0,54,2.31
2024-05-10,UA-71,13.8,0.0,53,1.72
2024-05-10,UA-74,12.3,0.6,56,3.95
2024-05-10,UA-77,15.7,0.0,48,1.63
2024-05-11,UA-05,13.3,0.0,57,4.04
2024-05-11,UA-07,12.3,0.0,63,3.77
2024-05-11,UA-09,15.3,0.4,41,2.94
2024-05-11,UA-12,15.0,0.0,48,4.52
2024-05-11,UA-14,14.9,0.0,43,2.62
2024-05-11,UA-18,12.2,0.1,59,4.27
2024-05-11,UA-21,16.0,0.4,64,3.3
2024-05-11,UA-23,15.6,0.0,53,4.27
2024-05-11,UA-26,13.7,0.5,63,3.59
2024-05-11,UA-30,12.3,0.0,60,4.33
2024-05-11,UA-32,13.3,0.0,56,4.06
2024-05-11,UA-35,14.8,0.1,50,4.35
2024-05-11,UA-40,15.0,0.0,63,5.33
2024-05-11,UA-43,13.4,0.0,58,3.68
2024-05-11,UA-46,12.8,1.0,65,3.63
2024-05-11,UA-48,17.3,0.0,48,3.73
2024-05-11,UA-51,16.9,0.0,48,4.28
2024-05-11,UA-53,13.2,0.3,51,4.81
2024-05-11,UA-56,12.5,0.1,62,3.91
2024-05-11,UA-59,10.6,0.3,63,4.94
2024-05-11,UA-61,13.2,0.0,59,3.95
2024-05-11,UA-63,12.9,0.5,52,4.67
2024-05-11,UA-65,17.0,0.1,42,3.22
2024-05-11,UA-68,12.9,0.1,59,4.12
2024-05-11,UA-71,13.8,0.1,58,4.43
2024-05-11,UA-74,10.6,0.0,61,4.56
2024-05-11,UA-77,15.5,1.0,53,3.93
2024-05-12,UA-05,9.2,0.2,57,3.24
2024-05-12,UA-07,9.9,0.2,55,2.48
2024-05-12,UA-09,12.4,0.0,43,4.52
2024-05-12,UA-12,10.4,0.0,51,4.72
2024-05-12,UA-14,12.1,0.0,40,3.81
2024-05-12,UA-18,8.3,0.0,61,3.38
2024-05-12,UA-21,14.2,0.0,48,3.74
2024-05-12,UA-23,11.7,0.0,50,5.95
2024-05-12,UA-26,11.3,0.0,51,2.38
2024-05-12,UA-30,8.1,1.0,65,3.17
2024-05-12,UA-32,8.6,0.3,60,3.15
2024-05-12,UA-35,9.6,0.0,52,4.13
2024-05-12,UA-40,14.4,0.0,65,5.55
2024-05-12,UA-43,12.3,0.0,59,3.29
2024-05-12,UA-46,10.4,0.0,54,3.03
2024-05-12,UA-48,13.0,0.0,42,5.06
2024-05-12,UA-51,13.3,0.0,42,5.36
2024-05-12,UA-53,8.3,0.0,55,4.36
2024-05-12,UA-56,9.8,0.0,55,2.62
2024-05-12,UA-59,6.4,0.0,67,3.9
2024-05-12,UA-61,10.1,0.3,51,2.6
2024-05-12,UA-63,8.6,0.0,59,4.03
2024-05-12,UA-65,13.0,0.0,39,4.84
2024-05-12,UA-68,9.3,0.0,56,3.1
2024-05-12,UA-71,8.9,0.0,58,3.8
2024-05-12,UA-74,7.2,0.1,65,3.34
2024-05-12,UA-77,12.0,0.0,46,2.54
2024-05-13,UA-05,9.9,0.1,55,3.21
2024-05-13,UA-07,11.7,0.0,54,2.92
2024-05-13,UA-09,10.1,0.0,46,3.5
2024-05-13,UA-12,9.4,2.0,62,4.48
2024-05-13,UA-14,11.0,0.6,47,3.62
2024-05-13,UA-18,9.0,1.0,59,3.27
2024-05-13,UA-21,13.1,0.0,55,1.59
2024-05-13,UA-23,10.6,3.8,63,4.34
2024-05-13,UA-26,11.9,0.0,50,1.14
2024-05-13,UA-30,7.5,0.7,65,3.04
2024-05-13,UA-32,8.1,0.7,64,2.87
2024-05-13,UA-35,8.2,0.8,63,4.33
2024-05-13,UA-40,11.8,0.0,57,6.17
2024-05-13,UA-43,9.2,0.5,62,2.73
2024-05-13,UA-46,11.5,0.0,54,2.17
2024-05-13,UA-48,10.2,0.8,53,4.74
2024-05-13,UA-51,11.1,0.2,46,4.93
2024-05-13,UA-53,7.5,1.1,64,3.87
2024-05-13,UA-56,11.7,0.0,53,3.25
2024-05-13,UA-59,6.7,1.0,65,3.37
2024-05-13,UA-61,11.2,0.2,51,2.81
2024-05-13,UA-63,8.0,0.0,59,3.37
2024-05-13,UA-65,9.8,0.6,53,4.38
2024-05-13,UA-68,10.8,0.4,53,3.47
2024-05-13,UA-71,8.0,1.2,63,3.6
2024-05-13,UA-74,6.3,0.8,65,3.18
2024-05-13,UA-77,12.1,0.0,46,2.27
2024-05-14,UA-05,9.2,0.0,58,2.35
2024-05-14,UA-07,10.9,0.0,54,3.42
2024-05-14,UA-09,11.5,0.0,40,3.69
2024-05-14,UA-12,11.0,0.0,46,4.96
2024-05-14,UA-14,11.3,0.3,40,3.87
2024-05-14,UA-18,8.4,0.0,60,2.49
2024-05-14,UA-21,15.1,0.0,52,1.78
2024-05-14,UA-23,11.5,0.3,48,5.89
2024-05-14,UA-26,12.6,0.0,49,2.72
2024-05-14,UA-30,9.0,0.0,56,2.67
2024-05-14,UA-32,9.3,0.0,56,2.66
2024-05-14,UA-35,10.0,0.0,60,4.18
2024-05-14,UA-40,10.6,3.1,70,4.49
2024-05-14,UA-43,8.5,3.3,79,2.44
2024-05-14,UA-46,12.2,0.0,54,3.28
2024-05-14,UA-48,9.2,6.9,77,6.24
2024-05-14,UA-51,9.3,1.8,68,6.7
2024-05-14,UA-53,9.5,0.0,46,4.04
2024-05-14,UA-56,10.0,0.0,56,3.13
2024-05-14,UA-59,8.3,0.0,50,3.35
2024-05-14,UA-61,10.7,0.0,52,3.12
2024-05-14,UA-63,9.3,0.0,44,3.82
2024-05-14,UA-65,8.8,8.9,78,5.57
2024-05-14,UA-68,9.4,0.0,55,2.85
2024-05-14,UA-71,9.7,0.0,58,3.61
2024-05-14,UA-74,7.8,0.0,59,2.35
2024-05-14,UA-77,12.5,0.0,46,2.63
2024-05-15,UA-05,11.4,0.0,49,2.85
2024-05-15,UA-07,11.6,0.0,51,3.92
2024-05-15,UA-09,11.9,0.0,41,4.53
2024-05-15,UA-12,11.9,0.0,49,5.09
2024-05-15,UA-14,10.4,1.8,53,4.5
2024-05-15,UA-18,10.9,0.0,48,3.43
2024-05-15,UA-21,14.9,1.0,59,2.27
2024-05-15,UA-23,11.6,1.0,62,5.34
2024-05-15,UA-26,12.8,0.0,49,4.44
2024-05-15,UA-30,11.0,0.0,47,3.24
2024-05-15,UA-32,11.4,0.0,47,3.07
2024-05-15,UA-35,11.7,0.1,51,3.73
2024-05-15,UA-40,11.5,0.0,71,4.89
2024-05-15,UA-43,9.3,1.4,77,2.21
2024-05-15,UA-46,12.4,0.0,51,4.73
2024-05-15,UA-48,12.6,0.0,53,4.36
2024-05-15,UA-51,13.3,0.0,48,3.98
2024-05-15,UA-53,11.1,0.0,43,4.2
2024-05-15,UA-56,11.4,0.0,52,3.61
2024-05-15,UA-59,10.4,0.0,45,3.83
2024-05-15,UA-61,11.5,0.0,50,3.81
2024-05-15,UA-63,11.1,0.1,42,3.99
2024-05-15,UA-65,11.9,0.1,56,4.36
2024-05-15,UA-68,11.1,0.0,52,2.87
2024-05-15,UA-71,12.0,0.1,51,3.44
2024-05-15,UA-74,9.8,0.0,56,2.69
2024-05-15,UA-77,12.3,0.1,53,3.28
2024-05-16,UA-05,11.6,0.1,55,2.59
2024-05-16,UA-07,12.7,0.0,49,4.19
2024-05-16,UA-09,12.0,0.0,44,2.87
2024-05-16,UA-12,13.3,0.0,44,3.03
2024-05-16,UA-14,10.9,0.3,48,2.83
2024-05-16,UA-18,11.5,0.1,54,2.48
2024-05-16,UA-21,15.9,0.0,58,2.94
2024-05-16,UA-23,13.4,0.0,46,3.81
2024-05-16,UA-26,13.9,0.0,44,4.8
2024-05-16,UA-30,12.2,0.1,50,1.99
2024-05-16,UA-32,12.0,0.1,52,2.38
2024-05-16,UA-35,12.2,0.3,55,2.97
2024-05-16,UA-40,12.7,0.0,75,3.37
2024-05-16,UA-43,10.7,4.4,83,2.33
2024-05-16,UA-46,13.4,0.0,46,5.13
2024-05-16,UA-48,13.6,0.3,61,2.89
2024-05-16,UA-51,12.7,0.1,69,2.57
2024-05-16,UA-53,12.4,0.0,44,2.47
2024-05-16,UA-56,12.3,0.0,50,3.51
2024-05-16,UA-59,11.9,0.0,44,2.2
2024-05-16,UA-61,12.1,0.0,47,4.33
2024-05-16,UA-63,11.7,0.0,45,2.21
2024-05-16,UA-65,12.7,0.4,69,2.86
2024-05-16,UA-68,11.5,0.2,53,3.02
2024-05-16,UA-71,12.8,0.0,54,1.94
2024-05-16,UA-74,11.7,0.0,52,2.02
2024-05-16,UA-77,13.2,0.0,47,3.57
2024-05-17,UA-05,13.7,0.0,55,2.22
2024-05-17,UA-07,14.5,0.0,51,4.0
2024-05-17,UA-09,12.4,0.0,47,2.54
2024-05-17,UA-12,14.4,0.0,49,2.46
2024-05-17,UA-14,11.4,0.0,50,2.23
2024-05-17,UA-18,13.2,0.0,56,1.6
2024-05-17,UA-21,14.9,4.7,66,3.51
2024-05-17,UA-23,15.1,0.0,47,2.38
2024-05-17,UA-26,14.9,0.8,48,5.76
2024-05-17,UA-30,14.5,0.0,52,2.21
2024-05-17,UA-32,14.4,0.0,50,0.96
2024-05-17,UA-35,14.4,0.0,50,2.06
2024-05-17,UA-40,13.7,0.1,76,1.55
2024-05-17,UA-43,11.8,0.0,71,1.96
2024-05-17,UA-46,14.8,0.3,48,5.7
2024-05-17,UA-48,15.0,0.0,50,2.13
2024-05-17,UA-51,14.4,0.0,60,2.84
2024-05-17,UA-53,13.0,0.0,51,3.2
2024-05-17,UA-56,14.2,0.0,54,3.26
2024-05-17,UA-59,11.7,2.1,71,3.18
2024-05-17,UA-61,14.5,0.0,47,4.77
2024-05-17,UA-63,11.3,1.9,65,2.84
2024-05-17,UA-65,14.2,0.0,55,2.02
2024-05-17,UA-68,13.5,0.0,55,3.23
2024-05-17,UA-71,14.5,0.0,54,2.26
2024-05-17,UA-74,15.1,0.5,60,3.5
2024-05-17,UA-77,15.0,0.7,49,4.75
2024-05-18,UA-05,14.4,0.0,56,2.62
2024-05-18,UA-07,15.5,0.0,53,3.55
2024-05-18,UA-09,13.9,1.2,60,1.87
2024-05-18,UA-12,16.6,1.6,63,2.29
2024-05-18,UA-14,14.5,0.0,56,1.42
2024-05-18,UA-18,15.6,0.0,54,2.17
2024-05-18,UA-21,15.6,1.0,81,1.73
2024-05-18,UA-23,16.3,1.9,65,2.93
2024-05-18,UA-26,14.1,3.3,69,2.92
2024-05-18,UA-30,16.8,0.2,55,1.71
2024-05-18,UA-32,16.6,0.0,50,2.32
2024-05-18,UA-35,17.2,0.0,46,3.03
2024-05-18,UA-40,14.2,0.2,72,2.19
2024-05-18,UA-43,13.4,0.1,69,1.7
2024-05-18,UA-46,13.8,4.2,70,3.24
2024-05-18,UA-48,15.3,0.0,56,2.97
2024-05-18,UA-51,13.2,0.4,65,2.12
2024-05-18,UA-53,15.9,0.1,68,1.47
2024-05-18,UA-56,15.1,0.0,55,3.13
2024-05-18,UA-59,15.8,0.3,71,0.88
2024-05-18,UA-61,13.5,0.5,62,3.93
2024-05-18,UA-63,15.0,0.1,64,1.28
2024-05-18,UA-65,15.0,0.0,56,2.95
2024-05-18,UA-68,13.2,0.2,63,3.29
2024-05-18,UA-71,17.4,0.0,52,2.12
2024-05-18,UA-74,16.7,3.3,70,1.11
2024-05-18,UA-77,14.2,2.1,69,3.66
2024-05-19,UA-05,15.3,0.0,64,2.24
2024-05-19,UA-07,16.0,0.3,66,2.87
2024-05-19,UA-09,15.5,1.1,63,1.99
2024-05-19,UA-12,16.7,0.3,69,1.47
2024-05-19,UA-14,14.5,0.1,60,2.13
2024-05-19,UA-18,16.0,0.0,62,2.33
2024-05-19,UA-21,18.1,0.4,72,1.95
2024-05-19,UA-23,17.2,0.0,68,2.02
2024-05-19,UA-26,16.1,2.3,71,2.33
2024-05-19,UA-30,17.5,0.0,57,1.76
2024-05-19,UA-32,17.0,0.0,55,1.97
2024-05-19,UA-35,17.5,0.0,49,2.07
2024-05-19,UA-40,15.1,0.0,73,2.72
2024-05-19,UA-43,14.5,0.2,65,1.6
2024-05-19,UA-46,15.9,0.4,73,2.41
2024-05-19,UA-48,15.9,0.0,54,2.51
2024-05-19,UA-51,14.8,0.0,61,2.56
2024-05-19,UA-53,16.6,1.3,68,1.38
2024-05-19,UA-56,16.0,0.4,64,2.97
2024-05-19,UA-59,16.9,0.2,59,1.42
2024-05-19,UA-61,15.9,2.4,70,3.33
2024-05-19,UA-63,16.4,0.0,59,1.38
2024-05-19,UA-65,15.6,0.0,52,2.48
2024-05-19,UA-68,14.9,0.0,69,2.99
2024-05-19,UA-71,17.7,0.0,56,1.99
2024-05-19,UA-74,17.3,1.9,73,1.57
2024-05-19,UA-77,17.0,0.3,67,3.54
2024-05-20,UA-05,18.3,0.0,57,2.57
2024-05-20,UA-07,18.4,1.5,67,2.29
2024-05-20,UA-09,17.4,0.0,57,2.09
2024-05-20,UA-12,18.7,0.0,61,1.52
2024-05-20,UA-14,16.5,0.0,57,1.8
2024-05-20,UA-18,18.0,0.0,59,2.45
2024-05-20,UA-21,18.3,6.4,78,1.87
2024-05-20,UA-23,18.6,0.1,62,1.37
2024-05-20,UA-26,17.5,2.0,72,1.82
2024-05-20,UA-30,18.5,0.0,54,2.35
2024-05-20,UA-32,18.3,0.0,55,2.26
2024-05-20,UA-35,18.6,0.0,48,2.16
2024-05-20,UA-40,16.4,0.0,76,2.25
2024-05-20,UA-43,16.4,0.0,61,2.35
2024-05-20,UA-46,17.7,0.7,72,1.75
2024-05-20,UA-48,17.6,0.0,56,2.23
2024-05-20,UA-51,16.7,0.0,57,2.47
2024-05-20,UA-53,17.8,1.5,67,1.71
2024-05-20,UA-56,18.7,1.5,66,2.72
2024-05-20,UA-59,17.5,2.3,69,1.61
2024-05-20,UA-61,18.0,2.2,67,2.25
2024-05-20,UA-63,18.3,0.0,53,1.38
2024-05-20,UA-65,17.3,0.0,54,1.97
2024-05-20,UA-68,18.0,0.2,65,2.78
2024-05-20,UA-71,18.8,0.0,53,2.02
2024-05-20,UA-74,18.5,0.2,63,2.15
2024-05-20,UA-77,18.6,1.1,67,2.33
2024-05-21,UA-05,19.7,0.0,48,3.59
2024-05-21,UA-07,19.3,2.0,71,2.33
2024-05-21,UA-09,19.6,0.0,50,1.26
2024-05-21,UA-12,20.3,0.0,53,1.22
2024-05-21,UA-14,18.7,0.0,55,1.59
2024-05-21,UA-18,19.6,0.0,53,3.2
2024-05-21,UA-21,20.7,0.0,69,2.02
2024-05-21,UA-23,19.6,0.0,56,1.58
2024-05-21,UA-26,19.6,0.0,63,2.08
2024-05-21,UA-30,19.5,0.0,53,2.63
2024-05-21,UA-32,19.8,0.0,50,2.86
2024-05-21,UA-35,19.2,0.0,53,1.86
2024-05-21,UA-40,17.3,0.0,78,1.57
2024-05-21,UA-43,17.6,0.0,62,3.03
2024-05-21,UA-46,19.3,0.4,69,2.0
2024-05-21,UA-48,19.8,0.0,54,1.99
2024-05-21,UA-51,19.0,0.0,52,2.3
2024-05-21,UA-53,19.1,0.8,63,1.56
2024-05-21,UA-56,20.0,0.5,60,2.97
2024-05-21,UA-59,18.8,0.6,63,1.17
2024-05-21,UA-61,20.0,0.0,57,3.09
2024-05-21,UA-63,18.5,0.0,60,1.71
2024-05-21,UA-65,19.3,0.0,52,2.17
2024-05-21,UA-68,19.3,0.0,52,3.98
2024-05-21,UA-71,19.9,0.0,53,2.56
2024-05-21,UA-74,18.7,0.0,60,2.56
2024-05-21,UA-77,20.8,0.0,52,3.81
2024-05-22,UA-05,19.9,0.0,49,3.59
2024-05-22,UA-07,20.6,0.0,47,4.9
2024-05-22,UA-09,20.3,0.0,46,2.07
2024-05-22,UA-12,20.6,0.1,49,2.32
2024-05-22,UA-14,19.1,0.0,47,2.32
2024-05-22,UA-18,20.3,0.0,50,3.74
2024-05-22,UA-21,18.5,5.9,82,2.04
2024-05-22,UA-23,20.0,0.0,50,2.61
2024-05-22,UA-26,19.4,0.0,62,3.03
2024-05-22,UA-30,20.2,0.0,54,2.9
2024-05-22,UA-32,20.7,0.0,49,3.11
2024-05-22,UA-35,20.8,0.0,46,2.65
2024-05-22,UA-40,17.8,0.0,77,1.58
2024-05-22,UA-43,18.7,0.0,59,3.39
2024-05-22,UA-46,18.8,2.2,70,2.99
2024-05-22,UA-48,20.6,0.0,48,3.12
2024-05-22,UA-51,20.4,0.0,52,3.38
2024-05-22,UA-53,20.2,0.1,54,2.23
2024-05-22,UA-56,21.1,0.0,44,4.96
2024-05-22,UA-59,19.0,0.8,65,1.45
2024-05-22,UA-61,20.3,0.0,42,5.26
2024-05-22,UA-63,19.8,0.0,55,1.63
2024-05-22,UA-65,20.1,0.0,45,3.34
2024-05-22,UA-68,20.0,0.0,45,4.92
2024-05-22,UA-71,21.0,0.0,54,2.95
2024-05-22,UA-74,19.0,2.9,66,2.37
2024-05-22,UA-77,20.7,0.0,43,5.2
2024-05-23,UA-05,20.5,0.0,48,3.46
2024-05-23,UA-07,21.3,0.0,48,4.66
2024-05-23,UA-09,21.6,0.0,42,3.49
2024-05-23,UA-12,21.8,0.0,45,4.32
2024-05-23,UA-14,20.3,0.0,41,3.51
2024-05-23,UA-18,20.3,0.0,55,3.94
2024-05-23,UA-21,17.9,4.6,84,1.47
2024-05-23,UA-23,20.5,0.0,44,3.86
2024-05-23,UA-26,20.2,0.0,52,3.17
2024-05-23,UA-30,20.5,0.8,57,3.64
2024-05-23,UA-32,20.9,0.0,51,3.57
2024-05-23,UA-35,21.6,0.1,44,3.66
2024-05-23,UA-40,18.6,0.0,72,2.16
2024-05-23,UA-43,18.8,0.0,55,4.19
2024-05-23,UA-46,19.3,0.0,65,3.08
2024-05-23,UA-48,21.8,0.0,39,3.97
2024-05-23,UA-51,21.0,0.0,46,3.83
2024-05-23,UA-53,20.8,0.1,50,4.12
2024-05-23,UA-56,21.3,0.0,49,4.29
2024-05-23,UA-59,19.4,2.6,57,4.39
2024-05-23,UA-61,20.6,0.0,44,4.37
2024-05-23,UA-63,19.9,0.7,55,3.69
2024-05-23,UA-65,21.2,0.0,39,4.02
2024-05-23,UA-68,20.4,0.0,46,3.84
2024-05-23,UA-71,21.2,0.5,56,3.57
2024-05-23,UA-74,19.5,1.4,63,4.12
2024-05-23,UA-77,21.1,0.0,42,3.11
2024-05-24,UA-05,20.3,0.0,57,3.26
2024-05-24,UA-07,20.2,0.9,61,3.78
2024-05-24,UA-09,18.0,0.0,35,6.18
2024-05-24,UA-12,20.0,0.0,42,5.84
2024-05-24,UA-14,18.4,0.0,36,5.87
2024-05-24,UA-18,19.9,0.5,61,3.65
2024-05-24,UA-21,19.8,0.0,72,1.8
2024-05-24,UA-23,19.2,0.0,42,6.8
2024-05-24,UA-26,20.2,0.2,50,2.65
2024-05-24,UA-30,20.4,0.5,54,4.12
2024-05-24,UA-32,20.6,0.5,56,3.69
2024-05-24,UA-35,20.9,0.3,46,4.49
2024-05-24,UA-40,19.7,0.0,58,6.13
2024-05-24,UA-43,18.8,0.0,54,7.0
2024-05-24,UA-46,19.7,0.6,56,3.11
2024-05-24,UA-48,21.8,0.2,42,5.31
2024-05-24,UA-51,22.1,0.0,44,5.51
2024-05-24,UA-53,19.2,0.0,45,5.35
2024-05-24,UA-56,19.7,3.8,65,3.74
2024-05-24,UA-59,17.9,0.0,43,4.6
2024-05-24,UA-61,19.9,1.3,54,3.28
2024-05-24,UA-63,17.8,0.0,41,5.05
2024-05-24,UA-65,20.9,0.9,43,5.16
2024-05-24,UA-68,19.6,3.3,61,3.55
2024-05-24,UA-71,20.5,0.2,55,4.47
2024-05-24,UA-74,19.1,0.0,52,4.65
2024-05-24,UA-77,21.9,0.2,40,2.48
2024-05-25,UA-05,18.7,0.0,43,3.3
2024-05-25,UA-07,19.2,1.9,64,3.73
2024-05-25,UA-09,16.6,0.0,32,5.49
2024-05-25,UA-12,18.2,0.0,31,5.07
2024-05-25,UA-14,16.6,0.0,32,5.37
2024-05-25,UA-18,18.0,0.0,47,3.39
2024-05-25,UA-21,19.8,0.1,68,1.69
2024-05-25,UA-23,17.6,0.0,36,6.19
2024-05-25,UA-26,19.0,1.4,59,3.04
2024-05-25,UA-30,18.3,0.0,41,3.22
2024-05-25,UA-32,17.9,0.0,43,3.17
2024-05-25,UA-35,18.3,0.0,33,4.14
2024-05-25,UA-40,18.3,0.0,60,6.57
2024-05-25,UA-43,16.7,0.0,56,7.29
2024-05-25,UA-46,19.4,0.6,58,3.28
2024-05-25,UA-48,19.9,0.0,34,5.14
2024-05-25,UA-51,20.1,0.0,42,5.18
2024-05-25,UA-53,17.3,0.0,32,4.41
2024-05-25,UA-56,19.0,1.3,60,3.38
2024-05-25,UA-59,16.4,0.0,41,3.18
2024-05-25,UA-61,19.4,2.0,52,3.37
2024-05-25,UA-63,16.6,0.0,35,3.86
2024-05-25,UA-65,18.9,0.0,36,5.03
2024-05-25,UA-68,18.7,0.2,50,3.42
2024-05-25,UA-71,18.2,0.0,42,3.65
2024-05-25,UA-74,17.6,0.0,48,3.13
2024-05-25,UA-77,20.5,0.0,42,2.36
2024-05-26,UA-05,18.2,0.0,42,2.54
2024-05-26,UA-07,19.3,0.0,44,3.06
2024-05-26,UA-09,17.6,0.0,35,4.38
2024-05-26,UA-12,17.0,0.0,39,4.09
2024-05-26,UA-14,16.1,0.3,39,4.11
2024-05-26,UA-18,17.8,0.0,46,2.53
2024-05-26,UA-21,20.4,0.0,60,1.85
2024-05-26,UA-23,15.8,1.1,48,5.02
2024-05-26,UA-26,19.2,0.0,45,2.44
2024-05-26,UA-30,18.5,0.0,44,2.45
2024-05-26,UA-32,18.2,0.0,43,2.52
2024-05-26,UA-35,17.4,0.1,39,3.65
2024-05-26,UA-40,16.2,0.2,68,4.64
2024-05-26,UA-43,13.7,3.2,72,5.47
2024-05-26,UA-46,19.3,0.0,48,2.81
2024-05-26,UA-48,16.6,1.7,46,5.06
2024-05-26,UA-51,17.2,1.0,45,5.32
2024-05-26,UA-53,16.7,0.0,40,3.29
2024-05-26,UA-56,19.1,0.0,43,2.79
2024-05-26,UA-59,18.3,0.0,43,2.9
2024-05-26,UA-61,19.0,0.0,39,2.88
2024-05-26,UA-63,16.6,0.0,43,3.12
2024-05-26,UA-65,15.6,2.0,47,4.96
2024-05-26,UA-68,18.0,0.0,43,2.53
2024-05-26,UA-71,18.2,0.0,48,2.55
2024-05-26,UA-74,18.0,0.0,51,2.28
2024-05-26,UA-77,20.3,0.0,33,2.41
2024-05-27,UA-05,19.1,0.3,45,3.06
2024-05-27,UA-07,19.3,0.0,49,2.31
2024-05-27,UA-09,19.2,0.0,39,3.72
2024-05-27,UA-12,18.7,0.5,44,3.96
2024-05-27,UA-14,17.5,0.3,43,4.02
2024-05-27,UA-18,19.6,0.0,48,2.66
2024-05-27,UA-21,20.2,0.0,53,2.15
2024-05-27,UA-23,17.3,0.0,53,4.7
2024-05-27,UA-26,18.4,0.0,47,2.65
2024-05-27,UA-30,20.4,0.0,47,2.9
2024-05-27,UA-32,20.0,0.0,45,3.11
2024-05-27,UA-35,18.2,0.2,48,4.1
2024-05-27,UA-40,16.5,0.1,84,2.03
2024-05-27,UA-43,15.6,1.2,83,3.37
2024-05-27,UA-46,18.5,0.1,50,2.64
2024-05-27,UA-48,17.7,0.2,57,4.22
2024-05-27,UA-51,17.4,1.6,58,5.07
2024-05-27,UA-53,19.5,0.0,41,3.7
2024-05-27,UA-56,19.4,0.0,48,2.39
2024-05-27,UA-59,21.1,0.0,43,3.17
2024-05-27,UA-61,18.6,0.0,45,2.34
2024-05-27,UA-63,20.2,0.0,40,3.47
2024-05-27,UA-65,17.4,0.0,58,4.04
2024-05-27,UA-68,18.5,0.0,48,2.27
2024-05-27,UA-71,20.4,0.0,49,2.97
2024-05-27,UA-74,20.5,0.0,50,2.87
2024-05-27,UA-77,19.2,0.0,39,3.0
2024-05-28,UA-05,17.2,4.5,71,2.91
2024-05-28,UA-07,19.0,0.2,55,2.9
2024-05-28,UA-09,21.2,0.0,41,5.05
2024-05-28,UA-12,22.4,0.0,36,4.8
2024-05-28,UA-14,21.1,0.0,36,5.12
2024-05-28,UA-18,18.8,0.8,60,2.61
2024-05-28,UA-21,18.9,0.0,63,2.11
2024-05-28,UA-23,20.7,0.2,44,5.88
2024-05-28,UA-26,17.5,0.7,62,2.89
2024-05-28,UA-30,20.4,0.0,51,3.34
2024-05-28,UA-32,20.0,0.4,52,2.83
2024-05-28,UA-35,21.1,0.0,45,4.19
2024-05-28,UA-40,16.6,0.2,90,2.15
2024-05-28,UA-43,16.6,11.8,87,1.57
2024-05-28,UA-46,17.6,0.8,61,3.07
2024-05-28,UA-48,21.2,0.6,57,4.35
2024-05-28,UA-51,18.9,5.7,78,3.22
2024-05-28,UA-53,22.0,0.0,36,4.64
2024-05-28,UA-56,18.7,0.1,60,2.83
2024-05-28,UA-59,21.5,0.0,43,3.03
2024-05-28,UA-61,17.4,0.5,62,3.08
2024-05-28,UA-63,21.3,0.0,43,3.99
2024-05-28,UA-65,20.9,1.0,57,4.5
2024-05-28,UA-68,16.8,1.3,70,2.66
2024-05-28,UA-71,21.6,0.0,48,4.11
2024-05-28,UA-74,21.4,0.0,49,3.53
2024-05-28,UA-77,18.1,0.2,65,2.62
2024-05-29,UA-05,17.7,4.3,67,3.19
2024-05-29,UA-07,20.2,0.0,58,3.04
2024-05-29,UA-09,20.9,0.6,48,4.37
2024-05-29,UA-12,19.5,1.9,58,3.92
2024-05-29,UA-14,19.1,1.2,57,4.74
2024-05-29,UA-18,19.4,0.1,54,3.1
2024-05-29,UA-21,19.5,1.5,68,1.77
2024-05-29,UA-23,18.4,2.8,66,4.19
2024-05-29,UA-26,17.7,5.8,73,2.4
2024-05-29,UA-30,20.8,0.0,47,3.59
2024-05-29,UA-32,19.4,1.1,56,3.47
2024-05-29,UA-35,18.7,1.5,60,3.63
2024-05-29,UA-40,16.5,0.0,85,2.78
2024-05-29,UA-43,15.5,0.5,84,2.73
2024-05-29,UA-46,18.4,2.0,67,2.54
2024-05-29,UA-48,17.9,8.6,80,2.76
2024-05-29,UA-51,17.5,5.4,87,3.25
2024-05-29,UA-53,19.8,2.6,51,3.69
2024-05-29,UA-56,19.5,0.2,62,3.08
2024-05-29,UA-59,21.5,0.0,41,3.55
2024-05-29,UA-61,18.0,2.0,68,3.38
2024-05-29,UA-63,21.4,0.1,42,4.07
2024-05-29,UA-65,17.5,13.1,80,2.57
2024-05-29,UA-68,17.6,3.4,70,3.3
2024-05-29,UA-71,19.9,2.5,58,3.74
2024-05-29,UA-74,21.6,0.0,50,3.25
2024-05-29,UA-77,17.3,3.2,77,2.53
2024-05-30,UA-05,15.9,3.6,84,3.04
2024-05-30,UA-07,16.6,0.8,75,3.02
2024-05-30,UA-09,22.0,0.2,64,1.7
2024-05-30,UA-12,18.7,0.1,69,2.71
2024-05-30,UA-14,19.5,0.4,68,1.65
2024-05-30,UA-18,15.8,5.0,83,2.88
2024-05-30,UA-21,18.2,4.1,77,1.92
2024-05-30,UA-23,19.3,0.0,67,2.24
2024-05-30,UA-26,15.1,10.9,91,2.3
2024-05-30,UA-30,17.1,2.3,77,2.19
2024-05-30,UA-32,16.6,4.3,82,2.7
2024-05-30,UA-35,18.0,0.5,69,3.26
2024-05-30,UA-40,17.4,0.0,77,3.64
2024-05-30,UA-43,16.8,0.0,74,1.22
2024-05-30,UA-46,15.8,4.0,81,2.87
2024-05-30,UA-48,17.9,0.5,77,3.65
2024-05-30,UA-51,17.2,0.8,86,4.8
2024-05-30,UA-53,18.5,0.7,68,3.43
2024-05-30,UA-56,15.9,2.8,80,2.71
2024-05-30,UA-59,19.5,2.3,62,3.36
2024-05-30,UA-61,14.8,11.1,88,2.74
2024-05-30,UA-63,20.0,1.1,67,2.78
2024-05-30,UA-65,17.7,0.1,75,3.05
2024-05-30,UA-68,15.2,6.5,85,2.83
2024-05-30,UA-71,17.9,1.2,76,2.24
2024-05-30,UA-74,18.0,1.6,71,3.02
2024-05-30,UA-77,16.6,5.4,84,1.68
2024-05-31,UA-05,17.2,5.3,86,3.21
2024-05-31,UA-07,17.4,3.2,79,2.81
2024-05-31,UA-09,21.3,1.4,68,1.78
2024-05-31,UA-12,21.0,0.0,58,1.86
2024-05-31,UA-14,20.0,1.6,70,1.3
2024-05-31,UA-18,16.7,1.7,84,3.16
2024-05-31,UA-21,19.2,17.9,81,2.5
2024-05-31,UA-23,20.8,0.0,66,2.07
2024-05-31,UA-26,18.3,1.0,76,1.29
2024-05-31,UA-30,18.2,0.2,73,3.05
2024-05-31,UA-32,17.9,0.4,78,2.88
2024-05-31,UA-35,20.5,0.0,59,2.73
2024-05-31,UA-40,18.2,0.0,81,2.45
2024-05-31,UA-43,18.6,0.1,69,1.81
2024-05-31,UA-46,18.0,0.8,76,1.67
2024-05-31,UA-48,19.8,0.1,74,3.31
2024-05-31,UA-51,19.1,0.0,80,4.27
2024-05-31,UA-53,20.5,0.0,57,2.07
2024-05-31,UA-56,16.8,3.6,84,2.66
2024-05-31,UA-59,20.4,1.3,65,1.71
2024-05-31,UA-61,17.8,0.9,77,2.28
2024-05-31,UA-63,20.8,0.5,63,2.06
2024-05-31,UA-65,19.4,0.2,72,2.56
2024-05-31,UA-68,17.3,3.5,82,2.96
2024-05-31,UA-71,20.2,0.0,66,2.63
2024-05-31,UA-74,18.6,0.0,71,2.89
2024-05-31,UA-77,20.2,0.1,67,1.38
2024-06-01,UA-05,21.4,1.1,72,3.1
2024-06-01,UA-07,19.5,7.6,75,2.53
2024-06-01,UA-09,22.9,0.0,55,2.37
2024-06-01,UA-12,23.7,0.0,48,3.04
2024-06-01,UA-14,22.3,0.0,49,2.47
2024-06-01,UA-18,20.6,3.3,76,2.72
2024-06-01,UA-21,19.5,11.0,80,2.96
2024-06-01,UA-23,21.8,0.0,59,3.31
2024-06-01,UA-26,19.7,1.4,71,2.28
2024-06-01,UA-30,21.6,2.7,71,2.97
2024-06-01,UA-32,21.6,7.0,71,3.12
2024-06-01,UA-35,23.1,0.1,53,3.65
2024-06-01,UA-40,19.8,0.0,74,3.46
2024-06-01,UA-43,20.4,0.0,62,2.06
2024-06-01,UA-46,19.5,6.4,72,3.09
2024-06-01,UA-48,21.4,0.0,68,4.22
2024-06-01,UA-51,20.6,0.0,76,5.01
2024-06-01,UA-53,22.7,0.0,54,2.71
2024-06-01,UA-56,20.0,5.9,77,2.44
2024-06-01,UA-59,22.5,0.1,59,2.12
2024-06-01,UA-61,19.6,2.8,72,2.43
2024-06-01,UA-63,22.7,0.0,58,2.26
2024-06-01,UA-65,21.3,0.0,62,3.52
2024-06-01,UA-68,19.9,3.2,76,2.66
2024-06-01,UA-71,23.3,0.0,57,2.99
2024-06-01,UA-74,21.3,3.1,70,2.45
2024-06-01,UA-77,22.1,0.9,64,1.87
2024-06-02,UA-05,19.4,6.9,77,1.68
2024-06-02,UA-07,18.3,1.2,71,4.32
2024-06-02,UA-09,24.8,0.0,46,3.42
2024-06-02,UA-12,24.8,0.0,46,4.72
2024-06-02,UA-14,23.7,0.0,46,3.27
2024-06-02,UA-18,18.9,3.7,78,2.02
2024-06-02,UA-21,18.5,2.4,76,3.19
2024-06-02,UA-23,22.0,0.0,56,4.56
2024-06-02,UA-26,18.3,1.9,69,3.19
2024-06-02,UA-30,20.2,10.0,79,1.92
2024-06-02,UA-32,20.5,5.8,77,2.11
2024-06-02,UA-35,23.1,2.1,65,4.04
2024-06-02,UA-40,20.6,0.0,72,4.84
2024-06-02,UA-43,21.8,0.0,56,1.93
2024-06-02,UA-46,17.8,2.0,69,4.76
2024-06-02,UA-48,22.4,0.0,69,5.53
2024-06-02,UA-51,22.6,0.0,72,5.63
2024-06-02,UA-53,23.3,0.5,55,3.81
2024-06-02,UA-56,18.4,3.5,72,3.37
2024-06-02,UA-59,22.9,1.0,61,3.23
2024-06-02,UA-61,18.1,5.4,70,3.72
2024-06-02,UA-63,24.5,0.0,48,3.75
2024-06-02,UA-65,22.5,0.0,60,4.9
2024-06-02,UA-68,18.7,4.0,72,2.37
2024-06-02,UA-71,21.9,7.1,70,2.65
2024-06-02,UA-74,19.6,8.6,83,2.2
2024-06-02,UA-77,20.9,2.4,60,2.73
2024-06-03,UA-05,20.3,0.2,66,2.79
2024-06-03,UA-07,19.5,0.7,72,3.16
2024-06-03,UA-09,25.4,0.0,46,4.53
2024-06-03,UA-12,24.2,0.0,55,3.05
2024-06-03,UA-14,24.4,0.0,48,3.75
2024-06-03,UA-18,19.4,0.5,70,3.42
2024-06-03,UA-21,19.6,13.5,78,1.53
2024-06-03,UA-23,22.7,0.0,59,4.09
2024-06-03,UA-26,20.1,0.9,69,1.77
2024-06-03,UA-30,20.0,0.0,71,3.37
2024-06-03,UA-32,20.6,0.6,66,3.06
2024-06-03,UA-35,23.1,0.0,58,2.65
2024-06-03,UA-40,20.6,0.0,77,3.4
2024-06-03,UA-43,22.2,0.0,59,2.29
2024-06-03,UA-46,19.6,1.6,69,3.02
2024-06-03,UA-48,24.0,0.0,67,2.7
2024-06-03,UA-51,23.6,0.0,61,2.88
2024-06-03,UA-53,22.2,0.0,62,2.87
2024-06-03,UA-56,19.7,0.9,70,3.33
2024-06-03,UA-59,21.1,0.0,65,3.37
2024-06-03,UA-61,19.8,0.6,67,2.87
2024-06-03,UA-63,23.2,0.0,57,3.26
2024-06-03,UA-65,23.3,0.0,68,3.22
2024-06-03,UA-68,19.8,2.1,68,3.12
2024-06-03,UA-71,21.8,0.0,65,2.78
2024-06-03,UA-74,19.3,0.5,77,3.56
2024-06-03,UA-77,21.4,0.7,60,1.52
2024-06-04,UA-05,21.2,6.1,71,2.46
2024-06-04,UA-07,18.4,8.6,83,1.3
2024-06-04,UA-09,25.4,2.1,55,2.77
2024-06-04,UA-12,24.9,1.0,56,2.56
2024-06-04,UA-14,24.5,0.3,57,2.14
2024-06-04,UA-18,20.7,9.6,74,1.78
2024-06-04,UA-21,18.3,13.7,85,1.77
2024-06-04,UA-23,23.6,0.1,62,2.85
2024-06-04,UA-26,18.9,10.0,76,1.57
2024-06-04,UA-30,21.4,5.8,72,1.85
2024-06-04,UA-32,21.9,19.0,72,2.12
2024-06-04,UA-35,24.2,1.9,57,2.86
2024-06-04,UA-40,22.5,0.0,61,4.38
2024-06-04,UA-43,23.8,0.0,55,1.99
2024-06-04,UA-46,18.0,13.1,82,1.76
2024-06-04,UA-48,23.3,0.3,63,3.3
2024-06-04,UA-51,21.5,0.4,72,3.78
2024-06-04,UA-53,22.9,1.8,63,2.66
2024-06-04,UA-56,19.3,8.8,79,1.35
2024-06-04,UA-59,22.8,0.0,62,2.82
2024-06-04,UA-61,18.8,6.1,78,1.89
2024-06-04,UA-63,23.4,0.0,57,2.56
2024-06-04,UA-65,23.6,0.3,61,2.61
2024-06-04,UA-68,19.6,14.0,78,1.83
2024-06-04,UA-71,22.8,3.7,70,2.63
2024-06-04,UA-74,21.1,1.9,75,1.81
2024-06-04,UA-77,20.4,7.2,75,1.78
2024-06-05,UA-05,19.5,0.0,73,3.01
2024-06-05,UA-07,17.5,4.4,82,3.72
2024-06-05,UA-09,24.7,2.0,62,1.59
2024-06-05,UA-12,23.3,1.7,68,2.72
2024-06-05,UA-14,23.7,2.8,63,1.95
2024-06-05,UA-18,18.8,0.7,77,3.61
2024-06-05,UA-21,19.7,0.9,77,1.22
2024-06-05,UA-23,23.9,0.1,61,3.49
2024-06-05,UA-26,18.4,1.2,75,3.11
2024-06-05,UA-30,20.2,5.0,74,3.31
2024-06-05,UA-32,20.6,0.0,69,3.2
2024-06-05,UA-35,23.5,0.1,56,3.19
2024-06-05,UA-40,21.8,0.0,73,2.78
2024-06-05,UA-43,23.2,0.0,59,2.53
2024-06-05,UA-46,18.2,0.6,78,3.53
2024-06-05,UA-48,24.2,0.0,58,3.44
2024-06-05,UA-51,23.4,0.1,62,3.33
2024-06-05,UA-53,21.3,8.5,73,2.59
2024-06-05,UA-56,17.7,2.9,83,3.9
2024-06-05,UA-59,21.5,17.8,73,3.47
2024-06-05,UA-61,18.0,1.1,78,3.8
2024-06-05,UA-63,21.6,5.8,73,2.41
2024-06-05,UA-65,23.8,0.0,63,3.27
2024-06-05,UA-68,18.1,1.1,79,3.55
2024-06-05,UA-71,22.3,0.0,63,3.18
2024-06-05,UA-74,19.5,11.7,82,3.0
2024-06-05,UA-77,20.5,0.9,65,2.65
2024-06-06,UA-05,21.0,0.0,63,3.35
2024-06-06,UA-07,19.5,1.6,73,3.01
2024-06-06,UA-09,24.8,0.0,55,3.5
2024-06-06,UA-12,22.5,0.0,64,4.69
2024-06-06,UA-14,22.9,0.4,60,3.02
2024-06-06,UA-18,20.5,0.0,68,4.33
2024-06-06,UA-21,21.0,0.0,75,1.67
2024-06-06,UA-23,22.0,0.0,63,4.23
2024-06-06,UA-26,20.4,0.1,69,2.44
2024-06-06,UA-30,20.8,1.0,69,4.91
2024-06-06,UA-32,21.2,0.0,64,4.19
2024-06-06,UA-35,22.4,0.0,57,3.84
2024-06-06,UA-40,20.7,0.1,81,3.69
2024-06-06,UA-43,21.0,0.1,71,2.36
2024-06-06,UA-46,20.2,0.1,70,2.92
2024-06-06,UA-48,23.9,0.0,53,3.33
2024-06-06,UA-51,24.0,0.0,52,3.04
2024-06-06,UA-53,20.6,0.4,69,4.58
2024-06-06,UA-56,19.9,3.3,72,3.13
2024-06-06,UA-59,19.3,4.6,79,4.1
2024-06-06,UA-61,20.0,1.4,70,2.95
2024-06-06,UA-63,21.2,0.0,71,4.09
2024-06-06,UA-65,23.3,0.0,56,3.45
2024-06-06,UA-68,19.9,0.7,69,3.02
2024-06-06,UA-71,21.4,0.7,66,4.58
2024-06-06,UA-74,19.3,6.1,81,4.26
2024-06-06,UA-77,22.1,0.0,58,2.51
2024-06-07,UA-05,20.6,1.3,73,1.65
2024-06-07,UA-07,19.1,3.0,80,2.8
2024-06-07,UA-09,23.1,0.1,56,4.73
2024-06-07,UA-12,23.1,0.0,57,3.99
2024-06-07,UA-14,22.5,0.2,55,4.08
2024-06-07,UA-18,19.2,3.6,79,1.79
2024-06-07,UA-21,20.2,11.9,84,1.35
2024-06-07,UA-23,22.7,0.0,59,3.79
2024-06-07,UA-26,20.1,11.4,78,2.08
2024-06-07,UA-30,20.8,0.0,68,2.53
2024-06-07,UA-32,20.8,0.2,71,2.13
2024-06-07,UA-35,23.5,0.0,53,2.84
2024-06-07,UA-40,21.3,0.0,79,2.75
2024-06-07,UA-43,22.3,0.0,63,1.56
2024-06-07,UA-46,19.8,2.6,75,3.06
2024-06-07,UA-48,25.1,0.0,51,2.35
2024-06-07,UA-51,25.2,0.0,51,2.67
2024-06-07,UA-53,21.8,0.0,60,4.06
2024-06-07,UA-56,19.3,5.6,78,2.45
2024-06-07,UA-59,20.6,0.0,69,4.35
2024-06-07,UA-61,19.5,4.8,77,2.74
2024-06-07,UA-63,22.2,0.0,61,4.86
2024-06-07,UA-65,24.7,0.0,52,2.59
2024-06-07,UA-68,19.9,1.9,76,2.21
2024-06-07,UA-71,22.6,0.0,60,2.99
2024-06-07,UA-74,19.9,0.2,70,2.83
2024-06-07,UA-77,23.0,0.0,58,1.63
2024-06-08,UA-05,18.9,9.5,80,1.33
2024-06-08,UA-07,18.5,0.5,69,2.41
2024-06-08,UA-09,22.9,0.0,53,2.51
2024-06-08,UA-12,22.3,0.5,63,2.13
2024-06-08,UA-14,22.2,0.0,57,2.22
2024-06-08,UA-18,18.8,2.7,73,2.38
2024-06-08,UA-21,22.0,0.0,69,1.6
2024-06-08,UA-23,22.6,0.3,64,2.63
2024-06-08,UA-26,19.8,2.8,76,1.78
2024-06-08,UA-30,20.2,3.3,71,2.75
2024-06-08,UA-32,19.6,9.9,76,1.69
2024-06-08,UA-35,21.2,10.6,71,1.93
2024-06-08,UA-40,22.1,0.0,77,2.84
2024-06-08,UA-43,23.1,0.0,58,1.28
2024-06-08,UA-46,19.6,0.9,73,2.23
2024-06-08,UA-48,23.4,3.5,64,1.76
2024-06-08,UA-51,23.2,3.1,64,2.14
2024-06-08,UA-53,20.7,1.8,68,1.87
2024-06-08,UA-56,18.8,1.4,69,2.36
2024-06-08,UA-59,20.1,1.6,69,1.86
2024-06-08,UA-61,19.3,8.7,74,1.98
2024-06-08,UA-63,21.9,0.1,62,2.24
2024-06-08,UA-65,23.7,0.1,59,1.79
2024-06-08,UA-68,18.9,11.3,76,1.96
2024-06-08,UA-71,20.8,8.8,75,1.72
2024-06-08,UA-74,19.7,0.1,70,3.2
2024-06-08,UA-77,22.1,1.0,63,1.9
2024-06-09,UA-05,20.4,0.2,70,2.69
2024-06-09,UA-07,17.7,8.1,82,3.48
2024-06-09,UA-09,23.3,0.2,53,1.21
2024-06-09,UA-12,23.2,0.0,62,1.57
2024-06-09,UA-14,21.8,1.2,63,1.42
2024-06-09,UA-18,19.4,1.3,70,2.61
2024-06-09,UA-21,19.5,5.3,85,2.16
2024-06-09,UA-23,23.4,0.0,62,1.29
2024-06-09,UA-26,19.9,3.1,78,1.88
2024-06-09,UA-30,20.5,0.1,65,2.06
2024-06-09,UA-32,21.1,0.8,63,2.26
2024-06-09,UA-35,22.9,0.0,63,1.59
2024-06-09,UA-40,22.3,0.0,77,2.43
2024-06-09,UA-43,22.9,0.2,58,1.73
2024-06-09,UA-46,18.6,13.4,83,2.47
2024-06-09,UA-48,23.8,0.0,68,2.28
2024-06-09,UA-51,23.4,0.0,68,3.33
2024-06-09,UA-53,21.9,0.0,62,1.56
2024-06-09,UA-56,18.5,4.7,77,3.07
2024-06-09,UA-59,19.7,0.0,70,2.05
2024-06-09,UA-61,19.3,2.4,78,2.24
2024-06-09,UA-63,22.1,0.1,63,1.87
2024-06-09,UA-65,23.8,0.0,64,1.99
2024-06-09,UA-68,19.0,10.2,80,2.65
2024-06-09,UA-71,22.5,0.0,66,2.12
2024-06-09,UA-74,19.1,0.4,68,2.12
2024-06-09,UA-77,22.3,0.7,64,2.52
2024-06-10,UA-05,22.0,7.4,77,2.13
2024-06-10,UA-07,19.6,13.2,86,2.67
2024-06-10,UA-09,24.9,0.0,54,1.94
2024-06-10,UA-12,26.2,0.0,48,3.57
2024-06-10,UA-14,23.6,0.5,63,2.35
2024-06-10,UA-18,21.8,4.0,75,1.65
2024-06-10,UA-21,20.0,30.0,91,2.3
2024-06-10,UA-23,24.3,0.0,58,3.34
2024-06-10,UA-26,20.4,4.9,83,2.4
2024-06-10,UA-30,22.6,7.2,76,2.67
2024-06-10,UA-32,23.4,8.2,72,2.38
2024-06-10,UA-35,24.7,0.7,60,4.98
2024-06-10,UA-40,23.2,0.0,74,2.38
2024-06-10,UA-43,23.4,0.0,56,1.5
2024-06-10,UA-46,19.3,20.0,86,3.08
2024-06-10,UA-48,24.8,0.3,63,5.19
2024-06-10,UA-51,24.5,0.8,68,6.57
2024-06-10,UA-53,24.8,0.0,50,4.19
2024-06-10,UA-56,20.4,5.3,82,2.63
2024-06-10,UA-59,23.4,0.1,58,4.63
2024-06-10,UA-61,20.3,1.9,81,2.53
2024-06-10,UA-63,25.0,0.0,51,3.23
2024-06-10,UA-65,24.4,0.3,59,3.84
2024-06-10,UA-68,20.4,3.5,82,2.42
2024-06-10,UA-71,24.2,7.5,70,4.0
2024-06-10,UA-74,21.2,10.1,84,2.73
2024-06-10,UA-77,22.1,8.3,73,2.39
2024-06-11,UA-05,22.2,19.2,81,2.32
2024-06-11,UA-07,19.7,0.6,76,3.19
2024-06-11,UA-09,26.7,0.0,50,2.53
2024-06-11,UA-12,26.6,0.0,50,4.38
2024-06-11,UA-14,25.3,0.0,56,2.24
2024-06-11,UA-18,21.8,22.0,83,2.48
2024-06-11,UA-21,19.1,18.3,89,1.78
2024-06-11,UA-23,24.4,0.0,60,4.67
2024-06-11,UA-26,18.8,12.4,88,2.28
2024-06-11,UA-30,22.3,28.8,81,3.18
2024-06-11,UA-32,22.8,28.7,79,2.94
2024-06-11,UA-35,25.8,2.2,51,5.48
2024-06-11,UA-40,23.4,0.0,77,5.38
2024-06-11,UA-43,24.1,0.0,63,1.85
2024-06-11,UA-46,18.0,7.5,89,2.86
2024-06-11,UA-48,25.2,0.0,65,5.34
2024-06-11,UA-51,23.8,0.0,75,6.86
2024-06-11,UA-53,25.1,0.3,48,5.05
2024-06-11,UA-56,20.7,3.1,76,2.83
2024-06-11,UA-59,23.8,0.0,55,5.77
2024-06-11,UA-61,19.0,14.4,85,2.86
2024-06-11,UA-63,25.2,0.1,52,3.72
2024-06-11,UA-65,25.5,0.0,57,4.12
2024-06-11,UA-68,20.4,8.9,82,2.72
2024-06-11,UA-71,24.0,28.3,66,4.1
2024-06-11,UA-74,20.7,13.8,88,3.22
2024-06-11,UA-77,20.4,12.2,82,2.13
2024-06-12,UA-05,17.6,16.3,76,4.31
2024-06-12,UA-07,16.7,0.0,63,3.62
2024-06-12,UA-09,25.7,2.0,60,2.85
2024-06-12,UA-12,23.7,2.8,66,4.48
2024-06-12,UA-14,24.7,0.4,62,2.86
2024-06-12,UA-18,16.6,16.0,80,5.47
2024-06-12,UA-21,18.8,0.8,68,3.12
2024-06-12,UA-23,23.1,0.7,69,4.36
2024-06-12,UA-26,17.4,2.2,73,2.61
2024-06-12,UA-30,17.0,54.0,91,4.84
2024-06-12,UA-32,17.3,22.8,86,4.11
2024-06-12,UA-35,21.2,0.8,74,5.15
2024-06-12,UA-40,22.5,0.0,86,3.56
2024-06-12,UA-43,23.0,0.0,74,2.06
2024-06-12,UA-46,16.5,0.3,68,2.77
2024-06-12,UA-48,23.9,0.0,69,4.31
2024-06-12,UA-51,23.7,0.0,63,4.46
2024-06-12,UA-53,22.2,1.8,67,5.12
2024-06-12,UA-56,17.2,0.2,63,4.08
2024-06-12,UA-59,22.2,7.6,71,4.63
2024-06-12,UA-61,17.3,1.0,66,3.47
2024-06-12,UA-63,23.5,0.6,67,3.72
2024-06-12,UA-65,23.9,0.4,66,4.12
2024-06-12,UA-68,16.9,11.2,72,4.2
2024-06-12,UA-71,19.3,7.1,83,5.24
2024-06-12,UA-74,16.8,57.7,95,4.62
2024-06-12,UA-77,19.4,0.7,65,3.41
2024-06-13,UA-05,16.9,1.5,76,1.05
2024-06-13,UA-07,16.3,1.3,75,1.49
2024-06-13,UA-09,23.0,0.3,71,2.74
2024-06-13,UA-12,21.9,0.0,59,3.99
2024-06-13,UA-14,21.7,0.0,65,2.73
2024-06-13,UA-18,17.1,0.2,72,1.79
2024-06-13,UA-21,17.2,2.7,76,2.77
2024-06-13,UA-23,22.3,0.0,61,3.35
2024-06-13,UA-26,16.1,3.8,85,2.63
2024-06-13,UA-30,17.9,0.0,70,2.81
2024-06-13,UA-32,17.7,0.0,70,1.84
2024-06-13,UA-35,19.0,1.1,66,2.72
2024-06-13,UA-40,22.3,0.0,81,2.37
2024-06-13,UA-43,22.6,0.0,66,1.67
2024-06-13,UA-46,15.3,9.1,83,2.36
2024-06-13,UA-48,19.9,1.8,71,2.29
2024-06-13,UA-51,20.1,2.9,71,2.72
2024-06-13,UA-53,20.2,0.8,64,4.34
2024-06-13,UA-56,17.4,0.4,68,1.26
2024-06-13,UA-59,17.5,0.2,85,4.32
2024-06-13,UA-61,15.7,2.4,81,2.37
2024-06-13,UA-63,18.4,0.0,80,4.1
2024-06-13,UA-65,20.5,0.9,66,2.28
2024-06-13,UA-68,16.4,0.7,78,1.41
2024-06-13,UA-71,19.2,0.0,69,2.96
2024-06-13,UA-74,17.6,0.0,70,3.72
2024-06-13,UA-77,16.7,3.3,82,2.01
2024-06-14,UA-05,17.1,3.0,86,1.94
2024-06-14,UA-07,14.1,6.5,85,3.59
2024-06-14,UA-09,23.3,0.0,60,1.34
2024-06-14,UA-12,23.2,2.0,63,2.43
2024-06-14,UA-14,23.2,0.0,58,1.73
2024-06-14,UA-18,17.6,0.6,80,2.32
2024-06-14,UA-21,16.9,0.0,69,3.43
2024-06-14,UA-23,23.3,0.8,63,2.3
2024-06-14,UA-26,13.8,7.4,90,3.46
2024-06-14,UA-30,18.7,2.4,78,1.77
2024-06-14,UA-32,18.1,1.6,80,1.75
2024-06-14,UA-35,19.6,9.9,77,2.04
2024-06-14,UA-40,23.2,10.3,80,3.51
2024-06-14,UA-43,23.5,1.2,66,1.88
2024-06-14,UA-46,14.0,4.3,83,3.55
2024-06-14,UA-48,21.3,12.1,72,2.25
2024-06-14,UA-51,20.3,3.3,77,3.73
2024-06-14,UA-53,20.8,6.4,70,2.51
2024-06-14,UA-56,15.5,3.3,85,3.06
2024-06-14,UA-59,19.8,0.5,69,2.07
2024-06-14,UA-61,14.0,4.6,89,3.08
2024-06-14,UA-63,20.5,3.4,71,1.71
2024-06-14,UA-65,21.5,6.4,69,2.27
2024-06-14,UA-68,15.6,8.6,89,2.74
2024-06-14,UA-71,19.6,8.2,80,1.77
2024-06-14,UA-74,18.1,2.3,79,1.39
2024-06-14,UA-77,15.2,29.1,91,4.11
2024-06-15,UA-05,17.9,1.0,82,4.33
2024-06-15,UA-07,16.6,0.0,70,1.93
2024-06-15,UA-09,24.7,3.3,61,3.18
2024-06-15,UA-12,20.1,10.5,87,4.08
2024-06-15,UA-14,22.2,5.4,68,3.15
2024-06-15,UA-18,17.8,0.8,81,3.94
2024-06-15,UA-21,18.6,0.0,68,1.3
2024-06-15,UA-23,19.7,8.2,85,3.4
2024-06-15,UA-26,17.5,0.0,67,1.43
2024-06-15,UA-30,18.6,7.7,88,3.2
2024-06-15,UA-32,18.1,5.8,89,3.72
2024-06-15,UA-35,18.9,20.9,94,4.03
2024-06-15,UA-40,20.6,7.6,87,4.26
2024-06-15,UA-43,18.9,16.7,91,2.1
2024-06-15,UA-46,16.7,0.0,69,1.22
2024-06-15,UA-48,20.0,8.1,88,4.32
2024-06-15,UA-51,20.2,1.6,82,6.46
2024-06-15,UA-53,18.6,20.5,91,4.51
2024-06-15,UA-56,17.6,0.0,65,2.54
2024-06-15,UA-59,19.4,10.6,83,3.65
2024-06-15,UA-61,17.0,0.0,66,2.41
2024-06-15,UA-63,20.6,8.2,81,4.18
2024-06-15,UA-65,20.2,6.6,86,3.43
2024-06-15,UA-68,16.6,0.3,78,3.15
2024-06-15,UA-71,18.5,28.7,92,3.81
2024-06-15,UA-74,19.0,8.7,85,2.59
2024-06-15,UA-77,17.2,0.3,74,2.98
2024-06-16,UA-05,19.4,1.5,82,2.88
2024-06-16,UA-07,18.9,0.0,67,1.43
2024-06-16,UA-09,22.9,2.4,75,3.88
2024-06-16,UA-12,21.0,5.0,84,2.12
2024-06-16,UA-14,20.1,3.5,86,3.96
2024-06-16,UA-18,19.4,1.0,83,2.86
2024-06-16,UA-21,20.0,0.5,73,1.8
2024-06-16,UA-23,20.4,2.4,86,2.53
2024-06-16,UA-26,19.5,0.0,68,1.38
2024-06-16,UA-30,18.6,11.9,91,3.19
2024-06-16,UA-32,18.3,8.3,93,3.55
2024-06-16,UA-35,19.5,16.6,94,3.21
2024-06-16,UA-40,20.8,3.1,86,5.8
2024-06-16,UA-43,19.5,2.9,89,4.66
2024-06-16,UA-46,19.4,0.0,66,1.88
2024-06-16,UA-48,20.5,5.4,90,3.62
2024-06-16,UA-51,21.8,1.3,74,5.08
2024-06-16,UA-53,19.7,18.5,89,2.53
2024-06-16,UA-56,19.2,0.0,72,1.64
2024-06-16,UA-59,19.3,21.5,89,4.05
2024-06-16,UA-61,19.3,0.0,62,0.99
2024-06-16,UA-63,20.7,10.5,85,3.51
2024-06-16,UA-65,20.5,5.9,89,3.14
2024-06-16,UA-68,18.5,0.8,79,2.15
2024-06-16,UA-71,19.5,18.8,90,3.65
2024-06-16,UA-74,19.3,5.1,82,3.46
2024-06-16,UA-77,19.9,0.0,66,1.36
2024-06-17,UA-05,21.1,1.0,73,3.04
2024-06-17,UA-07,20.5,0.1,70,3.12
2024-06-17,UA-09,23.5,0.1,73,4.47
2024-06-17,UA-12,21.5,4.7,82,3.37
2024-06-17,UA-14,21.2,7.2,81,3.16
2024-06-17,UA-18,21.2,0.3,73,4.09
2024-06-17,UA-21,21.5,0.5,71,1.42
2024-06-17,UA-23,20.7,4.9,85,3.5
2024-06-17,UA-26,19.9,0.2,77,3.04
2024-06-17,UA-30,21.2,2.8,77,3.89
2024-06-17,UA-32,21.8,1.1,73,3.65
2024-06-17,UA-35,21.8,1.7,76,3.21
2024-06-17,UA-40,22.1,0.2,84,2.85
2024-06-17,UA-43,21.3,0.4,79,3.31
2024-06-17,UA-46,19.7,0.0,76,3.31
2024-06-17,UA-48,22.9,0.8,77,2.69
2024-06-17,UA-51,23.7,0.2,67,2.31
2024-06-17,UA-53,20.7,2.9,84,3.68
2024-06-17,UA-56,21.1,1.1,70,3.38
2024-06-17,UA-59,19.8,4.4,91,3.51
2024-06-17,UA-61,20.1,1.6,73,2.88
2024-06-17,UA-63,20.7,4.5,86,3.58
2024-06-17,UA-65,22.8,0.9,77,2.69
2024-06-17,UA-68,20.2,2.3,75,2.5
2024-06-17,UA-71,21.7,1.6,79,3.46
2024-06-17,UA-74,20.0,5.5,85,3.94
2024-06-17,UA-77,21.6,1.1,70,2.62
2024-06-18,UA-05,22.7,0.0,62,1.93
2024-06-18,UA-07,22.4,0.5,64,2.59
2024-06-18,UA-09,23.8,0.4,68,2.72
2024-06-18,UA-12,24.1,0.2,68,2.59
2024-06-18,UA-14,22.9,0.9,71,2.31
2024-06-18,UA-18,22.0,0.0,66,2.67
2024-06-18,UA-21,23.0,0.0,70,1.47
2024-06-18,UA-23,23.3,0.1,73,2.58
2024-06-18,UA-26,22.1,0.0,63,1.41
2024-06-18,UA-30,22.1,0.0,68,3.07
2024-06-18,UA-32,22.6,0.0,65,2.49
2024-06-18,UA-35,23.3,0.3,65,2.59
2024-06-18,UA-40,22.8,0.0,83,2.23
2024-06-18,UA-43,23.1,0.4,70,1.37
2024-06-18,UA-46,22.3,0.2,67,2.26
2024-06-18,UA-48,24.9,0.0,64,2.23
2024-06-18,UA-51,25.4,0.0,59,1.69
2024-06-18,UA-53,22.5,0.7,72,2.93
2024-06-18,UA-56,22.7,0.0,60,2.38
2024-06-18,UA-59,22.0,0.5,75,3.82
2024-06-18,UA-61,21.9,0.0,63,1.76
2024-06-18,UA-63,22.8,1.3,74,3.3
2024-06-18,UA-65,24.8,0.0,64,2.29
2024-06-18,UA-68,21.6,0.0,65,1.85
2024-06-18,UA-71,23.0,0.0,67,2.8
2024-06-18,UA-74,22.1,0.0,70,3.67
2024-06-18,UA-77,23.4,0.0,61,1.44
2024-06-19,UA-05,24.3,0.0,61,3.21
2024-06-19,UA-07,25.1,0.0,59,4.15
2024-06-19,UA-09,25.4,0.0,56,2.19
2024-06-19,UA-12,25.5,0.0,61,1.3
2024-06-19,UA-14,23.9,0.0,62,1.7
2024-06-19,UA-18,24.3,0.0,61,3.64
2024-06-19,UA-21,25.4,0.0,65,2.62
2024-06-19,UA-23,24.8,0.0,65,1.51
2024-06-19,UA-26,24.5,0.0,61,1.89
2024-06-19,UA-30,24.1,0.0,63,3.36
2024-06-19,UA-32,24.1,0.0,63,2.9
2024-06-19,UA-35,24.4,0.0,62,1.63
2024-06-19,UA-40,23.9,0.2,82,2.39
2024-06-19,UA-43,24.1,0.1,68,1.46
2024-06-19,UA-46,24.5,0.0,62,3.67
2024-06-19,UA-48,25.6,0.0,61,1.81
2024-06-19,UA-51,26.1,0.0,54,2.84
2024-06-19,UA-53,23.5,0.0,65,1.39
2024-06-19,UA-56,25.4,0.0,55,3.73
2024-06-19,UA-59,23.6,0.0,66,3.02
2024-06-19,UA-61,24.5,0.0,60,2.86
2024-06-19,UA-63,24.1,0.0,64,1.92
2024-06-19,UA-65,25.7,0.0,59,1.75
2024-06-19,UA-68,24.0,0.1,63,3.53
2024-06-19,UA-71,24.3,0.0,63,2.1
2024-06-19,UA-74,23.7,0.0,67,3.81
2024-06-19,UA-77,25.9,0.0,60,2.11
2024-06-20,UA-05,19.7,0.2,63,4.35
2024-06-20,UA-07,17.9,1.0,66,4.52
2024-06-20,UA-09,25.0,1.8,54,4.86
2024-06-20,UA-12,22.6,2.3,65,5.28
2024-06-20,UA-14,23.3,1.4,60,4.31
2024-06-20,UA-18,19.0,1.3,64,5.52
2024-06-20,UA-21,22.3,0.0,62,3.74
2024-06-20,UA-23,22.4,0.5,66,5.21
2024-06-20,UA-26,19.8,0.1,65,3.56
2024-06-20,UA-30,19.5,0.5,66,5.9
2024-06-20,UA-32,20.0,0.1,63,5.05
2024-06-20,UA-35,21.7,0.6,62,5.02
2024-06-20,UA-40,24.1,0.0,78,3.55
2024-06-20,UA-43,23.9,0.0,66,2.43
2024-06-20,UA-46,18.6,1.6,69,3.59
2024-06-20,UA-48,24.3,0.2,61,4.53
2024-06-20,UA-51,25.9,0.4,48,5.07
2024-06-20,UA-53,20.1,8.6,67,5.63
2024-06-20,UA-56,19.0,1.2,61,4.9
2024-06-20,UA-59,19.0,12.6,74,6.42
2024-06-20,UA-61,19.2,0.1,61,4.08
2024-06-20,UA-63,20.6,3.2,69,5.63
2024-06-20,UA-65,24.5,0.3,57,4.34
2024-06-20,UA-68,18.8,0.3,65,4.3
2024-06-20,UA-71,20.8,4.0,65,5.46
2024-06-20,UA-74,18.6,2.5,70,6.6
2024-06-20,UA-77,21.4,0.0,57,3.74
2024-06-21,UA-05,19.5,0.0,62,1.49
2024-06-21,UA-07,19.8,0.0,64,1.9
2024-06-21,UA-09,20.0,0.0,53,7.05
2024-06-21,UA-12,20.2,0.0,61,4.86
2024-06-21,UA-14,19.3,0.0,56,5.49
2024-06-21,UA-18,18.8,0.0,65,2.27
2024-06-21,UA-21,23.3,0.0,66,1.42
2024-06-21,UA-23,20.0,0.0,60,4.81
2024-06-21,UA-26,20.6,0.0,60,1.72
2024-06-21,UA-30,19.3,0.0,65,3.25
2024-06-21,UA-32,19.0,0.0,65,2.51
2024-06-21,UA-35,20.0,0.0,61,2.88
2024-06-21,UA-40,21.8,0.0,62,4.26
2024-06-21,UA-43,20.3,0.0,56,2.89
2024-06-21,UA-46,20.4,0.0,61,1.91
2024-06-21,UA-48,21.9,0.0,56,2.53
2024-06-21,UA-51,22.5,0.0,45,2.35
2024-06-21,UA-53,18.9,0.0,65,4.54
2024-06-21,UA-56,20.0,0.0,60,1.93
2024-06-21,UA-59,18.6,0.0,67,4.9
2024-06-21,UA-61,20.6,0.0,56,1.5
2024-06-21,UA-63,19.6,0.0,62,5.72
2024-06-21,UA-65,21.8,0.0,52,2.67
2024-06-21,UA-68,19.2,0.0,65,1.46
2024-06-21,UA-71,20.3,0.0,63,3.25
2024-06-21,UA-74,18.9,0.0,68,3.78
2024-06-21,UA-77,21.9,0.0,54,1.79
2024-06-22,UA-05,22.7,0.0,62,1.95
2024-06-22,UA-07,21.1,3.9,74,3.12
2024-06-22,UA-09,21.7,0.0,54,3.75
2024-06-22,UA-12,22.0,0.0,59,2.96
2024-06-22,UA-14,20.8,0.0,57,2.91
2024-06-22,UA-18,22.0,0.0,66,1.92
2024-06-22,UA-21,24.3,3.7,77,2.43
2024-06-22,UA-23,22.6,0.0,58,3.07
2024-06-22,UA-26,22.5,10.5,72,2.42
2024-06-22,UA-30,21.8,0.0,65,1.64
2024-06-22,UA-32,22.2,0.0,65,1.51
2024-06-22,UA-35,22.4,0.0,59,1.89
2024-06-22,UA-40,21.8,0.0,74,2.99
2024-06-22,UA-43,21.3,0.0,62,1.53
2024-06-22,UA-46,21.6,9.3,76,2.82
2024-06-22,UA-48,23.7,0.0,59,1.73
2024-06-22,UA-51,24.3,0.0,50,2.56
2024-06-22,UA-53,20.8,0.0,64,2.61
2024-06-22,UA-56,21.6,3.0,72,2.56
2024-06-22,UA-59,20.4,0.0,67,2.7
2024-06-22,UA-61,21.7,7.1,73,2.77
2024-06-22,UA-63,21.0,0.0,61,3.2
2024-06-22,UA-65,23.7,0.0,56,1.79
2024-06-22,UA-68,21.6,3.1,71,2.55
2024-06-22,UA-71,22.2,0.0,63,1.73
2024-06-22,UA-74,20.7,0.3,66,2.01
2024-06-22,UA-77,23.9,10.1,68,2.49
2024-06-23,UA-05,21.1,1.2,78,2.78
2024-06-23,UA-07,19.9,0.3,70,3.33
2024-06-23,UA-09,23.3,0.0,55,2.48
2024-06-23,UA-12,25.0,0.3,59,2.18
2024-06-23,UA-14,22.8,0.0,57,1.96
2024-06-23,UA-18,19.7,15.2,84,2.71
2024-06-23,UA-21,22.3,4.7,71,3.69
2024-06-23,UA-23,25.3,0.0,59,2.11
2024-06-23,UA-26,20.0,3.5,80,2.89
2024-06-23,UA-30,20.7,18.4,81,2.83
2024-06-23,UA-32,21.2,7.9,79,2.87
2024-06-23,UA-35,24.7,0.5,62,3.39
2024-06-23,UA-40,22.6,0.0,76,1.47
2024-06-23,UA-43,23.3,0.0,64,1.42
2024-06-23,UA-46,19.8,1.1,73,2.88
2024-06-23,UA-48,25.8,0.0,54,3.34
2024-06-23,UA-51,26.0,0.0,48,3.85
2024-06-23,UA-53,22.8,1.7,69,3.07
2024-06-23,UA-56,20.3,3.1,72,3.04
2024-06-23,UA-59,21.7,20.2,80,3.26
2024-06-23,UA-61,19.9,1.6,78,2.78
2024-06-23,UA-63,23.0,5.3,68,2.72
2024-06-23,UA-65,25.7,0.0,52,3.06
2024-06-23,UA-68,19.4,5.2,84,2.57
2024-06-23,UA-71,23.0,2.1,72,3.46
2024-06-23,UA-74,20.7,3.4,79,3.77
2024-06-23,UA-77,22.1,0.2,76,2.49
2024-06-24,UA-05,18.7,0.0,73,3.57
2024-06-24,UA-07,17.4,0.4,78,3.76
2024-06-24,UA-09,24.5,0.0,54,4.78
2024-06-24,UA-12,22.3,0.0,66,5.04
2024-06-24,UA-14,23.5,0.0,56,4.13
2024-06-24,UA-18,17.4,0.7,78,4.19
2024-06-24,UA-21,21.9,0.0,60,3.92
2024-06-24,UA-23,22.7,0.0,65,4.82
2024-06-24,UA-26,19.5,0.0,70,2.9
2024-06-24,UA-30,18.7,1.1,77,4.12
2024-06-24,UA-32,18.7,0.7,74,3.81
2024-06-24,UA-35,21.4,0.0,64,4.08
2024-06-24,UA-40,23.4,0.0,78,3.33
2024-06-24,UA-43,24.3,0.0,63,2.13
2024-06-24,UA-46,18.4,0.0,71,2.96
2024-06-24,UA-48,23.8,0.3,58,3.83
2024-06-24,UA-51,24.5,0.8,56,4.26
2024-06-24,UA-53,20.3,0.3,72,4.78
2024-06-24,UA-56,17.6,0.8,77,3.71
2024-06-24,UA-59,19.3,1.8,80,4.54
2024-06-24,UA-61,18.8,0.0,69,3.29
2024-06-24,UA-63,21.3,0.2,72,4.89
2024-06-24,UA-65,24.2,0.2,54,3.71
2024-06-24,UA-68,18.2,0.1,73,3.61
2024-06-24,UA-71,20.4,0.3,72,4.14
2024-06-24,UA-74,18.4,1.5,80,4.24
2024-06-24,UA-77,21.5,0.0,63,2.9
2024-06-25,UA-05,19.4,0.8,74,2.9
2024-06-25,UA-07,20.0,0.3,74,1.86
2024-06-25,UA-09,18.9,0.4,65,4.53
2024-06-25,UA-12,19.5,0.4,69,4.38
2024-06-25,UA-14,18.4,1.1,67,3.94
2024-06-25,UA-18,19.4,0.8,71,3.24
2024-06-25,UA-21,22.5,0.0,64,2.51
2024-06-25,UA-23,19.8,0.3,69,5.12
2024-06-25,UA-26,19.5,0.5,73,1.79
2024-06-25,UA-30,19.7,0.4,72,3.57
2024-06-25,UA-32,19.4,0.8,72,3.28
2024-06-25,UA-35,20.1,0.1,66,4.08
2024-06-25,UA-40,22.9,0.0,66,6.34
2024-06-25,UA-43,22.0,0.0,60,3.24
2024-06-25,UA-46,19.6,0.1,72,2.18
2024-06-25,UA-48,22.0,0.3,59,4.48
2024-06-25,UA-51,23.2,0.0,52,4.82
2024-06-25,UA-53,18.0,3.9,72,4.11
2024-06-25,UA-56,20.2,0.5,72,2.2
2024-06-25,UA-59,17.4,2.0,73,3.79
2024-06-25,UA-61,19.5,0.4,72,1.87
2024-06-25,UA-63,18.0,2.5,68,3.75
2024-06-25,UA-65,22.1,0.0,54,4.26
2024-06-25,UA-68,19.1,0.8,77,2.48
2024-06-25,UA-71,19.9,0.8,71,3.71
2024-06-25,UA-74,19.3,0.0,71,3.63
2024-06-25,UA-77,20.8,0.1,67,1.99
2024-06-26,UA-05,20.9,0.0,62,1.33
2024-06-26,UA-07,22.4,0.0,59,2.63
2024-06-26,UA-09,18.8,1.9,64,4.05
2024-06-26,UA-12,20.9,0.0,57,4.13
2024-06-26,UA-14,19.2,0.2,57,3.7
2024-06-26,UA-18,20.7,0.0,65,1.2
2024-06-26,UA-21,23.8,0.4,71,1.79
2024-06-26,UA-23,21.2,0.0,57,4.34
2024-06-26,UA-26,22.3,0.0,67,3.1
2024-06-26,UA-30,20.9,0.0,66,2.07
2024-06-26,UA-32,20.7,0.0,64,1.52
2024-06-26,UA-35,21.0,0.0,57,2.5
2024-06-26,UA-40,22.0,0.0,64,4.82
2024-06-26,UA-43,20.2,0.0,58,2.68
2024-06-26,UA-46,22.2,0.0,67,3.26
2024-06-26,UA-48,22.5,0.0,51,2.9
2024-06-26,UA-51,23.4,0.0,52,2.55
2024-06-26,UA-53,19.4,0.0,64,3.92
2024-06-26,UA-56,21.9,0.0,59,2.21
2024-06-26,UA-59,19.0,0.2,72,4.26
2024-06-26,UA-61,21.9,0.0,62,3.0
2024-06-26,UA-63,18.6,0.7,69,4.24
2024-06-26,UA-65,22.4,0.0,46,2.83
2024-06-26,UA-68,21.0,0.0,65,1.86
2024-06-26,UA-71,21.1,0.0,64,2.54
2024-06-26,UA-74,21.1,0.0,65,3.1
2024-06-26,UA-77,23.0,0.0,61,2.55
2024-06-27,UA-05,23.2,0.0,58,1.79
2024-06-27,UA-07,23.8,0.0,56,3.54
2024-06-27,UA-09,20.2,0.3,64,3.13
2024-06-27,UA-12,22.3,0.0,57,3.02
2024-06-27,UA-14,20.1,0.0,58,2.97
2024-06-27,UA-18,22.5,0.0,67,1.54
2024-06-27,UA-21,23.6,0.1,76,1.1
2024-06-27,UA-23,22.9,0.0,57,3.54
2024-06-27,UA-26,23.3,0.1,61,3.93
2024-06-27,UA-30,22.7,0.0,69,1.94
2024-06-27,UA-32,22.6,0.0,66,1.89
2024-06-27,UA-35,23.1,0.0,59,2.74
2024-06-27,UA-40,22.6,0.0,71,2.24
2024-06-27,UA-43,22.1,0.0,59,1.51
2024-06-27,UA-46,23.4,0.0,60,4.27
2024-06-27,UA-48,25.2,0.0,49,1.87
2024-06-27,UA-51,25.0,0.0,45,2.55
2024-06-27,UA-53,20.8,0.0,65,2.64
2024-06-27,UA-56,23.5,0.0,58,3.05
2024-06-27,UA-59,20.2,0.0,69,2.61
2024-06-27,UA-61,23.0,0.0,57,3.9
2024-06-27,UA-63,20.1,0.0,63,2.96
2024-06-27,UA-65,24.8,0.0,45,1.94
2024-06-27,UA-68,22.5,0.0,61,2.89
2024-06-27,UA-71,22.8,0.0,66,2.56
2024-06-27,UA-74,22.7,0.1,68,1.91
2024-06-27,UA-77,24.1,0.3,56,3.35
2024-06-28,UA-05,23.6,0.0,62,2.17
2024-06-28,UA-07,25.5,0.0,55,2.76
2024-06-28,UA-09,22.0,0.0,55,3.0
2024-06-28,UA-12,23.0,0.0,54,3.06
2024-06-28,UA-14,21.2,0.0,53,2.69
2024-06-28,UA-18,22.7,0.0,68,2.18
2024-06-28,UA-21,23.3,0.1,79,1.2
2024-06-28,UA-23,23.0,0.0,54,3.37
2024-06-28,UA-26,24.8,0.0,58,2.16
2024-06-28,UA-30,23.2,0.0,64,1.64
2024-06-28,UA-32,22.6,0.0,65,2.01
2024-06-28,UA-35,22.8,0.0,56,2.75
2024-06-28,UA-40,22.7,0.2,78,1.67
2024-06-28,UA-43,22.1,0.0,59,2.93
2024-06-28,UA-46,24.0,0.4,65,2.46
2024-06-28,UA-48,25.2,0.0,46,3.88
2024-06-28,UA-51,26.0,0.0,43,3.37
2024-06-28,UA-53,21.8,0.0,61,2.78
2024-06-28,UA-56,25.4,0.0,57,2.53
2024-06-28,UA-59,21.8,0.0,66,2.62
2024-06-28,UA-61,24.7,0.1,54,2.81
2024-06-28,UA-63,22.4,0.0,59,2.84
2024-06-28,UA-65,25.0,0.0,43,3.88
2024-06-28,UA-68,23.6,0.1,65,2.18
2024-06-28,UA-71,23.0,0.0,64,1.83
2024-06-28,UA-74,23.4,0.0,65,1.35
2024-06-28,UA-77,25.6,0.0,52,2.45
2024-06-29,UA-05,24.5,0.0,58,1.18
2024-06-29,UA-07,24.1,1.8,74,1.79
2024-06-29,UA-09,23.3,0.0,52,2.74
2024-06-29,UA-12,24.1,0.0,54,2.93
2024-06-29,UA-14,22.4,0.0,53,2.8
2024-06-29,UA-18,23.5,0.0,65,1.37
2024-06-29,UA-21,24.8,0.2,77,1.04
2024-06-29,UA-23,23.8,0.0,57,3.28
2024-06-29,UA-26,24.4,0.0,67,1.36
2024-06-29,UA-30,23.8,0.0,64,1.25
2024-06-29,UA-32,23.5,0.0,63,1.13
2024-06-29,UA-35,24.5,0.0,57,2.84
2024-06-29,UA-40,23.3,0.0,68,2.84
2024-06-29,UA-43,22.5,0.0,59,3.4
2024-06-29,UA-46,24.2,1.3,74,1.56
2024-06-29,UA-48,26.2,0.0,48,3.47
2024-06-29,UA-51,26.9,0.0,42,2.65
2024-06-29,UA-53,23.1,0.0,62,2.27
2024-06-29,UA-56,24.6,1.9,66,1.63
2024-06-29,UA-59,23.2,0.0,65,1.27
2024-06-29,UA-61,23.9,0.3,66,1.44
2024-06-29,UA-63,23.5,0.0,58,1.84
2024-06-29,UA-65,25.8,0.0,45,3.36
2024-06-29,UA-68,23.6,0.0,66,1.41
2024-06-29,UA-71,24.2,0.0,66,1.74
2024-06-29,UA-74,24.2,0.0,65,1.22
2024-06-29,UA-77,25.2,0.0,55,1.31
2024-06-30,UA-05,25.8,0.0,57,2.33
2024-06-30,UA-07,26.2,0.0,63,3.02
2024-06-30,UA-09,25.4,0.0,50,2.77
2024-06-30,UA-12,25.5,0.0,52,1.57
2024-06-30,UA-14,24.2,0.0,51,2.3
2024-06-30,UA-18,25.2,0.0,65,2.09
2024-06-30,UA-21,26.0,0.2,74,2.67
2024-06-30,UA-23,25.2,0.0,55,1.7
2024-06-30,UA-26,25.4,0.0,64,2.06
2024-06-30,UA-30,25.3,0.0,62,1.97
2024-06-30,UA-32,25.2,0.1,60,1.87
2024-06-30,UA-35,25.5,0.0,57,1.39
2024-06-30,UA-40,24.0,0.0,66,3.23
2024-06-30,UA-43,23.3,0.0,57,3.56
2024-06-30,UA-46,25.6,0.0,66,3.3
2024-06-30,UA-48,26.4,0.0,47,2.43
2024-06-30,UA-51,26.5,0.0,44,3.38
2024-06-30,UA-53,25.1,0.1,58,0.8
2024-06-30,UA-56,26.9,0.0,56,3.33
2024-06-30,UA-59,24.3,0.0,67,1.22
2024-06-30,UA-61,25.8,0.0,57,3.03
2024-06-30,UA-63,24.9,0.0,59,1.56
2024-06-30,UA-65,26.1,0.0,46,2.07
2024-06-30,UA-68,25.3,0.0,61,3.04
2024-06-30,UA-71,25.2,0.0,64,1.28
2024-06-30,UA-74,25.3,0.4,67,2.12
2024-06-30,UA-77,27.5,0.0,46,3.09
2024-07-01,UA-05,26.9,0.0,47,3.52
2024-07-01,UA-07,24.2,18.8,72,2.57
2024-07-01,UA-09,25.7,0.0,47,2.21
2024-07-01,UA-12,27.0,0.0,53,1.34
2024-07-01,UA-14,25.1,0.0,49,2.07
2024-07-01,UA-18,26.1,0.0,55,3.28
2024-07-01,UA-21,24.2,22.9,80,2.17
2024-07-01,UA-23,26.8,0.0,52,1.77
2024-07-01,UA-26,23.7,4.5,74,2.32
2024-07-01,UA-30,26.1,0.0,57,3.29
2024-07-01,UA-32,26.2,0.0,53,3.03
2024-07-01,UA-35,26.9,0.0,49,1.48
2024-07-01,UA-40,24.9,0.0,66,4.21
2024-07-01,UA-43,25.0,0.0,52,2.58
2024-07-01,UA-46,22.9,12.0,77,2.09
2024-07-01,UA-48,27.6,0.0,46,1.8
2024-07-01,UA-51,27.6,0.0,42,2.72
2024-07-01,UA-53,26.1,0.0,56,0.87
2024-07-01,UA-56,25.7,5.0,61,2.65
2024-07-01,UA-59,25.0,0.0,68,1.72
2024-07-01,UA-61,24.2,11.7,65,2.14
2024-07-01,UA-63,26.1,0.0,56,1.24
2024-07-01,UA-65,27.4,0.0,44,1.7
2024-07-01,UA-68,24.8,0.5,62,2.98
2024-07-01,UA-71,26.6,0.0,58,2.0
2024-07-01,UA-74,26.3,0.0,59,3.65
2024-07-01,UA-77,26.4,1.3,57,1.93
2024-07-02,UA-05,23.7,5.5,66,2.51
2024-07-02,UA-07,18.0,12.7,93,3.24
2024-07-02,UA-09,26.7,0.0,39,1.54
2024-07-02,UA-12,28.2,0.0,44,2.47
2024-07-02,UA-14,26.1,0.0,38,2.0
2024-07-02,UA-18,22.7,18.8,72,2.66
2024-07-02,UA-21,18.8,7.7,84,3.85
2024-07-02,UA-23,27.2,0.0,46,2.82
2024-07-02,UA-26,18.2,22.6,92,3.23
2024-07-02,UA-30,24.8,0.2,61,3.02
2024-07-02,UA-32,25.2,0.6,57,2.99
2024-07-02,UA-35,27.5,0.0,43,2.89
2024-07-02,UA-40,25.2,0.0,67,2.36
2024-07-02,UA-43,25.8,0.0,47,1.88
2024-07-02,UA-46,17.3,27.3,91,3.35
2024-07-02,UA-48,27.5,0.0,51,2.27
2024-07-02,UA-51,26.8,0.0,53,3.6
2024-07-02,UA-53,26.7,0.0,52,2.54
2024-07-02,UA-56,19.6,10.1,90,2.79
2024-07-02,UA-59,25.9,0.1,61,3.17
2024-07-02,UA-61,18.2,14.3,91,3.2
2024-07-02,UA-63,27.4,0.0,48,2.5
2024-07-02,UA-65,27.9,0.0,45,1.77
2024-07-02,UA-68,20.1,33.4,87,2.41
2024-07-02,UA-71,26.7,0.0,54,2.81
2024-07-02,UA-74,25.1,0.0,61,3.37
2024-07-02,UA-77,20.4,25.9,87,2.66
2024-07-03,UA-05,17.7,21.1,98,3.34
2024-07-03,UA-07,16.6,1.5,79,2.17
2024-07-03,UA-09,27.8,0.0,35,2.34
2024-07-03,UA-12,27.8,0.0,40,2.93
2024-07-03,UA-14,26.3,0.0,36,2.8
2024-07-03,UA-18,16.6,20.3,95,3.76
2024-07-03,UA-21,18.0,0.0,71,2.67
2024-07-03,UA-23,26.2,0.0,46,3.34
2024-07-03,UA-26,14.8,13.5,91,3.01
2024-07-03,UA-30,21.2,1.6,86,2.6
2024-07-03,UA-32,22.0,3.7,83,1.9
2024-07-03,UA-35,27.9,0.0,37,3.17
2024-07-03,UA-40,24.9,0.0,71,2.27
2024-07-03,UA-43,24.3,0.0,60,2.16
2024-07-03,UA-46,15.6,7.1,84,1.88
2024-07-03,UA-48,27.9,0.0,46,2.95
2024-07-03,UA-51,26.6,0.0,58,2.75
2024-07-03,UA-53,27.0,0.0,44,2.85
2024-07-03,UA-56,16.1,8.8,85,2.96
2024-07-03,UA-59,26.4,0.2,52,3.27
2024-07-03,UA-61,14.8,11.5,89,3.6
2024-07-03,UA-63,27.9,0.0,38,2.75
2024-07-03,UA-65,27.6,0.0,42,3.36
2024-07-03,UA-68,14.9,42.9,98,4.11
2024-07-03,UA-71,26.9,0.0,48,3.31
2024-07-03,UA-74,21.2,0.6,85,2.9
2024-07-03,UA-77,14.9,23.5,94,4.33
2024-07-04,UA-05,19.0,3.4,88,2.15
2024-07-04,UA-07,15.9,7.2,88,2.19
2024-07-04,UA-09,28.4,0.0,31,3.88
2024-07-04,UA-12,27.2,0.2,48,3.27
2024-07-04,UA-14,26.5,0.0,36,3.07
2024-07-04,UA-18,18.8,4.1,89,2.44
2024-07-04,UA-21,20.1,0.0,68,1.93
2024-07-04,UA-23,26.2,2.0,55,3.08
2024-07-04,UA-26,16.3,2.4,84,2.29
2024-07-04,UA-30,22.3,8.5,84,1.67
2024-07-04,UA-32,21.8,3.0,83,1.85
2024-07-04,UA-35,26.0,2.4,52,2.12
2024-07-04,UA-40,23.9,0.0,81,2.87
2024-07-04,UA-43,23.7,0.4,73,1.61
2024-07-04,UA-46,17.1,2.3,80,1.94
2024-07-04,UA-48,26.5,0.2,55,2.33
2024-07-04,UA-51,26.1,0.2,54,3.26
2024-07-04,UA-53,26.6,0.0,47,3.16
2024-07-04,UA-56,15.3,14.7,92,2.62
2024-07-04,UA-59,27.0,0.0,48,3.84
2024-07-04,UA-61,15.1,4.4,90,2.65
2024-07-04,UA-63,27.9,0.0,41,3.32
2024-07-04,UA-65,26.0,0.7,58,2.16
2024-07-04,UA-68,15.8,3.1,94,2.81
2024-07-04,UA-71,25.6,2.9,60,2.43
2024-07-04,UA-74,24.1,1.7,70,2.48
2024-07-04,UA-77,15.7,3.3,86,3.51
2024-07-05,UA-05,19.8,0.5,67,3.38
2024-07-05,UA-07,18.1,1.3,73,3.61
2024-07-05,UA-09,29.6,0.0,35,3.09
2024-07-05,UA-12,25.7,0.9,62,3.66
2024-07-05,UA-14,27.2,0.0,43,2.48
2024-07-05,UA-18,18.6,0.3,75,3.63
2024-07-05,UA-21,20.7,0.1,67,1.79
2024-07-05,UA-23,24.9,0.9,70,3.5
2024-07-05,UA-26,19.0,0.2,72,2.65
2024-07-05,UA-30,19.9,7.0,73,3.98
2024-07-05,UA-32,20.0,0.5,70,3.54
2024-07-05,UA-35,23.1,0.5,63,4.23
2024-07-05,UA-40,24.3,0.6,81,4.69
2024-07-05,UA-43,24.1,0.5,70,2.4
2024-07-05,UA-46,18.1,0.5,75,3.39
2024-07-05,UA-48,25.7,0.0,54,4.56
2024-07-05,UA-51,25.1,0.0,48,5.63
2024-07-05,UA-53,23.8,4.6,65,3.49
2024-07-05,UA-56,18.2,1.5,72,3.75
2024-07-05,UA-59,22.7,2.6,70,3.11
2024-07-05,UA-61,18.1,0.8,74,3.56
2024-07-05,UA-63,26.4,0.8,51,2.94
2024-07-05,UA-65,25.9,0.2,53,3.91
2024-07-05,UA-68,18.1,0.3,74,3.21
2024-07-05,UA-71,22.0,0.0,71,4.22
2024-07-05,UA-74,19.8,1.5,75,3.9
2024-07-05,UA-77,19.9,0.0,67,2.5
2024-07-06,UA-05,21.3,0.0,56,1.5
2024-07-06,UA-07,22.1,0.1,63,3.64
2024-07-06,UA-09,27.0,0.0,51,4.98
2024-07-06,UA-12,23.3,0.0,52,4.75
2024-07-06,UA-14,25.3,0.0,53,4.48
2024-07-06,UA-18,20.0,0.0,60,2.06
2024-07-06,UA-21,23.1,0.0,65,3.05
2024-07-06,UA-23,23.4,0.0,56,5.74
2024-07-06,UA-26,22.4,0.0,63,3.16
2024-07-06,UA-30,19.7,0.0,65,1.73
2024-07-06,UA-32,20.1,0.0,62,1.66
2024-07-06,UA-35,21.5,0.0,55,3.31
2024-07-06,UA-40,25.3,0.0,62,7.15
2024-07-06,UA-43,24.1,0.0,56,4.4
2024-07-06,UA-46,22.5,0.2,65,3.58
2024-07-06,UA-48,24.6,0.0,45,4.21
2024-07-06,UA-51,25.5,0.0,40,4.04
2024-07-06,UA-53,21.3,0.0,54,4.17
2024-07-06,UA-56,21.9,0.1,61,3.67
2024-07-06,UA-59,19.7,0.0,64,3.68
2024-07-06,UA-61,21.9,0.0,64,3.4
2024-07-06,UA-63,22.6,0.0,56,4.34
2024-07-06,UA-65,24.6,0.0,43,4.33
2024-07-06,UA-68,21.1,0.0,65,2.65
2024-07-06,UA-71,21.0,0.0,63,2.74
2024-07-06,UA-74,19.7,0.0,62,2.02
2024-07-06,UA-77,23.0,0.0,59,2.28
2024-07-07,UA-05,22.7,0.0,55,3.04
2024-07-07,UA-07,24.7,0.0,59,4.3
2024-07-07,UA-09,26.7,0.0,50,3.77
2024-07-07,UA-12,24.5,0.0,48,4.09
2024-07-07,UA-14,25.3,0.0,49,3.66
2024-07-07,UA-18,21.6,0.0,60,3.64
2024-07-07,UA-21,26.0,0.3,63,2.76
2024-07-07,UA-23,25.1,0.0,51,4.69
2024-07-07,UA-26,24.6,0.0,63,3.1
2024-07-07,UA-30,20.8,0.0,63,2.66
2024-07-07,UA-32,21.7,0.0,58,2.68
2024-07-07,UA-35,23.2,0.0,49,3.09
2024-07-07,UA-40,26.0,0.0,66,4.85
2024-07-07,UA-43,25.2,0.0,60,3.97
2024-07-07,UA-46,24.3,0.5,65,3.06
2024-07-07,UA-48,26.1,0.0,44,3.61
2024-07-07,UA-51,26.2,0.0,43,2.88
2024-07-07,UA-53,22.3,0.0,49,3.72
2024-07-07,UA-56,24.2,0.0,58,4.77
2024-07-07,UA-59,20.8,0.0,56,3.25
2024-07-07,UA-61,24.0,0.0,59,4.33
2024-07-07,UA-63,23.3,0.0,50,4.12
2024-07-07,UA-65,25.9,0.0,43,3.76
2024-07-07,UA-68,22.6,0.0,59,4.01
2024-07-07,UA-71,22.2,0.0,60,2.52
2024-07-07,UA-74,21.4,0.0,56,2.98
2024-07-07,UA-77,25.0,0.0,55,3.77
2024-07-08,UA-05,24.2,0.0,57,1.9
2024-07-08,UA-07,23.0,2.4,78,1.93
2024-07-08,UA-09,30.0,1.4,44,2.51
2024-07-08,UA-12,27.2,0.0,50,2.97
2024-07-08,UA-14,28.4,1.2,49,2.47
2024-07-08,UA-18,22.9,0.0,66,2.05
2024-07-08,UA-21,25.0,1.1,74,1.98
2024-07-08,UA-23,28.0,0.0,54,3.62
2024-07-08,UA-26,23.1,1.2,78,1.85
2024-07-08,UA-30,22.6,0.0,63,1.71
2024-07-08,UA-32,23.1,0.0,59,1.68
2024-07-08,UA-35,25.4,0.0,51,2.95
2024-07-08,UA-40,28.0,0.0,61,4.91
2024-07-08,UA-43,28.4,0.0,52,3.74
2024-07-08,UA-46,22.3,0.4,83,2.0
2024-07-08,UA-48,28.5,0.0,42,3.45
2024-07-08,UA-51,28.5,0.0,37,3.39
2024-07-08,UA-53,24.8,0.0,56,2.69
2024-07-08,UA-56,24.6,0.4,66,2.26
2024-07-08,UA-59,23.8,0.0,63,2.78
2024-07-08,UA-61,23.6,1.1,69,2.05
2024-07-08,UA-63,26.0,0.0,55,2.4
2024-07-08,UA-65,28.5,0.0,41,3.36
2024-07-08,UA-68,24.0,0.0,64,1.9
2024-07-08,UA-71,24.1,0.0,59,2.18
2024-07-08,UA-74,22.6,0.0,60,1.77
2024-07-08,UA-77,25.6,0.0,59,2.2
2024-07-09,UA-05,25.0,0.0,61,2.82
2024-07-09,UA-07,24.4,0.0,70,3.07
2024-07-09,UA-09,28.6,0.0,39,4.18
2024-07-09,UA-12,28.6,0.1,51,2.95
2024-07-09,UA-14,28.3,0.2,41,3.93
2024-07-09,UA-18,24.5,0.1,70,2.7
2024-07-09,UA-21,26.4,0.1,71,1.8
2024-07-09,UA-23,28.7,0.1,53,3.46
2024-07-09,UA-26,24.7,0.4,76,1.74
2024-07-09,UA-30,24.9,0.0,65,3.34
2024-07-09,UA-32,25.1,0.0,60,3.06
2024-07-09,UA-35,27.4,0.0,56,3.59
2024-07-09,UA-40,28.7,0.0,60,4.95
2024-07-09,UA-43,28.7,0.2,53,4.38
2024-07-09,UA-46,24.3,1.9,77,2.65
2024-07-09,UA-48,30.1,0.1,45,3.48
2024-07-09,UA-51,30.0,0.0,40,4.52
2024-07-09,UA-53,26.9,0.0,58,2.15
2024-07-09,UA-56,25.2,0.4,72,2.48
2024-07-09,UA-59,26.4,0.0,67,1.77
2024-07-09,UA-61,24.7,1.7,74,2.22
2024-07-09,UA-63,27.5,0.3,58,2.41
2024-07-09,UA-65,30.2,0.1,44,3.32
2024-07-09,UA-68,24.3,1.4,74,2.19
2024-07-09,UA-71,26.5,0.0,61,3.2
2024-07-09,UA-74,25.0,0.0,63,3.75
2024-07-09,UA-77,25.9,0.0,69,2.1
2024-07-10,UA-05,26.1,1.1,70,3.06
2024-07-10,UA-07,26.0,0.0,63,3.34
2024-07-10,UA-09,28.1,0.0,34,3.02
2024-07-10,UA-12,29.0,0.0,42,3.38
2024-07-10,UA-14,27.5,0.0,34,3.37
2024-07-10,UA-18,25.4,0.1,72,3.29
2024-07-10,UA-21,27.5,0.0,66,1.82
2024-07-10,UA-23,27.8,0.1,44,4.48
2024-07-10,UA-26,26.1,0.1,71,2.34
2024-07-10,UA-30,25.7,0.0,72,3.41
2024-07-10,UA-32,26.3,2.1,71,3.15
2024-07-10,UA-35,29.1,1.3,52,3.67
2024-07-10,UA-40,27.8,0.0,61,4.06
2024-07-10,UA-43,27.5,0.0,50,4.67
2024-07-10,UA-46,26.1,0.2,69,3.23
2024-07-10,UA-48,31.4,0.0,39,4.05
2024-07-10,UA-51,31.2,0.0,39,4.68
2024-07-10,UA-53,27.8,0.0,53,3.25
2024-07-10,UA-56,26.2,0.0,64,3.07
2024-07-10,UA-59,25.2,1.6,75,2.46
2024-07-10,UA-61,25.9,0.2,68,2.72
2024-07-10,UA-63,28.0,0.0,52,2.84
2024-07-10,UA-65,30.8,0.0,38,3.94
2024-07-10,UA-68,25.4,0.0,72,2.96
2024-07-10,UA-71,27.5,0.4,65,2.83
2024-07-10,UA-74,25.6,0.1,67,3.99
2024-07-10,UA-77,26.6,0.0,66,2.04
2024-07-11,UA-05,27.6,0.9,62,2.07
2024-07-11,UA-07,27.1,0.4,64,2.96
2024-07-11,UA-09,29.0,0.0,39,3.54
2024-07-11,UA-12,29.1,0.0,41,3.39
2024-07-11,UA-14,28.4,0.0,38,3.72
2024-07-11,UA-18,26.8,0.0,69,2.09
2024-07-11,UA-21,27.6,0.0,68,1.89
2024-07-11,UA-23,28.3,0.0,45,4.26
2024-07-11,UA-26,26.2,1.5,68,2.46
2024-07-11,UA-30,27.0,0.1,68,1.97
2024-07-11,UA-32,27.7,0.0,63,1.98
2024-07-11,UA-35,29.1,0.1,47,3.06
2024-07-11,UA-40,27.3,0.0,61,4.14
2024-07-11,UA-43,26.7,0.0,52,5.14
2024-07-11,UA-46,26.3,0.0,66,2.36
2024-07-11,UA-48,30.8,0.0,35,3.84
2024-07-11,UA-51,30.9,0.0,34,3.38
2024-07-11,UA-53,27.7,0.0,52,2.97
2024-07-11,UA-56,27.3,0.1,64,2.58
2024-07-11,UA-59,26.6,0.1,66,2.53
2024-07-11,UA-61,26.0,0.9,69,2.52
2024-07-11,UA-63,27.8,0.2,54,2.99
2024-07-11,UA-65,30.1,0.0,36,3.58
2024-07-11,UA-68,26.5,0.0,70,2.03
2024-07-11,UA-71,27.9,0.1,62,2.3
2024-07-11,UA-74,26.7,0.0,65,2.31
2024-07-11,UA-77,27.8,0.7,59,1.73
2024-07-12,UA-05,28.6,0.0,52,2.03
2024-07-12,UA-07,26.8,0.3,64,1.92
2024-07-12,UA-09,26.5,0.0,37,3.6
2024-07-12,UA-12,28.5,0.0,49,3.07
2024-07-12,UA-14,27.0,0.0,40,3.45
2024-07-12,UA-18,27.7,0.1,61,2.37
2024-07-12,UA-21,27.9,0.1,67,1.98
2024-07-12,UA-23,27.7,0.0,51,3.92
2024-07-12,UA-26,25.9,0.0,72,1.29
2024-07-12,UA-30,27.8,0.5,66,1.89
2024-07-12,UA-32,28.4,0.2,60,1.69
2024-07-12,UA-35,29.3,0.0,48,2.31
2024-07-12,UA-40,27.4,0.2,62,4.0
2024-07-12,UA-43,27.3,0.0,53,4.83
2024-07-12,UA-46,25.9,0.0,69,1.48
2024-07-12,UA-48,30.9,0.2,39,3.03
2024-07-12,UA-51,30.8,0.0,37,2.9
2024-07-12,UA-53,27.2,0.0,55,2.7
2024-07-12,UA-56,27.7,0.2,63,1.54
2024-07-12,UA-59,26.0,0.0,60,2.45
2024-07-12,UA-61,26.4,0.1,65,1.48
2024-07-12,UA-63,26.3,0.0,48,2.9
2024-07-12,UA-65,30.6,0.0,38,3.07
2024-07-12,UA-68,27.0,0.2,63,2.26
2024-07-12,UA-71,28.6,0.0,61,2.08
2024-07-12,UA-74,27.7,0.2,67,1.77
2024-07-12,UA-77,28.2,0.1,55,1.61
2024-07-13,UA-05,29.6,0.0,50,2.21
2024-07-13,UA-07,28.6,0.6,62,3.17
2024-07-13,UA-09,24.7,0.0,38,3.04
2024-07-13,UA-12,26.5,0.0,45,2.74
2024-07-13,UA-14,24.7,0.0,36,3.04
2024-07-13,UA-18,28.7,0.0,58,2.57
2024-07-13,UA-21,28.7,0.9,61,2.65
2024-07-13,UA-23,26.4,0.0,45,3.4
2024-07-13,UA-26,28.2,0.0,60,2.31
2024-07-13,UA-30,28.8,0.0,57,2.88
2024-07-13,UA-32,29.0,0.0,54,2.37
2024-07-13,UA-35,28.3,0.0,44,2.41
2024-07-13,UA-40,26.7,0.0,54,4.66
2024-07-13,UA-43,24.9,0.0,47,4.59
2024-07-13,UA-46,27.6,1.9,65,3.09
2024-07-13,UA-48,29.3,0.0,39,3.07
2024-07-13,UA-51,29.2,0.0,44,2.46
2024-07-13,UA-53,26.1,0.0,47,1.86
2024-07-13,UA-56,29.6,1.9,53,3.1
2024-07-13,UA-59,26.4,0.0,57,1.92
2024-07-13,UA-61,28.2,0.0,55,2.56
2024-07-13,UA-63,26.0,0.0,48,1.73
2024-07-13,UA-65,28.8,0.0,36,3.16
2024-07-13,UA-68,27.9,0.0,56,2.79
2024-07-13,UA-71,28.1,0.0,59,2.53
2024-07-13,UA-74,28.6,0.0,60,2.94
2024-07-13,UA-77,29.7,0.0,49,1.85
2024-07-14,UA-05,29.2,0.0,50,2.33
2024-07-14,UA-07,25.5,10.7,74,2.12
2024-07-14,UA-09,26.5,0.0,42,2.89
2024-07-14,UA-12,28.4,0.0,49,2.36
2024-07-14,UA-14,26.3,0.0,40,2.83
2024-07-14,UA-18,27.7,0.6,60,2.8
2024-07-14,UA-21,27.0,2.0,67,1.75
2024-07-14,UA-23,27.6,0.0,49,3.05
2024-07-14,UA-26,26.8,2.9,67,1.69
2024-07-14,UA-30,28.0,0.0,57,2.72
2024-07-14,UA-32,28.6,0.0,51,2.11
2024-07-14,UA-35,28.5,0.0,45,1.74
2024-07-14,UA-40,26.2,0.0,55,4.55
2024-07-14,UA-43,25.2,0.0,46,4.61
2024-07-14,UA-46,24.9,4.8,78,1.92
2024-07-14,UA-48,29.4,0.0,37,2.75
2024-07-14,UA-51,29.2,0.0,38,2.55
2024-07-14,UA-53,27.8,0.0,55,1.11
2024-07-14,UA-56,27.1,2.0,64,2.0
2024-07-14,UA-59,28.2,0.2,58,2.19
2024-07-14,UA-61,27.2,1.7,62,1.97
2024-07-14,UA-63,28.5,0.1,54,1.97
2024-07-14,UA-65,29.3,0.0,33,3.14
2024-07-14,UA-68,27.2,0.2,59,2.59
2024-07-14,UA-71,28.2,0.0,54,1.57
2024-07-14,UA-74,27.3,0.1,62,2.8
2024-07-14,UA-77,29.5,0.0,51,1.78
2024-07-15,UA-05,27.9,0.1,53,1.75
2024-07-15,UA-07,24.6,2.7,78,1.36
2024-07-15,UA-09,28.6,0.0,46,2.65
2024-07-15,UA-12,29.8,0.1,53,2.8
2024-07-15,UA-14,28.2,0.0,47,2.88
2024-07-15,UA-18,25.7,0.4,71,1.79
2024-07-15,UA-21,27.6,0.1,71,1.8
2024-07-15,UA-23,28.3,0.0,58,3.26
2024-07-15,UA-26,25.5,2.9,75,1.79
2024-07-15,UA-30,27.0,0.4,64,1.53
2024-07-15,UA-32,27.8,0.0,54,1.48
2024-07-15,UA-35,29.8,0.0,50,2.16
2024-07-15,UA-40,26.8,0.0,56,4.33
2024-07-15,UA-43,26.3,0.0,47,4.32
2024-07-15,UA-46,24.8,3.1,76,1.65
2024-07-15,UA-48,31.4,0.1,45,3.27
2024-07-15,UA-51,31.6,0.0,41,2.87
2024-07-15,UA-53,28.8,0.1,56,2.32
2024-07-15,UA-56,25.8,0.1,71,1.53
2024-07-15,UA-59,27.7,0.0,63,2.19
2024-07-15,UA-61,25.9,0.0,68,2.03
2024-07-15,UA-63,29.0,0.0,55,2.61
2024-07-15,UA-65,31.4,0.0,43,3.62
2024-07-15,UA-68,26.5,0.1,63,2.13
2024-07-15,UA-71,29.2,0.0,56,1.48
2024-07-15,UA-74,25.6,0.4,74,1.76
2024-07-15,UA-77,28.9,0.0,53,1.6
2024-07-16,UA-05,29.4,0.3,52,2.41
2024-07-16,UA-07,26.4,1.3,71,2.89
2024-07-16,UA-09,30.0,0.0,43,2.71
2024-07-16,UA-12,30.3,0.3,50,3.49
2024-07-16,UA-14,29.9,0.0,44,3.07
2024-07-16,UA-18,27.6,0.5,65,2.2
2024-07-16,UA-21,28.3,1.0,70,1.59
2024-07-16,UA-23,29.1,0.0,53,4.18
2024-07-16,UA-26,27.0,1.3,69,1.64
2024-07-16,UA-30,28.0,0.2,67,1.51
2024-07-16,UA-32,28.7,0.8,60,1.58
2024-07-16,UA-35,30.6,0.2,50,2.7
2024-07-16,UA-40,27.8,0.0,63,3.92
2024-07-16,UA-43,28.5,0.0,53,3.96
2024-07-16,UA-46,26.3,1.5,70,2.12
2024-07-16,UA-48,32.9,0.0,41,4.01
2024-07-16,UA-51,33.3,0.0,38,3.62
2024-07-16,UA-53,29.0,0.4,55,2.75
2024-07-16,UA-56,28.0,1.2,63,2.7
2024-07-16,UA-59,28.0,0.0,63,2.21
2024-07-16,UA-61,27.4,2.2,64,2.28
2024-07-16,UA-63,29.1,0.0,54,2.7
2024-07-16,UA-65,32.8,0.0,39,4.16
2024-07-16,UA-68,27.8,0.2,62,2.38
2024-07-16,UA-71,29.7,0.1,58,1.93
2024-07-16,UA-74,27.0,0.1,72,1.42
2024-07-16,UA-77,29.4,0.6,52,1.65
2024-07-17,UA-05,27.2,1.9,61,1.93
2024-07-17,UA-07,24.3,1.3,81,1.6
2024-07-17,UA-09,30.4,0.0,41,1.48
2024-07-17,UA-12,30.9,0.0,48,3.0
2024-07-17,UA-14,29.8,0.0,41,2.05
2024-07-17,UA-18,25.8,0.3,70,2.15
2024-07-17,UA-21,27.6,1.9,67,2.73
2024-07-17,UA-23,29.6,0.0,53,3.11
2024-07-17,UA-26,25.2,0.7,74,2.04
2024-07-17,UA-30,27.3,0.9,68,1.53
2024-07-17,UA-32,28.0,1.5,63,1.55
2024-07-17,UA-35,30.3,0.0,49,3.1
2024-07-17,UA-40,28.4,0.0,61,4.32
2024-07-17,UA-43,29.2,0.0,50,4.21
2024-07-17,UA-46,24.0,0.2,80,2.26
2024-07-17,UA-48,32.5,0.0,41,3.52
2024-07-17,UA-51,32.8,0.0,41,3.33
2024-07-17,UA-53,29.1,0.0,52,2.75
2024-07-17,UA-56,25.6,1.3,73,1.74
2024-07-17,UA-59,28.2,0.0,59,1.99
2024-07-17,UA-61,25.1,1.4,72,1.84
2024-07-17,UA-63,29.6,0.0,52,2.4
2024-07-17,UA-65,32.7,0.0,39,3.57
2024-07-17,UA-68,25.4,1.6,68,1.54
2024-07-17,UA-71,29.5,0.1,59,2.14
2024-07-17,UA-74,26.7,1.0,71,2.28
2024-07-17,UA-77,27.1,2.7,64,2.17
2024-07-18,UA-05,23.6,6.6,78,2.1
2024-07-18,UA-07,22.3,0.0,76,2.76
2024-07-18,UA-09,30.2,0.0,44,2.4
2024-07-18,UA-12,30.6,0.0,47,3.29
2024-07-18,UA-14,30.2,0.0,41,2.38
2024-07-18,UA-18,23.1,5.0,82,2.35
2024-07-18,UA-21,25.7,0.0,68,3.42
2024-07-18,UA-23,29.5,0.0,51,3.58
2024-07-18,UA-26,23.4,0.7,77,3.08
2024-07-18,UA-30,24.4,5.6,80,2.1
2024-07-18,UA-32,24.5,3.1,76,1.94
2024-07-18,UA-35,29.1,1.3,56,3.19
2024-07-18,UA-40,27.8,0.0,67,3.69
2024-07-18,UA-43,29.3,0.0,49,2.62
2024-07-18,UA-46,21.9,12.6,78,2.7
2024-07-18,UA-48,32.2,0.0,41,3.19
2024-07-18,UA-51,31.3,1.3,43,3.96
2024-07-18,UA-53,28.1,0.7,57,2.97
2024-07-18,UA-56,23.7,0.5,72,2.62
2024-07-18,UA-59,26.0,2.5,73,2.56
2024-07-18,UA-61,23.5,2.0,74,2.63
2024-07-18,UA-63,28.9,0.1,55,2.55
2024-07-18,UA-65,32.4,0.0,38,2.71
2024-07-18,UA-68,23.2,7.4,81,2.07
2024-07-18,UA-71,27.1,0.9,67,2.66
2024-07-18,UA-74,23.7,5.4,83,2.51
2024-07-18,UA-77,25.6,0.9,68,3.23
2024-07-19,UA-05,22.9,0.0,66,3.42
2024-07-19,UA-07,21.2,0.0,69,2.27
2024-07-19,UA-09,29.1,0.8,45,3.33
2024-07-19,UA-12,27.2,0.2,57,4.58
2024-07-19,UA-14,28.4,0.4,46,3.22
2024-07-19,UA-18,21.8,0.0,72,3.21
2024-07-19,UA-21,25.3,0.0,58,3.4
2024-07-19,UA-23,26.8,0.0,59,5.11
2024-07-19,UA-26,23.1,0.0,62,1.28
2024-07-19,UA-30,22.5,0.7,75,3.29
2024-07-19,UA-32,23.2,0.0,69,3.33
2024-07-19,UA-35,25.7,0.0,63,4.27
2024-07-19,UA-40,27.5,2.7,72,4.43
2024-07-19,UA-43,28.4,1.1,56,2.86
2024-07-19,UA-46,21.6,0.0,68,2.15
2024-07-19,UA-48,28.9,0.0,54,4.82
2024-07-19,UA-51,28.9,0.0,51,5.81
2024-07-19,UA-53,25.1,0.0,64,4.32
2024-07-19,UA-56,22.3,0.0,62,2.58
2024-07-19,UA-59,23.6,0.0,70,3.88
2024-07-19,UA-61,22.8,0.0,58,2.33
2024-07-19,UA-63,25.9,0.0,60,3.81
2024-07-19,UA-65,28.9,0.9,53,4.05
2024-07-19,UA-68,21.9,0.0,67,2.9
2024-07-19,UA-71,24.5,0.5,69,3.76
2024-07-19,UA-74,21.8,0.2,75,3.41
2024-07-19,UA-77,24.7,0.0,58,1.86
2024-07-20,UA-05,22.7,0.0,61,1.93
2024-07-20,UA-07,21.9,0.0,63,1.9
2024-07-20,UA-09,26.1,0.0,44,2.95
2024-07-20,UA-12,25.7,0.0,53,2.86
2024-07-20,UA-14,25.8,0.0,45,2.59
2024-07-20,UA-18,21.3,0.0,68,1.92
2024-07-20,UA-21,24.6,0.1,65,1.77
2024-07-20,UA-23,26.3,0.0,55,3.67
2024-07-20,UA-26,23.3,0.0,60,3.03
2024-07-20,UA-30,22.0,0.0,67,2.31
2024-07-20,UA-32,22.8,0.0,61,2.05
2024-07-20,UA-35,24.9,0.0,53,2.88
2024-07-20,UA-40,26.5,0.4,75,4.64
2024-07-20,UA-43,25.6,2.8,67,2.53
2024-07-20,UA-46,22.4,0.4,66,2.38
2024-07-20,UA-48,27.7,0.0,47,3.52
2024-07-20,UA-51,27.5,0.0,44,3.77
2024-07-20,UA-53,24.1,0.0,53,2.9
2024-07-20,UA-56,22.5,0.0,60,1.45
2024-07-20,UA-59,22.4,0.0,61,2.74
2024-07-20,UA-61,22.6,0.0,60,2.14
2024-07-20,UA-63,24.5,0.0,52,2.44
2024-07-20,UA-65,27.5,0.0,48,3.09
2024-07-20,UA-68,21.6,0.0,68,1.32
2024-07-20,UA-71,24.0,0.0,60,2.59
2024-07-20,UA-74,20.8,0.0,68,2.59
2024-07-20,UA-77,24.8,0.1,53,2.23
2024-07-21,UA-05,21.9,3.6,71,1.92
2024-07-21,UA-07,22.3,0.2,65,1.83
2024-07-21,UA-09,27.6,0.0,40,1.22
2024-07-21,UA-12,26.4,0.0,47,2.33
2024-07-21,UA-14,26.1,0.0,46,1.17
2024-07-21,UA-18,21.9,0.6,71,1.34
2024-07-21,UA-21,22.6,13.7,84,1.31
2024-07-21,UA-23,26.7,0.4,55,1.98
2024-07-21,UA-26,20.1,7.2,83,1.76
2024-07-21,UA-30,22.9,0.0,64,1.22
2024-07-21,UA-32,23.7,0.0,60,1.28
2024-07-21,UA-35,25.3,0.0,50,2.06
2024-07-21,UA-40,25.8,0.0,81,1.93
2024-07-21,UA-43,25.1,0.3,70,1.68
2024-07-21,UA-46,20.8,2.2,78,2.22
2024-07-21,UA-48,27.9,0.0,46,2.13
2024-07-21,UA-51,27.2,0.0,53,2.91
2024-07-21,UA-53,24.1,0.0,50,1.98
2024-07-21,UA-56,22.1,0.2,68,1.75
2024-07-21,UA-59,22.4,0.0,62,1.94
2024-07-21,UA-61,19.7,11.6,82,2.12
2024-07-21,UA-63,24.7,0.0,49,1.99
2024-07-21,UA-65,27.4,0.0,48,2.57
2024-07-21,UA-68,20.5,3.2,79,1.57
2024-07-21,UA-71,24.4,0.0,60,1.24
2024-07-21,UA-74,22.0,0.0,67,0.91
2024-07-21,UA-77,20.3,15.4,87,1.57
2024-07-22,UA-05,21.8,7.2,76,1.61
2024-07-22,UA-07,23.2,0.1,66,1.6
2024-07-22,UA-09,22.6,0.4,62,2.91
2024-07-22,UA-12,24.6,0.1,64,1.95
2024-07-22,UA-14,23.3,0.3,58,2.46
2024-07-22,UA-18,22.2,0.0,70,1.67
2024-07-22,UA-21,24.0,0.0,71,1.55
2024-07-22,UA-23,24.2,4.3,71,2.93
2024-07-22,UA-26,22.1,0.0,75,1.25
2024-07-22,UA-30,22.6,0.3,72,1.62
2024-07-22,UA-32,23.0,0.1,68,1.11
2024-07-22,UA-35,23.2,1.1,64,2.45
2024-07-22,UA-40,25.1,0.2,82,2.34
2024-07-22,UA-43,24.7,1.2,76,1.51
2024-07-22,UA-46,21.9,0.0,76,1.18
2024-07-22,UA-48,25.7,9.1,74,1.97
2024-07-22,UA-51,26.2,5.4,60,2.28
2024-07-22,UA-53,24.0,0.2,56,2.18
2024-07-22,UA-56,23.4,0.1,65,1.54
2024-07-22,UA-59,22.7,0.8,62,1.98
2024-07-22,UA-61,21.6,0.4,78,1.39
2024-07-22,UA-63,24.1,0.1,55,1.84
2024-07-22,UA-65,25.6,7.9,69,1.92
2024-07-22,UA-68,21.9,0.2,79,1.96
2024-07-22,UA-71,24.0,0.2,69,1.95
2024-07-22,UA-74,20.9,3.2,74,1.9
2024-07-22,UA-77,21.9,0.2,79,1.89
2024-07-23,UA-05,22.6,0.0,66,2.56
2024-07-23,UA-07,21.8,8.5,80,2.59
2024-07-23,UA-09,22.7,0.0,61,2.65
2024-07-23,UA-12,24.2,0.4,61,2.3
2024-07-23,UA-14,22.3,0.1,61,2.43
2024-07-23,UA-18,21.9,0.1,69,2.08
2024-07-23,UA-21,24.0,0.4,70,2.71
2024-07-23,UA-23,24.1,0.7,67,2.84
2024-07-23,UA-26,21.6,3.2,77,2.74
2024-07-23,UA-30,22.1,0.1,70,2.63
2024-07-23,UA-32,22.5,0.0,67,2.39
2024-07-23,UA-35,24.3,0.0,58,3.58
2024-07-23,UA-40,25.6,1.4,77,4.4
2024-07-23,UA-43,24.7,4.3,71,1.79
2024-07-23,UA-46,21.0,10.5,83,2.35
2024-07-23,UA-48,26.6,0.4,52,3.33
2024-07-23,UA-51,27.1,0.0,49,3.79
2024-07-23,UA-53,22.1,1.3,64,2.88
2024-07-23,UA-56,22.4,5.7,74,2.62
2024-07-23,UA-59,20.9,1.6,73,2.4
2024-07-23,UA-61,21.8,0.4,75,2.89
2024-07-23,UA-63,21.2,5.4,69,2.39
2024-07-23,UA-65,26.0,3.0,53,3.1
2024-07-23,UA-68,22.0,2.1,74,2.73
2024-07-23,UA-71,23.3,0.0,66,3.11
2024-07-23,UA-74,21.0,0.1,75,2.8
2024-07-23,UA-77,23.3,0.4,66,2.97
2024-07-24,UA-05,22.2,0.9,72,1.54
2024-07-24,UA-07,20.4,6.1,87,1.85
2024-07-24,UA-09,21.0,0.0,65,3.26
2024-07-24,UA-12,22.6,0.0,57,3.36
2024-07-24,UA-14,21.0,0.0,62,2.9
2024-07-24,UA-18,22.1,0.0,65,1.91
2024-07-24,UA-21,23.2,0.3,66,2.9
2024-07-24,UA-23,23.2,0.0,62,3.7
2024-07-24,UA-26,21.0,8.1,81,2.0
2024-07-24,UA-30,21.7,1.2,71,2.28
2024-07-24,UA-32,22.7,0.0,65,2.09
2024-07-24,UA-35,24.0,0.0,56,2.86
2024-07-24,UA-40,25.8,0.0,65,3.74
2024-07-24,UA-43,24.3,0.2,59,2.05
2024-07-24,UA-46,20.7,0.7,77,2.48
2024-07-24,UA-48,25.6,0.0,54,2.65
2024-07-24,UA-51,26.6,0.0,46,2.3
2024-07-24,UA-53,20.8,0.0,58,3.17
2024-07-24,UA-56,20.8,9.5,88,1.87
2024-07-24,UA-59,20.0,0.0,59,3.25
2024-07-24,UA-61,20.7,6.5,82,2.1
2024-07-24,UA-63,20.1,0.0,59,3.31
2024-07-24,UA-65,25.5,0.0,50,2.54
2024-07-24,UA-68,20.5,5.7,87,1.72
2024-07-24,UA-71,22.8,0.2,66,2.41
2024-07-24,UA-74,20.7,0.1,72,2.59
2024-07-24,UA-77,21.6,10.5,80,2.21
2024-07-25,UA-05,19.4,17.8,84,1.4
2024-07-25,UA-07,18.1,12.6,93,2.55
2024-07-25,UA-09,22.4,0.0,51,2.23
2024-07-25,UA-12,22.7,0.0,50,2.3
2024-07-25,UA-14,22.4,0.0,47,1.79
2024-07-25,UA-18,20.0,1.9,77,1.94
2024-07-25,UA-21,20.3,2.7,69,3.79
2024-07-25,UA-23,23.3,0.0,51,2.7
2024-07-25,UA-26,18.2,8.0,84,4.61
2024-07-25,UA-30,20.8,0.1,61,1.9
2024-07-25,UA-32,21.8,0.3,59,1.98
2024-07-25,UA-35,23.1,0.0,45,2.52
2024-07-25,UA-40,25.4,0.0,65,1.45
2024-07-25,UA-43,23.6,0.1,62,1.88
2024-07-25,UA-46,17.7,18.6,87,4.37
2024-07-25,UA-48,24.6,0.1,59,2.74
2024-07-25,UA-51,23.7,12.3,69,1.64
2024-07-25,UA-53,21.4,0.0,52,2.24
2024-07-25,UA-56,18.3,21.6,93,1.22
2024-07-25,UA-59,21.2,0.0,58,2.3
2024-07-25,UA-61,18.2,11.4,86,3.47
2024-07-25,UA-63,21.8,0.0,56,2.02
2024-07-25,UA-65,24.7,0.2,55,1.9
2024-07-25,UA-68,18.1,17.9,92,1.94
2024-07-25,UA-71,21.6,0.0,60,2.05
2024-07-25,UA-74,20.5,0.0,62,2.2
2024-07-25,UA-77,19.6,6.4,79,4.1
2024-07-26,UA-05,19.3,0.6,81,1.54
2024-07-26,UA-07,18.8,1.7,88,1.96
2024-07-26,UA-09,23.7,0.0,45,2.62
2024-07-26,UA-12,24.6,0.0,49,2.73
2024-07-26,UA-14,23.8,0.0,45,2.52
2024-07-26,UA-18,20.1,1.0,77,1.5
2024-07-26,UA-21,20.6,0.0,64,2.36
2024-07-26,UA-23,25.2,0.0,53,3.0
2024-07-26,UA-26,18.8,2.9,82,3.76
2024-07-26,UA-30,21.7,0.1,68,1.77
2024-07-26,UA-32,21.7,0.9,66,1.48
2024-07-26,UA-35,24.1,0.0,49,2.7
2024-07-26,UA-40,24.3,5.4,72,3.09
2024-07-26,UA-43,24.0,0.0,59,2.67
2024-07-26,UA-46,18.5,1.4,86,3.24
2024-07-26,UA-48,22.7,1.0,71,3.42
2024-07-26,UA-51,20.4,21.0,88,3.31
2024-07-26,UA-53,23.5,0.0,51,2.59
2024-07-26,UA-56,19.1,3.1,88,1.47
2024-07-26,UA-59,22.4,0.0,62,2.48
2024-07-26,UA-61,18.5,2.6,85,2.98
2024-07-26,UA-63,23.0,0.0,54,2.62
2024-07-26,UA-65,23.5,0.5,63,3.15
2024-07-26,UA-68,18.3,5.8,90,1.73
2024-07-26,UA-71,23.2,0.1,64,2.0
2024-07-26,UA-74,22.1,0.0,64,1.84
2024-07-26,UA-77,19.5,2.1,80,3.83
2024-07-27,UA-05,21.6,0.0,71,1.78
2024-07-27,UA-07,21.6,0.0,71,1.77
2024-07-27,UA-09,23.5,0.0,39,2.37
2024-07-27,UA-12,25.2,0.0,45,2.52
2024-07-27,UA-14,22.9,0.0,40,2.52
2024-07-27,UA-18,21.4,0.7,74,1.86
2024-07-27,UA-21,22.3,0.0,63,1.72
2024-07-27,UA-23,25.3,0.0,47,3.17
2024-07-27,UA-26,21.4,0.0,65,1.77
2024-07-27,UA-30,21.9,6.4,78,1.27
2024-07-27,UA-32,22.9,0.6,66,1.54
2024-07-27,UA-35,25.4,0.0,54,1.89
2024-07-27,UA-40,26.1,0.0,60,4.62
2024-07-27,UA-43,24.7,0.0,55,3.52
2024-07-27,UA-46,21.4,0.0,66,1.8
2024-07-27,UA-48,26.9,0.0,49,2.6
2024-07-27,UA-51,25.3,0.1,61,3.24
2024-07-27,UA-53,23.5,0.1,53,1.69
2024-07-27,UA-56,21.4,0.1,73,1.62
2024-07-27,UA-59,22.8,0.0,57,1.49
2024-07-27,UA-61,20.8,0.1,71,1.66
2024-07-27,UA-63,23.7,0.0,49,1.45
2024-07-27,UA-65,26.7,0.0,45,2.67
2024-07-27,UA-68,20.8,0.0,77,1.5
2024-07-27,UA-71,24.0,0.6,66,1.43
2024-07-27,UA-74,21.8,2.2,75,1.37
2024-07-27,UA-77,22.1,0.0,68,1.88
2024-07-28,UA-05,23.9,0.2,65,2.52
2024-07-28,UA-07,21.4,3.8,69,4.87
2024-07-28,UA-09,26.0,0.0,37,1.81
2024-07-28,UA-12,26.1,0.0,52,2.05
2024-07-28,UA-14,24.9,0.0,41,1.62
2024-07-28,UA-18,23.3,0.4,67,3.3
2024-07-28,UA-21,24.3,0.2,59,3.74
2024-07-28,UA-23,26.1,0.0,55,1.88
2024-07-28,UA-26,23.3,1.0,64,3.68
2024-07-28,UA-30,23.9,0.1,64,2.63
2024-07-28,UA-32,24.4,0.0,61,2.38
2024-07-28,UA-35,26.3,0.0,52,1.7
2024-07-28,UA-40,26.0,0.0,67,2.78
2024-07-28,UA-43,25.5,0.0,53,1.9
2024-07-28,UA-46,21.9,1.2,67,4.94
2024-07-28,UA-48,27.8,0.0,52,2.54
2024-07-28,UA-51,27.1,0.0,58,3.2
2024-07-28,UA-53,24.3,0.0,60,2.19
2024-07-28,UA-56,22.3,1.7,68,4.51
2024-07-28,UA-59,24.0,0.5,64,2.26
2024-07-28,UA-61,22.9,1.0,62,3.99
2024-07-28,UA-63,24.7,0.0,55,2.29
2024-07-28,UA-65,28.1,0.0,46,2.9
2024-07-28,UA-68,22.7,0.3,67,3.62
2024-07-28,UA-71,25.0,0.0,64,1.76
2024-07-28,UA-74,23.6,0.9,66,2.62
2024-07-28,UA-77,25.1,0.0,57,2.52
2024-07-29,UA-05,19.1,0.1,58,5.78
2024-07-29,UA-07,18.3,0.1,61,7.39
2024-07-29,UA-09,27.0,3.0,47,3.91
2024-07-29,UA-12,23.3,0.6,57,3.66
2024-07-29,UA-14,25.6,0.2,47,3.53
2024-07-29,UA-18,18.6,0.1,61,7.48
2024-07-29,UA-21,20.8,0.0,53,3.73
2024-07-29,UA-23,24.6,0.0,61,3.84
2024-07-29,UA-26,19.3,0.0,57,5.95
2024-07-29,UA-30,19.3,2.0,61,7.48
2024-07-29,UA-32,20.1,0.7,56,6.28
2024-07-29,UA-35,22.4,0.7,49,4.75
2024-07-29,UA-40,25.7,0.0,72,2.9
2024-07-29,UA-43,25.2,0.0,60,3.06
2024-07-29,UA-46,18.0,0.0,65,6.17
2024-07-29,UA-48,25.6,0.1,48,4.21
2024-07-29,UA-51,24.6,0.0,50,4.95
2024-07-29,UA-53,21.2,2.7,56,4.62
2024-07-29,UA-56,18.4,0.2,62,7.29
2024-07-29,UA-59,20.7,2.4,60,6.16
2024-07-29,UA-61,18.2,0.0,63,6.38
2024-07-29,UA-63,22.0,0.5,56,4.26
2024-07-29,UA-65,26.3,0.4,47,3.84
2024-07-29,UA-68,18.2,0.0,62,6.05
2024-07-29,UA-71,21.5,1.4,56,5.85
2024-07-29,UA-74,18.0,2.8,71,8.48
2024-07-29,UA-77,20.7,0.0,50,5.44
2024-07-30,UA-05,17.2,0.6,72,6.0
2024-07-30,UA-07,18.0,0.0,67,5.48
2024-07-30,UA-09,22.1,0.0,50,4.7
2024-07-30,UA-12,20.6,0.4,58,5.88
2024-07-30,UA-14,20.5,0.0,53,4.14
2024-07-30,UA-18,17.1,2.3,77,7.02
2024-07-30,UA-21,20.0,0.0,56,2.85
2024-07-30,UA-23,20.9,0.0,59,5.61
2024-07-30,UA-26,18.4,0.0,60,5.41
2024-07-30,UA-30,17.9,5.3,83,6.82
2024-07-30,UA-32,18.0,0.3,74,6.7
2024-07-30,UA-35,19.3,1.3,67,6.28
2024-07-30,UA-40,23.3,0.0,56,7.34
2024-07-30,UA-43,22.0,0.0,52,3.79
2024-07-30,UA-46,18.0,0.0,64,4.92
2024-07-30,UA-48,21.5,0.0,55,6.15
2024-07-30,UA-51,21.5,0.0,53,6.61
2024-07-30,UA-53,19.3,0.4,62,6.06
2024-07-30,UA-56,17.9,0.2,69,5.89
2024-07-30,UA-59,17.5,3.4,79,6.17
2024-07-30,UA-61,17.7,0.0,63,5.65
2024-07-30,UA-63,18.9,0.5,66,5.97
2024-07-30,UA-65,21.8,0.0,52,5.57
2024-07-30,UA-68,17.1,0.0,70,5.85
2024-07-30,UA-71,19.2,3.0,73,6.6
2024-07-30,UA-74,18.4,1.3,78,6.36
2024-07-30,UA-77,19.6,0.0,55,6.12
2024-07-31,UA-05,19.8,0.0,63,3.6
2024-07-31,UA-07,19.6,0.0,64,2.78
2024-07-31,UA-09,22.3,0.0,53,3.96
2024-07-31,UA-12,21.8,0.6,63,4.36
2024-07-31,UA-14,21.2,0.3,56,3.47
2024-07-31,UA-18,19.0,0.0,65,3.98
2024-07-31,UA-21,21.1,0.0,61,1.71
2024-07-31,UA-23,21.8,0.2,66,4.34
2024-07-31,UA-26,20.9,0.0,55,3.07
2024-07-31,UA-30,19.3,0.3,67,4.16
2024-07-31,UA-32,19.9,0.0,61,3.83
2024-07-31,UA-35,21.2,0.1,58,3.91
2024-07-31,UA-40,22.5,0.0,65,5.4
2024-07-31,UA-43,21.6,0.0,62,2.72
2024-07-31,UA-46,20.0,0.0,62,3.11
2024-07-31,UA-48,22.5,0.0,54,3.85
2024-07-31,UA-51,22.7,0.0,52,4.27
2024-07-31,UA-53,20.2,0.6,67,4.3
2024-07-31,UA-56,19.7,0.0,65,3.2
2024-07-31,UA-59,19.4,0.4,69,4.59
2024-07-31,UA-61,19.8,0.0,59,3.25
2024-07-31,UA-63,20.6,0.4,65,4.2
2024-07-31,UA-65,22.4,0.0,53,3.55
2024-07-31,UA-68,19.1,0.0,67,3.2
2024-07-31,UA-71,20.9,0.0,65,4.06
2024-07-31,UA-74,18.9,0.5,70,4.47
2024-07-31,UA-77,21.7,0.0,50,3.02
2024-08-01,UA-05,22.1,0.0,60,3.32
2024-08-01,UA-07,21.0,0.0,64,2.93
2024-08-01,UA-09,23.1,0.0,48,3.29
2024-08-01,UA-12,22.9,0.0,51,3.01
2024-08-01,UA-14,21.8,0.0,52,2.71
2024-08-01,UA-18,21.2,0.0,60,3.23
2024-08-01,UA-21,23.3,0.0,60,2.04
2024-08-01,UA-23,23.6,0.0,55,3.09
2024-08-01,UA-26,21.6,1.2,63,2.78
2024-08-01,UA-30,21.2,0.0,60,2.86
2024-08-01,UA-32,22.6,0.0,53,3.16
2024-08-01,UA-35,23.2,0.0,49,2.96
2024-08-01,UA-40,24.1,0.0,67,2.52
2024-08-01,UA-43,22.5,0.0,63,2.38
2024-08-01,UA-46,20.2,0.9,71,3.2
2024-08-01,UA-48,24.7,0.0,47,3.28
2024-08-01,UA-51,24.6,0.0,48,3.53
2024-08-01,UA-53,21.0,0.0,56,3.22
2024-08-01,UA-56,21.2,0.0,62,3.26
2024-08-01,UA-59,19.9,0.0,61,3.88
2024-08-01,UA-61,20.8,0.2,65,3.64
2024-08-01,UA-63,21.2,0.0,55,3.66
2024-08-01,UA-65,24.4,0.0,47,3.07
2024-08-01,UA-68,20.8,0.2,66,3.45
2024-08-01,UA-71,22.7,0.0,56,2.81
2024-08-01,UA-74,19.7,0.0,64,3.62
2024-08-01,UA-77,23.3,1.6,55,2.75
2024-08-02,UA-05,22.5,0.0,63,2.04
2024-08-02,UA-07,21.6,0.1,66,2.29
2024-08-02,UA-09,24.1,0.4,43,3.37
2024-08-02,UA-12,23.9,0.0,47,3.09
2024-08-02,UA-14,22.6,0.5,50,3.06
2024-08-02,UA-18,21.0,0.0,68,2.24
2024-08-02,UA-21,24.5,1.4,65,1.58
2024-08-02,UA-23,24.8,0.0,54,3.74
2024-08-02,UA-26,23.2,0.8,70,1.42
2024-08-02,UA-30,20.9,0.0,62,2.25
2024-08-02,UA-32,22.7,0.0,56,2.5
2024-08-02,UA-35,24.6,0.0,46,2.6
2024-08-02,UA-40,24.1,0.0,70,2.04
2024-08-02,UA-43,23.0,0.0,64,2.5
2024-08-02,UA-46,21.7,3.7,74,1.13
2024-08-02,UA-48,25.8,0.0,57,3.14
2024-08-02,UA-51,25.5,0.0,56,3.0
2024-08-02,UA-53,21.8,0.0,53,2.61
2024-08-02,UA-56,21.7,0.2,69,1.87
2024-08-02,UA-59,20.2,0.0,60,2.78
2024-08-02,UA-61,21.9,0.7,70,1.6
2024-08-02,UA-63,21.4,0.0,51,2.64
2024-08-02,UA-65,25.5,0.1,59,3.3
2024-08-02,UA-68,21.3,0.3,73,1.88
2024-08-02,UA-71,22.8,0.0,58,2.3
2024-08-02,UA-74,19.6,0.0,65,2.39
2024-08-02,UA-77,24.5,0.5,63,2.0
2024-08-03,UA-05,19.3,16.9,87,2.32
2024-08-03,UA-07,17.5,19.6,86,3.3
2024-08-03,UA-09,24.5,0.0,40,1.26
2024-08-03,UA-12,25.1,0.1,50,2.11
2024-08-03,UA-14,23.8,0.0,47,1.55
2024-08-03,UA-18,17.6,18.0,93,2.61
2024-08-03,UA-21,19.2,15.2,86,3.22
2024-08-03,UA-23,26.2,0.0,51,2.3
2024-08-03,UA-26,19.7,10.6,85,3.43
2024-08-03,UA-30,18.5,28.8,82,2.76
2024-08-03,UA-32,19.8,12.1,80,1.86
2024-08-03,UA-35,23.3,4.6,62,2.57
2024-08-03,UA-40,24.3,0.0,71,1.63
2024-08-03,UA-43,23.8,0.0,61,1.75
2024-08-03,UA-46,17.8,18.6,89,2.84
2024-08-03,UA-48,25.2,0.1,69,4.21
2024-08-03,UA-51,25.2,3.4,71,5.4
2024-08-03,UA-53,22.3,2.0,59,1.14
2024-08-03,UA-56,17.6,17.8,95,3.15
2024-08-03,UA-59,21.3,3.0,60,1.21
2024-08-03,UA-61,18.7,15.0,90,3.12
2024-08-03,UA-63,23.1,0.1,50,1.52
2024-08-03,UA-65,25.6,0.3,63,3.57
2024-08-03,UA-68,18.5,20.4,93,2.62
2024-08-03,UA-71,22.0,5.1,74,2.62
2024-08-03,UA-74,18.3,22.8,80,2.62
2024-08-03,UA-77,21.6,10.6,76,3.23
2024-08-04,UA-05,18.3,2.9,85,3.34
2024-08-04,UA-07,19.6,0.0,67,2.24
2024-08-04,UA-09,24.6,5.5,63,2.88
2024-08-04,UA-12,22.8,8.8,72,3.48
2024-08-04,UA-14,23.2,6.7,68,2.37
2024-08-04,UA-18,18.8,0.8,77,3.43
2024-08-04,UA-21,20.6,0.2,72,2.02
2024-08-04,UA-23,23.7,2.0,68,3.57
2024-08-04,UA-26,19.0,1.0,76,2.94
2024-08-04,UA-30,18.9,0.6,78,3.77
2024-08-04,UA-32,18.5,1.1,80,3.39
2024-08-04,UA-35,20.5,3.5,81,3.73
2024-08-04,UA-40,24.1,0.2,77,2.95
2024-08-04,UA-43,23.0,0.4,74,2.43
2024-08-04,UA-46,19.1,0.4,75,2.45
2024-08-04,UA-48,23.0,4.1,75,3.7
2024-08-04,UA-51,22.2,9.6,74,4.69
2024-08-04,UA-53,19.8,15.3,85,3.24
2024-08-04,UA-56,19.3,0.0,71,2.72
2024-08-04,UA-59,17.3,22.3,90,3.1
2024-08-04,UA-61,19.4,0.1,68,2.92
2024-08-04,UA-63,20.1,14.7,81,2.92
2024-08-04,UA-65,22.7,8.7,76,3.56
2024-08-04,UA-68,18.5,1.2,78,3.37
2024-08-04,UA-71,19.5,0.2,83,3.05
2024-08-04,UA-74,19.1,1.1,74,3.16
2024-08-04,UA-77,19.8,8.4,72,3.76
2024-08-05,UA-05,20.5,0.0,65,1.57
2024-08-05,UA-07,17.6,12.6,87,2.43
2024-08-05,UA-09,21.6,2.3,76,1.84
2024-08-05,UA-12,21.9,0.9,65,3.24
2024-08-05,UA-14,19.8,9.3,81,1.19
2024-08-05,UA-18,19.8,0.2,69,1.43
2024-08-05,UA-21,18.8,12.0,80,2.35
2024-08-05,UA-23,21.9,6.2,71,3.53
2024-08-05,UA-26,18.0,29.6,80,2.02
2024-08-05,UA-30,20.5,0.1,70,1.75
2024-08-05,UA-32,20.9,0.1,63,1.89
2024-08-05,UA-35,22.3,0.0,57,2.92
2024-08-05,UA-40,23.5,0.1,70,5.41
2024-08-05,UA-43,22.2,1.0,70,2.44
2024-08-05,UA-46,16.8,20.3,86,2.96
2024-08-05,UA-48,24.1,0.0,53,3.49
2024-08-05,UA-51,23.4,0.0,57,3.22
2024-08-05,UA-53,20.8,0.3,65,2.77
2024-08-05,UA-56,18.2,11.0,83,2.02
2024-08-05,UA-59,20.0,0.1,71,2.19
2024-08-05,UA-61,17.9,15.8,82,1.95
2024-08-05,UA-63,20.4,0.2,69,2.56
2024-08-05,UA-65,23.8,0.0,53,3.45
2024-08-05,UA-68,19.1,0.8,74,1.7
2024-08-05,UA-71,21.4,0.0,66,2.26
2024-08-05,UA-74,20.1,0.2,68,1.51
2024-08-05,UA-77,21.3,0.7,64,1.55
2024-08-06,UA-05,20.3,1.4,73,1.79
2024-08-06,UA-07,17.2,9.2,92,2.37
2024-08-06,UA-09,21.8,0.2,72,1.47
2024-08-06,UA-12,22.9,0.0,57,2.01
2024-08-06,UA-14,20.7,0.0,74,1.6
2024-08-06,UA-18,19.9,3.6,78,1.92
2024-08-06,UA-21,18.8,0.0,75,3.22
2024-08-06,UA-23,23.7,0.0,56,2.33
2024-08-06,UA-26,16.7,4.8,88,3.49
2024-08-06,UA-30,20.8,2.3,77,1.7
2024-08-06,UA-32,21.0,1.3,71,1.73
2024-08-06,UA-35,22.6,0.0,56,1.69
2024-08-06,UA-40,24.1,0.0,70,3.68
2024-08-06,UA-43,22.9,0.0,62,1.82
2024-08-06,UA-46,16.5,17.9,89,3.19
2024-08-06,UA-48,24.3,0.0,53,2.36
2024-08-06,UA-51,21.8,0.7,69,1.96
2024-08-06,UA-53,21.4,0.0,62,1.9
2024-08-06,UA-56,17.6,6.2,92,2.07
2024-08-06,UA-59,20.9,0.0,67,1.82
2024-08-06,UA-61,17.3,7.2,87,2.35
2024-08-06,UA-63,21.7,0.0,61,1.94
2024-08-06,UA-65,24.1,0.0,51,2.13
2024-08-06,UA-68,18.4,8.0,87,3.24
2024-08-06,UA-71,22.8,0.0,61,1.44
2024-08-06,UA-74,20.4,3.2,77,1.63
2024-08-06,UA-77,17.0,12.7,90,4.12
2024-08-07,UA-05,20.6,0.3,74,2.02
2024-08-07,UA-07,19.9,0.7,81,1.81
2024-08-07,UA-09,22.5,0.3,60,2.11
2024-08-07,UA-12,22.8,0.0,60,2.54
2024-08-07,UA-14,21.5,0.1,60,1.71
2024-08-07,UA-18,20.2,0.4,74,2.33
2024-08-07,UA-21,20.9,0.0,70,1.3
2024-08-07,UA-23,24.2,0.0,58,2.44
2024-08-07,UA-26,20.2,0.3,76,1.69
2024-08-07,UA-30,20.5,0.6,74,2.65
2024-08-07,UA-32,20.7,0.8,73,2.25
2024-08-07,UA-35,22.3,0.1,62,2.66
2024-08-07,UA-40,23.9,0.1,69,4.51
2024-08-07,UA-43,22.8,0.0,63,1.64
2024-08-07,UA-46,19.5,0.4,78,2.06
2024-08-07,UA-48,25.2,0.1,52,2.51
2024-08-07,UA-51,23.7,0.0,63,1.54
2024-08-07,UA-53,21.0,1.1,66,2.61
2024-08-07,UA-56,20.1,0.2,79,1.93
2024-08-07,UA-59,19.9,6.5,77,2.36
2024-08-07,UA-61,19.7,0.3,79,2.26
2024-08-07,UA-63,22.0,0.6,64,2.19
2024-08-07,UA-65,24.9,0.0,49,2.16
2024-08-07,UA-68,19.6,0.4,77,1.97
2024-08-07,UA-71,21.1,1.9,73,2.61
2024-08-07,UA-74,19.9,0.4,77,3.09
2024-08-07,UA-77,20.6,1.2,73,1.93
2024-08-08,UA-05,22.1,0.2,68,1.89
2024-08-08,UA-07,20.9,0.8,77,1.28
2024-08-08,UA-09,23.3,0.0,55,3.19
2024-08-08,UA-12,23.2,0.0,59,3.09
2024-08-08,UA-14,22.3,0.0,56,2.87
2024-08-08,UA-18,21.3,0.0,70,2.13
2024-08-08,UA-21,23.0,0.0,67,1.52
2024-08-08,UA-23,23.9,0.0,59,2.81
2024-08-08,UA-26,21.9,0.0,71,1.5
2024-08-08,UA-30,20.8,0.0,72,2.42
2024-08-08,UA-32,22.0,0.0,66,2.25
2024-08-08,UA-35,23.0,0.0,59,2.39
2024-08-08,UA-40,25.0,0.0,71,2.3
2024-08-08,UA-43,24.5,0.0,58,1.31
2024-08-08,UA-46,21.2,0.9,75,1.79
2024-08-08,UA-48,25.9,0.0,54,2.11
2024-08-08,UA-51,25.4,0.0,56,2.4
2024-08-08,UA-53,21.3,0.1,63,3.46
2024-08-08,UA-56,21.3,0.9,75,1.54
2024-08-08,UA-59,19.4,0.5,76,3.56
2024-08-08,UA-61,21.3,0.1,71,1.74
2024-08-08,UA-63,21.4,0.0,64,3.72
2024-08-08,UA-65,25.9,0.0,49,2.13
2024-08-08,UA-68,21.1,0.2,73,1.79
2024-08-08,UA-71,22.3,0.0,65,2.83
2024-08-08,UA-74,19.3,0.0,75,3.12
2024-08-08,UA-77,22.8,0.1,67,1.18
2024-08-09,UA-05,21.5,3.7,77,1.21
2024-08-09,UA-07,20.4,5.5,84,1.65
2024-08-09,UA-09,23.1,0.0,55,2.63
2024-08-09,UA-12,23.3,0.0,56,2.21
2024-08-09,UA-14,22.2,0.0,57,2.06
2024-08-09,UA-18,20.7,3.6,79,1.25
2024-08-09,UA-21,21.8,4.4,75,2.17
2024-08-09,UA-23,24.7,0.0,53,2.34
2024-08-09,UA-26,20.4,10.4,84,1.91
2024-08-09,UA-30,21.6,3.0,73,1.22
2024-08-09,UA-32,22.2,0.4,69,1.09
2024-08-09,UA-35,23.8,0.0,57,1.69
2024-08-09,UA-40,25.9,0.0,66,1.77
2024-08-09,UA-43,24.7,0.0,59,1.32
2024-08-09,UA-46,19.5,16.3,89,2.37
2024-08-09,UA-48,26.9,0.0,54,2.23
2024-08-09,UA-51,25.9,0.0,55,3.03
2024-08-09,UA-53,22.1,0.0,59,2.13
2024-08-09,UA-56,20.6,8.1,85,1.38
2024-08-09,UA-59,21.0,0.0,68,2.48
2024-08-09,UA-61,20.2,11.0,83,2.15
2024-08-09,UA-63,21.9,0.0,61,2.71
2024-08-09,UA-65,26.5,0.0,55,2.0
2024-08-09,UA-68,20.4,7.9,83,1.79
2024-08-09,UA-71,23.1,0.1,64,0.75
2024-08-09,UA-74,20.9,0.3,70,1.6
2024-08-09,UA-77,21.3,8.0,79,2.2
2024-08-10,UA-05,21.9,1.1,74,2.6
2024-08-10,UA-07,21.3,1.0,76,3.15
2024-08-10,UA-09,24.2,0.0,48,1.71
2024-08-10,UA-12,23.9,0.6,58,1.88
2024-08-10,UA-14,23.0,0.0,54,1.84
2024-08-10,UA-18,21.4,1.6,75,2.55
2024-08-10,UA-21,23.0,0.0,69,1.35
2024-08-10,UA-23,24.8,0.0,57,2.2
2024-08-10,UA-26,21.9,0.0,74,3.06
2024-08-10,UA-30,21.5,3.0,77,2.02
2024-08-10,UA-32,22.0,1.8,73,2.25
2024-08-10,UA-35,23.2,4.4,65,1.59
2024-08-10,UA-40,25.6,0.0,69,3.71
2024-08-10,UA-43,24.9,0.0,57,1.77
2024-08-10,UA-46,21.3,0.6,77,3.3
2024-08-10,UA-48,26.6,0.0,53,1.93
2024-08-10,UA-51,25.5,4.1,60,3.11
2024-08-10,UA-53,21.4,0.9,67,1.8
2024-08-10,UA-56,21.6,0.1,75,3.16
2024-08-10,UA-59,21.7,0.3,66,1.85
2024-08-10,UA-61,21.5,0.0,74,3.44
2024-08-10,UA-63,22.2,0.7,60,2.15
2024-08-10,UA-65,26.3,0.0,52,2.31
2024-08-10,UA-68,21.5,0.2,75,3.04
2024-08-10,UA-71,22.5,1.4,74,1.45
2024-08-10,UA-74,21.4,0.0,74,2.45
2024-08-10,UA-77,22.7,0.2,68,3.59
2024-08-11,UA-05,21.4,0.1,66,4.07
2024-08-11,UA-07,20.4,0.3,66,3.99
2024-08-11,UA-09,25.1,0.0,45,3.49
2024-08-11,UA-12,23.7,0.0,57,4.03
2024-08-11,UA-14,23.9,0.0,49,3.25
2024-08-11,UA-18,20.1,0.4,69,4.61
2024-08-11,UA-21,25.0,0.0,64,1.87
2024-08-11,UA-23,24.7,0.0,58,4.15
2024-08-11,UA-26,22.6,0.1,70,2.93
2024-08-11,UA-30,20.1,0.3,69,4.26
2024-08-11,UA-32,21.4,0.4,63,4.06
2024-08-11,UA-35,23.2,0.7,56,3.82
2024-08-11,UA-40,25.5,0.0,72,4.56
2024-08-11,UA-43,25.1,0.0,58,2.18
2024-08-11,UA-46,21.1,1.0,74,3.01
2024-08-11,UA-48,26.5,0.0,49,3.79
2024-08-11,UA-51,26.4,0.0,47,3.98
2024-08-11,UA-53,21.3,0.1,61,4.15
2024-08-11,UA-56,20.3,0.8,69,3.93
2024-08-11,UA-59,19.9,0.1,64,4.76
2024-08-11,UA-61,21.3,0.5,71,3.7
2024-08-11,UA-63,21.8,0.0,58,4.38
2024-08-11,UA-65,26.6,0.0,45,3.61
2024-08-11,UA-68,20.7,0.5,72,3.94
2024-08-11,UA-71,22.2,0.2,62,4.01
2024-08-11,UA-74,19.5,0.1,66,4.76
2024-08-11,UA-77,24.1,0.0,61,2.81
2024-08-12,UA-05,18.9,0.0,65,3.02
2024-08-12,UA-07,17.9,0.0,64,3.22
2024-08-12,UA-09,20.8,0.7,44,4.45
2024-08-12,UA-12,20.9,0.0,52,4.28
2024-08-12,UA-14,20.3,0.2,45,3.95
2024-08-12,UA-18,17.9,0.0,66,3.85
2024-08-12,UA-21,23.4,0.0,60,1.74
2024-08-12,UA-23,21.7,0.2,54,4.11
2024-08-12,UA-26,19.9,0.0,68,1.84
2024-08-12,UA-30,17.7,0.0,68,4.18
2024-08-12,UA-32,18.9,0.0,62,3.77
2024-08-12,UA-35,20.5,0.0,55,3.55
2024-08-12,UA-40,24.8,0.0,63,4.5
2024-08-12,UA-43,23.6,0.0,55,2.6
2024-08-12,UA-46,18.5,0.0,69,2.17
2024-08-12,UA-48,24.2,0.0,46,3.29
2024-08-12,UA-51,25.0,0.0,44,2.83
2024-08-12,UA-53,19.1,0.1,54,4.71
2024-08-12,UA-56,17.9,0.0,66,3.27
2024-08-12,UA-59,17.2,1.1,64,5.26
2024-08-12,UA-61,18.5,0.0,66,2.43
2024-08-12,UA-63,18.8,1.3,55,5.04
2024-08-12,UA-65,24.1,0.0,43,3.05
2024-08-12,UA-68,18.2,0.0,67,2.73
2024-08-12,UA-71,19.6,0.0,64,4.06
2024-08-12,UA-74,17.4,0.2,67,4.79
2024-08-12,UA-77,22.2,0.0,60,1.88
2024-08-13,UA-05,18.5,0.0,62,2.87
2024-08-13,UA-07,17.3,0.0,66,2.27
2024-08-13,UA-09,19.3,0.0,48,3.54
2024-08-13,UA-12,20.3,0.0,50,4.1
2024-08-13,UA-14,18.8,0.0,49,3.18
2024-08-13,UA-18,17.5,0.0,65,3.4
2024-08-13,UA-21,23.9,0.0,57,2.29
2024-08-13,UA-23,21.6,0.0,50,3.87
2024-08-13,UA-26,19.6,0.0,66,1.79
2024-08-13,UA-30,17.1,0.0,67,3.88
2024-08-13,UA-32,18.3,0.0,61,3.37
2024-08-13,UA-35,20.2,0.0,50,3.5
2024-08-13,UA-40,24.4,0.7,66,3.3
2024-08-13,UA-43,22.2,1.0,69,2.78
2024-08-13,UA-46,18.9,0.0,66,2.01
2024-08-13,UA-48,23.8,0.0,42,3.23
2024-08-13,UA-51,25.2,0.0,37,3.01
2024-08-13,UA-53,18.2,0.1,56,4.42
2024-08-13,UA-56,17.4,0.0,67,2.4
2024-08-13,UA-59,16.0,2.0,70,4.18
2024-08-13,UA-61,18.6,0.0,63,2.33
2024-08-13,UA-63,17.7,0.4,60,4.11
2024-08-13,UA-65,23.9,0.0,39,2.86
2024-08-13,UA-68,17.7,0.0,67,2.57
2024-08-13,UA-71,19.3,0.0,58,4.22
2024-08-13,UA-74,16.5,0.2,68,4.27
2024-08-13,UA-77,21.5,0.0,57,1.88
2024-08-14,UA-05,18.7,0.0,65,1.23
2024-08-14,UA-07,18.2,0.0,67,2.29
2024-08-14,UA-09,19.5,0.0,53,3.96
2024-08-14,UA-12,19.8,0.0,54,3.6
2024-08-14,UA-14,18.6,0.0,52,3.29
2024-08-14,UA-18,18.2,0.0,66,1.61
2024-08-14,UA-21,23.4,0.0,62,1.55
2024-08-14,UA-23,21.1,0.0,50,3.92
2024-08-14,UA-26,20.4,0.0,58,3.75
2024-08-14,UA-30,17.7,0.0,71,2.11
2024-08-14,UA-32,18.4,0.0,64,1.87
2024-08-14,UA-35,19.8,0.0,54,2.46
2024-08-14,UA-40,24.1,0.0,54,3.84
2024-08-14,UA-43,21.1,0.0,52,2.56
2024-08-14,UA-46,19.2,0.0,63,3.65
2024-08-14,UA-48,22.4,0.0,47,2.27
2024-08-14,UA-51,22.8,0.0,48,3.08
2024-08-14,UA-53,18.3,0.0,58,3.43
2024-08-14,UA-56,18.3,0.0,67,1.81
2024-08-14,UA-59,18.1,0.2,66,3.98
2024-08-14,UA-61,19.0,0.0,60,3.05
2024-08-14,UA-63,18.9,0.0,59,4.0
2024-08-14,UA-65,22.5,0.0,40,2.25
2024-08-14,UA-68,18.0,0.0,67,1.98
2024-08-14,UA-71,19.1,0.0,64,2.53
2024-08-14,UA-74,17.8,0.0,70,2.75
2024-08-14,UA-77,22.1,0.0,51,3.05
2024-08-15,UA-05,21.4,0.0,57,2.42
2024-08-15,UA-07,20.6,0.0,63,2.78
2024-08-15,UA-09,21.0,0.1,51,3.34
2024-08-15,UA-12,21.4,0.0,51,2.63
2024-08-15,UA-14,20.0,0.0,50,2.72
2024-08-15,UA-18,19.5,0.0,63,1.96
2024-08-15,UA-21,24.7,0.0,69,1.48
2024-08-15,UA-23,22.7,0.0,50,2.92
2024-08-15,UA-26,21.9,0.0,63,2.28
2024-08-15,UA-30,19.7,0.0,65,1.9
2024-08-15,UA-32,20.0,0.0,60,1.71
2024-08-15,UA-35,21.2,0.0,52,1.9
2024-08-15,UA-40,24.0,0.0,57,2.52
2024-08-15,UA-43,21.9,0.0,48,1.81
2024-08-15,UA-46,20.8,0.0,67,2.66
2024-08-15,UA-48,24.1,0.0,47,1.79
2024-08-15,UA-51,23.4,0.0,52,2.88
2024-08-15,UA-53,19.9,0.0,55,2.78
2024-08-15,UA-56,20.3,0.0,64,2.47
2024-08-15,UA-59,19.0,0.4,67,3.01
2024-08-15,UA-61,21.4,0.0,61,2.79
2024-08-15,UA-63,19.9,0.6,61,3.27
2024-08-15,UA-65,23.8,0.0,45,1.99
2024-08-15,UA-68,20.7,0.0,63,2.67
2024-08-15,UA-71,20.9,0.0,60,1.8
2024-08-15,UA-74,19.1,0.0,67,2.42
2024-08-15,UA-77,23.8,0.0,58,1.58
2024-08-16,UA-05,23.1,0.0,55,2.34
2024-08-16,UA-07,22.4,0.0,64,2.23
2024-08-16,UA-09,21.0,0.0,41,3.32
2024-08-16,UA-12,22.0,0.0,50,2.53
2024-08-16,UA-14,20.5,0.0,46,2.78
2024-08-16,UA-18,21.0,0.0,60,2.35
2024-08-16,UA-21,25.8,0.1,70,1.75
2024-08-16,UA-23,23.5,0.0,48,2.71
2024-08-16,UA-26,23.5,0.8,70,1.63
2024-08-16,UA-30,20.1,0.0,65,1.46
2024-08-16,UA-32,21.6,0.0,56,2.04
2024-08-16,UA-35,22.7,0.0,50,1.8
2024-08-16,UA-40,24.4,0.0,62,3.56
2024-08-16,UA-43,22.8,0.0,50,1.97
2024-08-16,UA-46,23.3,0.0,71,1.73
2024-08-16,UA-48,25.5,0.0,46,1.91
2024-08-16,UA-51,24.8,0.0,53,2.99
2024-08-16,UA-53,20.2,0.0,56,2.39
2024-08-16,UA-56,22.0,0.0,64,2.17
2024-08-16,UA-59,19.3,0.0,63,2.68
2024-08-16,UA-61,23.1,0.0,62,1.66
2024-08-16,UA-63,20.2,0.0,53,3.15
2024-08-16,UA-65,25.3,0.0,44,1.68
2024-08-16,UA-68,22.1,0.0,63,2.05
2024-08-16,UA-71,21.6,0.0,60,1.15
2024-08-16,UA-74,19.6,0.0,69,1.08
2024-08-16,UA-77,24.8,0.6,59,1.05
2024-08-17,UA-05,24.4,0.0,51,1.79
2024-08-17,UA-07,23.8,0.0,68,1.73
2024-08-17,UA-09,21.5,0.0,39,1.99
2024-08-17,UA-12,23.2,0.0,46,1.78
2024-08-17,UA-14,20.6,0.0,44,1.74
2024-08-17,UA-18,23.0,0.0,54,2.12
2024-08-17,UA-21,25.0,0.1,73,1.45
2024-08-17,UA-23,24.3,0.0,45,2.24
2024-08-17,UA-26,24.5,0.0,68,1.52
2024-08-17,UA-30,21.5,0.0,62,2.03
2024-08-17,UA-32,23.6,0.0,50,2.12
2024-08-17,UA-35,25.4,0.0,41,2.9
2024-08-17,UA-40,25.0,0.0,63,2.29
2024-08-17,UA-43,23.8,0.0,50,1.96
2024-08-17,UA-46,23.9,0.4,73,1.66
2024-08-17,UA-48,27.1,0.0,51,3.68
2024-08-17,UA-51,27.1,0.0,42,4.73
2024-08-17,UA-53,21.0,0.0,51,1.54
2024-08-17,UA-56,24.2,0.1,66,1.58
2024-08-17,UA-59,20.7,0.0,59,1.29
2024-08-17,UA-61,24.0,1.1,70,1.26
2024-08-17,UA-63,21.3,0.0,51,1.4
2024-08-17,UA-65,26.6,0.0,51,3.35
2024-08-17,UA-68,23.6,0.2,66,1.35
2024-08-17,UA-71,23.5,0.0,55,2.51
2024-08-17,UA-74,21.2,0.0,65,2.28
2024-08-17,UA-77,25.3,3.7,66,1.53
2024-08-18,UA-05,25.4,0.5,56,2.08
2024-08-18,UA-07,24.3,0.2,69,2.11
2024-08-18,UA-09,23.2,0.0,35,1.73
2024-08-18,UA-12,24.8,0.0,45,2.43
2024-08-18,UA-14,22.2,0.0,40,1.69
2024-08-18,UA-18,24.7,1.1,58,2.25
2024-08-18,UA-21,23.9,0.5,78,1.81
2024-08-18,UA-23,25.6,0.0,47,2.53
2024-08-18,UA-26,24.2,1.1,71,1.72
2024-08-18,UA-30,23.9,0.0,61,2.35
2024-08-18,UA-32,24.7,2.4,59,2.09
2024-08-18,UA-35,26.8,0.0,41,2.65
2024-08-18,UA-40,25.5,0.0,65,2.32
2024-08-18,UA-43,24.0,0.0,48,3.17
2024-08-18,UA-46,23.3,1.2,75,1.86
2024-08-18,UA-48,27.6,0.0,47,2.26
2024-08-18,UA-51,27.7,0.0,40,3.04
2024-08-18,UA-53,23.4,0.0,44,2.3
2024-08-18,UA-56,24.8,0.1,68,2.1
2024-08-18,UA-59,22.6,0.0,55,2.02
2024-08-18,UA-61,23.8,2.1,73,1.71
2024-08-18,UA-63,23.2,0.0,46,2.18
2024-08-18,UA-65,27.3,0.0,46,2.37
2024-08-18,UA-68,24.3,0.7,69,2.12
2024-08-18,UA-71,25.6,0.0,51,2.98
2024-08-18,UA-74,23.4,0.0,60,2.32
2024-08-18,UA-77,25.6,0.5,63,1.77
2024-08-19,UA-05,26.2,0.0,54,1.4
2024-08-19,UA-07,24.9,0.2,72,1.91
2024-08-19,UA-09,24.2,0.0,31,2.19
2024-08-19,UA-12,25.8,0.0,40,1.99
2024-08-19,UA-14,23.3,0.0,36,2.16
2024-08-19,UA-18,26.0,0.0,55,2.04
2024-08-19,UA-21,26.3,0.1,64,1.84
2024-08-19,UA-23,26.3,0.0,45,2.43
2024-08-19,UA-26,25.7,0.2,62,1.35
2024-08-19,UA-30,25.6,0.0,56,2.16
2024-08-19,UA-32,26.5,0.0,52,1.82
2024-08-19,UA-35,26.4,0.0,34,2.74
2024-08-19,UA-40,25.9,0.0,64,2.13
2024-08-19,UA-43,25.4,0.0,45,3.06
2024-08-19,UA-46,24.2,0.6,71,1.71
2024-08-19,UA-48,27.3,0.0,36,2.27
2024-08-19,UA-51,26.0,0.0,46,2.41
2024-08-19,UA-53,24.3,0.0,45,1.96
2024-08-19,UA-56,25.2,0.6,69,1.69
2024-08-19,UA-59,24.2,0.0,53,2.06
2024-08-19,UA-61,24.9,0.5,67,1.35
2024-08-19,UA-63,25.1,0.0,39,2.07
2024-08-19,UA-65,26.7,0.0,34,2.36
2024-08-19,UA-68,24.6,0.0,61,2.08
2024-08-19,UA-71,26.4,0.0,49,2.45
2024-08-19,UA-74,25.5,0.0,57,2.62
2024-08-19,UA-77,26.9,0.0,54,1.7
2024-08-20,UA-05,26.0,0.0,58,1.4
2024-08-20,UA-07,23.0,3.7,86,1.57
2024-08-20,UA-09,25.6,0.0,32,2.34
2024-08-20,UA-12,26.1,0.0,39,2.06
2024-08-20,UA-14,24.5,0.0,36,2.25
2024-08-20,UA-18,25.2,0.3,62,1.54
2024-08-20,UA-21,25.9,0.1,66,2.89
2024-08-20,UA-23,27.1,0.0,45,2.03
2024-08-20,UA-26,23.4,5.0,79,1.87
2024-08-20,UA-30,25.0,0.0,50,2.17
2024-08-20,UA-32,26.1,0.0,41,1.79
2024-08-20,UA-35,26.6,0.0,33,1.86
2024-08-20,UA-40,26.1,0.0,66,1.87
2024-08-20,UA-43,25.5,0.0,49,2.89
2024-08-20,UA-46,22.6,0.3,83,1.65
2024-08-20,UA-48,27.5,0.0,39,2.23
2024-08-20,UA-51,26.2,0.0,40,2.38
2024-08-20,UA-53,25.0,0.0,39,1.91
2024-08-20,UA-56,24.5,1.2,77,1.98
2024-08-20,UA-59,25.0,0.0,51,1.85
2024-08-20,UA-61,23.7,5.3,75,1.73
2024-08-20,UA-63,26.3,0.0,37,1.96
2024-08-20,UA-65,27.4,0.0,35,2.49
2024-08-20,UA-68,24.2,1.0,66,1.13
2024-08-20,UA-71,26.1,0.0,52,1.76
2024-08-20,UA-74,25.4,0.0,56,1.98
2024-08-20,UA-77,25.9,0.0,53,2.18
2024-08-21,UA-05,25.5,0.0,49,1.26
2024-08-21,UA-07,23.9,3.7,77,2.2
2024-08-21,UA-09,26.6,0.0,32,3.02
2024-08-21,UA-12,26.6,0.0,42,2.7
2024-08-21,UA-14,25.7,0.0,34,3.16
2024-08-21,UA-18,24.9,0.0,50,1.91
2024-08-21,UA-21,25.0,0.9,66,2.78
2024-08-21,UA-23,26.6,0.1,49,2.93
2024-08-21,UA-26,23.8,0.1,71,2.65
2024-08-21,UA-30,25.1,0.0,54,1.96
2024-08-21,UA-32,25.7,0.0,44,2.09
2024-08-21,UA-35,27.2,0.0,35,2.04
2024-08-21,UA-40,25.5,0.0,75,1.92
2024-08-21,UA-43,25.4,0.0,61,1.64
2024-08-21,UA-46,23.0,8.2,81,2.88
2024-08-21,UA-48,27.9,0.0,45,2.23
2024-08-21,UA-51,26.6,0.0,46,2.41
2024-08-21,UA-53,25.5,0.0,39,2.69
2024-08-21,UA-56,25.2,0.6,67,1.66
2024-08-21,UA-59,25.8,0.0,47,2.46
2024-08-21,UA-61,24.8,0.0,63,2.38
2024-08-21,UA-63,26.6,0.0,36,2.65
2024-08-21,UA-65,27.7,0.0,41,2.18
2024-08-21,UA-68,24.7,0.0,61,1.46
2024-08-21,UA-71,26.3,0.0,53,2.09
2024-08-21,UA-74,25.0,0.0,58,1.98
2024-08-21,UA-77,25.8,0.0,52,2.57
2024-08-22,UA-05,20.9,0.0,69,4.38
2024-08-22,UA-07,18.2,1.8,75,3.48
2024-08-22,UA-09,28.3,0.0,29,4.12
2024-08-22,UA-12,26.8,0.1,42,2.23
2024-08-22,UA-14,26.7,0.0,36,3.33
2024-08-22,UA-18,20.0,0.0,69,4.43
2024-08-22,UA-21,20.6,0.0,62,3.29
2024-08-22,UA-23,25.4,0.4,54,2.48
2024-08-22,UA-26,19.0,3.2,75,3.5
2024-08-22,UA-30,22.9,0.3,64,3.22
2024-08-22,UA-32,22.8,0.7,62,3.25
2024-08-22,UA-35,26.6,1.2,46,2.36
2024-08-22,UA-40,26.1,0.2,73,3.75
2024-08-22,UA-43,25.3,0.7,60,2.02
2024-08-22,UA-46,18.1,1.6,78,2.95
2024-08-22,UA-48,26.2,1.7,56,1.91
2024-08-22,UA-51,27.4,0.0,44,2.61
2024-08-22,UA-53,26.6,0.2,39,2.94
2024-08-22,UA-56,18.9,1.8,74,3.63
2024-08-22,UA-59,26.2,0.0,45,3.21
2024-08-22,UA-61,18.7,6.8,76,3.56
2024-08-22,UA-63,27.7,0.0,35,3.35
2024-08-22,UA-65,25.8,0.3,54,1.56
2024-08-22,UA-68,19.1,0.0,76,4.06
2024-08-22,UA-71,25.8,0.6,59,2.67
2024-08-22,UA-74,22.9,0.0,64,3.23
2024-08-22,UA-77,21.8,0.2,64,4.28
2024-08-23,UA-05,18.8,0.0,58,2.39
2024-08-23,UA-07,18.2,0.0,69,1.9
2024-08-23,UA-09,27.1,1.0,38,4.58
2024-08-23,UA-12,26.0,0.1,52,3.02
2024-08-23,UA-14,25.5,0.7,52,2.32
2024-08-23,UA-18,18.1,0.0,61,2.55
2024-08-23,UA-21,20.3,0.0,64,1.43
2024-08-23,UA-23,26.0,0.0,59,2.95
2024-08-23,UA-26,19.1,0.0,63,1.46
2024-08-23,UA-30,18.5,0.1,65,3.49
2024-08-23,UA-32,19.1,0.1,58,3.1
2024-08-23,UA-35,22.8,0.0,52,4.62
2024-08-23,UA-40,26.0,0.2,69,5.24
2024-08-23,UA-43,25.6,0.1,55,1.84
2024-08-23,UA-46,18.5,0.0,68,2.02
2024-08-23,UA-48,25.2,0.0,50,4.45
2024-08-23,UA-51,24.9,0.0,44,4.89
2024-08-23,UA-53,23.6,0.7,60,3.18
2024-08-23,UA-56,18.3,0.0,66,1.65
2024-08-23,UA-59,21.9,0.0,69,3.41
2024-08-23,UA-61,18.5,0.0,64,1.38
2024-08-23,UA-63,25.9,0.1,46,1.82
2024-08-23,UA-65,25.7,0.0,49,4.07
2024-08-23,UA-68,17.6,0.0,68,1.67
2024-08-23,UA-71,21.3,0.0,55,4.49
2024-08-23,UA-74,18.5,0.0,62,3.61
2024-08-23,UA-77,21.4,0.0,48,1.43
2024-08-24,UA-05,20.9,0.0,57,1.84
2024-08-24,UA-07,21.6,0.0,64,2.36
2024-08-24,UA-09,27.2,0.4,38,3.75
2024-08-24,UA-12,26.6,0.1,55,3.48
2024-08-24,UA-14,25.3,0.3,59,2.62
2024-08-24,UA-18,20.2,0.0,61,1.33
2024-08-24,UA-21,23.0,0.0,65,1.06
2024-08-24,UA-23,25.5,1.1,65,3.41
2024-08-24,UA-26,21.8,0.0,55,1.71
2024-08-24,UA-30,20.0,0.0,67,2.06
2024-08-24,UA-32,20.6,0.0,58,2.31
2024-08-24,UA-35,24.2,0.0,51,4.63
2024-08-24,UA-40,25.8,0.0,66,5.34
2024-08-24,UA-43,25.0,0.0,56,2.22
2024-08-24,UA-46,21.5,0.0,65,2.17
2024-08-24,UA-48,26.2,0.0,45,4.47
2024-08-24,UA-51,25.3,0.0,38,4.75
2024-08-24,UA-53,24.9,0.0,56,4.52
2024-08-24,UA-56,21.4,0.0,60,2.11
2024-08-24,UA-59,22.5,0.0,64,4.28
2024-08-24,UA-61,21.1,0.0,57,1.91
2024-08-24,UA-63,26.3,0.0,47,2.9
2024-08-24,UA-65,26.6,0.0,42,4.0
2024-08-24,UA-68,20.1,0.0,64,1.35
2024-08-24,UA-71,22.7,0.0,53,3.83
2024-08-24,UA-74,19.7,0.0,65,1.78
2024-08-24,UA-77,23.4,0.0,40,1.73
2024-08-25,UA-05,25.0,0.0,55,2.15
2024-08-25,UA-07,23.2,0.0,61,2.72
2024-08-25,UA-09,24.9,0.0,37,3.07
2024-08-25,UA-12,28.0,0.0,45,2.7
2024-08-25,UA-14,25.0,0.0,36,3.2
2024-08-25,UA-18,23.4,0.0,61,2.2
2024-08-25,UA-21,24.6,0.0,63,1.57
2024-08-25,UA-23,26.6,0.0,50,3.76
2024-08-25,UA-26,24.1,0.0,49,2.81
2024-08-25,UA-30,23.3,0.0,62,2.27
2024-08-25,UA-32,24.9,0.0,55,2.47
2024-08-25,UA-35,28.2,0.0,46,2.57
2024-08-25,UA-40,26.4,0.0,59,3.83
2024-08-25,UA-43,25.0,0.0,52,4.92
2024-08-25,UA-46,23.0,0.0,60,2.96
2024-08-25,UA-48,29.2,0.0,41,3.25
2024-08-25,UA-51,28.1,0.0,43,3.44
2024-08-25,UA-53,26.6,0.0,50,2.09
2024-08-25,UA-56,23.3,0.0,59,2.6
2024-08-25,UA-59,24.6,0.0,58,2.81
2024-08-25,UA-61,23.0,0.0,58,2.69
2024-08-25,UA-63,27.0,0.0,43,1.9
2024-08-25,UA-65,28.7,0.0,41,3.42
2024-08-25,UA-68,23.0,0.0,62,2.02
2024-08-25,UA-71,26.3,0.0,54,2.44
2024-08-25,UA-74,22.3,0.0,61,2.27
2024-08-25,UA-77,25.9,0.0,41,2.13
2024-08-26,UA-05,26.7,0.0,53,2.46
2024-08-26,UA-07,24.2,0.0,67,2.33
2024-08-26,UA-09,25.5,0.0,43,3.31
2024-08-26,UA-12,27.3,0.0,40,2.32
2024-08-26,UA-14,25.4,0.0,40,3.33
2024-08-26,UA-18,24.8,0.0,59,2.41
2024-08-26,UA-21,26.2,0.0,61,3.64
2024-08-26,UA-23,26.1,0.0,47,3.27
2024-08-26,UA-26,24.6,0.3,64,1.69
2024-08-26,UA-30,24.3,0.0,60,2.37
2024-08-26,UA-32,25.9,0.0,55,2.42
2024-08-26,UA-35,28.0,0.0,38,2.25
2024-08-26,UA-40,25.5,0.0,53,4.66
2024-08-26,UA-43,23.5,0.0,48,5.45
2024-08-26,UA-46,22.9,0.0,72,2.67
2024-08-26,UA-48,27.9,0.1,41,2.88
2024-08-26,UA-51,27.5,0.0,45,2.39
2024-08-26,UA-53,26.4,0.0,42,2.09
2024-08-26,UA-56,25.2,0.1,62,2.27
2024-08-26,UA-59,25.0,0.0,56,2.74
2024-08-26,UA-61,24.7,0.2,67,1.65
2024-08-26,UA-63,27.1,0.0,41,2.41
2024-08-26,UA-65,27.5,0.2,38,3.2
2024-08-26,UA-68,25.3,0.1,62,2.28
2024-08-26,UA-71,27.1,0.0,56,1.85
2024-08-26,UA-74,23.7,0.0,57,2.71
2024-08-26,UA-77,27.3,0.8,49,1.83
2024-08-27,UA-05,25.2,0.0,54,3.03
2024-08-27,UA-07,24.1,0.0,63,3.39
2024-08-27,UA-09,26.3,0.0,37,4.93
2024-08-27,UA-12,26.4,0.0,41,4.11
2024-08-27,UA-14,25.0,0.0,40,4.41
2024-08-27,UA-18,23.9,0.0,60,3.09
2024-08-27,UA-21,25.2,0.3,68,2.79
2024-08-27,UA-23,25.0,0.0,50,4.24
2024-08-27,UA-26,24.2,0.1,68,2.93
2024-08-27,UA-30,24.8,0.0,58,2.99
2024-08-27,UA-32,25.2,0.0,55,2.63
2024-08-27,UA-35,26.4,0.1,44,3.13
2024-08-27,UA-40,23.8,0.0,63,3.85
2024-08-27,UA-43,21.1,0.5,68,3.43
2024-08-27,UA-46,23.1,1.1,75,3.25
2024-08-27,UA-48,24.8,1.6,51,3.45
2024-08-27,UA-51,25.0,1.9,49,3.27
2024-08-27,UA-53,25.5,0.0,42,3.95
2024-08-27,UA-56,24.6,0.0,60,3.17
2024-08-27,UA-59,24.1,0.0,51,3.79
2024-08-27,UA-61,24.2,0.0,62,3.16
2024-08-27,UA-63,25.8,0.0,40,4.02
2024-08-27,UA-65,24.0,1.7,50,3.57
2024-08-27,UA-68,24.2,0.0,60,3.08
2024-08-27,UA-71,25.7,0.1,54,3.08
2024-08-27,UA-74,24.6,0.0,54,3.14
2024-08-27,UA-77,26.8,0.0,54,3.52
2024-08-28,UA-05,25.1,0.0,50,3.59
2024-08-28,UA-07,24.0,0.0,64,3.62
2024-08-28,UA-09,26.5,0.0,33,4.56
2024-08-28,UA-12,27.9,0.0,37,4.93
2024-08-28,UA-14,26.2,0.1,35,4.71
2024-08-28,UA-18,24.6,0.0,55,3.53
2024-08-28,UA-21,25.9,0.0,61,3.0
2024-08-28,UA-23,25.9,0.0,44,5.66
2024-08-28,UA-26,24.3,0.0,60,2.58
2024-08-28,UA-30,24.6,0.0,55,3.22
2024-08-28,UA-32,25.5,0.0,50,3.63
2024-08-28,UA-35,27.2,0.1,41,5.16
2024-08-28,UA-40,23.2,2.8,72,3.03
2024-08-28,UA-43,21.6,4.8,80,1.75
2024-08-28,UA-46,23.6,0.0,66,3.64
2024-08-28,UA-48,25.7,0.7,58,4.04
2024-08-28,UA-51,23.6,2.2,69,4.34
2024-08-28,UA-53,26.5,0.0,40,4.99
2024-08-28,UA-56,24.2,0.0,59,3.55
2024-08-28,UA-59,23.9,0.0,51,3.71
2024-08-28,UA-61,24.0,0.0,59,3.64
2024-08-28,UA-63,25.9,0.0,40,4.15
2024-08-28,UA-65,25.8,0.6,55,3.8
2024-08-28,UA-68,24.0,0.0,57,3.43
2024-08-28,UA-71,26.0,0.3,50,4.55
2024-08-28,UA-74,24.4,0.0,54,3.52
2024-08-28,UA-77,25.8,0.1,51,2.66
2024-08-29,UA-05,25.2,0.6,49,3.0
2024-08-29,UA-07,23.7,0.1,59,2.76
2024-08-29,UA-09,24.6,0.4,37,4.58
2024-08-29,UA-12,27.0,0.2,37,4.33
2024-08-29,UA-14,24.7,0.0,37,4.45
2024-08-29,UA-18,24.8,0.5,53,3.43
2024-08-29,UA-21,24.9,1.3,60,2.3
2024-08-29,UA-23,25.8,0.3,45,4.47
2024-08-29,UA-26,23.4,2.4,64,1.81
2024-08-29,UA-30,24.8,0.0,50,3.46
2024-08-29,UA-32,25.8,0.0,46,3.37
2024-08-29,UA-35,26.1,0.4,43,3.25
2024-08-29,UA-40,23.9,1.0,78,2.26
2024-08-29,UA-43,22.1,6.6,81,2.57
2024-08-29,UA-46,23.0,0.1,67,2.34
2024-08-29,UA-48,24.7,2.3,61,3.74
2024-08-29,UA-51,24.0,1.6,67,4.33
2024-08-29,UA-53,25.9,0.0,38,4.25
2024-08-29,UA-56,24.2,0.1,56,2.78
2024-08-29,UA-59,23.9,0.0,43,3.98
2024-08-29,UA-61,23.2,2.4,63,2.93
2024-08-29,UA-63,25.6,0.0,35,3.82
2024-08-29,UA-65,24.6,2.5,60,3.86
2024-08-29,UA-68,23.8,1.3,60,2.96
2024-08-29,UA-71,26.4,0.0,44,3.92
2024-08-29,UA-74,24.0,0.0,51,3.75
2024-08-29,UA-77,24.5,3.3,57,2.6
2024-08-30,UA-05,24.8,0.0,45,3.06
2024-08-30,UA-07,22.9,0.1,60,2.12
2024-08-30,UA-09,25.4,0.0,27,5.0
2024-08-30,UA-12,26.6,0.0,30,4.97
2024-08-30,UA-14,25.0,0.0,28,5.21
2024-08-30,UA-18,23.8,0.0,50,2.9
2024-08-30,UA-21,24.2,0.6,65,1.77
2024-08-30,UA-23,24.8,0.1,40,4.79
2024-08-30,UA-26,22.7,0.2,66,1.52
2024-08-30,UA-30,23.5,0.0,48,3.03
2024-08-30,UA-32,24.6,0.0,43,3.11
2024-08-30,UA-35,26.2,0.0,35,4.14
2024-08-30,UA-40,24.4,3.3,78,2.42
2024-08-30,UA-43,22.3,2.9,78,3.43
2024-08-30,UA-46,22.3,0.9,70,1.72
2024-08-30,UA-48,25.7,0.0,43,4.3
2024-08-30,UA-51,24.7,0.0,53,4.62
2024-08-30,UA-53,25.2,0.0,32,4.48
2024-08-30,UA-56,23.3,0.0,56,2.28
2024-08-30,UA-59,23.3,0.0,41,3.81
2024-08-30,UA-61,23.2,0.1,58,2.26
2024-08-30,UA-63,25.2,0.0,30,4.32
2024-08-30,UA-65,25.3,0.4,43,4.66
2024-08-30,UA-68,23.5,0.0,55,2.56
2024-08-30,UA-71,25.6,0.0,42,3.62
2024-08-30,UA-74,23.1,0.0,49,3.52
2024-08-30,UA-77,25.3,0.0,51,2.35
2024-08-31,UA-05,24.4,0.0,41,2.95
2024-08-31,UA-07,22.8,0.0,61,1.69
2024-08-31,UA-09,26.3,0.0,29,5.45
2024-08-31,UA-12,26.9,0.0,28,5.06
2024-08-31,UA-14,25.3,0.0,30,5.09
2024-08-31,UA-18,23.1,0.0,48,2.65
2024-08-31,UA-21,24.9,0.0,58,2.28
2024-08-31,UA-23,25.3,0.0,36,5.85
2024-08-31,UA-26,22.8,0.0,60,1.38
2024-08-31,UA-30,21.8,0.0,54,2.97
2024-08-31,UA-32,23.2,0.1,47,3.15
2024-08-31,UA-35,25.9,0.1,32,4.31
2024-08-31,UA-40,23.4,3.7,78,1.86
2024-08-31,UA-43,21.1,5.8,84,2.73
2024-08-31,UA-46,22.6,0.0,63,1.68
2024-08-31,UA-48,24.8,0.5,45,4.09
2024-08-31,UA-51,24.1,0.4,49,5.4
2024-08-31,UA-53,25.6,0.0,32,4.49
2024-08-31,UA-56,23.1,0.0,55,2.03
2024-08-31,UA-59,23.7,0.0,46,3.38
2024-08-31,UA-61,22.7,0.0,55,1.97
2024-08-31,UA-63,26.1,0.0,30,4.32
2024-08-31,UA-65,24.6,0.6,45,4.72
2024-08-31,UA-68,23.0,0.0,50,2.11
2024-08-31,UA-71,24.9,0.0,42,3.45
2024-08-31,UA-74,21.5,0.0,57,2.59
2024-08-31,UA-77,24.9,0.0,42,2.45
2024-09-01,UA-05,24.0,0.5,45,3.4
2024-09-01,UA-07,22.0,0.0,66,1.87
2024-09-01,UA-09,25.4,0.0,29,5.83
2024-09-01,UA-12,26.3,0.0,32,5.65
2024-09-01,UA-14,25.0,0.0,29,5.47
2024-09-01,UA-18,23.2,0.0,54,3.33
2024-09-01,UA-21,24.5,0.0,57,2.9
2024-09-01,UA-23,25.3,0.3,38,6.48
2024-09-01,UA-26,22.0,0.3,61,1.9
2024-09-01,UA-30,23.2,0.0,54,2.36
2024-09-01,UA-32,23.8,0.1,48,3.04
2024-09-01,UA-35,25.1,0.2,38,4.98
2024-09-01,UA-40,24.4,0.1,81,1.44
2024-09-01,UA-43,23.5,0.0,70,2.47
2024-09-01,UA-46,20.5,0.0,76,1.92
2024-09-01,UA-48,25.0,0.0,42,4.68
2024-09-01,UA-51,24.7,0.0,49,4.66
2024-09-01,UA-53,24.9,0.0,35,4.91
2024-09-01,UA-56,22.8,0.0,55,2.25
2024-09-01,UA-59,23.7,0.0,44,4.36
2024-09-01,UA-61,22.5,0.1,52,2.43
2024-09-01,UA-63,24.7,0.0,34,5.11
2024-09-01,UA-65,25.4,0.0,40,4.96
2024-09-01,UA-68,22.6,0.0,52,3.25
2024-09-01,UA-71,24.7,0.0,45,3.57
2024-09-01,UA-74,23.4,0.0,54,2.67
2024-09-01,UA-77,24.1,0.0,43,2.66
2024-09-02,UA-05,23.8,0.0,44,3.44
2024-09-02,UA-07,22.2,0.2,59,3.15
2024-09-02,UA-09,26.4,0.2,30,7.05
2024-09-02,UA-12,25.7,0.6,39,5.14
2024-09-02,UA-14,24.5,2.3,41,5.61
2024-09-02,UA-18,22.9,0.0,48,3.04
2024-09-02,UA-21,23.7,0.0,62,1.44
2024-09-02,UA-23,24.3,1.0,52,5.85
2024-09-02,UA-26,22.1,0.0,58,2.4
2024-09-02,UA-30,23.2,0.0,50,3.43
2024-09-02,UA-32,24.2,0.0,45,3.57
2024-09-02,UA-35,25.6,0.0,36,3.97
2024-09-02,UA-40,24.8,0.0,77,2.07
2024-09-02,UA-43,23.0,0.0,70,2.06
2024-09-02,UA-46,21.4,0.0,64,2.75
2024-09-02,UA-48,26.2,0.0,40,3.77
2024-09-02,UA-51,26.2,0.0,39,3.28
2024-09-02,UA-53,25.1,0.0,34,5.25
2024-09-02,UA-56,22.1,0.0,57,3.21
2024-09-02,UA-59,23.2,0.0,40,4.88
2024-09-02,UA-61,21.6,0.0,57,2.69
2024-09-02,UA-63,25.1,0.0,33,5.57
2024-09-02,UA-65,26.0,0.0,41,3.6
2024-09-02,UA-68,21.1,0.1,57,3.29
2024-09-02,UA-71,24.9,0.0,42,4.03
2024-09-02,UA-74,23.2,0.0,48,3.28
2024-09-02,UA-77,23.6,0.0,46,1.92
2024-09-03,UA-05,22.9,0.1,48,3.59
2024-09-03,UA-07,21.9,0.0,63,2.35
2024-09-03,UA-09,22.6,0.0,33,4.64
2024-09-03,UA-12,22.8,1.4,46,4.78
2024-09-03,UA-14,20.6,2.2,48,4.15
2024-09-03,UA-18,21.5,0.9,59,2.5
2024-09-03,UA-21,24.0,0.0,60,1.61
2024-09-03,UA-23,22.5,0.5,57,4.73
2024-09-03,UA-26,22.3,0.0,55,1.94
2024-09-03,UA-30,22.5,0.2,55,2.56
2024-09-03,UA-32,22.8,0.5,51,3.52
2024-09-03,UA-35,21.9,1.7,51,4.59
2024-09-03,UA-40,24.5,0.2,79,3.15
2024-09-03,UA-43,22.4,5.0,81,1.51
2024-09-03,UA-46,21.5,0.0,60,2.61
2024-09-03,UA-48,21.9,6.0,66,4.21
2024-09-03,UA-51,23.4,0.3,60,4.4
2024-09-03,UA-53,22.0,0.0,41,5.13
2024-09-03,UA-56,21.8,0.0,62,2.39
2024-09-03,UA-59,21.6,0.0,44,3.96
2024-09-03,UA-61,21.8,0.0,57,2.49
2024-09-03,UA-63,22.5,0.6,36,4.81
2024-09-03,UA-65,22.2,9.0,66,3.51
2024-09-03,UA-68,21.4,0.7,57,2.8
2024-09-03,UA-71,22.6,0.0,51,4.11
2024-09-03,UA-74,22.5,0.0,51,3.01
2024-09-03,UA-77,23.9,0.0,46,2.63
2024-09-04,UA-05,20.7,1.0,56,3.17
2024-09-04,UA-07,21.5,0.0,60,2.49
2024-09-04,UA-09,23.8,0.1,26,4.73
2024-09-04,UA-12,23.3,0.1,34,4.21
2024-09-04,UA-14,22.2,0.0,32,3.96
2024-09-04,UA-18,21.2,0.5,52,3.02
2024-09-04,UA-21,23.8,0.0,54,2.09
2024-09-04,UA-23,22.5,0.2,45,4.45
2024-09-04,UA-26,21.6,0.0,55,2.75
2024-09-04,UA-30,22.7,0.0,46,3.87
2024-09-04,UA-32,22.1,1.0,48,3.3
2024-09-04,UA-35,20.0,4.7,58,4.02
2024-09-04,UA-40,23.2,0.0,79,2.29
2024-09-04,UA-43,20.9,7.5,86,1.2
2024-09-04,UA-46,21.7,0.1,58,3.02
2024-09-04,UA-48,19.2,13.5,81,4.21
2024-09-04,UA-51,17.4,17.2,88,5.21
2024-09-04,UA-53,22.7,0.1,32,4.56
2024-09-04,UA-56,21.0,0.0,59,2.64
2024-09-04,UA-59,21.9,0.0,42,4.89
2024-09-04,UA-61,20.6,0.2,58,1.99
2024-09-04,UA-63,23.2,0.0,29,4.91
2024-09-04,UA-65,19.2,22.0,85,3.38
2024-09-04,UA-68,19.5,1.2,63,2.05
2024-09-04,UA-71,22.3,0.0,44,3.5
2024-09-04,UA-74,22.5,0.1,47,4.69
2024-09-04,UA-77,21.3,0.2,53,2.22
2024-09-05,UA-05,21.5,0.0,44,4.28
2024-09-05,UA-07,20.3,0.0,57,4.09
2024-09-05,UA-09,22.6,0.0,38,5.74
2024-09-05,UA-12,24.6,0.0,31,5.91
2024-09-05,UA-14,22.6,0.0,34,4.97
2024-09-05,UA-18,21.0,0.4,52,4.71
2024-09-05,UA-21,22.0,0.0,50,2.65
2024-09-05,UA-23,23.2,0.4,39,6.04
2024-09-05,UA-26,20.7,0.0,54,2.56
2024-09-05,UA-30,22.1,0.1,50,4.92
2024-09-05,UA-32,22.0,0.0,45,4.66
2024-09-05,UA-35,23.6,0.1,36,5.22
2024-09-05,UA-40,22.9,0.0,77,3.1
2024-09-05,UA-43,21.8,0.2,78,1.84
2024-09-05,UA-46,20.1,0.0,59,3.87
2024-09-05,UA-48,21.6,1.5,57,4.48
2024-09-05,UA-51,18.9,14.4,80,5.32
2024-09-05,UA-53,23.1,0.1,35,6.05
2024-09-05,UA-56,20.4,0.3,56,4.2
2024-09-05,UA-59,20.5,0.0,56,5.56
2024-09-05,UA-61,20.2,0.1,54,3.66
2024-09-05,UA-63,22.0,0.0,41,5.73
2024-09-05,UA-65,21.6,3.2,57,4.67
2024-09-05,UA-68,20.3,0.1,51,3.84
2024-09-05,UA-71,23.1,0.2,43,5.54
2024-09-05,UA-74,21.5,0.0,59,5.34
2024-09-05,UA-77,21.3,0.2,48,2.35
2024-09-06,UA-05,21.8,0.0,47,4.2
2024-09-06,UA-07,21.5,0.0,55,4.84
2024-09-06,UA-09,19.4,0.0,32,5.51
2024-09-06,UA-12,21.8,0.0,35,5.52
2024-09-06,UA-14,19.7,0.0,34,5.2
2024-09-06,UA-18,20.7,0.0,51,4.31
2024-09-06,UA-21,22.9,0.0,49,3.14
2024-09-06,UA-23,21.9,0.0,42,6.37
2024-09-06,UA-26,21.0,0.0,50,4.14
2024-09-06,UA-30,20.4,0.0,47,4.08
2024-09-06,UA-32,21.2,0.0,47,4.03
2024-09-06,UA-35,22.6,0.0,39,4.82
2024-09-06,UA-40,23.8,0.0,65,2.54
2024-09-06,UA-43,21.7,0.0,59,5.12
2024-09-06,UA-46,20.6,0.0,53,4.49
2024-09-06,UA-48,22.8,0.0,49,5.34
2024-09-06,UA-51,22.2,0.0,59,6.35
2024-09-06,UA-53,20.1,0.0,36,5.19
2024-09-06,UA-56,21.5,0.0,53,4.7
2024-09-06,UA-59,18.0,0.0,45,4.43
2024-09-06,UA-61,21.0,0.0,49,4.37
2024-09-06,UA-63,19.2,0.0,37,4.74
2024-09-06,UA-65,22.6,0.0,47,5.52
2024-09-06,UA-68,21.2,0.0,50,4.27
2024-09-06,UA-71,21.5,0.0,44,4.56
2024-09-06,UA-74,19.1,0.0,48,4.44
2024-09-06,UA-77,21.7,0.0,50,3.12
2024-09-07,UA-05,19.4,0.0,41,3.18
2024-09-07,UA-07,20.7,0.0,49,4.2
2024-09-07,UA-09,18.2,0.0,35,4.53
2024-09-07,UA-12,19.5,0.0,33,4.78
2024-09-07,UA-14,18.1,0.0,34,4.74
2024-09-07,UA-18,18.3,0.0,45,3.36
2024-09-07,UA-21,23.2,0.0,50,2.91
2024-09-07,UA-23,20.1,0.0,38,6.08
2024-09-07,UA-26,21.3,0.0,51,4.03
2024-09-07,UA-30,18.3,0.0,46,3.23
2024-09-07,UA-32,18.3,0.0,45,3.16
2024-09-07,UA-35,19.4,0.0,34,4.01
2024-09-07,UA-40,22.6,0.5,64,5.16
2024-09-07,UA-43,19.7,0.3,65,5.58
2024-09-07,UA-46,21.0,0.0,53,4.44
2024-09-07,UA-48,20.6,0.0,41,4.97
2024-09-07,UA-51,20.4,0.0,48,5.5
2024-09-07,UA-53,18.4,0.0,36,4.21
2024-09-07,UA-56,20.1,0.0,47,3.87
2024-09-07,UA-59,17.5,0.0,48,2.95
2024-09-07,UA-61,20.3,0.0,49,3.64
2024-09-07,UA-63,18.4,0.0,39,3.6
2024-09-07,UA-65,20.3,0.0,41,4.98
2024-09-07,UA-68,19.4,0.0,47,3.3
2024-09-07,UA-71,19.2,0.0,45,3.7
2024-09-07,UA-74,17.8,0.0,49,3.14
2024-09-07,UA-77,21.1,0.0,48,2.64
2024-09-08,UA-05,18.4,0.0,39,2.71
2024-09-08,UA-07,18.6,0.0,43,3.74
2024-09-08,UA-09,19.3,0.0,33,4.75
2024-09-08,UA-12,20.5,0.0,32,4.73
2024-09-08,UA-14,19.0,0.6,32,4.89
2024-09-08,UA-18,17.5,0.0,48,2.76
2024-09-08,UA-21,22.3,0.0,48,3.23
2024-09-08,UA-23,20.5,0.2,37,5.59
2024-09-08,UA-26,19.5,0.0,39,4.31
2024-09-08,UA-30,17.5,0.0,51,2.45
2024-09-08,UA-32,17.3,0.0,49,2.56
2024-09-08,UA-35,19.6,0.0,34,3.79
2024-09-08,UA-40,22.4,0.0,64,3.13
2024-09-08,UA-43,19.1,0.5,71,4.31
2024-09-08,UA-46,19.3,0.0,42,4.86
2024-09-08,UA-48,20.6,0.0,39,4.47
2024-09-08,UA-51,20.5,0.0,43,4.65
2024-09-08,UA-53,19.0,0.0,36,3.93
2024-09-08,UA-56,18.5,0.0,43,3.35
2024-09-08,UA-59,18.0,0.0,50,3.03
2024-09-08,UA-61,18.0,0.0,41,3.46
2024-09-08,UA-63,19.2,0.0,38,3.65
2024-09-08,UA-65,20.3,0.0,41,4.5
2024-09-08,UA-68,17.7,0.0,43,2.75
2024-09-08,UA-71,18.9,0.0,48,3.07
2024-09-08,UA-74,17.6,0.0,52,2.78
2024-09-08,UA-77,19.3,0.0,36,2.68
2024-09-09,UA-05,19.1,0.0,39,3.09
2024-09-09,UA-07,18.8,0.0,42,4.76
2024-09-09,UA-09,21.0,0.0,34,5.07
2024-09-09,UA-12,19.8,4.3,46,3.59
2024-09-09,UA-14,20.0,0.5,40,4.35
2024-09-09,UA-18,18.4,0.0,45,3.64
2024-09-09,UA-21,21.3,1.4,49,3.54
2024-09-09,UA-23,21.0,3.2,51,4.28
2024-09-09,UA-26,19.7,0.0,37,5.26
2024-09-09,UA-30,18.0,0.0,50,3.51
2024-09-09,UA-32,18.6,0.0,48,3.23
2024-09-09,UA-35,19.9,0.0,44,3.8
2024-09-09,UA-40,22.1,1.0,78,1.6
2024-09-09,UA-43,20.0,8.4,81,1.57
2024-09-09,UA-46,19.4,0.0,40,5.59
2024-09-09,UA-48,21.3,0.0,48,2.97
2024-09-09,UA-51,20.5,0.0,54,2.42
2024-09-09,UA-53,18.4,1.2,44,3.89
2024-09-09,UA-56,18.8,0.0,40,4.21
2024-09-09,UA-59,17.7,1.5,50,3.6
2024-09-09,UA-61,18.4,0.0,40,4.77
2024-09-09,UA-63,19.4,0.0,39,3.94
2024-09-09,UA-65,21.1,0.0,52,2.96
2024-09-09,UA-68,18.2,0.0,41,3.42
2024-09-09,UA-71,18.6,0.0,54,3.73
2024-09-09,UA-74,17.6,0.0,53,3.7
2024-09-09,UA-77,19.7,0.0,35,3.95
2024-09-10,UA-05,19.9,0.0,54,2.71
2024-09-10,UA-07,18.3,0.4,59,3.35
2024-09-10,UA-09,21.2,3.0,55,3.92
2024-09-10,UA-12,19.2,3.3,78,2.64
2024-09-10,UA-14,19.0,4.8,72,2.67
2024-09-10,UA-18,18.9,0.0,56,3.18
2024-09-10,UA-21,17.5,10.2,91,1.34
2024-09-10,UA-23,20.5,10.1,81,2.99
2024-09-10,UA-26,18.5,3.1,61,2.33
2024-09-10,UA-30,18.4,0.0,62,2.34
2024-09-10,UA-32,19.1,0.0,61,2.47
2024-09-10,UA-35,20.4,0.0,65,2.28
2024-09-10,UA-40,23.2,0.0,76,2.39
2024-09-10,UA-43,21.5,0.0,76,1.06
2024-09-10,UA-46,16.8,7.2,74,1.88
2024-09-10,UA-48,21.6,0.0,69,1.86
2024-09-10,UA-51,21.0,0.0,78,2.48
2024-09-10,UA-53,18.0,1.6,70,2.81
2024-09-10,UA-56,19.2,0.0,56,3.15
2024-09-10,UA-59,19.5,0.0,52,3.75
2024-09-10,UA-61,18.9,0.0,55,3.42
2024-09-10,UA-63,20.3,0.2,55,3.58
2024-09-10,UA-65,21.6,0.0,69,1.7
2024-09-10,UA-68,19.0,0.0,57,3.08
2024-09-10,UA-71,18.8,0.0,71,2.41
2024-09-10,UA-74,18.6,0.0,60,2.79
2024-09-10,UA-77,20.8,0.0,48,3.42
2024-09-11,UA-05,21.3,3.0,61,2.04
2024-09-11,UA-07,17.7,1.4,86,1.17
2024-09-11,UA-09,23.3,0.0,49,4.27
2024-09-11,UA-12,22.7,0.3,68,1.7
2024-09-11,UA-14,22.6,0.0,62,3.05
2024-09-11,UA-18,21.2,0.8,62,2.39
2024-09-11,UA-21,18.0,4.2,89,1.55
2024-09-11,UA-23,23.5,0.1,70,1.9
2024-09-11,UA-26,17.8,4.2,85,1.36
2024-09-11,UA-30,21.0,0.1,68,2.32
2024-09-11,UA-32,21.7,1.4,66,2.42
2024-09-11,UA-35,23.1,0.1,62,2.32
2024-09-11,UA-40,24.7,0.1,76,2.62
2024-09-11,UA-43,23.4,0.0,69,2.55
2024-09-11,UA-46,16.7,3.7,93,1.84
2024-09-11,UA-48,23.7,0.2,69,2.7
2024-09-11,UA-51,22.1,1.8,81,2.31
2024-09-11,UA-53,21.5,0.1,68,2.02
2024-09-11,UA-56,18.4,0.0,79,1.27
2024-09-11,UA-59,20.8,0.1,68,3.33
2024-09-11,UA-61,17.3,1.6,84,1.36
2024-09-11,UA-63,22.2,0.8,64,3.53
2024-09-11,UA-65,23.5,0.2,70,2.91
2024-09-11,UA-68,19.5,1.8,75,1.23
2024-09-11,UA-71,21.9,0.2,70,2.42
2024-09-11,UA-74,20.2,0.0,70,2.45
2024-09-11,UA-77,19.7,1.4,73,1.76
2024-09-12,UA-05,19.4,8.2,87,2.28
2024-09-12,UA-07,17.5,3.9,93,1.67
2024-09-12,UA-09,24.8,0.1,31,6.56
2024-09-12,UA-12,23.3,0.1,61,2.39
2024-09-12,UA-14,23.6,0.0,37,4.77
2024-09-12,UA-18,19.6,14.3,86,2.6
2024-09-12,UA-21,18.6,0.2,79,1.49
2024-09-12,UA-23,23.7,0.0,63,2.32
2024-09-12,UA-26,18.4,1.1,85,1.76
2024-09-12,UA-30,21.6,3.1,72,3.84
2024-09-12,UA-32,21.2,2.5,78,3.22
2024-09-12,UA-35,22.6,1.7,70,3.27
2024-09-12,UA-40,22.6,5.5,82,2.53
2024-09-12,UA-43,21.4,4.2,82,1.63
2024-09-12,UA-46,17.8,2.3,90,1.2
2024-09-12,UA-48,21.9,1.6,84,3.57
2024-09-12,UA-51,21.6,0.9,83,3.19
2024-09-12,UA-53,23.0,0.3,59,3.03
2024-09-12,UA-56,19.0,13.2,87,1.66
2024-09-12,UA-59,23.4,0.2,51,5.06
2024-09-12,UA-61,17.8,4.5,92,1.75
2024-09-12,UA-63,24.3,0.8,38,5.5
2024-09-12,UA-65,21.4,3.2,87,2.9
2024-09-12,UA-68,18.4,18.4,90,1.28
2024-09-12,UA-71,22.5,0.2,70,3.16
2024-09-12,UA-74,21.1,6.8,78,3.44
2024-09-12,UA-77,18.6,4.2,88,2.3
2024-09-13,UA-05,20.2,1.1,80,3.34
2024-09-13,UA-07,18.5,1.2,90,1.86
2024-09-13,UA-09,23.1,0.0,33,6.26
2024-09-13,UA-12,22.9,0.0,54,4.06
2024-09-13,UA-14,22.6,0.1,37,5.03
2024-09-13,UA-18,19.5,3.4,85,3.6
2024-09-13,UA-21,19.1,6.0,78,2.73
2024-09-13,UA-23,23.3,0.0,63,3.89
2024-09-13,UA-26,18.6,0.6,81,3.04
2024-09-13,UA-30,20.4,1.0,79,3.83
2024-09-13,UA-32,20.3,1.5,84,3.04
2024-09-13,UA-35,22.0,0.0,73,3.29
2024-09-13,UA-40,23.2,0.0,74,2.13
2024-09-13,UA-43,21.4,0.0,77,1.31
2024-09-13,UA-46,17.9,0.3,86,2.65
2024-09-13,UA-48,22.1,0.1,81,2.43
2024-09-13,UA-51,22.3,0.0,81,3.16
2024-09-13,UA-53,21.9,0.3,49,4.83
2024-09-13,UA-56,19.2,0.7,87,1.91
2024-09-13,UA-59,22.2,0.0,40,5.99
2024-09-13,UA-61,18.7,0.0,82,2.86
2024-09-13,UA-63,22.9,0.0,35,5.71
2024-09-13,UA-65,21.8,0.1,78,2.09
2024-09-13,UA-68,19.2,0.4,84,2.42
2024-09-13,UA-71,21.2,0.5,77,3.53
2024-09-13,UA-74,20.4,4.7,76,4.34
2024-09-13,UA-77,20.0,0.2,76,3.07
2024-09-14,UA-05,20.3,6.2,77,4.97
2024-09-14,UA-07,18.8,19.0,88,5.24
2024-09-14,UA-09,23.1,0.0,31,6.01
2024-09-14,UA-12,24.2,0.0,36,5.76
2024-09-14,UA-14,22.9,0.0,34,5.41
2024-09-14,UA-18,20.6,0.1,74,5.32
2024-09-14,UA-21,12.2,19.5,96,3.1
2024-09-14,UA-23,23.4,0.0,43,6.38
2024-09-14,UA-26,16.1,49.6,91,3.47
2024-09-14,UA-30,22.0,0.0,56,5.47
2024-09-14,UA-32,21.9,0.2,67,4.67
2024-09-14,UA-35,23.8,0.0,52,5.13
2024-09-14,UA-40,24.3,0.0,73,3.6
2024-09-14,UA-43,22.5,0.0,70,1.89
2024-09-14,UA-46,16.2,33.9,93,4.32
2024-09-14,UA-48,23.6,0.0,69,4.06
2024-09-14,UA-51,22.9,0.0,80,4.88
2024-09-14,UA-53,23.1,0.0,37,6.24
2024-09-14,UA-56,19.4,12.3,86,5.04
2024-09-14,UA-59,22.0,0.0,39,6.01
2024-09-14,UA-61,16.6,26.1,93,4.89
2024-09-14,UA-63,23.0,0.0,34,5.96
2024-09-14,UA-65,23.2,0.0,70,3.97
2024-09-14,UA-68,18.2,18.3,88,4.51
2024-09-14,UA-71,22.9,0.0,53,5.5
2024-09-14,UA-74,22.1,0.0,45,6.16
2024-09-14,UA-77,16.5,33.0,96,3.21
2024-09-15,UA-05,19.3,10.6,70,4.51
2024-09-15,UA-07,16.5,6.5,90,3.45
2024-09-15,UA-09,22.1,0.0,32,6.77
2024-09-15,UA-12,23.4,0.0,31,7.49
2024-09-15,UA-14,21.7,0.0,31,6.84
2024-09-15,UA-18,21.1,1.2,50,5.26
2024-09-15,UA-21,15.2,1.0,75,2.2
2024-09-15,UA-23,21.9,0.0,37,8.49
2024-09-15,UA-26,14.6,10.9,86,1.88
2024-09-15,UA-30,22.4,0.0,37,6.41
2024-09-15,UA-32,22.7,0.0,39,5.82
2024-09-15,UA-35,23.8,0.0,32,7.0
2024-09-15,UA-40,24.7,0.2,74,2.9
2024-09-15,UA-43,22.8,0.0,65,4.08
2024-09-15,UA-46,14.4,7.2,87,2.36
2024-09-15,UA-48,23.7,0.0,45,7.08
2024-09-15,UA-51,22.2,2.5,69,5.54
2024-09-15,UA-53,22.6,0.0,31,7.17
2024-09-15,UA-56,18.2,5.4,84,4.33
2024-09-15,UA-59,21.7,0.0,35,6.4
2024-09-15,UA-61,15.0,13.2,89,3.14
2024-09-15,UA-63,22.3,0.0,31,6.43
2024-09-15,UA-65,23.3,0.0,46,7.07
2024-09-15,UA-68,17.0,11.6,85,3.39
2024-09-15,UA-71,22.8,0.0,38,6.79
2024-09-15,UA-74,22.1,0.0,37,6.47
2024-09-15,UA-77,15.8,21.8,86,2.26
2024-09-16,UA-05,20.2,0.0,46,6.29
2024-09-16,UA-07,18.7,0.0,54,6.33
2024-09-16,UA-09,21.7,0.0,32,6.78
2024-09-16,UA-12,22.1,0.0,34,7.01
2024-09-16,UA-14,20.9,0.0,32,6.52
2024-09-16,UA-18,20.3,0.0,45,6.42
2024-09-16,UA-21,14.8,5.0,91,1.83
2024-09-16,UA-23,21.1,0.0,37,8.11
2024-09-16,UA-26,14.8,11.0,90,3.48
2024-09-16,UA-30,21.2,0.0,41,6.1
2024-09-16,UA-32,21.3,0.0,41,6.13
2024-09-16,UA-35,22.4,0.0,33,6.84
2024-09-16,UA-40,21.6,4.9,81,2.19
2024-09-16,UA-43,18.9,1.2,71,2.33
2024-09-16,UA-46,15.2,5.1,85,3.55
2024-09-16,UA-48,22.5,0.0,38,6.64
2024-09-16,UA-51,21.3,0.5,54,6.73
2024-09-16,UA-53,21.4,0.0,35,6.46
2024-09-16,UA-56,19.2,0.0,52,6.42
2024-09-16,UA-59,20.6,0.0,42,5.93
2024-09-16,UA-61,17.0,0.3,64,4.6
2024-09-16,UA-63,21.6,0.0,35,6.32
2024-09-16,UA-65,21.8,0.0,40,6.23
2024-09-16,UA-68,18.8,0.0,52,6.32
2024-09-16,UA-71,21.7,0.0,41,6.31
2024-09-16,UA-74,21.1,0.0,42,6.07
2024-09-16,UA-77,15.1,22.8,91,3.09
2024-09-17,UA-05,19.9,0.0,45,4.53
2024-09-17,UA-07,18.3,0.0,62,3.96
2024-09-17,UA-09,21.0,0.0,34,6.62
2024-09-17,UA-12,21.7,0.0,35,5.87
2024-09-17,UA-14,20.0,0.9,38,6.04
2024-09-17,UA-18,19.1,0.0,50,4.08
2024-09-17,UA-21,17.2,0.4,79,1.99
2024-09-17,UA-23,20.4,3.6,44,7.11
2024-09-17,UA-26,17.2,0.0,68,2.36
2024-09-17,UA-30,19.8,0.0,48,4.06
2024-09-17,UA-32,20.2,0.0,45,4.31
2024-09-17,UA-35,21.9,0.0,34,5.63
2024-09-17,UA-40,21.2,2.7,74,3.17
2024-09-17,UA-43,18.2,0.1,76,3.95
2024-09-17,UA-46,17.2,0.0,66,3.7
2024-09-17,UA-48,21.8,0.0,39,5.33
2024-09-17,UA-51,21.3,1.2,49,5.22
2024-09-17,UA-53,20.6,0.0,38,5.55
2024-09-17,UA-56,18.4,0.0,59,3.91
2024-09-17,UA-59,19.3,0.3,48,4.65
2024-09-17,UA-61,17.9,0.0,57,4.3
2024-09-17,UA-63,20.5,0.0,38,5.28
2024-09-17,UA-65,21.5,0.0,39,5.29
2024-09-17,UA-68,18.5,0.0,53,4.3
2024-09-17,UA-71,20.9,0.0,44,4.81
2024-09-17,UA-74,19.6,0.1,50,4.05
2024-09-17,UA-77,17.6,0.0,70,2.01
2024-09-18,UA-05,16.2,3.6,66,4.4
2024-09-18,UA-07,16.7,0.3,68,3.25
2024-09-18,UA-09,17.7,0.0,28,5.4
2024-09-18,UA-12,18.0,3.3,46,6.3
2024-09-18,UA-14,17.9,0.0,32,5.66
2024-09-18,UA-18,16.5,0.9,63,4.13
2024-09-18,UA-21,18.3,0.5,62,2.85
2024-09-18,UA-23,18.0,9.5,52,7.68
2024-09-18,UA-26,16.3,1.2,69,2.29
2024-09-18,UA-30,17.1,0.0,56,4.12
2024-09-18,UA-32,16.7,3.3,61,4.3
2024-09-18,UA-35,16.5,11.6,60,5.7
2024-09-18,UA-40,19.7,0.0,74,2.72
2024-09-18,UA-43,17.7,2.0,84,1.74
2024-09-18,UA-46,15.8,0.1,71,3.1
2024-09-18,UA-48,17.1,3.9,70,6.16
2024-09-18,UA-51,16.8,2.4,73,6.53
2024-09-18,UA-53,17.0,2.4,41,4.97
2024-09-18,UA-56,16.6,0.5,68,3.17
2024-09-18,UA-59,16.8,0.0,46,4.53
2024-09-18,UA-61,16.2,1.6,66,3.68
2024-09-18,UA-63,17.8,0.0,34,4.97
2024-09-18,UA-65,17.3,4.4,68,6.01
2024-09-18,UA-68,16.3,3.1,65,3.97
2024-09-18,UA-71,16.6,1.9,59,4.93
2024-09-18,UA-74,16.9,0.0,55,4.11
2024-09-18,UA-77,17.0,2.2,67,2.77
2024-09-19,UA-05,15.8,0.0,48,3.84
2024-09-19,UA-07,15.5,0.0,60,3.73
2024-09-19,UA-09,15.1,0.0,30,3.91
2024-09-19,UA-12,16.7,0.0,32,4.58
2024-09-19,UA-14,15.3,0.0,29,4.15
2024-09-19,UA-18,15.2,0.0,50,3.61
2024-09-19,UA-21,16.8,0.1,64,2.81
2024-09-19,UA-23,17.0,0.0,40,5.76
2024-09-19,UA-26,14.6,1.8,71,2.56
2024-09-19,UA-30,15.5,0.0,48,3.27
2024-09-19,UA-32,15.7,0.0,45,3.6
2024-09-19,UA-35,16.5,0.0,37,4.54
2024-09-19,UA-40,20.7,0.4,63,3.4
2024-09-19,UA-43,17.5,0.0,61,5.08
2024-09-19,UA-46,15.1,0.6,65,3.65
2024-09-19,UA-48,18.0,0.0,38,5.88
2024-09-19,UA-51,18.5,0.0,43,7.07
2024-09-19,UA-53,15.9,0.0,33,4.08
2024-09-19,UA-56,15.6,0.0,58,3.71
2024-09-19,UA-59,15.6,0.0,45,3.17
2024-09-19,UA-61,15.2,0.2,61,3.64
2024-09-19,UA-63,15.8,0.0,35,3.49
2024-09-19,UA-65,18.0,0.0,36,5.78
2024-09-19,UA-68,15.2,0.0,58,3.66
2024-09-19,UA-71,16.4,0.0,45,3.89
2024-09-19,UA-74,15.2,0.0,51,2.99
2024-09-19,UA-77,14.6,1.0,73,2.14
2024-09-20,UA-05,16.0,0.0,54,2.78
2024-09-20,UA-07,14.3,0.0,66,2.38
2024-09-20,UA-09,16.8,0.0,41,2.95
2024-09-20,UA-12,17.6,0.0,42,3.19
2024-09-20,UA-14,16.2,0.0,38,3.1
2024-09-20,UA-18,15.5,0.0,60,2.48
2024-09-20,UA-21,16.0,0.0,60,1.9
2024-09-20,UA-23,17.8,0.0,47,4.02
2024-09-20,UA-26,13.8,0.0,65,1.3
2024-09-20,UA-30,16.4,0.0,61,2.76
2024-09-20,UA-32,16.2,0.0,57,2.66
2024-09-20,UA-35,17.4,0.0,46,3.29
2024-09-20,UA-40,19.8,0.0,49,6.19
2024-09-20,UA-43,16.0,0.0,51,5.01
2024-09-20,UA-46,13.7,0.0,64,2.45
2024-09-20,UA-48,17.7,0.0,40,4.18
2024-09-20,UA-51,17.9,0.0,39,4.82
2024-09-20,UA-53,16.8,0.0,47,3.12
2024-09-20,UA-56,14.5,0.0,65,2.26
2024-09-20,UA-59,16.1,0.0,58,2.83
2024-09-20,UA-61,14.1,0.0,60,2.61
2024-09-20,UA-63,17.0,0.0,48,2.97
2024-09-20,UA-65,17.2,0.0,38,4.11
2024-09-20,UA-68,14.5,0.0,61,2.49
2024-09-20,UA-71,17.2,0.0,56,2.78
2024-09-20,UA-74,16.1,0.0,62,2.9
2024-09-20,UA-77,14.4,0.0,62,1.97
2024-09-21,UA-05,16.6,0.0,66,2.17
2024-09-21,UA-07,15.4,0.0,73,2.11
2024-09-21,UA-09,16.8,0.0,46,2.64
2024-09-21,UA-12,17.5,0.0,51,3.02
2024-09-21,UA-14,16.6,0.0,48,2.85
2024-09-21,UA-18,15.8,0.0,70,2.06
2024-09-21,UA-21,14.9,0.0,67,1.44
2024-09-21,UA-23,18.4,0.0,54,3.81
2024-09-21,UA-26,14.3,0.0,73,1.85
2024-09-21,UA-30,16.2,0.0,67,1.97
2024-09-21,UA-32,16.3,0.0,66,2.03
2024-09-21,UA-35,17.5,0.0,56,2.69
2024-09-21,UA-40,19.9,0.0,48,5.57
2024-09-21,UA-43,16.3,0.0,53,3.98
2024-09-21,UA-46,14.9,0.0,72,1.55
2024-09-21,UA-48,18.9,0.0,51,3.19
2024-09-21,UA-51,19.3,0.0,50,3.59
2024-09-21,UA-53,16.8,0.0,52,2.72
2024-09-21,UA-56,15.8,0.0,73,2.19
2024-09-21,UA-59,16.1,0.0,62,2.06
2024-09-21,UA-61,15.4,0.0,70,2.32
2024-09-21,UA-63,16.9,0.0,53,2.24
2024-09-21,UA-65,18.6,0.0,50,3.14
2024-09-21,UA-68,15.6,0.0,73,2.25
2024-09-21,UA-71,17.2,0.0,63,2.06
2024-09-21,UA-74,16.0,0.0,69,1.74
2024-09-21,UA-77,16.4,0.0,63,2.91
2024-09-22,UA-05,17.5,0.0,66,1.61
2024-09-22,UA-07,15.6,0.0,73,1.55
2024-09-22,UA-09,18.6,0.0,43,1.77
2024-09-22,UA-12,18.7,0.0,52,2.26
2024-09-22,UA-14,17.5,0.0,46,1.99
2024-09-22,UA-18,16.7,0.0,67,1.87
2024-09-22,UA-21,16.1,0.0,72,0.99
2024-09-22,UA-23,19.4,0.0,52,2.9
2024-09-22,UA-26,15.9,0.0,74,1.63
2024-09-22,UA-30,17.0,0.0,66,2.17
2024-09-22,UA-32,17.3,0.0,64,1.78
2024-09-22,UA-35,18.8,0.0,56,2.4
2024-09-22,UA-40,20.6,0.0,61,5.27
2024-09-22,UA-43,17.8,0.0,60,4.41
2024-09-22,UA-46,15.6,0.0,76,1.27
2024-09-22,UA-48,19.5,0.0,47,2.98
2024-09-22,UA-51,19.7,0.0,46,3.21
2024-09-22,UA-53,18.0,0.0,53,2.45
2024-09-22,UA-56,16.2,0.0,73,1.59
2024-09-22,UA-59,16.5,0.0,61,2.65
2024-09-22,UA-61,16.2,0.0,73,1.53
2024-09-22,UA-63,18.2,0.0,54,2.42
2024-09-22,UA-65,19.1,0.0,45,3.0
2024-09-22,UA-68,16.3,0.0,74,1.72
2024-09-22,UA-71,18.3,0.0,62,2.05
2024-09-22,UA-74,15.9,0.0,66,2.58
2024-09-22,UA-77,17.6,0.0,67,1.93
2024-09-23,UA-05,18.2,0.0,62,1.64
2024-09-23,UA-07,17.5,0.0,68,2.43
2024-09-23,UA-09,18.6,0.0,47,3.55
2024-09-23,UA-12,19.6,0.0,50,3.15
2024-09-23,UA-14,18.8,0.0,46,3.17
2024-09-23,UA-18,17.1,0.0,62,2.28
2024-09-23,UA-21,16.2,0.0,74,2.15
2024-09-23,UA-23,20.1,0.0,54,3.58
2024-09-23,UA-26,16.6,0.0,73,2.03
2024-09-23,UA-30,16.1,0.0,65,2.08
2024-09-23,UA-32,17.1,0.0,62,1.9
2024-09-23,UA-35,19.2,0.0,54,2.57
2024-09-23,UA-40,21.0,0.0,59,5.18
2024-09-23,UA-43,18.1,0.0,60,3.9
2024-09-23,UA-46,16.8,0.0,73,2.09
2024-09-23,UA-48,20.7,0.0,49,2.72
2024-09-23,UA-51,20.6,0.0,50,2.63
2024-09-23,UA-53,18.0,0.0,49,3.35
2024-09-23,UA-56,17.8,0.0,68,2.33
2024-09-23,UA-59,15.5,0.0,56,3.03
2024-09-23,UA-61,17.5,0.0,66,2.64
2024-09-23,UA-63,17.3,0.0,47,3.57
2024-09-23,UA-65,20.4,0.0,49,2.77
2024-09-23,UA-68,17.2,0.0,71,1.86
2024-09-23,UA-71,17.9,0.0,63,2.23
2024-09-23,UA-74,15.3,0.0,64,2.62
2024-09-23,UA-77,17.9,0.0,65,2.41
2024-09-24,UA-05,19.3,0.0,56,2.95
2024-09-24,UA-07,18.6,0.0,63,3.34
2024-09-24,UA-09,16.6,0.0,36,3.26
2024-09-24,UA-12,19.1,0.0,48,2.71
2024-09-24,UA-14,17.2,0.0,44,2.79
2024-09-24,UA-18,18.9,0.0,55,3.11
2024-09-24,UA-21,18.6,0.2,64,3.4
2024-09-24,UA-23,19.5,0.0,58,2.58
2024-09-24,UA-26,17.1,0.0,72,2.55
2024-09-24,UA-30,18.2,0.0,58,2.97
2024-09-24,UA-32,18.8,0.0,56,2.58
2024-09-24,UA-35,20.0,0.0,47,2.4
2024-09-24,UA-40,20.2,0.1,73,2.58
2024-09-24,UA-43,17.8,0.0,73,3.58
2024-09-24,UA-46,17.5,0.3,70,3.08
2024-09-24,UA-48,20.0,0.0,56,2.06
2024-09-24,UA-51,20.4,0.0,62,2.87
2024-09-24,UA-53,18.3,0.0,44,3.0
2024-09-24,UA-56,18.9,0.0,61,3.94
2024-09-24,UA-59,16.8,0.0,49,3.28
2024-09-24,UA-61,18.1,0.0,63,3.61
2024-09-24,UA-63,17.1,0.0,43,2.86
2024-09-24,UA-65,19.5,0.0,54,2.05
2024-09-24,UA-68,18.5,0.0,62,4.0
2024-09-24,UA-71,19.4,0.0,58,2.76
2024-09-24,UA-74,17.3,0.0,58,3.18
2024-09-24,UA-77,19.0,0.0,59,3.66
2024-09-25,UA-05,19.8,0.0,56,4.3
2024-09-25,UA-07,18.4,0.8,70,3.59
2024-09-25,UA-09,15.4,0.0,35,3.21
2024-09-25,UA-12,17.7,0.0,43,2.61
2024-09-25,UA-14,15.8,0.0,39,2.88
2024-09-25,UA-18,19.8,0.0,52,4.71
2024-09-25,UA-21,17.7,3.5,80,2.81
2024-09-25,UA-23,18.2,0.0,51,3.1
2024-09-25,UA-26,17.9,2.4,74,2.24
2024-09-25,UA-30,19.3,0.0,50,4.05
2024-09-25,UA-32,19.7,0.0,49,3.89
2024-09-25,UA-35,19.5,0.0,45,2.96
2024-09-25,UA-40,20.5,0.1,77,1.24
2024-09-25,UA-43,18.3,0.0,68,2.1
2024-09-25,UA-46,17.6,4.5,76,3.63
2024-09-25,UA-48,19.6,0.0,55,3.01
2024-09-25,UA-51,20.0,0.0,65,3.48
2024-09-25,UA-53,17.4,0.0,38,3.03
2024-09-25,UA-56,18.5,1.4,67,3.53
2024-09-25,UA-59,17.2,0.0,40,3.91
2024-09-25,UA-61,17.7,6.3,73,2.72
2024-09-25,UA-63,16.0,0.0,33,2.96
2024-09-25,UA-65,19.1,0.0,54,3.23
2024-09-25,UA-68,18.7,0.8,63,4.4
2024-09-25,UA-71,19.7,0.0,49,3.11
2024-09-25,UA-74,19.1,0.0,54,4.62
2024-09-25,UA-77,19.2,0.7,63,2.83
2024-09-26,UA-05,19.2,1.4,73,4.38
2024-09-26,UA-07,19.0,0.1,66,5.41
2024-09-26,UA-09,18.1,0.0,36,4.48
2024-09-26,UA-12,18.4,0.0,53,3.56
2024-09-26,UA-14,18.0,0.0,44,4.18
2024-09-26,UA-18,18.9,5.5,72,4.71
2024-09-26,UA-21,19.3,1.4,71,4.52
2024-09-26,UA-23,18.1,0.0,61,3.77
2024-09-26,UA-26,17.9,0.0,73,3.61
2024-09-26,UA-30,18.8,0.9,61,4.55
2024-09-26,UA-32,19.5,1.2,63,4.11
2024-09-26,UA-35,20.0,0.0,50,3.9
2024-09-26,UA-40,20.9,0.0,78,0.94
2024-09-26,UA-43,18.5,0.0,73,1.28
2024-09-26,UA-46,17.9,0.0,70,5.17
2024-09-26,UA-48,19.5,0.0,69,3.06
2024-09-26,UA-51,20.7,0.0,75,3.53
2024-09-26,UA-53,17.8,0.0,48,4.02
2024-09-26,UA-56,19.1,2.4,72,4.78
2024-09-26,UA-59,17.0,0.1,48,4.72
2024-09-26,UA-61,18.4,0.1,71,4.33
2024-09-26,UA-63,17.5,0.0,45,3.99
2024-09-26,UA-65,19.1,0.0,65,2.7
2024-09-26,UA-68,18.5,4.9,79,4.6
2024-09-26,UA-71,19.9,0.4,51,3.97
2024-09-26,UA-74,18.1,0.5,57,5.29
2024-09-26,UA-77,19.3,0.1,69,2.77
2024-09-27,UA-05,21.6,0.0,65,4.11
2024-09-27,UA-07,20.2,2.4,67,5.05
2024-09-27,UA-09,17.7,0.0,45,4.79
2024-09-27,UA-12,19.7,0.0,60,4.4
2024-09-27,UA-14,17.1,0.0,53,3.58
2024-09-27,UA-18,21.4,0.0,65,4.37
2024-09-27,UA-21,20.1,3.3,70,3.32
2024-09-27,UA-23,18.6,0.0,67,4.07
2024-09-27,UA-26,20.4,0.0,65,3.46
2024-09-27,UA-30,21.9,0.2,63,4.96
2024-09-27,UA-32,21.7,0.4,66,4.53
2024-09-27,UA-35,21.4,0.0,66,4.95
2024-09-27,UA-40,20.8,0.0,79,2.45
2024-09-27,UA-43,19.3,0.0,75,1.21
2024-09-27,UA-46,19.7,0.1,67,4.79
2024-09-27,UA-48,20.5,0.0,80,4.08
2024-09-27,UA-51,21.5,0.0,78,5.4
2024-09-27,UA-53,19.8,0.0,58,5.31
2024-09-27,UA-56,20.9,0.5,63,4.73
2024-09-27,UA-59,19.9,0.0,55,6.56
2024-09-27,UA-61,20.8,0.0,62,4.44
2024-09-27,UA-63,19.1,0.0,47,4.99
2024-09-27,UA-65,20.0,0.0,76,2.91
2024-09-27,UA-68,20.7,0.1,68,3.87
2024-09-27,UA-71,22.1,0.0,64,4.96
2024-09-27,UA-74,21.3,1.7,66,5.52
2024-09-27,UA-77,22.6,0.0,57,2.78
2024-09-28,UA-05,20.9,0.0,65,3.75
2024-09-28,UA-07,16.6,9.6,78,3.38
2024-09-28,UA-09,19.1,0.0,40,5.17
2024-09-28,UA-12,20.4,0.0,57,3.59
2024-09-28,UA-14,18.7,0.0,50,4.4
2024-09-28,UA-18,21.4,0.0,67,3.61
2024-09-28,UA-21,17.2,15.8,82,2.83
2024-09-28,UA-23,19.3,0.0,64,3.73
2024-09-28,UA-26,17.7,20.4,77,3.02
2024-09-28,UA-30,21.9,0.0,57,4.35
2024-09-28,UA-32,21.8,0.0,58,4.18
2024-09-28,UA-35,21.8,0.0,60,4.22
2024-09-28,UA-40,21.9,0.0,69,3.06
2024-09-28,UA-43,20.0,0.0,67,2.69
2024-09-28,UA-46,15.8,18.4,80,3.22
2024-09-28,UA-48,21.4,0.0,68,3.11
2024-09-28,UA-51,20.9,0.0,77,3.47
2024-09-28,UA-53,20.7,0.0,56,4.46
2024-09-28,UA-56,18.1,18.0,76,3.82
2024-09-28,UA-59,21.6,0.0,54,5.92
2024-09-28,UA-61,17.7,23.3,78,3.2
2024-09-28,UA-63,20.6,0.0,50,4.52
2024-09-28,UA-65,20.8,0.0,68,3.12
2024-09-28,UA-68,19.8,1.7,77,2.85
2024-09-28,UA-71,22.3,0.0,57,4.55
2024-09-28,UA-74,21.9,0.0,60,4.82
2024-09-28,UA-77,20.1,0.1,71,2.96
2024-09-29,UA-05,12.7,5.4,90,5.0
2024-09-29,UA-07,10.9,8.4,81,4.08
2024-09-29,UA-09,19.3,0.0,34,6.83
2024-09-29,UA-12,18.8,0.0,49,3.74
2024-09-29,UA-14,18.4,0.0,40,5.58
2024-09-29,UA-18,12.0,5.5,90,6.24
2024-09-29,UA-21,12.6,2.3,72,5.03
2024-09-29,UA-23,17.9,0.0,58,4.13
2024-09-29,UA-26,10.6,25.4,93,4.31
2024-09-29,UA-30,15.2,0.7,77,4.55
2024-09-29,UA-32,15.5,0.1,75,3.86
2024-09-29,UA-35,19.2,0.0,58,2.76
2024-09-29,UA-40,21.7,0.0,75,1.13
2024-09-29,UA-43,19.7,0.0,71,1.56
2024-09-29,UA-46,10.4,6.3,82,4.08
2024-09-29,UA-48,20.3,0.0,64,2.74
2024-09-29,UA-51,20.2,0.0,81,1.81
2024-09-29,UA-53,18.3,0.0,45,3.66
2024-09-29,UA-56,10.4,20.4,95,4.69
2024-09-29,UA-59,17.9,0.0,45,3.85
2024-09-29,UA-61,9.9,25.1,95,5.36
2024-09-29,UA-63,19.1,0.0,35,4.7
2024-09-29,UA-65,19.8,0.0,65,2.89
2024-09-29,UA-68,10.6,15.5,96,6.52
2024-09-29,UA-71,18.5,0.0,65,2.99
2024-09-29,UA-74,15.0,1.4,77,4.58
2024-09-29,UA-77,11.2,24.7,92,6.51
2024-09-30,UA-05,11.0,2.3,80,5.28
2024-09-30,UA-07,8.1,4.7,82,5.09
2024-09-30,UA-09,20.0,0.0,34,6.59
2024-09-30,UA-12,18.7,0.0,48,3.64
2024-09-30,UA-14,18.4,0.0,40,4.71
2024-09-30,UA-18,10.9,1.3,78,5.86
2024-09-30,UA-21,11.1,0.1,64,4.17
2024-09-30,UA-23,18.2,0.0,54,4.49
2024-09-30,UA-26,7.5,19.6,91,4.64
2024-09-30,UA-30,12.2,0.0,75,5.64
2024-09-30,UA-32,12.7,0.0,73,5.06
2024-09-30,UA-35,17.3,0.0,59,4.16
2024-09-30,UA-40,20.8,3.0,81,2.84
2024-09-30,UA-43,19.7,0.6,79,1.03
2024-09-30,UA-46,7.9,7.8,82,4.61
2024-09-30,UA-48,19.8,0.0,55,4.49
2024-09-30,UA-51,19.5,0.0,58,5.04
2024-09-30,UA-53,17.1,0.0,47,3.56
2024-09-30,UA-56,8.0,4.7,88,5.21
2024-09-30,UA-59,16.2,0.0,49,3.44
2024-09-30,UA-61,6.8,12.6,94,5.37
2024-09-30,UA-63,18.4,0.0,39,4.17
2024-09-30,UA-65,19.4,0.0,57,4.04
2024-09-30,UA-68,8.4,5.7,88,5.75
2024-09-30,UA-71,15.6,0.1,63,4.09
2024-09-30,UA-74,11.8,0.2,75,6.4
2024-09-30,UA-77,7.6,19.5,94,6.01
2024-10-01,UA-05,10.0,2.6,88,4.13
2024-10-01,UA-07,8.0,1.0,88,2.37
2024-10-01,UA-09,18.2,0.0,30,6.39
2024-10-01,UA-12,18.5,0.0,39,4.96
2024-10-01,UA-14,17.5,0.0,33,5.85
2024-10-01,UA-18,10.0,1.3,83,3.79
2024-10-01,UA-21,9.3,0.0,74,1.85
2024-10-01,UA-23,17.9,0.0,49,5.55
2024-10-01,UA-26,7.3,0.5,88,2.8
2024-10-01,UA-30,12.4,0.0,78,3.71
2024-10-01,UA-32,12.6,0.0,73,3.98
2024-10-01,UA-35,16.9,0.0,53,3.97
2024-10-01,UA-40,18.0,20.3,83,4.38
2024-10-01,UA-43,15.9,8.2,92,1.35
2024-10-01,UA-46,7.2,0.3,87,2.55
2024-10-01,UA-48,18.7,0.0,52,4.72
2024-10-01,UA-51,18.5,0.0,50,6.66
2024-10-01,UA-53,17.5,0.0,36,4.9
2024-10-01,UA-56,8.4,0.4,88,2.52
2024-10-01,UA-59,17.1,0.0,37,5.1
2024-10-01,UA-61,7.4,0.3,90,2.89
2024-10-01,UA-63,18.4,0.0,32,5.72
2024-10-01,UA-65,18.7,0.0,54,4.19
2024-10-01,UA-68,8.4,2.4,90,3.43
2024-10-01,UA-71,15.4,0.0,62,3.07
2024-10-01,UA-74,12.9,0.0,71,2.33
2024-10-01,UA-77,8.0,0.5,87,4.22
2024-10-02,UA-05,10.8,0.1,85,2.28
2024-10-02,UA-07,10.1,0.0,79,2.7
2024-10-02,UA-09,15.2,0.0,36,3.26
2024-10-02,UA-12,16.5,0.0,36,3.49
2024-10-02,UA-14,14.5,0.0,39,3.11
2024-10-02,UA-18,10.2,0.3,85,2.1
2024-10-02,UA-21,11.1,0.0,78,2.02
2024-10-02,UA-23,16.8,0.0,45,3.54
2024-10-02,UA-26,9.6,0.0,79,3.11
2024-10-02,UA-30,12.5,0.0,79,2.19
2024-10-02,UA-32,12.7,0.0,76,2.27
2024-10-02,UA-35,17.2,0.0,39,2.38
2024-10-02,UA-40,18.9,0.1,74,2.01
2024-10-02,UA-43,15.8,0.0,81,1.05
2024-10-02,UA-46,10.1,0.0,77,3.65
2024-10-02,UA-48,17.8,0.1,71,1.82
2024-10-02,UA-51,17.1,0.0,66,2.89
2024-10-02,UA-53,15.1,0.0,37,3.59
2024-10-02,UA-56,10.1,0.0,80,1.85
2024-10-02,UA-59,14.9,0.0,43,3.5
2024-10-02,UA-61,9.5,0.0,81,2.46
2024-10-02,UA-63,15.8,0.0,37,3.28
2024-10-02,UA-65,17.5,0.0,71,1.98
2024-10-02,UA-68,9.9,0.0,85,1.8
2024-10-02,UA-71,15.1,0.0,58,2.2
2024-10-02,UA-74,12.4,0.0,74,1.44
2024-10-02,UA-77,10.5,0.0,79,2.31
2024-10-03,UA-05,14.9,0.0,72,2.88
2024-10-03,UA-07,11.0,5.6,94,2.1
2024-10-03,UA-09,14.9,0.0,39,1.35
2024-10-03,UA-12,15.8,0.0,54,2.87
2024-10-03,UA-14,14.1,0.0,43,1.68
2024-10-03,UA-18,14.9,0.0,73,2.62
2024-10-03,UA-21,12.9,13.4,93,1.76
2024-10-03,UA-23,16.4,0.0,61,3.18
2024-10-03,UA-26,12.1,1.7,92,1.9
2024-10-03,UA-30,15.7,0.0,60,3.11
2024-10-03,UA-32,15.8,0.6,70,2.75
2024-10-03,UA-35,16.9,0.0,56,3.08
2024-10-03,UA-40,19.1,0.6,79,2.59
2024-10-03,UA-43,16.7,0.4,83,1.57
2024-10-03,UA-46,11.3,8.0,93,1.65
2024-10-03,UA-48,17.2,0.4,79,2.98
2024-10-03,UA-51,17.2,0.0,72,3.14
2024-10-03,UA-53,14.9,0.0,45,2.75
2024-10-03,UA-56,12.1,2.3,89,2.39
2024-10-03,UA-59,15.1,0.0,44,2.6
2024-10-03,UA-61,11.9,1.4,90,2.15
2024-10-03,UA-63,15.0,0.0,41,2.33
2024-10-03,UA-65,16.7,0.3,77,2.63
2024-10-03,UA-68,13.5,0.0,83,2.57
2024-10-03,UA-71,16.5,0.0,53,3.27
2024-10-03,UA-74,15.3,0.0,50,4.0
2024-10-03,UA-77,13.6,0.0,84,2.03
2024-10-04,UA-05,16.3,2.6,81,3.09
2024-10-04,UA-07,11.2,7.2,97,3.58
2024-10-04,UA-09,15.7,0.0,43,1.84
2024-10-04,UA-12,17.4,0.0,65,3.94
2024-10-04,UA-14,14.6,0.0,45,2.51
2024-10-04,UA-18,15.0,5.7,86,2.31
2024-10-04,UA-21,13.9,15.8,96,1.69
2024-10-04,UA-23,17.1,0.0,70,4.22
2024-10-04,UA-26,13.3,8.1,97,1.35
2024-10-04,UA-30,16.1,2.9,77,2.91
2024-10-04,UA-32,17.0,3.0,73,3.27
2024-10-04,UA-35,18.3,0.0,72,4.39
2024-10-04,UA-40,19.8,0.0,78,5.94
2024-10-04,UA-43,17.4,0.0,79,1.96
2024-10-04,UA-46,11.6,4.6,97,3.15
2024-10-04,UA-48,18.8,0.4,80,4.38
2024-10-04,UA-51,20.1,0.0,71,5.75
2024-10-04,UA-53,16.9,0.0,66,3.93
2024-10-04,UA-56,12.6,6.1,97,3.17
2024-10-04,UA-59,16.6,0.0,62,3.96
2024-10-04,UA-61,13.4,5.7,97,1.79
2024-10-04,UA-63,16.5,0.0,53,3.2
2024-10-04,UA-65,18.1,0.7,79,3.49
2024-10-04,UA-68,14.5,6.1,92,1.98
2024-10-04,UA-71,18.2,0.0,67,3.92
2024-10-04,UA-74,15.5,5.8,77,2.56
2024-10-04,UA-77,14.8,6.2,93,1.39
2024-10-05,UA-05,16.1,12.2,97,1.54
2024-10-05,UA-07,10.7,2.9,97,3.92
2024-10-05,UA-09,17.3,0.0,42,2.73
2024-10-05,UA-12,19.2,0.0,69,3.77
2024-10-05,UA-14,16.1,0.0,52,2.69
2024-10-05,UA-18,13.6,8.8,97,3.64
2024-10-05,UA-21,14.2,0.7,93,1.25
2024-10-05,UA-23,18.2,0.0,76,4.08
2024-10-05,UA-26,14.0,9.5,96,1.24
2024-10-05,UA-30,15.4,8.4,94,2.39
2024-10-05,UA-32,17.2,10.3,92,2.04
2024-10-05,UA-35,20.3,0.2,74,3.56
2024-10-05,UA-40,20.9,0.0,82,6.54
2024-10-05,UA-43,19.6,0.0,74,2.38
2024-10-05,UA-46,11.7,10.8,97,2.8
2024-10-05,UA-48,21.2,0.0,79,4.43
2024-10-05,UA-51,21.4,0.0,84,5.11
2024-10-05,UA-53,19.0,0.0,69,3.47
2024-10-05,UA-56,11.5,5.5,98,3.68
2024-10-05,UA-59,17.5,3.9,80,2.92
2024-10-05,UA-61,13.7,12.3,96,2.05
2024-10-05,UA-63,18.9,0.0,59,3.0
2024-10-05,UA-65,20.8,0.0,74,3.6
2024-10-05,UA-68,13.9,13.8,99,2.12
2024-10-05,UA-71,19.0,1.6,84,2.55
2024-10-05,UA-74,13.5,7.7,97,3.2
2024-10-05,UA-77,14.9,18.8,94,1.85
2024-10-06,UA-05,14.9,8.2,92,2.4
2024-10-06,UA-07,9.8,5.8,96,2.96
2024-10-06,UA-09,18.6,0.0,38,3.35
2024-10-06,UA-12,20.0,0.0,60,3.83
2024-10-06,UA-14,17.2,0.0,46,2.87
2024-10-06,UA-18,13.6,11.4,93,2.88
2024-10-06,UA-21,13.6,1.2,85,1.76
2024-10-06,UA-23,18.8,0.0,67,4.0
2024-10-06,UA-26,11.6,1.7,93,3.48
2024-10-06,UA-30,15.8,14.4,94,3.43
2024-10-06,UA-32,16.5,16.6,93,2.97
2024-10-06,UA-35,20.3,7.1,79,3.54
2024-10-06,UA-40,21.3,0.0,74,4.67
2024-10-06,UA-43,19.8,0.0,73,1.84
2024-10-06,UA-46,10.3,4.1,95,3.11
2024-10-06,UA-48,20.9,1.5,86,3.46
2024-10-06,UA-51,20.0,11.8,89,3.83
2024-10-06,UA-53,19.9,0.0,62,3.88
2024-10-06,UA-56,10.4,7.3,95,3.14
2024-10-06,UA-59,19.0,1.2,71,3.63
2024-10-06,UA-61,11.0,0.5,95,3.23
2024-10-06,UA-63,19.4,0.0,53,3.34
2024-10-06,UA-65,20.7,0.3,80,2.82
2024-10-06,UA-68,11.7,3.5,93,3.13
2024-10-06,UA-71,19.0,8.9,84,2.99
2024-10-06,UA-74,15.1,18.2,96,4.04
2024-10-06,UA-77,13.7,0.0,89,3.25
2024-10-07,UA-05,10.6,0.7,84,4.29
2024-10-07,UA-07,9.2,0.5,89,3.26
2024-10-07,UA-09,19.6,0.1,57,4.27
2024-10-07,UA-12,15.5,4.2,76,5.2
2024-10-07,UA-14,17.2,2.1,65,3.92
2024-10-07,UA-18,9.7,2.5,88,4.86
2024-10-07,UA-21,13.3,0.3,82,2.3
2024-10-07,UA-23,15.2,6.8,84,5.09
2024-10-07,UA-26,11.5,0.0,81,3.32
2024-10-07,UA-30,10.6,8.3,92,4.71
2024-10-07,UA-32,10.6,9.2,90,4.35
2024-10-07,UA-35,13.6,8.9,93,4.27
2024-10-07,UA-40,18.8,4.9,86,5.29
2024-10-07,UA-43,16.4,4.9,88,3.51
2024-10-07,UA-46,10.7,0.5,85,3.11
2024-10-07,UA-48,15.9,7.8,83,4.2
2024-10-07,UA-51,15.4,6.1,80,4.47
2024-10-07,UA-53,15.0,7.2,75,5.14
2024-10-07,UA-56,9.6,0.0,87,3.88
2024-10-07,UA-59,16.0,11.6,73,4.44
2024-10-07,UA-61,10.1,0.3,86,3.76
2024-10-07,UA-63,16.3,6.3,66,4.89
2024-10-07,UA-65,16.0,7.1,83,3.84
2024-10-07,UA-68,10.0,0.1,85,4.19
2024-10-07,UA-71,12.9,24.8,94,4.41
2024-10-07,UA-74,11.0,8.5,95,4.4
2024-10-07,UA-77,12.0,0.0,81,3.08
2024-10-08,UA-05,13.1,0.0,75,2.94
2024-10-08,UA-07,12.7,0.0,82,2.67
2024-10-08,UA-09,14.8,0.0,62,5.65
2024-10-08,UA-12,13.0,0.5,71,5.08
2024-10-08,UA-14,13.3,0.0,65,4.84
2024-10-08,UA-18,11.9,0.0,79,3.35
2024-10-08,UA-21,13.6,0.0,78,3.53
2024-10-08,UA-23,13.7,0.2,70,5.46
2024-10-08,UA-26,14.2,0.0,77,2.35
2024-10-08,UA-30,11.0,0.0,78,4.42
2024-10-08,UA-32,12.1,0.0,77,3.58
2024-10-08,UA-35,13.5,0.1,70,4.3
2024-10-08,UA-40,18.0,0.5,71,3.26
2024-10-08,UA-43,14.9,0.4,79,3.02
2024-10-08,UA-46,14.1,0.0,78,3.66
2024-10-08,UA-48,15.4,0.0,74,3.14
2024-10-08,UA-51,15.4,0.0,75,2.79
2024-10-08,UA-53,11.5,0.4,75,5.67
2024-10-08,UA-56,12.8,0.0,80,2.5
2024-10-08,UA-59,9.9,13.8,90,6.49
2024-10-08,UA-61,12.9,0.0,78,3.03
2024-10-08,UA-63,11.8,1.4,78,6.41
2024-10-08,UA-65,15.1,0.0,74,3.09
2024-10-08,UA-68,12.5,0.0,78,2.96
2024-10-08,UA-71,12.0,0.0,79,4.35
2024-10-08,UA-74,9.9,0.0,82,5.44
2024-10-08,UA-77,13.8,0.0,74,1.94
2024-10-09,UA-05,14.8,0.0,77,3.4
2024-10-09,UA-07,16.0,0.0,77,3.63
2024-10-09,UA-09,13.0,0.0,70,3.64
2024-10-09,UA-12,14.2,0.0,74,1.83
2024-10-09,UA-14,13.1,0.0,67,2.52
2024-10-09,UA-18,14.4,0.0,77,3.35
2024-10-09,UA-21,14.8,1.3,83,3.21
2024-10-09,UA-23,15.0,0.0,77,2.21
2024-10-09,UA-26,14.5,0.0,84,2.46
2024-10-09,UA-30,13.6,0.0,79,3.34
2024-10-09,UA-32,14.7,0.0,77,3.19
2024-10-09,UA-35,15.3,0.0,75,2.62
2024-10-09,UA-40,19.0,0.0,74,4.66
2024-10-09,UA-43,16.2,0.0,76,1.56
2024-10-09,UA-46,15.8,0.0,77,3.78
2024-10-09,UA-48,16.8,0.0,81,3.07
2024-10-09,UA-51,17.7,0.0,78,4.15
2024-10-09,UA-53,11.9,0.0,77,1.83
2024-10-09,UA-56,14.9,0.0,78,3.53
2024-10-09,UA-59,10.5,0.0,82,2.25
2024-10-09,UA-61,14.1,0.0,83,2.97
2024-10-09,UA-63,11.9,0.0,77,2.49
2024-10-09,UA-65,16.2,0.0,79,2.66
2024-10-09,UA-68,13.7,0.0,81,3.22
2024-10-09,UA-71,14.6,0.0,80,2.5
2024-10-09,UA-74,11.3,0.0,84,3.34
2024-10-09,UA-77,13.8,0.0,84,2.0
2024-10-10,UA-05,14.5,0.1,88,2.77
2024-10-10,UA-07,17.5,0.0,73,4.7
2024-10-10,UA-09,13.4,0.0,66,2.48
2024-10-10,UA-12,15.9,0.0,75,2.94
2024-10-10,UA-14,13.8,0.0,67,2.57
2024-10-10,UA-18,14.4,0.0,87,3.59
2024-10-10,UA-21,18.0,0.0,77,3.59
2024-10-10,UA-23,16.4,0.0,81,3.7
2024-10-10,UA-26,17.3,0.0,73,3.25
2024-10-10,UA-30,14.6,0.0,85,3.74
2024-10-10,UA-32,15.1,0.0,84,3.03
2024-10-10,UA-35,16.7,0.0,80,3.28
2024-10-10,UA-40,19.9,2.4,84,4.18
2024-10-10,UA-43,17.4,2.9,84,2.42
2024-10-10,UA-46,17.6,0.3,70,4.61
2024-10-10,UA-48,18.2,0.6,82,3.27
2024-10-10,UA-51,18.1,0.1,82,2.55
2024-10-10,UA-53,14.6,0.0,72,3.18
2024-10-10,UA-56,16.1,0.0,82,4.16
2024-10-10,UA-59,12.6,0.0,80,3.69
2024-10-10,UA-61,16.3,0.0,80,3.87
2024-10-10,UA-63,12.9,0.0,75,3.02
2024-10-10,UA-65,17.9,1.4,82,3.13
2024-10-10,UA-68,14.3,0.0,89,3.48
2024-10-10,UA-71,16.0,0.0,82,3.23
2024-10-10,UA-74,14.2,0.0,84,4.26
2024-10-10,UA-77,16.6,0.0,79,2.43
2024-10-11,UA-05,15.9,5.6,86,3.31
2024-10-11,UA-07,12.8,9.7,93,3.53
2024-10-11,UA-09,15.0,0.0,58,3.88
2024-10-11,UA-12,17.7,0.0,74,3.6
2024-10-11,UA-14,15.5,0.0,55,3.42
2024-10-11,UA-18,15.3,7.1,89,3.86
2024-10-11,UA-21,14.0,8.5,87,2.93
2024-10-11,UA-23,17.8,0.1,76,3.74
2024-10-11,UA-26,13.3,4.1,89,3.44
2024-10-11,UA-30,15.9,3.8,88,3.73
2024-10-11,UA-32,16.5,2.0,87,3.37
2024-10-11,UA-35,18.1,2.7,83,3.81
2024-10-11,UA-40,20.0,0.0,83,4.33
2024-10-11,UA-43,18.2,0.0,78,1.83
2024-10-11,UA-46,12.5,8.7,91,3.29
2024-10-11,UA-48,19.8,1.0,83,3.6
2024-10-11,UA-51,20.0,2.6,88,4.48
2024-10-11,UA-53,16.1,0.0,78,3.78
2024-10-11,UA-56,14.0,4.3,91,3.57
2024-10-11,UA-59,14.9,0.0,75,4.15
2024-10-11,UA-61,13.6,3.7,88,3.45
2024-10-11,UA-63,15.7,0.0,61,3.79
2024-10-11,UA-65,19.4,0.5,80,3.06
2024-10-11,UA-68,14.3,1.7,91,3.67
2024-10-11,UA-71,17.0,2.7,86,3.75
2024-10-11,UA-74,15.5,0.9,87,4.67
2024-10-11,UA-77,15.1,5.2,85,3.24
2024-10-12,UA-05,10.8,1.8,82,4.65
2024-10-12,UA-07,7.9,0.0,82,2.85
2024-10-12,UA-09,10.5,0.0,66,5.53
2024-10-12,UA-12,16.7,0.7,60,4.42
2024-10-12,UA-14,12.6,0.0,61,4.95
2024-10-12,UA-18,10.6,0.6,78,5.14
2024-10-12,UA-21,10.8,0.0,72,2.68
2024-10-12,UA-23,16.4,0.2,65,4.91
2024-10-12,UA-26,9.3,0.0,77,2.5
2024-10-12,UA-30,11.7,12.3,86,5.39
2024-10-12,UA-32,12.0,11.6,82,5.07
2024-10-12,UA-35,14.5,62.7,97,3.68
2024-10-12,UA-40,19.9,10.9,83,4.88
2024-10-12,UA-43,17.9,3.5,81,1.6
2024-10-12,UA-46,8.2,0.0,81,2.37
2024-10-12,UA-48,16.3,82.3,97,4.41
2024-10-12,UA-51,15.0,19.5,94,5.45
2024-10-12,UA-53,15.7,2.4,63,4.71
2024-10-12,UA-56,8.9,0.0,79,3.75
2024-10-12,UA-59,13.7,5.7,70,5.16
2024-10-12,UA-61,8.5,0.0,78,3.46
2024-10-12,UA-63,13.4,0.0,61,5.53
2024-10-12,UA-65,17.4,22.0,93,3.06
2024-10-12,UA-68,9.4,0.0,80,4.41
2024-10-12,UA-71,13.2,45.8,97,3.5
2024-10-12,UA-74,11.3,15.2,94,5.23
2024-10-12,UA-77,10.0,0.0,76,4.13
2024-10-13,UA-05,9.0,0.1,78,2.54
2024-10-13,UA-07,8.4,2.5,81,3.68
2024-10-13,UA-09,9.0,0.4,59,7.35
2024-10-13,UA-12,10.3,17.6,87,3.86
2024-10-13,UA-14,9.4,3.5,73,6.57
2024-10-13,UA-18,8.3,0.4,80,2.71
2024-10-13,UA-21,9.4,1.9,84,2.53
2024-10-13,UA-23,11.6,26.5,85,4.28
2024-10-13,UA-26,9.6,2.7,76,2.49
2024-10-13,UA-30,9.2,0.0,86,2.87
2024-10-13,UA-32,9.2,0.0,83,2.77
2024-10-13,UA-35,10.6,5.7,97,2.22
2024-10-13,UA-40,16.7,8.1,86,7.52
2024-10-13,UA-43,13.9,12.2,93,3.37
2024-10-13,UA-46,8.5,2.6,78,4.26
2024-10-13,UA-48,12.0,1.6,88,4.52
2024-10-13,UA-51,12.6,0.0,75,4.48
2024-10-13,UA-53,8.4,18.3,91,4.25
2024-10-13,UA-56,8.4,1.7,81,3.01
2024-10-13,UA-59,7.0,16.5,89,5.25
2024-10-13,UA-61,9.2,1.9,76,2.94
2024-10-13,UA-63,8.2,4.5,72,5.98
2024-10-13,UA-65,11.9,2.9,90,4.16
2024-10-13,UA-68,8.5,1.2,81,2.6
2024-10-13,UA-71,10.2,6.4,99,1.46
2024-10-13,UA-74,8.9,1.2,98,2.57
2024-10-13,UA-77,10.1,0.5,75,1.89
2024-10-14,UA-05,8.8,0.1,75,4.84
2024-10-14,UA-07,8.8,0.4,78,6.72
2024-10-14,UA-09,8.5,1.8,86,5.14
2024-10-14,UA-12,10.2,0.1,88,2.47
2024-10-14,UA-14,10.0,1.8,96,2.65
2024-10-14,UA-18,8.1,1.2,86,5.88
2024-10-14,UA-21,8.7,0.0,81,1.34
2024-10-14,UA-23,12.0,1.1,86,2.58
2024-10-14,UA-26,8.3,0.0,70,4.26
2024-10-14,UA-30,8.9,2.4,87,5.35
2024-10-14,UA-32,9.5,0.2,78,4.91
2024-10-14,UA-35,10.6,0.0,79,3.32
2024-10-14,UA-40,17.0,0.8,70,5.33
2024-10-14,UA-43,13.5,0.1,84,2.66
2024-10-14,UA-46,8.1,0.2,71,5.94
2024-10-14,UA-48,11.5,0.0,82,2.56
2024-10-14,UA-51,11.7,0.0,74,3.46
2024-10-14,UA-53,8.9,0.5,84,3.3
2024-10-14,UA-56,8.3,0.7,81,6.27
2024-10-14,UA-59,7.1,3.4,91,4.59
2024-10-14,UA-61,7.6,0.0,74,5.7
2024-10-14,UA-63,6.8,5.1,95,3.15
2024-10-14,UA-65,11.8,0.6,80,2.38
2024-10-14,UA-68,7.7,0.1,77,5.19
2024-10-14,UA-71,10.6,0.2,80,4.02
2024-10-14,UA-74,8.3,3.4,89,4.5
2024-10-14,UA-77,9.5,1.3,70,3.13
2024-10-15,UA-05,8.1,1.3,82,2.95
2024-10-15,UA-07,8.0,1.8,90,3.12
2024-10-15,UA-09,10.1,1.9,91,1.26
2024-10-15,UA-12,9.4,0.4,84,2.3
2024-10-15,UA-14,9.9,0.9,84,1.69
2024-10-15,UA-18,8.4,0.7,84,3.76
2024-10-15,UA-21,7.8,7.0,88,2.09
2024-10-15,UA-23,10.8,0.1,77,2.85
2024-10-15,UA-26,6.5,4.2,90,2.03
2024-10-15,UA-30,8.8,0.7,86,3.76
2024-10-15,UA-32,9.2,0.1,78,3.31
2024-10-15,UA-35,9.7,0.2,76,2.73
2024-10-15,UA-40,15.1,0.0,60,3.74
2024-10-15,UA-43,11.2,0.0,70,1.34
2024-10-15,UA-46,7.2,0.7,85,2.54
2024-10-15,UA-48,10.6,1.2,79,1.9
2024-10-15,UA-51,10.8,2.7,76,2.04
2024-10-15,UA-53,8.8,1.4,85,2.7
2024-10-15,UA-56,8.0,1.7,89,3.14
2024-10-15,UA-59,8.4,3.2,93,3.23
2024-10-15,UA-61,6.8,0.5,86,2.69
2024-10-15,UA-63,8.9,1.6,89,2.36
2024-10-15,UA-65,10.5,2.3,76,1.73
2024-10-15,UA-68,7.2,1.9,86,2.89
2024-10-15,UA-71,10.0,0.6,80,3.22
2024-10-15,UA-74,8.5,1.6,89,3.63
2024-10-15,UA-77,7.0,2.3,86,1.82
2024-10-16,UA-05,7.7,0.8,86,3.65
2024-10-16,UA-07,6.9,0.2,83,3.15
2024-10-16,UA-09,9.4,2.1,91,2.25
2024-10-16,UA-12,9.1,0.7,83,3.49
2024-10-16,UA-14,8.9,1.3,84,2.43
2024-10-16,UA-18,6.7,1.8,91,3.61
2024-10-16,UA-21,8.6,0.0,78,1.84
2024-10-16,UA-23,10.0,0.8,80,4.08
2024-10-16,UA-26,8.4,0.4,83,2.63
2024-10-16,UA-30,7.4,2.2,89,3.8
2024-10-16,UA-32,7.7,1.6,88,3.38
2024-10-16,UA-35,9.2,0.3,80,3.56
2024-10-16,UA-40,13.6,9.2,80,7.24
2024-10-16,UA-43,8.6,10.2,93,3.33
2024-10-16,UA-46,7.6,0.4,83,2.85
2024-10-16,UA-48,10.5,0.3,80,3.94
2024-10-16,UA-51,10.6,0.2,78,5.0
2024-10-16,UA-53,7.8,0.8,81,3.37
2024-10-16,UA-56,7.0,0.7,86,3.34
2024-10-16,UA-59,7.7,0.0,81,3.75
2024-10-16,UA-61,7.2,0.5,84,3.28
2024-10-16,UA-63,7.9,0.8,87,3.43
2024-10-16,UA-65,10.1,1.1,80,3.55
2024-10-16,UA-68,7.2,1.0,87,3.57
2024-10-16,UA-71,8.8,0.8,86,3.35
2024-10-16,UA-74,6.9,2.4,88,3.92
2024-10-16,UA-77,8.7,0.9,83,3.38
2024-10-17,UA-05,5.9,0.0,76,3.08
2024-10-17,UA-07,4.9,0.0,81,2.67
2024-10-17,UA-09,7.8,0.8,84,4.63
2024-10-17,UA-12,7.4,0.0,76,5.12
2024-10-17,UA-14,7.0,0.9,84,4.57
2024-10-17,UA-18,4.5,0.0,82,2.81
2024-10-17,UA-21,6.8,0.0,77,2.16
2024-10-17,UA-23,8.4,0.5,75,6.52
2024-10-17,UA-26,5.1,0.0,82,3.28
2024-10-17,UA-30,5.5,0.0,83,3.7
2024-10-17,UA-32,5.7,0.0,80,3.72
2024-10-17,UA-35,6.5,0.5,80,4.74
2024-10-17,UA-40,11.1,0.2,75,8.5
2024-10-17,UA-43,7.2,0.6,84,4.38
2024-10-17,UA-46,5.3,0.0,79,4.28
2024-10-17,UA-48,8.2,0.0,78,5.44
2024-10-17,UA-51,8.2,0.0,76,6.38
2024-10-17,UA-53,6.0,0.0,75,4.77
2024-10-17,UA-56,4.3,0.0,82,2.05
2024-10-17,UA-59,4.9,0.0,79,4.48
2024-10-17,UA-61,4.3,0.0,82,2.37
2024-10-17,UA-63,6.3,0.5,81,4.76
2024-10-17,UA-65,8.2,0.0,73,5.07
2024-10-17,UA-68,4.6,0.0,82,2.38
2024-10-17,UA-71,6.4,0.3,80,4.43
2024-10-17,UA-74,5.1,0.0,80,3.47
2024-10-17,UA-77,5.5,0.0,82,1.6
2024-10-18,UA-05,5.4,0.0,76,2.55
2024-10-18,UA-07,5.8,0.0,73,2.89
2024-10-18,UA-09,5.7,5.0,90,4.95
2024-10-18,UA-12,6.5,3.3,79,5.43
2024-10-18,UA-14,5.3,2.7,89,4.58
2024-10-18,UA-18,4.6,0.0,79,2.56
2024-10-18,UA-21,7.1,0.0,76,1.61
2024-10-18,UA-23,7.2,2.1,77,6.67
2024-10-18,UA-26,6.2,0.0,72,3.6
2024-10-18,UA-30,5.0,0.1,83,2.88
2024-10-18,UA-32,4.8,0.1,82,2.75
2024-10-18,UA-35,6.0,0.0,73,4.32
2024-10-18,UA-40,9.7,0.0,71,8.17
2024-10-18,UA-43,5.8,0.0,82,3.89
2024-10-18,UA-46,6.7,0.0,68,4.44
2024-10-18,UA-48,7.6,0.0,68,4.79
2024-10-18,UA-51,7.4,0.0,65,5.32
2024-10-18,UA-53,5.5,1.1,78,4.92
2024-10-18,UA-56,4.9,0.0,76,2.11
2024-10-18,UA-59,4.5,0.0,81,4.79
2024-10-18,UA-61,5.2,0.0,72,2.54
2024-10-18,UA-63,5.5,4.3,86,5.09
2024-10-18,UA-65,7.7,0.0,65,4.61
2024-10-18,UA-68,4.8,0.0,75,1.74
2024-10-18,UA-71,6.1,0.0,77,3.69
2024-10-18,UA-74,4.8,0.1,80,3.06
2024-10-18,UA-77,5.7,0.0,74,1.93
2024-10-19,UA-05,4.4,0.0,79,2.07
2024-10-19,UA-07,4.8,0.0,78,3.05
2024-10-19,UA-09,4.7,2.8,95,3.63
2024-10-19,UA-12,6.0,1.8,85,5.19
2024-10-19,UA-14,4.2,2.1,98,3.34
2024-10-19,UA-18,3.6,0.0,81,2.03
2024-10-19,UA-21,7.3,0.0,76,1.54
2024-10-19,UA-23,6.4,3.0,84,6.16
2024-10-19,UA-26,5.3,0.0,78,3.71
2024-10-19,UA-30,4.3,0.0,80,2.87
2024-10-19,UA-32,4.2,0.0,80,2.66
2024-10-19,UA-35,6.1,0.0,79,4.61
2024-10-19,UA-40,8.9,1.2,78,7.74
2024-10-19,UA-43,4.5,1.5,93,3.22
2024-10-19,UA-46,5.6,0.0,74,4.21
2024-10-19,UA-48,7.3,0.8,78,4.91
2024-10-19,UA-51,6.9,0.0,75,5.28
2024-10-19,UA-53,5.5,0.4,78,4.95
2024-10-19,UA-56,4.3,0.0,80,2.33
2024-10-19,UA-59,4.4,0.0,80,4.89
2024-10-19,UA-61,4.2,0.0,80,2.69
2024-10-19,UA-63,5.6,1.0,82,5.18
2024-10-19,UA-65,7.1,1.7,78,4.74
2024-10-19,UA-68,4.3,0.0,79,1.94
2024-10-19,UA-71,5.6,0.0,80,4.1
2024-10-19,UA-74,3.7,0.0,80,3.03
2024-10-19,UA-77,4.4,0.0,81,2.1
2024-10-20,UA-05,5.1,0.0,74,1.95
2024-10-20,UA-07,5.0,0.0,75,2.64
2024-10-20,UA-09,5.4,4.1,95,3.24
2024-10-20,UA-12,7.1,0.0,73,4.58
2024-10-20,UA-14,4.7,1.6,91,3.28
2024-10-20,UA-18,3.8,0.0,80,2.08
2024-10-20,UA-21,6.7,0.0,82,1.15
2024-10-20,UA-23,7.4,0.0,75,5.47
2024-10-20,UA-26,5.3,0.0,79,3.32
2024-10-20,UA-30,4.9,0.0,81,2.63
2024-10-20,UA-32,4.7,0.0,78,2.42
2024-10-20,UA-35,6.9,0.0,73,4.07
2024-10-20,UA-40,9.1,0.0,74,7.63
2024-10-20,UA-43,4.8,0.1,84,2.69
2024-10-20,UA-46,5.9,0.0,75,3.85
2024-10-20,UA-48,7.2,0.0,73,4.03
2024-10-20,UA-51,6.9,0.0,71,4.18
2024-10-20,UA-53,6.6,0.0,70,4.44
2024-10-20,UA-56,3.9,0.0,80,2.01
2024-10-20,UA-59,6.3,0.0,73,4.23
2024-10-20,UA-61,3.9,0.0,80,2.37
2024-10-20,UA-63,7.4,0.0,70,4.26
2024-10-20,UA-65,7.0,0.0,71,3.94
2024-10-20,UA-68,3.7,0.0,80,1.8
2024-10-20,UA-71,6.4,0.0,77,3.55
2024-10-20,UA-74,4.9,0.0,80,2.84
2024-10-20,UA-77,4.1,0.0,82,1.75
2024-10-21,UA-05,6.7,0.0,70,1.28
2024-10-21,UA-07,7.5,0.0,71,2.92
2024-10-21,UA-09,7.0,0.3,83,3.02
2024-10-21,UA-12,8.9,0.0,72,3.49
2024-10-21,UA-14,6.3,0.1,78,2.73
2024-10-21,UA-18,5.5,0.0,75,1.78
2024-10-21,UA-21,7.0,0.0,81,1.92
2024-10-21,UA-23,9.1,0.0,75,4.1
2024-10-21,UA-26,6.7,0.0,76,2.23
2024-10-21,UA-30,6.5,0.0,79,2.43
2024-10-21,UA-32,6.6,0.0,73,1.95
2024-10-21,UA-35,8.5,0.0,70,3.53
2024-10-21,UA-40,11.5,0.0,72,6.88
2024-10-21,UA-43,6.5,0.0,85,2.25
2024-10-21,UA-46,7.4,0.0,73,2.58
2024-10-21,UA-48,9.1,0.0,70,3.54
2024-10-21,UA-51,9.6,0.0,65,4.0
2024-10-21,UA-53,8.5,0.2,69,3.21
2024-10-21,UA-56,6.9,0.0,72,2.93
2024-10-21,UA-59,8.1,0.0,68,3.04
2024-10-21,UA-61,6.8,0.0,73,2.68
2024-10-21,UA-63,9.1,0.0,70,2.95
2024-10-21,UA-65,8.9,0.0,68,3.38
2024-10-21,UA-68,5.9,0.0,76,2.28
2024-10-21,UA-71,8.4,0.0,76,3.06
2024-10-21,UA-74,6.6,0.0,78,2.52
2024-10-21,UA-77,6.2,0.0,77,2.24
2024-10-22,UA-05,9.0,0.0,66,2.62
2024-10-22,UA-07,8.9,0.0,72,3.19
2024-10-22,UA-09,7.4,0.0,85,2.28
2024-10-22,UA-12,8.5,0.0,74,2.19
2024-10-22,UA-14,7.1,0.0,83,1.88
2024-10-22,UA-18,8.7,0.0,68,3.02
2024-10-22,UA-21,8.3,0.0,77,1.83
2024-10-22,UA-23,10.0,0.0,76,2.02
2024-10-22,UA-26,7.0,0.0,77,1.52
2024-10-22,UA-30,8.7,0.0,66,2.85
2024-10-22,UA-32,8.9,0.0,64,2.52
2024-10-22,UA-35,9.2,0.0,71,1.85
2024-10-22,UA-40,12.9,0.0,64,2.33
2024-10-22,UA-43,8.7,0.0,77,1.24
2024-10-22,UA-46,8.2,0.0,74,2.56
2024-10-22,UA-48,9.6,0.0,73,1.95
2024-10-22,UA-51,10.7,0.0,68,1.99
2024-10-22,UA-53,8.1,0.0,70,1.99
2024-10-22,UA-56,8.7,0.0,73,2.85
2024-10-22,UA-59,8.8,0.0,68,2.82
2024-10-22,UA-61,7.9,0.0,77,2.33
2024-10-22,UA-63,9.0,0.0,68,2.36
2024-10-22,UA-65,9.3,0.0,74,1.96
2024-10-22,UA-68,8.3,0.0,74,2.79
2024-10-22,UA-71,9.7,0.0,70,2.01
2024-10-22,UA-74,8.2,0.0,72,3.08
2024-10-22,UA-77,7.7,0.0,76,1.73
2024-10-23,UA-05,8.5,0.0,83,3.72
2024-10-23,UA-07,9.8,0.0,79,3.98
2024-10-23,UA-09,11.7,0.0,58,4.19
2024-10-23,UA-12,11.9,0.0,64,3.86
2024-10-23,UA-14,10.1,0.0,64,3.28
2024-10-23,UA-18,8.2,0.0,82,4.3
2024-10-23,UA-21,10.7,0.0,78,2.39
2024-10-23,UA-23,11.6,0.0,72,3.93
2024-10-23,UA-26,9.2,0.1,81,2.89
2024-10-23,UA-30,8.9,0.0,79,4.4
2024-10-23,UA-32,9.0,0.0,79,3.94
2024-10-23,UA-35,11.6,0.0,70,3.83
2024-10-23,UA-40,15.0,0.0,69,3.21
2024-10-23,UA-43,10.9,0.0,79,2.12
2024-10-23,UA-46,9.8,0.1,81,3.31
2024-10-23,UA-48,11.7,0.0,75,3.25
2024-10-23,UA-51,12.2,0.0,70,3.5
2024-10-23,UA-53,10.6,0.0,69,4.27
2024-10-23,UA-56,9.3,0.0,81,4.06
2024-10-23,UA-59,10.4,0.0,71,4.69
2024-10-23,UA-61,8.9,0.1,83,3.7
2024-10-23,UA-63,11.1,0.0,66,4.51
2024-10-23,UA-65,11.6,0.0,76,3.03
2024-10-23,UA-68,8.1,0.0,85,3.84
2024-10-23,UA-71,10.6,0.0,74,4.18
2024-10-23,UA-74,8.8,0.0,80,4.53
2024-10-23,UA-77,9.5,0.0,78,3.35
2024-10-24,UA-05,7.0,0.0,84,3.25
2024-10-24,UA-07,5.4,0.0,88,2.64
2024-10-24,UA-09,10.2,0.0,68,3.89
2024-10-24,UA-12,9.7,0.0,73,4.09
2024-10-24,UA-14,9.5,0.0,69,3.46
2024-10-24,UA-18,6.6,0.0,87,3.99
2024-10-24,UA-21,8.9,0.0,80,1.72
2024-10-24,UA-23,10.3,0.0,74,4.42
2024-10-24,UA-26,7.1,0.0,83,1.0
2024-10-24,UA-30,7.4,0.0,81,4.31
2024-10-24,UA-32,7.6,0.0,82,3.77
2024-10-24,UA-35,9.0,0.0,75,3.58
2024-10-24,UA-40,13.8,0.0,75,5.36
2024-10-24,UA-43,9.7,0.0,85,1.68
2024-10-24,UA-46,6.3,0.0,84,1.41
2024-10-24,UA-48,9.9,0.0,76,3.55
2024-10-24,UA-51,10.2,0.0,71,4.3
2024-10-24,UA-53,8.5,0.0,74,4.2
2024-10-24,UA-56,6.0,0.0,87,2.91
2024-10-24,UA-59,7.5,0.5,81,4.77
2024-10-24,UA-61,5.5,0.0,86,1.9
2024-10-24,UA-63,8.6,0.1,75,4.32
2024-10-24,UA-65,10.2,0.0,73,3.4
2024-10-24,UA-68,5.8,0.0,86,2.62
2024-10-24,UA-71,8.4,0.0,78,4.04
2024-10-24,UA-74,7.2,0.1,84,4.86
2024-10-24,UA-77,7.6,0.0,84,1.36
2024-10-25,UA-05,5.0,0.0,90,2.07
2024-10-25,UA-07,3.8,0.0,94,1.35
2024-10-25,UA-09,7.4,1.7,81,4.22
2024-10-25,UA-12,9.3,0.2,80,4.33
2024-10-25,UA-14,7.1,1.5,83,3.87
2024-10-25,UA-18,6.5,0.1,88,2.75
2024-10-25,UA-21,8.4,0.0,85,1.28
2024-10-25,UA-23,9.4,0.6,78,4.74
2024-10-25,UA-26,5.3,0.0,87,1.83
2024-10-25,UA-30,8.6,0.4,84,3.62
2024-10-25,UA-32,7.9,0.0,84,2.91
2024-10-25,UA-35,8.8,0.0,81,3.53
2024-10-25,UA-40,11.8,0.0,74,5.43
2024-10-25,UA-43,7.5,0.0,81,1.65
2024-10-25,UA-46,5.8,0.0,87,2.19
2024-10-25,UA-48,8.3,0.0,81,3.18
2024-10-25,UA-51,8.0,0.0,81,3.4
2024-10-25,UA-53,9.2,0.4,81,4.32
2024-10-25,UA-56,3.8,0.0,94,1.49
2024-10-25,UA-59,8.6,1.2,89,4.11
2024-10-25,UA-61,4.1,0.0,92,1.35
2024-10-25,UA-63,8.1,0.8,84,4.0
2024-10-25,UA-65,8.2,0.0,79,2.99
2024-10-25,UA-68,4.0,0.0,93,1.28
2024-10-25,UA-71,9.0,0.2,84,3.74
2024-10-25,UA-74,9.3,0.6,86,4.06
2024-10-25,UA-77,5.6,0.0,89,1.26
2024-10-26,UA-05,6.2,0.0,82,1.63
2024-10-26,UA-07,6.3,0.0,88,2.29
2024-10-26,UA-09,4.1,0.0,81,2.09
2024-10-26,UA-12,8.7,0.0,80,1.52
2024-10-26,UA-14,4.6,0.0,77,1.69
2024-10-26,UA-18,6.8,0.0,79,1.97
2024-10-26,UA-21,9.8,0.0,82,1.62
2024-10-26,UA-23,8.8,0.0,76,1.71
2024-10-26,UA-26,6.1,0.0,86,1.94
2024-10-26,UA-30,7.4,0.0,82,2.08
2024-10-26,UA-32,7.2,0.0,81,1.79
2024-10-26,UA-35,9.7,0.0,79,1.6
2024-10-26,UA-40,12.7,0.9,73,2.94
2024-10-26,UA-43,9.0,0.0,81,1.78
2024-10-26,UA-46,7.7,0.0,82,2.34
2024-10-26,UA-48,9.3,0.2,82,1.09
2024-10-26,UA-51,9.2,0.0,77,1.7
2024-10-26,UA-53,8.2,0.3,90,1.81
2024-10-26,UA-56,5.1,0.0,91,2.44
2024-10-26,UA-59,7.5,0.0,92,1.88
2024-10-26,UA-61,5.3,0.0,89,2.12
2024-10-26,UA-63,5.5,0.0,79,1.52
2024-10-26,UA-65,9.8,0.0,80,1.15
2024-10-26,UA-68,4.8,0.0,90,2.08
2024-10-26,UA-71,8.9,0.0,82,1.72
2024-10-26,UA-74,7.9,0.3,82,2.25
2024-10-26,UA-77,6.0,0.0,88,1.91
2024-10-27,UA-05,8.2,0.0,83,2.66
2024-10-27,UA-07,9.2,0.0,84,2.28
2024-10-27,UA-09,5.6,0.0,74,2.25
2024-10-27,UA-12,9.6,0.0,73,3.15
2024-10-27,UA-14,4.8,0.0,77,2.02
2024-10-27,UA-18,8.6,0.0,80,2.86
2024-10-27,UA-21,13.6,0.0,72,2.32
2024-10-27,UA-23,9.1,0.0,77,2.96
2024-10-27,UA-26,9.7,0.0,80,2.04
2024-10-27,UA-30,8.5,0.0,82,2.79
2024-10-27,UA-32,9.0,0.0,80,2.91
2024-10-27,UA-35,10.2,0.0,79,3.13
2024-10-27,UA-40,14.0,0.5,75,3.91
2024-10-27,UA-43,11.3,0.0,82,1.81
2024-10-27,UA-46,10.8,0.3,79,2.63
2024-10-27,UA-48,11.1,0.0,83,2.75
2024-10-27,UA-51,12.7,0.0,76,3.35
2024-10-27,UA-53,9.2,0.0,78,3.05
2024-10-27,UA-56,8.6,0.0,83,2.48
2024-10-27,UA-59,8.5,0.0,81,2.91
2024-10-27,UA-61,8.2,0.2,85,2.4
2024-10-27,UA-63,8.0,0.2,82,2.73
2024-10-27,UA-65,11.1,0.0,78,2.44
2024-10-27,UA-68,7.4,0.0,87,2.68
2024-10-27,UA-71,9.3,0.0,76,2.98
2024-10-27,UA-74,7.6,0.0,85,2.65
2024-10-27,UA-77,8.4,0.0,82,1.65
2024-10-28,UA-05,10.8,0.2,84,3.41
2024-10-28,UA-07,10.1,0.2,82,3.5
2024-10-28,UA-09,9.0,0.7,84,2.51
2024-10-28,UA-12,11.3,0.2,83,2.68
2024-10-28,UA-14,8.7,0.0,89,2.35
2024-10-28,UA-18,10.3,0.0,83,3.38
2024-10-28,UA-21,11.2,0.0,80,2.31
2024-10-28,UA-23,10.9,0.3,89,2.84
2024-10-28,UA-26,10.1,0.2,81,3.43
2024-10-28,UA-30,10.6,0.0,81,2.78
2024-10-28,UA-32,11.6,0.0,79,2.95
2024-10-28,UA-35,11.8,0.3,83,2.32
2024-10-28,UA-40,14.4,0.0,71,3.1
2024-10-28,UA-43,11.8,0.0,79,2.68
2024-10-28,UA-46,10.2,0.0,82,3.55
2024-10-28,UA-48,13.0,0.0,84,2.52
2024-10-28,UA-51,13.4,0.0,79,3.49
2024-10-28,UA-53,10.1,0.0,83,2.26
2024-10-28,UA-56,9.8,0.3,85,3.38
2024-10-28,UA-59,8.9,0.0,85,1.76
2024-10-28,UA-61,9.8,0.2,86,3.46
2024-10-28,UA-63,8.8,0.0,83,2.13
2024-10-28,UA-65,13.1,0.0,84,2.72
2024-10-28,UA-68,9.8,0.1,88,3.57
2024-10-28,UA-71,11.4,0.0,81,2.34
2024-10-28,UA-74,8.2,0.0,86,2.48
2024-10-28,UA-77,11.2,0.0,80,3.47
2024-10-29,UA-05,9.7,0.0,79,2.26
2024-10-29,UA-07,9.2,0.0,91,2.25
2024-10-29,UA-09,9.3,0.0,88,1.64
2024-10-29,UA-12,9.3,0.0,82,2.51
2024-10-29,UA-14,9.0,0.0,87,1.61
2024-10-29,UA-18,8.6,0.0,83,2.42
2024-10-29,UA-21,9.7,0.0,84,1.63
2024-10-29,UA-23,10.4,0.0,83,2.89
2024-10-29,UA-26,9.8,0.2,84,1.73
2024-10-29,UA-30,7.6,0.0,78,2.55
2024-10-29,UA-32,8.7,0.0,73,2.41
2024-10-29,UA-35,9.3,0.0,77,2.86
2024-10-29,UA-40,15.2,0.0,79,3.86
2024-10-29,UA-43,12.0,0.0,84,1.7
2024-10-29,UA-46,10.5,0.5,88,2.43
2024-10-29,UA-48,10.2,0.0,78,3.04
2024-10-29,UA-51,11.0,0.0,74,3.91
2024-10-29,UA-53,8.3,0.0,79,2.62
2024-10-29,UA-56,9.3,0.0,88,2.13
2024-10-29,UA-59,7.9,0.0,81,2.7
2024-10-29,UA-61,9.3,0.0,88,2.03
2024-10-29,UA-63,8.1,0.0,80,2.44
2024-10-29,UA-65,10.4,0.0,77,2.91
2024-10-29,UA-68,9.3,0.3,84,1.99
2024-10-29,UA-71,8.8,0.0,79,2.78
2024-10-29,UA-74,6.8,0.0,82,2.47
2024-10-29,UA-77,11.1,0.0,76,1.43
2024-10-30,UA-05,11.4,0.1,90,2.86
2024-10-30,UA-07,12.1,0.1,91,3.95
2024-10-30,UA-09,5.9,0.0,80,1.57
2024-10-30,UA-12,7.5,0.0,74,1.83
2024-10-30,UA-14,6.2,0.0,77,1.47
2024-10-30,UA-18,11.2,0.0,89,3.52
2024-10-30,UA-21,11.5,0.2,85,1.1
2024-10-30,UA-23,8.7,0.0,76,2.11
2024-10-30,UA-26,13.6,0.0,77,3.17
2024-10-30,UA-30,9.6,0.0,85,3.16
2024-10-30,UA-32,10.4,0.0,86,2.89
2024-10-30,UA-35,8.6,0.0,81,2.14
2024-10-30,UA-40,14.7,2.6,78,2.34
2024-10-30,UA-43,10.7,0.0,84,1.77
2024-10-30,UA-46,12.7,0.5,86,4.14
2024-10-30,UA-48,9.8,0.0,75,1.79
2024-10-30,UA-51,10.7,0.0,70,1.97
2024-10-30,UA-53,6.9,0.0,76,2.3
2024-10-30,UA-56,12.1,0.2,91,3.86
2024-10-30,UA-59,7.2,0.1,79,3.3
2024-10-30,UA-61,12.5,1.0,88,4.11
2024-10-30,UA-63,6.6,0.0,75,2.41
2024-10-30,UA-65,9.2,0.0,73,1.9
2024-10-30,UA-68,11.7,0.6,92,3.28
2024-10-30,UA-71,8.5,0.0,86,2.41
2024-10-30,UA-74,8.8,0.0,85,3.83
2024-10-30,UA-77,13.6,0.1,79,2.27
2024-10-31,UA-05,10.6,0.0,79,4.23
2024-10-31,UA-07,10.3,0.2,78,5.1
2024-10-31,UA-09,8.2,1.6,82,4.38
2024-10-31,UA-12,10.6,0.5,80,4.06
2024-10-31,UA-14,8.7,0.5,81,3.63
2024-10-31,UA-18,10.5,0.3,77,5.02
2024-10-31,UA-21,12.2,1.0,85,1.27
2024-10-31,UA-23,10.8,1.4,81,4.26
2024-10-31,UA-26,11.9,0.4,77,4.27
2024-10-31,UA-30,10.1,0.6,78,4.59
2024-10-31,UA-32,10.8,0.2,77,4.16
2024-10-31,UA-35,11.5,0.3,80,3.77
2024-10-31,UA-40,14.7,0.8,76,4.1
2024-10-31,UA-43,11.2,0.2,85,2.25
2024-10-31,UA-46,10.9,0.7,80,5.04
2024-10-31,UA-48,12.6,0.0,76,3.55
2024-10-31,UA-51,12.8,0.1,76,4.25
2024-10-31,UA-53,9.4,0.7,81,4.42
2024-10-31,UA-56,10.4,0.2,78,5.14
2024-10-31,UA-59,8.1,1.7,80,4.99
2024-10-31,UA-61,10.6,0.1,81,4.99
2024-10-31,UA-63,8.5,1.1,79,4.67
2024-10-31,UA-65,12.4,0.0,76,3.38
2024-10-31,UA-68,10.3,0.0,81,4.58
2024-10-31,UA-71,10.5,0.3,80,4.07
2024-10-31,UA-74,9.2,0.7,79,4.9
2024-10-31,UA-77,12.7,0.0,74,3.4
2024-11-01,UA-05,11.7,0.0,68,5.92
2024-11-01,UA-07,11.6,0.0,73,7.58
2024-11-01,UA-09,9.2,0.2,76,5.59
2024-11-01,UA-12,10.2,0.0,75,5.7
2024-11-01,UA-14,9.1,0.0,77,5.08
2024-11-01,UA-18,10.8,0.0,73,7.23
2024-11-01,UA-21,9.4,0.0,92,2.54
2024-11-01,UA-23,10.7,0.0,77,6.32
2024-11-01,UA-26,13.1,0.0,64,5.18
2024-11-01,UA-30,10.3,0.4,75,6.83
2024-11-01,UA-32,11.1,0.0,71,5.95
2024-11-01,UA-35,11.2,0.0,72,5.7
2024-11-01,UA-40,15.8,0.5,74,5.67
2024-11-01,UA-43,12.9,0.0,81,4.4
2024-11-01,UA-46,12.1,0.0,67,6.82
2024-11-01,UA-48,12.6,0.0,74,4.97
2024-11-01,UA-51,13.4,0.0,71,5.13
2024-11-01,UA-53,9.2,0.0,76,6.45
2024-11-01,UA-56,11.5,0.0,73,7.59
2024-11-01,UA-59,8.8,1.6,84,7.69
2024-11-01,UA-61,12.1,0.0,66,7.01
2024-11-01,UA-63,8.8,0.1,79,6.72
2024-11-01,UA-65,12.3,0.0,77,4.95
2024-11-01,UA-68,11.8,0.0,68,6.66
2024-11-01,UA-71,10.5,0.0,73,5.72
2024-11-01,UA-74,10.2,1.5,79,8.03
2024-11-01,UA-77,13.2,0.0,64,3.38
2024-11-02,UA-05,7.6,0.7,63,6.32
2024-11-02,UA-07,6.8,1.0,66,6.39
2024-11-02,UA-09,9.2,2.8,70,6.68
2024-11-02,UA-12,8.9,0.1,62,6.29
2024-11-02,UA-14,8.5,2.3,72,5.63
2024-11-02,UA-18,7.0,0.9,60,7.31
2024-11-02,UA-21,9.9,0.1,72,3.17
2024-11-02,UA-23,9.7,0.7,67,6.91
2024-11-02,UA-26,8.4,0.5,67,5.58
2024-11-02,UA-30,7.7,1.3,58,7.63
2024-11-02,UA-32,8.0,1.4,58,6.54
2024-11-02,UA-35,9.0,0.3,59,6.14
2024-11-02,UA-40,15.9,0.2,78,7.83
2024-11-02,UA-43,13.4,0.2,80,5.67
2024-11-02,UA-46,7.2,0.7,69,5.62
2024-11-02,UA-48,11.2,0.0,61,5.69
2024-11-02,UA-51,11.6,0.0,61,6.09
2024-11-02,UA-53,7.8,1.6,61,6.76
2024-11-02,UA-56,7.0,1.1,66,6.67
2024-11-02,UA-59,6.6,3.6,67,7.68
2024-11-02,UA-61,6.8,0.7,69,6.29
2024-11-02,UA-63,7.5,1.7,65,6.84
2024-11-02,UA-65,11.5,0.0,60,5.39
2024-11-02,UA-68,7.0,0.9,66,6.51
2024-11-02,UA-71,8.6,1.5,61,6.51
2024-11-02,UA-74,6.8,2.3,61,8.47
2024-11-02,UA-77,8.8,0.2,65,4.85
2024-11-03,UA-05,2.8,0.0,65,4.38
2024-11-03,UA-07,3.2,0.0,66,5.03
2024-11-03,UA-09,2.9,0.6,70,4.64
2024-11-03,UA-12,4.0,0.0,59,5.47
2024-11-03,UA-14,2.1,0.5,66,4.4
2024-11-03,UA-18,2.9,0.0,65,5.45
2024-11-03,UA-21,3.5,0.0,68,1.83
2024-11-03,UA-23,4.9,0.0,59,6.13
2024-11-03,UA-26,2.6,0.0,67,2.44
2024-11-03,UA-30,3.6,0.0,62,5.66
2024-11-03,UA-32,3.4,0.0,62,4.9
2024-11-03,UA-35,3.7,0.0,58,4.74
2024-11-03,UA-40,8.1,0.0,61,6.67
2024-11-03,UA-43,3.3,0.0,64,2.57
2024-11-03,UA-46,2.4,0.0,70,3.49
2024-11-03,UA-48,4.2,0.0,63,4.16
2024-11-03,UA-51,4.7,0.0,55,4.73
2024-11-03,UA-53,3.2,0.0,60,5.59
2024-11-03,UA-56,3.2,0.0,66,5.02
2024-11-03,UA-59,2.5,0.8,70,6.01
2024-11-03,UA-61,2.2,0.0,69,3.83
2024-11-03,UA-63,2.7,0.8,68,5.28
2024-11-03,UA-65,4.1,0.0,60,3.8
2024-11-03,UA-68,2.5,0.0,66,4.35
2024-11-03,UA-71,4.1,0.0,62,5.23
2024-11-03,UA-74,3.6,0.3,65,6.26
2024-11-03,UA-77,3.0,0.0,65,2.52
2024-11-04,UA-05,4.6,0.3,58,6.43
2024-11-04,UA-07,4.6,0.7,69,5.63
2024-11-04,UA-09,2.2,4.1,76,8.08
2024-11-04,UA-12,4.4,1.4,58,8.84
2024-11-04,UA-14,2.0,2.9,71,7.32
2024-11-04,UA-18,4.2,0.4,58,7.34
2024-11-04,UA-21,2.6,0.0,82,1.62
2024-11-04,UA-23,5.0,1.2,64,9.84
2024-11-04,UA-26,4.9,0.0,70,5.46
2024-11-04,UA-30,4.1,0.6,58,8.21
2024-11-04,UA-32,4.8,0.5,55,7.15
2024-11-04,UA-35,4.9,0.8,54,7.56
2024-11-04,UA-40,10.3,1.3,64,9.16
2024-11-04,UA-43,5.7,0.7,66,5.96
2024-11-04,UA-46,4.3,0.2,75,5.15
2024-11-04,UA-48,6.1,0.0,55,6.76
2024-11-04,UA-51,6.4,0.0,55,7.29
2024-11-04,UA-53,3.3,2.8,62,9.15
2024-11-04,UA-56,4.6,0.7,66,6.21
2024-11-04,UA-59,1.6,6.9,78,9.27
2024-11-04,UA-61,4.1,0.1,70,5.92
2024-11-04,UA-63,2.1,6.2,77,8.77
2024-11-04,UA-65,6.1,0.0,55,6.49
2024-11-04,UA-68,4.2,0.2,65,6.43
2024-11-04,UA-71,4.7,1.1,57,7.96
2024-11-04,UA-74,3.1,1.2,63,8.65
2024-11-04,UA-77,5.5,0.1,62,5.5
2024-11-05,UA-05,2.0,0.0,66,3.0
2024-11-05,UA-07,1.5,0.0,78,2.65
2024-11-05,UA-09,1.0,0.3,65,6.2
2024-11-05,UA-12,2.2,0.0,59,5.59
2024-11-05,UA-14,0.4,0.1,63,5.17
2024-11-05,UA-18,1.9,0.0,71,3.94
2024-11-05,UA-21,3.2,0.0,79,1.55
2024-11-05,UA-23,2.9,0.0,59,6.47
2024-11-05,UA-26,1.5,0.0,76,1.62
2024-11-05,UA-30,2.5,0.0,70,4.78
2024-11-05,UA-32,2.2,0.0,68,3.88
2024-11-05,UA-35,2.1,0.0,60,4.24
2024-11-05,UA-40,5.6,0.0,62,5.77
2024-11-05,UA-43,0.7,0.0,65,2.21
2024-11-05,UA-46,1.4,0.0,78,1.89
2024-11-05,UA-48,2.7,0.0,61,3.82
2024-11-05,UA-51,2.9,0.0,55,4.0
2024-11-05,UA-53,1.9,0.0,60,5.21
2024-11-05,UA-56,1.8,0.0,77,2.9
2024-11-05,UA-59,1.6,1.3,72,5.17
2024-11-05,UA-61,1.0,0.0,73,2.03
2024-11-05,UA-63,1.6,0.0,63,5.78
2024-11-05,UA-65,2.3,0.0,58,3.59
2024-11-05,UA-68,1.4,0.0,72,2.52
2024-11-05,UA-71,2.9,0.0,66,4.43
2024-11-05,UA-74,2.1,1.7,76,5.2
2024-11-05,UA-77,1.7,0.0,74,1.64
2024-11-06,UA-05,4.6,0.0,63,2.82
2024-11-06,UA-07,2.4,0.0,80,2.44
2024-11-06,UA-09,4.3,1.0,84,5.1
2024-11-06,UA-12,5.8,0.3,73,4.6
2024-11-06,UA-14,3.5,0.5,78,4.3
2024-11-06,UA-18,4.5,0.0,72,3.68
2024-11-06,UA-21,2.6,0.0,77,1.05
2024-11-06,UA-23,6.1,0.1,68,5.08
2024-11-06,UA-26,2.6,0.0,70,1.1
2024-11-06,UA-30,5.5,0.0,76,4.41
2024-11-06,UA-32,5.3,0.0,70,3.59
2024-11-06,UA-35,6.0,0.0,65,3.93
2024-11-06,UA-40,9.6,0.0,60,3.1
2024-11-06,UA-43,4.1,0.0,69,2.68
2024-11-06,UA-46,2.1,0.0,75,1.95
2024-11-06,UA-48,5.5,0.0,57,3.38
2024-11-06,UA-51,6.1,0.0,51,3.63
2024-11-06,UA-53,5.5,0.8,81,4.84
2024-11-06,UA-56,3.0,0.0,76,2.64
2024-11-06,UA-59,6.1,1.8,92,5.3
2024-11-06,UA-61,2.7,0.0,72,2.41
2024-11-06,UA-63,5.6,1.3,91,5.02
2024-11-06,UA-65,5.3,0.0,56,3.33
2024-11-06,UA-68,2.9,0.0,71,2.34
2024-11-06,UA-71,6.1,0.0,72,4.24
2024-11-06,UA-74,6.4,0.3,85,5.05
2024-11-06,UA-77,3.4,0.0,66,1.18
2024-11-07,UA-05,3.9,0.0,72,2.15
2024-11-07,UA-07,3.2,0.0,83,2.31
2024-11-07,UA-09,7.0,0.0,85,3.95
2024-11-07,UA-12,6.0,0.0,79,3.07
2024-11-07,UA-14,5.7,0.0,84,2.99
2024-11-07,UA-18,4.2,0.0,75,2.91
2024-11-07,UA-21,2.0,0.0,80,0.95
2024-11-07,UA-23,6.8,0.0,79,3.29
2024-11-07,UA-26,3.2,0.0,70,1.42
2024-11-07,UA-30,5.2,0.0,79,3.22
2024-11-07,UA-32,5.1,0.0,71,2.72
2024-11-07,UA-35,6.3,0.0,69,2.8
2024-11-07,UA-40,11.9,0.0,65,3.35
2024-11-07,UA-43,7.3,0.0,70,1.77
2024-11-07,UA-46,2.7,0.0,77,2.35
2024-11-07,UA-48,6.3,0.0,63,2.36
2024-11-07,UA-51,7.0,0.0,54,2.67
2024-11-07,UA-53,5.2,0.0,85,3.28
2024-11-07,UA-56,3.6,0.0,78,2.44
2024-11-07,UA-59,5.9,0.1,90,3.73
2024-11-07,UA-61,3.1,0.0,70,2.14
2024-11-07,UA-63,6.3,0.2,88,3.76
2024-11-07,UA-65,6.0,0.0,63,2.25
2024-11-07,UA-68,3.2,0.0,73,2.06
2024-11-07,UA-71,6.1,0.0,74,2.98
2024-11-07,UA-74,5.7,0.0,84,3.48
2024-11-07,UA-77,3.7,0.0,68,1.27
2024-11-08,UA-05,2.2,0.4,90,2.6
2024-11-08,UA-07,3.2,0.4,91,1.65
2024-11-08,UA-09,5.5,0.2,88,2.53
2024-11-08,UA-12,4.0,0.2,88,3.52
2024-11-08,UA-14,4.8,0.0,84,2.41
2024-11-08,UA-18,3.6,0.0,87,3.11
2024-11-08,UA-21,2.4,0.0,81,1.95
2024-11-08,UA-23,5.4,0.8,83,3.8
2024-11-08,UA-26,1.9,0.0,89,1.66
2024-11-08,UA-30,4.4,1.0,88,3.52
2024-11-08,UA-32,3.8,0.1,86,3.15
2024-11-08,UA-35,4.0,0.1,82,3.66
2024-11-08,UA-40,11.9,0.0,63,3.85
2024-11-08,UA-43,7.3,0.0,66,1.53
2024-11-08,UA-46,1.8,0.0,94,1.59
2024-11-08,UA-48,5.8,0.0,73,3.07
2024-11-08,UA-51,6.9,0.0,63,3.38
2024-11-08,UA-53,3.1,0.1,90,3.58
2024-11-08,UA-56,3.3,0.0,91,2.0
2024-11-08,UA-59,5.0,0.3,89,3.94
2024-11-08,UA-61,1.9,0.0,92,1.83
2024-11-08,UA-63,5.3,0.6,88,3.4
2024-11-08,UA-65,5.7,0.0,71,2.88
2024-11-08,UA-68,2.1,0.8,91,2.38
2024-11-08,UA-71,4.0,0.1,88,3.54
2024-11-08,UA-74,5.3,0.7,86,3.55
2024-11-08,UA-77,3.8,0.0,82,1.86
2024-11-09,UA-05,3.9,0.0,85,1.68
2024-11-09,UA-07,3.9,0.2,87,1.72
2024-11-09,UA-09,5.5,0.0,84,1.61
2024-11-09,UA-12,6.0,0.0,82,3.1
2024-11-09,UA-14,5.0,0.0,82,1.96
2024-11-09,UA-18,4.3,0.2,80,1.21
2024-11-09,UA-21,3.1,0.0,83,1.9
2024-11-09,UA-23,6.8,0.8,80,3.95
2024-11-09,UA-26,2.7,0.0,84,3.81
2024-11-09,UA-30,4.4,0.1,79,1.32
2024-11-09,UA-32,4.6,0.2,81,1.67
2024-11-09,UA-35,5.7,0.0,82,3.39
2024-11-09,UA-40,11.1,0.3,74,3.27
2024-11-09,UA-43,6.1,0.1,89,3.97
2024-11-09,UA-46,2.7,0.0,83,3.91
2024-11-09,UA-48,6.4,0.0,82,4.76
2024-11-09,UA-51,6.7,1.8,81,6.56
2024-11-09,UA-53,4.8,0.0,81,2.38
2024-11-09,UA-56,4.0,0.6,86,1.44
2024-11-09,UA-59,4.1,0.1,87,2.28
2024-11-09,UA-61,3.1,0.0,87,2.37
2024-11-09,UA-63,4.7,0.0,85,2.32
2024-11-09,UA-65,6.3,0.0,80,4.57
2024-11-09,UA-68,3.4,0.2,88,1.43
2024-11-09,UA-71,5.2,0.0,84,2.37
2024-11-09,UA-74,3.8,0.2,83,1.49
2024-11-09,UA-77,3.3,0.0,84,1.73
2024-11-10,UA-05,3.0,0.0,83,1.29
2024-11-10,UA-07,2.9,0.0,83,2.0
2024-11-10,UA-09,3.6,0.0,85,2.6
2024-11-10,UA-12,3.6,0.0,82,2.78
2024-11-10,UA-14,2.9,0.0,86,2.04
2024-11-10,UA-18,3.0,0.0,82,1.14
2024-11-10,UA-21,0.4,0.0,87,1.32
2024-11-10,UA-23,4.6,0.0,80,3.49
2024-11-10,UA-26,2.3,0.0,85,3.44
2024-11-10,UA-30,3.0,0.0,84,1.88
2024-11-10,UA-32,3.4,0.0,81,1.48
2024-11-10,UA-35,3.7,0.0,84,2.57
2024-11-10,UA-40,10.8,0.0,78,4.25
2024-11-10,UA-43,5.5,0.0,90,4.38
2024-11-10,UA-46,2.1,0.0,84,3.28
2024-11-10,UA-48,5.3,0.0,79,3.91
2024-11-10,UA-51,5.8,0.0,76,5.48
2024-11-10,UA-53,2.6,0.1,84,2.63
2024-11-10,UA-56,3.2,0.0,81,1.49
2024-11-10,UA-59,2.4,0.2,92,2.32
2024-11-10,UA-61,2.5,0.0,83,2.43
2024-11-10,UA-63,3.0,0.0,89,2.48
2024-11-10,UA-65,5.1,0.0,78,3.83
2024-11-10,UA-68,2.7,0.0,84,1.13
2024-11-10,UA-71,3.4,0.0,84,2.26
2024-11-10,UA-74,2.4,0.2,89,1.97
2024-11-10,UA-77,3.4,0.0,84,2.15
2024-11-11,UA-05,0.9,0.0,89,1.62
2024-11-11,UA-07,1.3,0.0,90,1.93
2024-11-11,UA-09,4.5,0.0,75,2.76
2024-11-11,UA-12,4.0,0.0,75,3.3
2024-11-11,UA-14,3.5,0.0,78,2.86
2024-11-11,UA-18,0.7,0.0,89,1.72
2024-11-11,UA-21,-0.9,0.0,97,1.08
2024-11-11,UA-23,4.3,0.3,78,4.33
2024-11-11,UA-26,0.4,0.0,91,2.74
2024-11-11,UA-30,1.8,0.5,87,1.54
2024-11-11,UA-32,1.6,0.1,88,1.89
2024-11-11,UA-35,2.7,0.1,86,2.88
2024-11-11,UA-40,9.0,0.0,79,3.82
2024-11-11,UA-43,4.2,0.0,92,4.01
2024-11-11,UA-46,-0.3,0.0,94,2.39
2024-11-11,UA-48,3.2,0.0,82,3.55
2024-11-11,UA-51,3.1,0.0,80,3.99
2024-11-11,UA-53,3.5,0.1,80,2.47
2024-11-11,UA-56,1.7,0.0,88,1.8
2024-11-11,UA-59,3.4,0.1,84,1.94
2024-11-11,UA-61,1.0,0.0,89,2.1
2024-11-11,UA-63,4.2,0.1,77,2.28
2024-11-11,UA-65,3.2,0.1,82,3.39
2024-11-11,UA-68,1.1,0.0,89,1.64
2024-11-11,UA-71,2.8,0.0,88,2.26
2024-11-11,UA-74,2.4,0.0,89,1.05
2024-11-11,UA-77,1.9,0.0,86,1.98
2024-11-12,UA-05,1.7,0.3,86,2.14
2024-11-12,UA-07,0.8,0.0,87,2.16
2024-11-12,UA-09,4.0,0.0,71,3.17
2024-11-12,UA-12,4.4,0.0,62,3.02
2024-11-12,UA-14,3.3,0.0,70,3.18
2024-11-12,UA-18,1.9,0.0,85,2.27
2024-11-12,UA-21,-0.1,0.5,97,0.72
2024-11-12,UA-23,4.8,0.0,65,4.3
2024-11-12,UA-26,0.8,0.2,89,2.88
2024-11-12,UA-30,2.7,0.0,76,2.12
2024-11-12,UA-32,2.7,0.0,81,2.16
2024-11-12,UA-35,3.4,0.0,70,2.35
2024-11-12,UA-40,9.8,0.0,74,2.38
2024-11-12,UA-43,5.1,0.0,84,3.22
2024-11-12,UA-46,0.5,0.6,90,1.98
2024-11-12,UA-48,5.2,0.0,74,2.98
2024-11-12,UA-51,5.3,0.1,77,3.49
2024-11-12,UA-53,3.5,0.0,67,2.55
2024-11-12,UA-56,1.4,0.0,85,2.61
2024-11-12,UA-59,2.5,0.0,74,1.61
2024-11-12,UA-61,0.7,1.1,89,2.58
2024-11-12,UA-63,3.1,0.0,70,2.17
2024-11-12,UA-65,5.2,0.0,73,2.96
2024-11-12,UA-68,1.2,0.7,88,2.59
2024-11-12,UA-71,3.3,0.0,75,2.29
2024-11-12,UA-74,2.5,0.1,77,1.65
2024-11-12,UA-77,1.4,1.7,86,2.85
2024-11-13,UA-05,1.5,2.2,93,2.39
2024-11-13,UA-07,0.5,1.1,91,1.92
2024-11-13,UA-09,3.3,0.0,71,2.66
2024-11-13,UA-12,3.0,2.2,77,2.01
2024-11-13,UA-14,2.7,0.2,73,2.07
2024-11-13,UA-18,1.3,4.0,93,2.46
2024-11-13,UA-21,0.7,1.4,98,1.25
2024-11-13,UA-23,3.9,2.7,74,2.96
2024-11-13,UA-26,1.2,1.2,91,1.52
2024-11-13,UA-30,2.6,0.9,79,2.54
2024-11-13,UA-32,2.7,1.7,84,2.46
2024-11-13,UA-35,3.4,0.0,76,1.65
2024-11-13,UA-40,10.6,2.6,77,2.17
2024-11-13,UA-43,5.8,2.3,86,2.41
2024-11-13,UA-46,0.3,2.1,92,2.84
2024-11-13,UA-48,4.6,0.9,82,2.12
2024-11-13,UA-51,6.4,1.6,80,3.31
2024-11-13,UA-53,2.2,1.7,79,1.44
2024-11-13,UA-56,0.9,1.5,95,2.27
2024-11-13,UA-59,1.9,1.2,78,1.69
2024-11-13,UA-61,0.3,2.8,93,2.56
2024-11-13,UA-63,2.4,0.5,74,1.42
2024-11-13,UA-65,4.0,3.6,83,2.02
2024-11-13,UA-68,0.5,6.2,96,2.44
2024-11-13,UA-71,3.7,0.2,77,1.84
2024-11-13,UA-74,2.4,0.0,75,2.07
2024-11-13,UA-77,1.7,3.6,93,1.05
2024-11-14,UA-05,0.5,1.0,88,2.97
2024-11-14,UA-07,0.4,3.1,92,3.51
2024-11-14,UA-09,2.8,0.8,85,1.89
2024-11-14,UA-12,1.6,2.2,94,2.28
2024-11-14,UA-14,1.9,2.4,87,1.6
2024-11-14,UA-18,-0.1,0.6,89,3.44
2024-11-14,UA-21,1.8,0.0,91,1.31
2024-11-14,UA-23,2.9,2.6,87,2.83
2024-11-14,UA-26,2.1,0.0,79,2.97
2024-11-14,UA-30,0.9,1.6,93,3.04
2024-11-14,UA-32,0.7,0.9,87,3.14
2024-11-14,UA-35,1.9,1.7,90,2.97
2024-11-14,UA-40,10.2,6.9,80,3.11
2024-11-14,UA-43,6.5,2.0,85,1.59
2024-11-14,UA-46,1.2,1.7,88,4.25
2024-11-14,UA-48,3.3,0.7,93,1.48
2024-11-14,UA-51,4.6,1.6,87,2.47
2024-11-14,UA-53,-0.1,1.5,97,2.38
2024-11-14,UA-56,0.1,1.9,93,3.18
2024-11-14,UA-59,1.0,2.6,93,2.7
2024-11-14,UA-61,0.7,0.4,89,4.17
2024-11-14,UA-63,0.3,5.5,95,1.78
2024-11-14,UA-65,3.1,0.5,96,1.2
2024-11-14,UA-68,0.1,1.8,93,3.52
2024-11-14,UA-71,2.2,2.0,84,3.39
2024-11-14,UA-74,1.7,1.4,93,2.42
2024-11-14,UA-77,1.7,0.0,90,1.32
2024-11-15,UA-05,1.8,1.8,91,3.85
2024-11-15,UA-07,3.5,2.0,90,4.24
2024-11-15,UA-09,3.5,0.2,78,2.65
2024-11-15,UA-12,1.6,1.1,89,2.76
2024-11-15,UA-14,2.0,0.2,80,2.26
2024-11-15,UA-18,1.3,1.2,92,3.92
2024-11-15,UA-21,1.8,1.1,91,1.34
2024-11-15,UA-23,3.1,0.0,78,3.5
2024-11-15,UA-26,3.7,1.6,82,4.71
2024-11-15,UA-30,1.0,1.2,91,3.54
2024-11-15,UA-32,1.7,0.9,89,3.53
2024-11-15,UA-35,2.1,1.3,89,3.45
2024-11-15,UA-40,9.0,8.1,83,4.38
2024-11-15,UA-43,4.0,7.4,95,1.47
2024-11-15,UA-46,3.3,2.5,92,4.56
2024-11-15,UA-48,3.9,0.0,79,2.93
2024-11-15,UA-51,4.1,0.0,76,3.95
2024-11-15,UA-53,0.0,0.5,93,2.64
2024-11-15,UA-56,2.8,2.3,91,4.18
2024-11-15,UA-59,0.8,1.4,91,3.67
2024-11-15,UA-61,2.4,3.4,93,4.71
2024-11-15,UA-63,0.2,0.2,94,3.24
2024-11-15,UA-65,3.5,0.0,80,2.48
2024-11-15,UA-68,2.0,2.8,92,4.05
2024-11-15,UA-71,2.2,0.7,86,3.41
2024-11-15,UA-74,1.0,1.1,89,3.68
2024-11-15,UA-77,3.6,1.3,84,4.08
2024-11-16,UA-05,3.0,0.1,89,3.3
2024-11-16,UA-07,4.4,0.2,85,4.83
2024-11-16,UA-09,1.2,0.0,82,3.17
2024-11-16,UA-12,2.7,0.0,83,3.32
2024-11-16,UA-14,0.4,0.0,85,2.64
2024-11-16,UA-18,3.0,0.3,92,4.16
2024-11-16,UA-21,3.5,0.0,87,2.4
2024-11-16,UA-23,3.3,0.4,79,3.66
2024-11-16,UA-26,4.5,0.0,76,2.74
2024-11-16,UA-30,2.9,0.1,90,3.84
2024-11-16,UA-32,2.9,0.2,90,3.4
2024-11-16,UA-35,3.2,0.1,84,3.21
2024-11-16,UA-40,6.9,0.2,73,4.11
2024-11-16,UA-43,2.1,0.0,88,1.58
2024-11-16,UA-46,3.9,0.0,82,4.44
2024-11-16,UA-48,3.5,0.0,76,3.05
2024-11-16,UA-51,3.9,0.0,73,3.49
2024-11-16,UA-53,2.1,0.0,86,3.72
2024-11-16,UA-56,4.1,0.2,87,4.57
2024-11-16,UA-59,2.0,0.1,91,4.33
2024-11-16,UA-61,3.4,0.0,86,3.96
2024-11-16,UA-63,1.6,0.1,90,3.8
2024-11-16,UA-65,3.3,0.0,75,2.86
2024-11-16,UA-68,3.1,0.3,89,3.62
2024-11-16,UA-71,3.4,0.1,86,3.49
2024-11-16,UA-74,3.3,0.1,89,4.57
2024-11-16,UA-77,4.4,0.0,77,1.96
2024-11-17,UA-05,2.5,0.0,84,2.82
2024-11-17,UA-07,3.9,0.0,76,5.05
2024-11-17,UA-09,1.8,0.0,81,3.4
2024-11-17,UA-12,4.0,0.0,77,4.3
2024-11-17,UA-14,-0.0,0.0,86,2.55
2024-11-17,UA-18,3.8,0.0,82,3.9
2024-11-17,UA-21,3.0,0.3,86,3.31
2024-11-17,UA-23,3.8,0.0,80,3.93
2024-11-17,UA-26,3.5,0.0,74,1.96
2024-11-17,UA-30,4.5,0.0,80,4.1
2024-11-17,UA-32,4.1,0.0,80,3.75
2024-11-17,UA-35,4.8,0.0,81,4.31
2024-11-17,UA-40,9.6,0.3,71,3.12
2024-11-17,UA-43,4.3,0.0,85,1.43
2024-11-17,UA-46,4.2,0.0,72,4.57
2024-11-17,UA-48,5.6,0.0,79,3.3
2024-11-17,UA-51,6.2,0.0,75,3.77
2024-11-17,UA-53,3.9,0.1,82,4.47
2024-11-17,UA-56,4.0,0.0,77,4.49
2024-11-17,UA-59,4.3,0.1,87,5.22
2024-11-17,UA-61,2.7,0.0,80,3.07
2024-11-17,UA-63,3.6,0.1,86,4.5
2024-11-17,UA-65,4.8,0.0,74,3.15
2024-11-17,UA-68,2.0,0.0,88,2.61
2024-11-17,UA-71,5.4,0.0,74,4.23
2024-11-17,UA-74,4.5,0.0,83,4.66
2024-11-17,UA-77,2.0,0.0,85,1.46
2024-11-18,UA-05,2.1,0.0,84,3.11
2024-11-18,UA-07,3.9,2.1,80,5.48
2024-11-18,UA-09,4.0,0.0,78,3.33
2024-11-18,UA-12,5.6,0.0,86,3.3
2024-11-18,UA-14,3.1,0.0,86,2.89
2024-11-18,UA-18,3.3,0.8,79,4.36
2024-11-18,UA-21,2.5,3.6,95,3.22
2024-11-18,UA-23,6.5,0.9,90,3.04
2024-11-18,UA-26,5.1,0.1,67,4.17
2024-11-18,UA-30,3.0,1.1,81,3.73
2024-11-18,UA-32,2.3,0.0,84,3.29
2024-11-18,UA-35,3.9,0.0,85,2.91
2024-11-18,UA-40,11.8,1.1,72,3.42
2024-11-18,UA-43,8.2,0.6,78,1.58
2024-11-18,UA-46,4.1,0.6,75,5.5
2024-11-18,UA-48,6.4,0.0,83,2.25
2024-11-18,UA-51,6.0,0.0,77,2.5
2024-11-18,UA-53,3.1,0.0,86,3.72
2024-11-18,UA-56,4.1,1.9,77,5.12
2024-11-18,UA-59,3.5,0.0,87,4.39
2024-11-18,UA-61,4.1,0.0,73,4.64
2024-11-18,UA-63,4.4,0.0,86,3.82
2024-11-18,UA-65,6.4,0.0,84,2.48
2024-11-18,UA-68,2.9,0.0,80,3.89
2024-11-18,UA-71,3.3,0.0,83,3.18
2024-11-18,UA-74,3.3,0.5,81,4.36
2024-11-18,UA-77,2.5,0.1,81,1.76
2024-11-19,UA-05,4.2,0.0,76,3.71
2024-11-19,UA-07,4.7,0.1,78,5.28
2024-11-19,UA-09,4.5,0.0,78,3.0
2024-11-19,UA-12,3.0,0.0,82,2.84
2024-11-19,UA-14,3.2,0.0,85,2.36
2024-11-19,UA-18,3.6,0.0,74,4.88
2024-11-19,UA-21,5.6,3.4,86,3.28
2024-11-19,UA-23,4.7,0.0,87,2.8
2024-11-19,UA-26,6.1,0.1,74,2.92
2024-11-19,UA-30,2.8,0.1,77,4.61
2024-11-19,UA-32,3.7,0.0,74,4.03
2024-11-19,UA-35,3.7,0.0,78,3.29
2024-11-19,UA-40,12.0,0.0,77,3.05
2024-11-19,UA-43,7.6,0.1,88,1.35
2024-11-19,UA-46,5.5,0.6,79,4.7
2024-11-19,UA-48,4.7,0.0,82,2.44
2024-11-19,UA-51,6.2,0.0,78,2.5
2024-11-19,UA-53,0.9,0.0,83,3.4
2024-11-19,UA-56,4.5,0.2,76,5.06
2024-11-19,UA-59,1.7,1.1,89,4.08
2024-11-19,UA-61,4.7,0.0,79,4.37
2024-11-19,UA-63,1.4,0.0,86,3.15
2024-11-19,UA-65,4.1,0.0,82,2.13
2024-11-19,UA-68,4.2,0.0,78,4.38
2024-11-19,UA-71,3.3,0.0,77,3.76
2024-11-19,UA-74,2.2,2.7,82,4.72
2024-11-19,UA-77,5.9,0.7,77,2.64
2024-11-20,UA-05,6.7,4.0,75,5.64
2024-11-20,UA-07,6.2,9.6,80,6.29
2024-11-20,UA-09,3.5,0.0,83,4.54
2024-11-20,UA-12,7.5,0.0,82,6.61
2024-11-20,UA-14,3.4,0.0,88,4.43
2024-11-20,UA-18,6.7,4.3,72,6.49
2024-11-20,UA-21,6.5,16.3,85,4.45
2024-11-20,UA-23,7.9,0.3,86,7.18
2024-11-20,UA-26,6.7,7.7,76,4.77
2024-11-20,UA-30,8.2,1.3,72,7.2
2024-11-20,UA-32,8.3,1.1,74,6.39
2024-11-20,UA-35,9.2,0.0,86,6.92
2024-11-20,UA-40,13.4,0.7,80,8.16
2024-11-20,UA-43,10.2,0.0,82,3.95
2024-11-20,UA-46,5.5,10.7,84,6.05
2024-11-20,UA-48,10.7,0.2,84,6.06
2024-11-20,UA-51,12.3,0.0,79,7.68
2024-11-20,UA-53,6.7,0.0,82,6.98
2024-11-20,UA-56,6.2,7.1,76,5.92
2024-11-20,UA-59,6.3,0.0,81,8.0
2024-11-20,UA-61,6.3,6.6,75,5.59
2024-11-20,UA-63,5.1,0.0,81,6.1
2024-11-20,UA-65,9.9,0.3,86,5.36
2024-11-20,UA-68,5.1,4.4,77,5.68
2024-11-20,UA-71,8.9,1.1,82,7.08
2024-11-20,UA-74,7.9,1.6,75,7.88
2024-11-20,UA-77,7.5,3.2,68,4.08
2024-11-21,UA-05,0.2,9.6,89,4.4
2024-11-21,UA-07,0.4,0.3,84,4.94
2024-11-21,UA-09,9.6,5.9,75,7.82
2024-11-21,UA-12,8.2,9.2,83,8.31
2024-11-21,UA-14,9.0,9.5,88,6.97
2024-11-21,UA-18,0.5,3.8,88,4.61
2024-11-21,UA-21,1.6,0.0,83,2.4
2024-11-21,UA-23,9.0,7.8,79,9.31
2024-11-21,UA-26,1.3,0.1,76,3.93
2024-11-21,UA-30,0.5,16.4,92,4.98
2024-11-21,UA-32,0.5,19.0,92,4.66
2024-11-21,UA-35,5.1,24.4,92,5.9
2024-11-21,UA-40,12.7,10.1,77,8.84
2024-11-21,UA-43,10.0,7.8,79,5.43
2024-11-21,UA-46,0.2,0.8,85,4.57
2024-11-21,UA-48,6.8,12.9,90,6.91
2024-11-21,UA-51,5.9,6.0,86,7.18
2024-11-21,UA-53,6.5,17.4,89,8.07
2024-11-21,UA-56,0.8,0.1,84,4.71
2024-11-21,UA-59,6.4,22.4,90,8.18
2024-11-21,UA-61,0.3,0.1,84,4.78
2024-11-21,UA-63,8.4,8.0,87,8.34
2024-11-21,UA-65,7.4,14.1,88,6.71
2024-11-21,UA-68,0.3,1.4,86,4.45
2024-11-21,UA-71,3.4,27.5,91,5.21
2024-11-21,UA-74,0.8,14.9,93,4.92
2024-11-21,UA-77,0.5,2.7,82,4.2
2024-11-22,UA-05,-0.7,13.5,93,4.04
2024-11-22,UA-07,-0.3,0.1,84,3.57
2024-11-22,UA-09,3.4,0.2,80,4.5
2024-11-22,UA-12,3.5,0.2,84,5.86
2024-11-22,UA-14,2.5,0.0,83,4.21
2024-11-22,UA-18,-0.8,10.9,92,4.06
2024-11-22,UA-21,1.5,7.9,86,4.03
2024-11-22,UA-23,4.6,0.0,82,6.59
2024-11-22,UA-26,-0.2,6.5,86,3.57
2024-11-22,UA-30,-0.7,17.8,94,4.47
2024-11-22,UA-32,0.0,17.5,90,4.16
2024-11-22,UA-35,3.5,2.8,85,6.18
2024-11-22,UA-40,11.2,0.3,75,7.63
2024-11-22,UA-43,7.6,0.0,83,3.91
2024-11-22,UA-46,-0.4,3.5,87,3.77
2024-11-22,UA-48,6.9,1.7,83,6.4
2024-11-22,UA-51,8.7,1.8,75,8.31
2024-11-22,UA-53,2.4,1.6,84,6.1
2024-11-22,UA-56,-0.4,0.9,86,3.63
2024-11-22,UA-59,1.3,5.4,85,6.31
2024-11-22,UA-61,-0.8,3.2,87,3.85
2024-11-22,UA-63,2.3,0.7,80,5.43
2024-11-22,UA-65,6.5,0.6,81,5.81
2024-11-22,UA-68,-1.0,5.4,89,4.34
2024-11-22,UA-71,2.5,7.0,86,5.71
2024-11-22,UA-74,-1.2,14.3,95,5.41
2024-11-22,UA-77,-0.4,7.2,86,4.12
2024-11-23,UA-05,-0.7,1.5,88,5.39
2024-11-23,UA-07,-0.3,0.4,83,5.25
2024-11-23,UA-09,9.7,7.6,76,6.55
2024-11-23,UA-12,6.6,19.2,89,6.63
2024-11-23,UA-14,8.1,7.2,88,6.08
2024-11-23,UA-18,-1.2,2.6,90,5.99
2024-11-23,UA-21,1.1,0.0,82,2.26
2024-11-23,UA-23,7.7,24.4,87,7.8
2024-11-23,UA-26,0.0,0.9,84,5.58
2024-11-23,UA-30,-0.2,3.9,89,6.0
2024-11-23,UA-32,-0.2,3.0,88,5.58
2024-11-23,UA-35,3.9,8.6,84,6.0
2024-11-23,UA-40,10.8,14.0,81,9.04
2024-11-23,UA-43,7.8,11.7,86,4.9
2024-11-23,UA-46,0.2,0.3,83,5.49
2024-11-23,UA-48,5.3,9.7,82,6.67
2024-11-23,UA-51,4.1,4.3,78,7.69
2024-11-23,UA-53,4.6,19.9,89,6.55
2024-11-23,UA-56,-0.3,1.4,84,5.71
2024-11-23,UA-59,3.5,19.3,92,6.04
2024-11-23,UA-61,-0.8,1.2,88,5.7
2024-11-23,UA-63,6.4,29.5,92,6.83
2024-11-23,UA-65,5.6,15.1,83,6.11
2024-11-23,UA-68,-1.2,2.0,89,5.58
2024-11-23,UA-71,2.7,7.1,86,5.34
2024-11-23,UA-74,-0.6,5.9,93,5.54
2024-11-23,UA-77,0.4,2.0,80,6.08
2024-11-24,UA-05,-2.4,0.0,82,2.72
2024-11-24,UA-07,0.8,0.3,77,4.15
2024-11-24,UA-09,1.3,8.0,86,6.05
2024-11-24,UA-12,-0.2,0.0,75,6.55
2024-11-24,UA-14,-0.0,2.8,81,5.73
2024-11-24,UA-18,-2.4,0.0,86,3.14
2024-11-24,UA-21,0.3,0.5,83,3.64
2024-11-24,UA-23,0.8,0.0,72,8.19
2024-11-24,UA-26,0.4,1.0,79,2.73
2024-11-24,UA-30,-1.1,0.0,86,3.04
2024-11-24,UA-32,-1.2,0.0,84,2.94
2024-11-24,UA-35,-0.5,0.2,80,4.35
2024-11-24,UA-40,3.8,1.7,73,9.81
2024-11-24,UA-43,-0.5,0.2,75,4.3
2024-11-24,UA-46,1.1,1.3,72,3.98
2024-11-24,UA-48,0.7,0.0,75,5.11
2024-11-24,UA-51,0.7,0.0,69,5.22
2024-11-24,UA-53,-1.0,0.0,77,5.41
2024-11-24,UA-56,0.6,0.0,78,3.61
2024-11-24,UA-59,-1.0,0.0,80,4.88
2024-11-24,UA-61,-0.7,0.5,83,3.33
2024-11-24,UA-63,-0.4,0.0,78,5.64
2024-11-24,UA-65,0.6,0.1,71,5.16
2024-11-24,UA-68,-1.1,0.0,86,2.97
2024-11-24,UA-71,-0.3,0.2,84,3.59
2024-11-24,UA-74,-2.4,0.0,90,2.72
2024-11-24,UA-77,0.6,0.0,73,2.01
2024-11-25,UA-05,-2.4,0.0,83,2.94
2024-11-25,UA-07,3.4,0.0,75,4.3
2024-11-25,UA-09,-0.3,0.0,83,5.7
2024-11-25,UA-12,-2.5,0.0,85,4.36
2024-11-25,UA-14,-1.5,0.0,81,5.12
2024-11-25,UA-18,-2.7,0.0,88,3.75
2024-11-25,UA-21,3.6,0.0,76,2.49
2024-11-25,UA-23,-1.0,0.0,81,6.62
2024-11-25,UA-26,2.6,0.0,82,3.01
2024-11-25,UA-30,-3.2,0.0,92,2.61
2024-11-25,UA-32,-3.1,0.0,87,2.26
2024-11-25,UA-35,-2.8,0.0,90,2.74
2024-11-25,UA-40,2.7,0.0,81,8.02
2024-11-25,UA-43,-1.6,0.0,87,4.22
2024-11-25,UA-46,4.7,0.0,78,3.75
2024-11-25,UA-48,-1.5,0.0,86,3.73
2024-11-25,UA-51,-1.2,0.0,79,3.72
2024-11-25,UA-53,-3.4,0.0,85,3.28
2024-11-25,UA-56,1.6,0.0,75,4.53
2024-11-25,UA-59,-3.2,0.0,86,2.37
2024-11-25,UA-61,0.5,0.0,85,4.07
2024-11-25,UA-63,-2.8,0.0,83,3.71
2024-11-25,UA-65,-1.8,0.0,81,3.83
2024-11-25,UA-68,-0.5,0.0,83,4.22
2024-11-25,UA-71,-3.0,0.0,91,1.76
2024-11-25,UA-74,-4.4,0.0,94,2.99
2024-11-25,UA-77,1.6,0.0,79,3.37
2024-11-26,UA-05,-3.4,0.0,82,3.16
2024-11-26,UA-07,1.1,0.0,85,3.62
2024-11-26,UA-09,0.6,0.5,89,3.58
2024-11-26,UA-12,-2.1,0.0,89,2.96
2024-11-26,UA-14,-0.7,0.3,89,3.05
2024-11-26,UA-18,-3.0,0.0,87,3.82
2024-11-26,UA-21,2.4,0.4,87,1.71
2024-11-26,UA-23,-0.2,0.0,83,4.2
2024-11-26,UA-26,0.3,0.0,88,2.48
2024-11-26,UA-30,-4.1,0.0,91,3.13
2024-11-26,UA-32,-3.5,0.0,85,2.64
2024-11-26,UA-35,-4.1,0.0,94,1.72
2024-11-26,UA-40,3.7,0.0,77,4.02
2024-11-26,UA-43,-1.1,0.0,92,2.75
2024-11-26,UA-46,2.8,0.2,85,3.08
2024-11-26,UA-48,-2.3,0.0,92,2.47
2024-11-26,UA-51,-2.0,0.0,90,2.73
2024-11-26,UA-53,-3.9,0.0,89,2.24
2024-11-26,UA-56,0.6,0.0,71,4.27
2024-11-26,UA-59,-3.5,0.0,90,1.98
2024-11-26,UA-61,-0.8,0.0,85,3.45
2024-11-26,UA-63,-2.4,0.0,91,2.82
2024-11-26,UA-65,-2.3,0.0,90,2.39
2024-11-26,UA-68,-1.3,0.0,78,4.07
2024-11-26,UA-71,-3.5,0.0,95,1.98
2024-11-26,UA-74,-4.6,0.0,90,3.18
2024-11-26,UA-77,-0.3,0.0,83,3.27
2024-11-27,UA-05,-1.2,0.6,96,2.51
2024-11-27,UA-07,4.1,0.3,92,2.84
2024-11-27,UA-09,1.2,0.3,86,2.39
2024-11-27,UA-12,-0.2,0.0,95,2.26
2024-11-27,UA-14,0.6,0.0,91,1.91
2024-11-27,UA-18,-1.4,0.8,97,2.8
2024-11-27,UA-21,4.2,0.0,91,1.01
2024-11-27,UA-23,0.9,0.0,90,2.8
2024-11-27,UA-26,4.0,0.9,90,2.85
2024-11-27,UA-30,-3.5,0.2,92,2.44
2024-11-27,UA-32,-2.9,0.4,94,2.31
2024-11-27,UA-35,-3.0,0.0,91,1.22
2024-11-27,UA-40,5.6,0.0,74,3.8
2024-11-27,UA-43,0.3,0.0,93,1.44
2024-11-27,UA-46,4.9,0.2,89,3.15
2024-11-27,UA-48,-1.6,0.0,89,1.49
2024-11-27,UA-51,0.6,0.0,86,2.49
2024-11-27,UA-53,-1.3,0.0,93,1.87
2024-11-27,UA-56,2.4,0.4,94,2.85
2024-11-27,UA-59,-1.0,0.6,94,1.33
2024-11-27,UA-61,2.5,1.0,95,2.92
2024-11-27,UA-63,-0.7,0.0,93,1.48
2024-11-27,UA-65,-1.7,0.0,87,1.7
2024-11-27,UA-68,0.6,0.4,95,2.94
2024-11-27,UA-71,-2.7,0.0,88,1.33
2024-11-27,UA-74,-4.0,0.0,91,2.38
2024-11-27,UA-77,2.3,0.7,91,2.41
2024-11-28,UA-05,1.4,0.0,93,3.04
2024-11-28,UA-07,4.4,5.2,89,4.17
2024-11-28,UA-09,-0.3,0.0,87,2.68
2024-11-28,UA-12,-0.7,0.0,90,2.17
2024-11-28,UA-14,0.4,0.0,87,2.39
2024-11-28,UA-18,1.7,0.0,93,3.45
2024-11-28,UA-21,4.6,6.4,92,2.43
2024-11-28,UA-23,0.4,0.0,86,2.55
2024-11-28,UA-26,2.3,6.2,88,2.5
2024-11-28,UA-30,1.0,0.0,94,2.72
2024-11-28,UA-32,1.7,0.0,92,2.57
2024-11-28,UA-35,-0.5,0.0,88,1.65
2024-11-28,UA-40,7.0,0.0,79,2.68
2024-11-28,UA-43,1.7,0.0,89,1.11
2024-11-28,UA-46,3.6,8.0,88,3.55
2024-11-28,UA-48,0.4,0.0,88,1.58
2024-11-28,UA-51,3.3,0.0,86,2.4
2024-11-28,UA-53,-1.6,0.0,88,1.75
2024-11-28,UA-56,3.0,3.2,92,4.05
2024-11-28,UA-59,-0.7,0.1,91,2.08
2024-11-28,UA-61,2.1,4.5,94,3.57
2024-11-28,UA-63,-0.5,0.3,91,1.78
2024-11-28,UA-65,-0.5,0.0,85,1.6
2024-11-28,UA-68,1.5,0.9,94,3.62
2024-11-28,UA-71,0.4,0.0,91,1.97
2024-11-28,UA-74,0.5,0.0,95,2.78
2024-11-28,UA-77,2.8,0.5,90,2.76
2024-11-29,UA-05,1.0,9.6,98,2.92
2024-11-29,UA-07,4.7,1.9,95,2.05
2024-11-29,UA-09,-0.7,0.0,92,1.38
2024-11-29,UA-12,-0.3,0.0,92,2.58
2024-11-29,UA-14,-0.3,0.0,89,1.3
2024-11-29,UA-18,0.8,3.4,98,2.91
2024-11-29,UA-21,4.4,0.1,93,1.74
2024-11-29,UA-23,1.6,0.0,87,3.32
2024-11-29,UA-26,4.4,3.4,92,1.66
2024-11-29,UA-30,-0.0,1.1,94,3.17
2024-11-29,UA-32,0.5,3.3,95,2.96
2024-11-29,UA-35,-0.3,0.0,93,3.05
2024-11-29,UA-40,9.6,0.4,76,2.91
2024-11-29,UA-43,5.4,0.0,90,2.39
2024-11-29,UA-46,4.4,0.8,91,2.29
2024-11-29,UA-48,2.2,0.0,89,3.69
2024-11-29,UA-51,6.1,0.0,89,5.48
2024-11-29,UA-53,-1.5,0.0,91,2.59
2024-11-29,UA-56,3.4,3.9,96,2.08
2024-11-29,UA-59,-1.4,0.0,94,2.54
2024-11-29,UA-61,3.1,4.0,95,1.85
2024-11-29,UA-63,-1.7,0.1,94,1.76
2024-11-29,UA-65,1.7,0.0,91,3.35
2024-11-29,UA-68,1.1,7.6,99,2.21
2024-11-29,UA-71,-0.3,0.0,92,3.01
2024-11-29,UA-74,-0.2,0.0,95,3.12
2024-11-29,UA-77,3.1,6.8,96,2.11
2024-11-30,UA-05,1.8,1.2,98,1.44
2024-11-30,UA-07,3.7,0.0,91,1.96
2024-11-30,UA-09,-1.5,0.0,93,1.34
2024-11-30,UA-12,0.8,0.1,92,2.16
2024-11-30,UA-14,-0.8,0.0,89,1.56
2024-11-30,UA-18,1.2,0.1,96,1.34
2024-11-30,UA-21,5.2,0.0,81,2.83
2024-11-30,UA-23,1.0,0.0,86,3.44
2024-11-30,UA-26,3.4,0.4,91,2.18
2024-11-30,UA-30,0.3,0.0,95,0.83
2024-11-30,UA-32,1.2,0.2,97,1.19
2024-11-30,UA-35,1.5,0.0,96,1.62
2024-11-30,UA-40,9.0,0.0,79,3.79
2024-11-30,UA-43,3.3,0.0,93,3.62
2024-11-30,UA-46,4.0,0.0,91,2.75
2024-11-30,UA-48,3.1,0.0,88,3.18
2024-11-30,UA-51,4.5,0.0,85,4.53
2024-11-30,UA-53,-0.3,0.0,93,1.47
2024-11-30,UA-56,2.6,0.0,95,1.73
2024-11-30,UA-59,-0.8,0.0,95,1.78
2024-11-30,UA-61,2.0,0.1,97,2.24
2024-11-30,UA-63,-1.0,0.0,92,1.62
2024-11-30,UA-65,2.4,0.0,88,3.29
2024-11-30,UA-68,1.4,0.4,98,1.75
2024-11-30,UA-71,1.0,0.0,96,1.14
2024-11-30,UA-74,0.1,0.0,95,1.25
2024-11-30,UA-77,2.6,1.3,97,1.65
2024-12-01,UA-05,2.2,0.2,100,1.29
2024-12-01,UA-07,3.3,0.0,93,2.61
2024-12-01,UA-09,-1.6,0.0,89,1.74
2024-12-01,UA-12,0.2,0.0,85,2.22
2024-12-01,UA-14,-1.5,0.0,86,2.1
2024-12-01,UA-18,2.0,0.0,97,1.69
2024-12-01,UA-21,2.8,0.0,87,1.49
2024-12-01,UA-23,0.2,0.0,82,3.53
2024-12-01,UA-26,3.6,0.0,92,3.45
2024-12-01,UA-30,0.9,0.1,96,1.5
2024-12-01,UA-32,1.7,0.5,100,1.25
2024-12-01,UA-35,1.2,0.0,91,1.8
2024-12-01,UA-40,5.7,0.0,81,4.19
2024-12-01,UA-43,1.3,0.0,93,4.05
2024-12-01,UA-46,3.2,0.0,93,3.03
2024-12-01,UA-48,1.9,0.0,86,3.57
2024-12-01,UA-51,2.6,0.0,83,4.65
2024-12-01,UA-53,0.1,0.0,91,1.11
2024-12-01,UA-56,3.0,0.0,97,2.48
2024-12-01,UA-59,0.0,0.0,88,1.68
2024-12-01,UA-61,3.0,0.0,97,3.39
2024-12-01,UA-63,-0.1,0.0,94,0.83
2024-12-01,UA-65,1.4,0.0,87,3.45
2024-12-01,UA-68,2.5,0.0,99,1.88
2024-12-01,UA-71,0.9,0.0,97,1.04
2024-12-01,UA-74,0.9,0.0,93,2.13
2024-12-01,UA-77,3.9,0.0,96,3.02
2024-12-02,UA-05,1.3,0.0,91,2.5
2024-12-02,UA-07,3.0,0.0,92,3.63
2024-12-02,UA-09,-1.6,0.0,89,2.25
2024-12-02,UA-12,-2.0,0.0,88,1.69
2024-12-02,UA-14,-2.6,0.0,90,2.11
2024-12-02,UA-18,2.2,0.1,94,2.85
2024-12-02,UA-21,1.5,0.0,97,1.89
2024-12-02,UA-23,-1.2,0.0,84,2.7
2024-12-02,UA-26,1.9,0.0,93,3.29
2024-12-02,UA-30,0.9,0.0,95,2.62
2024-12-02,UA-32,0.9,0.1,93,2.18
2024-12-02,UA-35,-0.9,0.0,91,1.54
2024-12-02,UA-40,5.3,0.0,79,3.27
2024-12-02,UA-43,0.5,0.0,92,3.8
2024-12-02,UA-46,2.1,0.0,93,3.17
2024-12-02,UA-48,-0.6,0.0,89,2.44
2024-12-02,UA-51,0.3,0.0,87,2.78
2024-12-02,UA-53,-1.5,0.0,91,1.34
2024-12-02,UA-56,3.4,0.0,90,3.92
2024-12-02,UA-59,-0.8,0.0,86,2.27
2024-12-02,UA-61,1.9,0.0,94,3.92
2024-12-02,UA-63,-1.3,0.0,90,1.28
2024-12-02,UA-65,-1.0,0.0,88,2.55
2024-12-02,UA-68,2.1,0.0,93,3.35
2024-12-02,UA-71,-0.4,0.0,92,1.67
2024-12-02,UA-74,0.8,0.1,97,3.18
2024-12-02,UA-77,2.3,0.0,93,3.93
2024-12-03,UA-05,-1.5,0.0,88,2.51
2024-12-03,UA-07,1.4,0.0,94,2.85
2024-12-03,UA-09,-0.4,0.0,91,3.38
2024-12-03,UA-12,-2.2,0.0,92,1.94
2024-12-03,UA-14,-1.6,0.0,93,2.79
2024-12-03,UA-18,-1.4,0.0,88,2.87
2024-12-03,UA-21,4.2,0.1,91,1.47
2024-12-03,UA-23,-0.6,0.0,87,3.06
2024-12-03,UA-26,0.7,0.0,93,2.28
2024-12-03,UA-30,-2.1,0.0,90,2.96
2024-12-03,UA-32,-2.2,0.0,89,2.68
2024-12-03,UA-35,-2.9,0.0,93,1.91
2024-12-03,UA-40,6.7,0.0,80,2.81
2024-12-03,UA-43,1.3,0.0,94,3.05
2024-12-03,UA-46,1.4,0.0,92,2.31
2024-12-03,UA-48,-1.4,0.1,93,2.4
2024-12-03,UA-51,-0.2,0.0,87,2.88
2024-12-03,UA-53,-3.5,0.0,92,2.16
2024-12-03,UA-56,1.1,0.0,91,2.95
2024-12-03,UA-59,-2.6,0.0,92,3.15
2024-12-03,UA-61,0.3,0.0,94,2.56
2024-12-03,UA-63,-2.5,0.0,93,2.27
2024-12-03,UA-65,-1.3,0.1,93,2.69
2024-12-03,UA-68,-0.7,0.1,94,2.98
2024-12-03,UA-71,-2.3,0.0,92,2.44
2024-12-03,UA-74,-1.7,0.0,92,3.38
2024-12-03,UA-77,0.6,0.0,95,2.46
2024-12-04,UA-05,-1.6,0.4,90,1.63
2024-12-04,UA-07,1.7,0.1,94,1.88
2024-12-04,UA-09,-0.0,0.0,91,3.63
2024-12-04,UA-12,0.0,0.0,88,2.29
2024-12-04,UA-14,-0.4,0.0,91,2.79
2024-12-04,UA-18,-2.0,0.1,91,2.1
2024-12-04,UA-21,3.7,0.0,89,0.87
2024-12-04,UA-23,0.8,0.0,85,3.02
2024-12-04,UA-26,1.6,0.0,89,1.79
2024-12-04,UA-30,-3.2,0.3,89,1.73
2024-12-04,UA-32,-3.1,0.0,89,1.33
2024-12-04,UA-35,-1.8,0.0,91,1.95
2024-12-04,UA-40,7.7,1.0,82,3.21
2024-12-04,UA-43,2.5,0.4,92,3.38
2024-12-04,UA-46,1.7,0.0,91,1.38
2024-12-04,UA-48,-0.2,0.0,92,2.59
2024-12-04,UA-51,-0.1,0.0,85,2.75
2024-12-04,UA-53,-1.4,0.0,87,1.88
2024-12-04,UA-56,1.0,0.1,90,1.93
2024-12-04,UA-59,-2.3,0.0,88,1.96
2024-12-04,UA-61,1.0,0.2,92,1.71
2024-12-04,UA-63,-0.4,0.2,88,2.15
2024-12-04,UA-65,-0.1,0.1,93,2.51
2024-12-04,UA-68,-0.6,0.2,93,1.57
2024-12-04,UA-71,-2.2,0.0,88,1.7
2024-12-04,UA-74,-3.2,0.0,91,2.16
2024-12-04,UA-77,0.9,0.2,91,1.12
2024-12-05,UA-05,-3.0,0.0,87,1.76
2024-12-05,UA-07,0.6,0.2,93,2.87
2024-12-05,UA-09,-0.9,0.1,91,4.59
2024-12-05,UA-12,0.4,0.6,87,2.97
2024-12-05,UA-14,-0.7,0.5,93,3.57
2024-12-05,UA-18,-3.1,0.0,86,2.24
2024-12-05,UA-21,3.1,1.0,92,1.23
2024-12-05,UA-23,1.0,0.0,85,3.41
2024-12-05,UA-26,0.7,0.0,86,2.53
2024-12-05,UA-30,-2.3,0.5,88,1.91
2024-12-05,UA-32,-2.4,0.1,88,1.67
2024-12-05,UA-35,-0.7,0.1,90,2.07
2024-12-05,UA-40,6.4,0.1,83,3.82
2024-12-05,UA-43,1.9,0.5,96,2.26
2024-12-05,UA-46,0.9,0.0,86,2.42
2024-12-05,UA-48,0.4,0.0,93,2.01
2024-12-05,UA-51,0.5,0.0,88,2.66
2024-12-05,UA-53,-0.5,0.9,86,3.6
2024-12-05,UA-56,-0.5,0.0,89,2.83
2024-12-05,UA-59,-0.8,0.1,90,3.87
2024-12-05,UA-61,-0.4,0.0,88,2.55
2024-12-05,UA-63,-0.8,0.3,89,4.03
2024-12-05,UA-65,0.4,0.0,95,1.76
2024-12-05,UA-68,-1.9,0.0,91,2.23
2024-12-05,UA-71,-0.8,0.3,89,2.2
2024-12-05,UA-74,-2.1,0.1,91,2.74
2024-12-05,UA-77,0.1,0.2,93,2.42
2024-12-06,UA-05,-1.4,1.5,90,3.36
2024-12-06,UA-07,-0.4,0.0,88,4.22
2024-12-06,UA-09,-1.3,0.7,93,4.92
2024-12-06,UA-12,0.8,1.0,95,3.53
2024-12-06,UA-14,-0.8,1.2,95,3.8
2024-12-06,UA-18,-1.5,0.9,88,3.81
2024-12-06,UA-21,2.5,3.6,91,2.3
2024-12-06,UA-23,2.2,0.4,91,3.77
2024-12-06,UA-26,0.5,0.1,90,4.1
2024-12-06,UA-30,-1.1,2.5,93,3.12
2024-12-06,UA-32,-1.0,2.8,89,3.06
2024-12-06,UA-35,0.4,2.5,94,3.16
2024-12-06,UA-40,8.3,0.1,78,5.79
2024-12-06,UA-43,3.9,0.0,89,2.1
2024-12-06,UA-46,0.8,0.0,88,4.26
2024-12-06,UA-48,1.8,2.1,94,2.99
2024-12-06,UA-51,3.9,6.8,92,3.96
2024-12-06,UA-53,-0.6,2.4,95,4.03
2024-12-06,UA-56,-0.8,0.2,87,4.34
2024-12-06,UA-59,-1.7,2.7,91,5.09
2024-12-06,UA-61,-0.9,0.3,93,4.35
2024-12-06,UA-63,-1.7,3.9,93,4.83
2024-12-06,UA-65,1.3,1.5,96,2.75
2024-12-06,UA-68,-1.7,0.8,91,3.94
2024-12-06,UA-71,0.1,3.6,96,3.16
2024-12-06,UA-74,-0.8,1.9,95,3.92
2024-12-06,UA-77,0.1,0.6,96,3.99
2024-12-07,UA-05,3.4,4.1,99,4.79
2024-12-07,UA-07,1.4,0.4,95,2.57
2024-12-07,UA-09,-1.7,0.0,92,5.57
2024-12-07,UA-12,1.2,0.3,94,4.97
2024-12-07,UA-14,-1.0,0.0,95,4.89
2024-12-07,UA-18,2.5,4.6,98,4.73
2024-12-07,UA-21,3.2,1.1,94,1.78
2024-12-07,UA-23,2.8,0.3,88,6.16
2024-12-07,UA-26,1.2,0.7,96,1.7
2024-12-07,UA-30,1.8,6.9,97,5.21
2024-12-07,UA-32,3.0,5.0,97,5.11
2024-12-07,UA-35,2.6,0.3,96,5.18
2024-12-07,UA-40,10.9,0.0,81,6.18
2024-12-07,UA-43,7.4,0.0,88,3.42
2024-12-07,UA-46,1.4,0.2,95,1.97
2024-12-07,UA-48,4.7,0.7,92,5.45
2024-12-07,UA-51,7.3,6.3,93,7.03
2024-12-07,UA-53,0.1,0.3,94,5.18
2024-12-07,UA-56,2.3,1.0,96,3.2
2024-12-07,UA-59,-0.7,0.2,94,5.69
2024-12-07,UA-61,1.3,1.5,98,1.81
2024-12-07,UA-63,-1.1,0.5,96,4.87
2024-12-07,UA-65,4.2,1.2,93,5.29
2024-12-07,UA-68,2.8,4.7,99,3.88
2024-12-07,UA-71,2.3,1.5,94,5.4
2024-12-07,UA-74,1.2,8.7,97,5.32
2024-12-07,UA-77,1.7,5.1,99,1.38
2024-12-08,UA-05,1.0,0.9,99,4.33
2024-12-08,UA-07,3.4,6.4,97,3.71
2024-12-08,UA-09,-0.8,0.0,94,5.58
2024-12-08,UA-12,0.8,0.0,91,5.24
2024-12-08,UA-14,-0.6,0.0,96,5.5
2024-12-08,UA-18,0.8,1.9,97,4.63
2024-12-08,UA-21,3.1,0.0,88,1.8
2024-12-08,UA-23,2.3,0.0,87,6.52
2024-12-08,UA-26,2.6,8.0,98,3.02
2024-12-08,UA-30,-0.3,0.0,97,4.52
2024-12-08,UA-32,0.3,0.1,96,4.08
2024-12-08,UA-35,0.7,0.0,94,4.47
2024-12-08,UA-40,11.8,0.0,82,4.22
2024-12-08,UA-43,8.4,0.0,91,2.67
2024-12-08,UA-46,2.4,4.9,97,2.56
2024-12-08,UA-48,3.0,0.0,92,5.11
2024-12-08,UA-51,4.7,0.0,94,6.22
2024-12-08,UA-53,-0.3,0.1,92,5.01
2024-12-08,UA-56,3.6,1.4,95,4.79
2024-12-08,UA-59,-1.1,0.0,94,4.89
2024-12-08,UA-61,2.8,10.6,98,3.67
2024-12-08,UA-63,-1.1,0.3,96,5.26
2024-12-08,UA-65,3.2,0.0,92,5.07
2024-12-08,UA-68,2.3,1.0,97,5.01
2024-12-08,UA-71,0.1,0.0,95,4.68
2024-12-08,UA-74,-0.5,0.0,95,4.75
2024-12-08,UA-77,3.0,9.3,99,3.14
2024-12-09,UA-05,0.5,8.8,98,4.21
2024-12-09,UA-07,1.2,5.5,96,4.77
2024-12-09,UA-09,0.2,0.0,94,4.9
2024-12-09,UA-12,2.0,2.7,93,4.59
2024-12-09,UA-14,0.4,1.1,97,4.62
2024-12-09,UA-18,0.1,2.7,97,4.28
2024-12-09,UA-21,4.6,1.8,87,2.41
2024-12-09,UA-23,3.4,2.4,89,5.45
2024-12-09,UA-26,2.0,7.6,97,3.71
2024-12-09,UA-30,0.1,1.0,97,3.8
2024-12-09,UA-32,0.4,4.2,99,3.89
2024-12-09,UA-35,2.0,9.6,96,4.51
2024-12-09,UA-40,12.7,9.3,79,5.37
2024-12-09,UA-43,9.6,7.8,85,2.81
2024-12-09,UA-46,2.0,4.4,96,4.58
2024-12-09,UA-48,4.6,6.7,95,5.46
2024-12-09,UA-51,6.2,10.7,96,6.57
2024-12-09,UA-53,1.0,1.6,93,4.44
2024-12-09,UA-56,1.2,5.0,94,4.64
2024-12-09,UA-59,0.4,0.2,95,3.86
2024-12-09,UA-61,1.3,7.4,97,4.3
2024-12-09,UA-63,0.2,0.2,96,4.37
2024-12-09,UA-65,4.8,4.3,95,5.24
2024-12-09,UA-68,0.7,9.3,98,4.45
2024-12-09,UA-71,1.2,4.8,96,4.3
2024-12-09,UA-74,0.2,0.5,95,3.83
2024-12-09,UA-77,2.2,13.2,99,2.83
2024-12-10,UA-05,0.1,6.2,95,3.44
2024-12-10,UA-07,-0.2,6.4,96,4.18
2024-12-10,UA-09,1.9,5.3,98,3.59
2024-12-10,UA-12,4.3,7.5,97,3.47
2024-12-10,UA-14,2.5,6.8,99,3.44
2024-12-10,UA-18,-0.3,6.6,97,4.25
2024-12-10,UA-21,3.3,1.3,84,3.19
2024-12-10,UA-23,6.0,11.0,95,3.69
2024-12-10,UA-26,0.7,5.2,95,2.64
2024-12-10,UA-30,0.1,6.5,97,4.03
2024-12-10,UA-32,0.3,8.7,97,3.68
2024-12-10,UA-35,4.7,4.2,98,2.99
2024-12-10,UA-40,12.8,0.8,89,4.95
2024-12-10,UA-43,11.6,2.4,86,2.95
2024-12-10,UA-46,-0.0,4.8,95,3.64
2024-12-10,UA-48,5.9,5.0,95,3.04
2024-12-10,UA-51,4.4,7.2,94,4.16
2024-12-10,UA-53,1.7,5.4,97,3.78
2024-12-10,UA-56,-0.0,7.2,97,4.02
2024-12-10,UA-59,0.2,2.6,96,3.77
2024-12-10,UA-61,-0.4,5.5,97,3.44
2024-12-10,UA-63,0.7,3.4,99,3.32
2024-12-10,UA-65,6.2,5.4,95,3.24
2024-12-10,UA-68,-0.5,5.4,97,3.75
2024-12-10,UA-71,1.8,5.6,98,3.63
2024-12-10,UA-74,0.4,2.0,93,4.43
2024-12-10,UA-77,0.8,2.7,96,3.19
2024-12-11,UA-05,-0.6,4.9,95,4.14
2024-12-11,UA-07,-0.6,1.1,94,3.6
2024-12-11,UA-09,2.4,4.2,98,2.75
2024-12-11,UA-12,4.8,2.5,96,3.41
2024-12-11,UA-14,3.1,8.2,99,2.73
2024-12-11,UA-18,-1.0,3.5,97,4.3
2024-12-11,UA-21,1.9,0.0,79,3.14
2024-12-11,UA-23,5.2,4.7,93,4.72
2024-12-11,UA-26,-0.1,2.7,93,4.12
2024-12-11,UA-30,-0.6,3.6,97,4.39
2024-12-11,UA-32,-0.2,10.6,97,4.32
2024-12-11,UA-35,3.9,6.6,98,3.6
2024-12-11,UA-40,8.5,1.3,83,6.18
2024-12-11,UA-43,6.6,0.7,87,4.31
2024-12-11,UA-46,-0.6,1.8,96,3.57
2024-12-11,UA-48,4.0,1.2,91,5.25
2024-12-11,UA-51,2.7,0.6,86,6.56
2024-12-11,UA-53,2.9,1.8,98,3.01
2024-12-11,UA-56,-0.8,2.2,97,3.76
2024-12-11,UA-59,0.5,3.8,97,3.21
2024-12-11,UA-61,-1.1,2.2,97,3.96
2024-12-11,UA-63,1.6,9.2,100,2.41
2024-12-11,UA-65,3.9,0.4,90,5.18
2024-12-11,UA-68,-1.2,3.2,98,4.13
2024-12-11,UA-71,1.5,7.2,98,4.35
2024-12-11,UA-74,-0.4,0.1,89,4.05
2024-12-11,UA-77,0.3,1.9,91,4.77
2024-12-12,UA-05,-1.9,0.6,88,5.0
2024-12-12,UA-07,-0.3,0.2,83,4.57
2024-12-12,UA-09,0.3,4.2,87,5.18
2024-12-12,UA-12,0.2,3.0,82,5.4
2024-12-12,UA-14,-0.6,2.4,89,4.45
2024-12-12,UA-18,-1.8,0.7,88,5.53
2024-12-12,UA-21,2.1,0.1,78,2.26
2024-12-12,UA-23,0.5,3.3,82,6.73
2024-12-12,UA-26,0.8,1.9,90,5.22
2024-12-12,UA-30,-1.6,1.0,84,5.68
2024-12-12,UA-32,-1.6,1.0,87,5.2
2024-12-12,UA-35,-0.7,1.4,80,5.9
2024-12-12,UA-40,5.3,4.2,82,8.32
2024-12-12,UA-43,1.4,4.4,89,4.15
2024-12-12,UA-46,0.5,0.9,94,4.31
2024-12-12,UA-48,0.3,2.1,84,5.71
2024-12-12,UA-51,0.4,1.4,83,6.51
2024-12-12,UA-53,-1.2,2.4,79,5.94
2024-12-12,UA-56,-0.9,0.3,87,4.97
2024-12-12,UA-59,-1.9,1.4,78,5.98
2024-12-12,UA-61,-1.0,0.8,92,4.81
2024-12-12,UA-63,-1.2,5.5,83,5.42
2024-12-12,UA-65,0.2,1.5,83,5.2
2024-12-12,UA-68,-2.0,0.7,91,5.06
2024-12-12,UA-71,-0.8,1.0,80,5.64
2024-12-12,UA-74,-1.2,0.8,75,6.37
2024-12-12,UA-77,1.0,1.1,86,5.39
2024-12-13,UA-05,-5.9,0.3,77,4.45
2024-12-13,UA-07,-3.6,0.1,71,3.25
2024-12-13,UA-09,-4.1,2.7,80,6.02
2024-12-13,UA-12,-3.8,0.4,70,8.01
2024-12-13,UA-14,-4.6,2.3,76,6.39
2024-12-13,UA-18,-7.4,0.2,79,4.8
2024-12-13,UA-21,1.7,0.0,75,1.81
2024-12-13,UA-23,-2.6,1.2,68,9.71
2024-12-13,UA-26,-1.3,0.4,77,2.97
2024-12-13,UA-30,-4.9,0.3,68,6.2
2024-12-13,UA-32,-5.4,0.4,73,5.3
2024-12-13,UA-35,-3.7,0.3,67,6.83
2024-12-13,UA-40,2.5,0.8,65,10.13
2024-12-13,UA-43,-2.8,0.9,70,4.96
2024-12-13,UA-46,-3.5,0.4,85,2.85
2024-12-13,UA-48,-2.8,0.0,67,6.43
2024-12-13,UA-51,-1.8,0.0,64,6.65
2024-12-13,UA-53,-4.8,0.8,68,7.98
2024-12-13,UA-56,-5.3,0.2,75,3.74
2024-12-13,UA-59,-5.2,1.0,72,7.96
2024-12-13,UA-61,-5.2,0.4,85,3.25
2024-12-13,UA-63,-4.8,2.0,75,7.38
2024-12-13,UA-65,-2.9,0.0,64,6.12
2024-12-13,UA-68,-7.6,0.4,85,3.76
2024-12-13,UA-71,-3.7,0.6,68,6.82
2024-12-13,UA-74,-5.1,0.0,65,6.99
2024-12-13,UA-77,-0.7,0.4,74,3.7
2024-12-14,UA-05,-6.7,0.2,82,3.17
2024-12-14,UA-07,-3.8,0.4,80,4.05
2024-12-14,UA-09,-5.7,0.0,68,5.36
2024-12-14,UA-12,-4.7,0.0,70,4.54
2024-12-14,UA-14,-6.4,0.0,68,4.08
2024-12-14,UA-18,-8.8,0.2,85,3.64
2024-12-14,UA-21,1.0,1.4,83,3.17
2024-12-14,UA-23,-3.4,0.0,69,5.38
2024-12-14,UA-26,-3.0,0.8,80,2.15
2024-12-14,UA-30,-5.9,0.0,71,3.89
2024-12-14,UA-32,-6.9,0.0,77,3.51
2024-12-14,UA-35,-4.0,0.3,70,3.9
2024-12-14,UA-40,2.2,0.0,62,4.7
2024-12-14,UA-43,-3.5,0.0,65,2.11
2024-12-14,UA-46,-3.2,0.1,84,3.53
2024-12-14,UA-48,-1.8,0.6,77,3.49
2024-12-14,UA-51,0.0,0.3,68,4.69
2024-12-14,UA-53,-5.4,0.0,68,4.59
2024-12-14,UA-56,-6.0,0.4,85,3.87
2024-12-14,UA-59,-5.1,0.0,67,5.44
2024-12-14,UA-61,-6.5,0.5,91,3.01
2024-12-14,UA-63,-5.2,0.0,68,5.04
2024-12-14,UA-65,-2.4,0.3,73,3.13
2024-12-14,UA-68,-7.8,0.3,89,3.28
2024-12-14,UA-71,-4.2,0.0,66,3.81
2024-12-14,UA-74,-5.7,0.0,70,4.74
2024-12-14,UA-77,-2.3,0.7,84,2.2
2024-12-15,UA-05,-0.0,0.6,87,5.03
2024-12-15,UA-07,1.1,1.1,84,6.62
2024-12-15,UA-09,-0.6,3.9,87,6.05
2024-12-15,UA-12,0.4,8.3,89,5.65
2024-12-15,UA-14,-0.2,3.5,91,5.03
2024-12-15,UA-18,-0.3,1.4,90,6.1
2024-12-15,UA-21,1.4,0.8,91,1.91
2024-12-15,UA-23,1.6,6.6,86,6.73
2024-12-15,UA-26,1.7,0.5,76,5.79
2024-12-15,UA-30,-0.6,2.4,88,5.27
2024-12-15,UA-32,-0.3,1.6,87,4.78
2024-12-15,UA-35,1.2,3.4,88,4.58
2024-12-15,UA-40,7.8,4.6,82,7.93
2024-12-15,UA-43,3.0,2.7,91,3.93
2024-12-15,UA-46,1.0,1.2,89,6.68
2024-12-15,UA-48,2.9,7.5,88,4.6
2024-12-15,UA-51,3.4,3.8,82,5.5
2024-12-15,UA-53,-0.5,4.7,90,5.07
2024-12-15,UA-56,0.8,1.1,87,6.71
2024-12-15,UA-59,-1.3,1.8,88,5.14
2024-12-15,UA-61,0.3,0.9,89,6.76
2024-12-15,UA-63,-0.4,5.7,90,5.46
2024-12-15,UA-65,2.6,7.3,89,4.47
2024-12-15,UA-68,-0.2,0.4,89,6.08
2024-12-15,UA-71,0.1,1.1,85,4.52
2024-12-15,UA-74,-1.0,1.9,89,5.5
2024-12-15,UA-77,1.4,0.0,76,4.66
2024-12-16,UA-05,3.4,6.3,88,7.15
2024-12-16,UA-07,5.7,12.2,91,8.44
2024-12-16,UA-09,1.5,4.3,84,7.24
2024-12-16,UA-12,1.9,5.0,88,7.39
2024-12-16,UA-14,0.7,6.7,89,6.48
2024-12-16,UA-18,3.2,6.7,86,8.56
2024-12-16,UA-21,3.7,4.2,90,2.43
2024-12-16,UA-23,2.5,5.1,84,8.4
2024-12-16,UA-26,6.0,2.3,71,8.72
2024-12-16,UA-30,2.7,6.3,87,7.75
2024-12-16,UA-32,3.1,5.8,85,7.31
2024-12-16,UA-35,2.6,3.9,85,7.29
2024-12-16,UA-40,7.3,2.5,73,9.24
2024-12-16,UA-43,3.7,2.4,81,5.94
2024-12-16,UA-46,5.5,7.8,88,9.41
2024-12-16,UA-48,4.1,1.2,76,6.76
2024-12-16,UA-51,4.4,0.1,67,7.14
2024-12-16,UA-53,1.3,6.3,88,7.5
2024-12-16,UA-56,5.1,10.9,89,8.41
2024-12-16,UA-59,1.4,6.4,88,7.64
2024-12-16,UA-61,4.6,8.5,89,9.57
2024-12-16,UA-63,1.2,6.0,89,7.12
2024-12-16,UA-65,3.6,1.7,77,6.66
2024-12-16,UA-68,3.8,13.0,91,8.35
2024-12-16,UA-71,2.5,4.3,86,7.17
2024-12-16,UA-74,2.5,5.9,86,7.99
2024-12-16,UA-77,6.5,0.0,59,7.18
2024-12-17,UA-05,6.2,5.7,87,7.13
2024-12-17,UA-07,7.0,6.6,90,8.19
2024-12-17,UA-09,3.4,1.9,85,6.91
2024-12-17,UA-12,4.1,6.5,86,6.88
2024-12-17,UA-14,3.3,5.4,91,6.26
2024-12-17,UA-18,5.3,9.7,88,7.78
2024-12-17,UA-21,4.4,0.0,93,1.58
2024-12-17,UA-23,5.2,3.1,85,8.06
2024-12-17,UA-26,8.4,0.5,71,8.47
2024-12-17,UA-30,4.2,11.2,85,6.87
2024-12-17,UA-32,5.3,8.0,86,6.97
2024-12-17,UA-35,5.4,4.1,86,6.96
2024-12-17,UA-40,10.7,0.4,83,8.48
2024-12-17,UA-43,8.4,0.6,87,5.89
2024-12-17,UA-46,7.7,2.3,82,9.07
2024-12-17,UA-48,8.2,2.6,73,6.73
2024-12-17,UA-51,8.9,0.7,64,7.0
2024-12-17,UA-53,2.5,5.2,88,6.42
2024-12-17,UA-56,6.7,10.5,90,8.03
2024-12-17,UA-59,2.1,2.7,86,7.39
2024-12-17,UA-61,7.1,6.1,86,8.78
2024-12-17,UA-63,2.5,0.8,87,6.92
2024-12-17,UA-65,7.6,1.0,73,6.43
2024-12-17,UA-68,6.5,6.8,88,8.28
2024-12-17,UA-71,4.5,6.9,85,6.75
2024-12-17,UA-74,3.3,4.1,83,7.21
2024-12-17,UA-77,8.8,0.1,61,6.84
2024-12-18,UA-05,3.8,0.3,88,3.8
2024-12-18,UA-07,5.4,0.6,90,4.41
2024-12-18,UA-09,0.8,1.3,74,7.2
2024-12-18,UA-12,2.2,0.0,78,6.45
2024-12-18,UA-14,0.7,1.4,80,6.16
2024-12-18,UA-18,3.0,0.0,83,4.47
2024-12-18,UA-21,3.1,0.2,95,2.38
2024-12-18,UA-23,3.1,0.0,76,6.83
2024-12-18,UA-26,7.0,0.0,74,4.15
2024-12-18,UA-30,1.8,0.0,79,4.76
2024-12-18,UA-32,2.5,0.0,80,4.31
2024-12-18,UA-35,2.3,0.0,80,4.86
2024-12-18,UA-40,9.6,1.1,78,7.57
2024-12-18,UA-43,5.6,0.7,87,4.38
2024-12-18,UA-46,6.6,0.4,80,5.38
2024-12-18,UA-48,4.4,0.0,81,3.92
2024-12-18,UA-51,7.1,0.1,78,4.89
2024-12-18,UA-53,1.1,0.0,75,6.08
2024-12-18,UA-56,5.1,2.0,90,4.05
2024-12-18,UA-59,0.0,0.6,69,6.58
2024-12-18,UA-61,5.8,2.0,86,4.98
2024-12-18,UA-63,0.2,0.6,73,6.48
2024-12-18,UA-65,3.9,0.0,81,3.98
2024-12-18,UA-68,4.8,1.7,91,4.11
2024-12-18,UA-71,2.4,0.0,80,4.93
2024-12-18,UA-74,1.2,0.0,75,5.21
2024-12-18,UA-77,7.3,0.0,71,3.82
2024-12-19,UA-05,4.5,0.0,84,3.54
2024-12-19,UA-07,7.5,0.0,72,5.34
2024-12-19,UA-09,-1.5,0.4,76,3.99
2024-12-19,UA-12,2.5,0.1,90,3.96
2024-12-19,UA-14,-0.7,0.4,87,3.1
2024-12-19,UA-18,5.3,0.0,82,4.72
2024-12-19,UA-21,4.9,0.0,88,3.04
2024-12-19,UA-23,2.7,0.0,89,4.09
2024-12-19,UA-26,8.0,0.0,65,3.41
2024-12-19,UA-30,4.2,0.3,86,4.36
2024-12-19,UA-32,4.5,0.0,85,3.98
2024-12-19,UA-35,4.4,0.0,91,3.86
2024-12-19,UA-40,9.2,0.0,81,4.8
2024-12-19,UA-43,5.3,0.0,86,2.59
2024-12-19,UA-46,8.2,0.0,65,5.4
2024-12-19,UA-48,5.9,0.0,93,3.45
2024-12-19,UA-51,6.1,0.0,91,3.64
2024-12-19,UA-53,1.5,1.2,92,3.81
2024-12-19,UA-56,7.2,0.1,76,4.94
2024-12-19,UA-59,0.0,4.8,89,4.06
2024-12-19,UA-61,7.0,0.0,74,4.08
2024-12-19,UA-63,-0.5,3.5,86,3.61
2024-12-19,UA-65,5.7,0.0,93,3.21
2024-12-19,UA-68,5.4,0.0,82,3.97
2024-12-19,UA-71,4.1,0.1,86,3.92
2024-12-19,UA-74,3.1,2.9,92,4.57
2024-12-19,UA-77,4.9,0.0,80,1.81
2024-12-20,UA-05,2.9,1.3,92,3.05
2024-12-20,UA-07,5.2,1.6,80,4.71
2024-12-20,UA-09,4.2,0.0,86,4.29
2024-12-20,UA-12,6.4,0.0,88,4.53
2024-12-20,UA-14,3.9,0.0,90,3.76
2024-12-20,UA-18,3.7,1.7,86,3.92
2024-12-20,UA-21,5.1,5.4,84,2.92
2024-12-20,UA-23,5.7,0.0,92,4.97
2024-12-20,UA-26,4.4,2.9,84,3.31
2024-12-20,UA-30,3.2,2.1,88,3.92
2024-12-20,UA-32,3.1,1.3,91,3.51
2024-12-20,UA-35,8.1,0.1,92,4.17
2024-12-20,UA-40,10.3,0.0,84,6.03
2024-12-20,UA-43,7.7,0.0,79,3.06
2024-12-20,UA-46,5.2,3.3,81,4.61
2024-12-20,UA-48,9.3,0.0,91,4.1
2024-12-20,UA-51,8.8,0.0,94,4.21
2024-12-20,UA-53,6.0,0.0,90,4.68
2024-12-20,UA-56,5.0,2.2,83,4.31
2024-12-20,UA-59,4.8,0.1,94,5.22
2024-12-20,UA-61,3.9,1.7,87,3.88
2024-12-20,UA-63,5.3,0.0,92,4.57
2024-12-20,UA-65,9.0,0.0,90,3.94
2024-12-20,UA-68,3.5,1.4,90,3.57
2024-12-20,UA-71,5.7,0.0,91,3.32
2024-12-20,UA-74,2.9,1.9,91,4.36
2024-12-20,UA-77,3.8,2.4,87,2.81
2024-12-21,UA-05,0.9,0.0,86,3.14
2024-12-21,UA-07,-0.1,0.0,91,2.71
2024-12-21,UA-09,2.2,0.0,82,3.04
2024-12-21,UA-12,5.6,2.0,97,1.75
2024-12-21,UA-14,2.4,0.0,85,2.94
2024-12-21,UA-18,0.3,0.0,89,2.79
2024-12-21,UA-21,2.0,0.0,74,2.6
2024-12-21,UA-23,5.7,2.1,98,2.63
2024-12-21,UA-26,0.8,0.0,83,2.33
2024-12-21,UA-30,0.9,0.0,91,2.66
2024-12-21,UA-32,1.4,0.2,88,3.0
2024-12-21,UA-35,3.9,3.9,96,4.12
2024-12-21,UA-40,11.0,0.6,77,4.23
2024-12-21,UA-43,8.6,0.5,77,2.23
2024-12-21,UA-46,0.3,0.0,87,2.42
2024-12-21,UA-48,6.9,3.0,97,3.69
2024-12-21,UA-51,5.6,1.2,91,5.98
2024-12-21,UA-53,3.8,2.8,96,3.08
2024-12-21,UA-56,-0.4,0.0,93,2.59
2024-12-21,UA-59,2.5,1.5,93,2.61
2024-12-21,UA-61,-0.4,0.0,88,2.41
2024-12-21,UA-63,4.6,2.3,98,2.21
2024-12-21,UA-65,8.1,3.9,98,2.71
2024-12-21,UA-68,-0.0,0.0,89,2.52
2024-12-21,UA-71,2.8,1.2,92,3.41
2024-12-21,UA-74,0.5,0.1,91,2.55
2024-12-21,UA-77,1.8,0.3,84,2.65
2024-12-22,UA-05,-2.3,0.0,84,1.47
2024-12-22,UA-07,0.1,0.0,81,4.6
2024-12-22,UA-09,2.5,3.6,97,3.02
2024-12-22,UA-12,4.4,2.9,97,2.46
2024-12-22,UA-14,2.3,7.1,96,3.36
2024-12-22,UA-18,-2.4,0.0,88,2.47
2024-12-22,UA-21,-0.2,0.4,85,3.32
2024-12-22,UA-23,4.6,5.5,92,2.92
2024-12-22,UA-26,-1.0,0.0,82,2.56
2024-12-22,UA-30,-2.0,0.0,84,1.72
2024-12-22,UA-32,-2.0,0.0,83,1.45
2024-12-22,UA-35,0.0,0.1,96,3.46
2024-12-22,UA-40,9.1,10.3,88,3.75
2024-12-22,UA-43,6.4,10.4,96,2.03
2024-12-22,UA-46,0.5,0.0,76,4.14
2024-12-22,UA-48,2.7,1.0,96,4.16
2024-12-22,UA-51,2.0,2.7,92,4.78
2024-12-22,UA-53,1.1,1.2,98,3.26
2024-12-22,UA-56,-0.8,0.0,85,4.0
2024-12-22,UA-59,-0.8,0.2,91,2.45
2024-12-22,UA-61,-1.8,0.0,87,3.42
2024-12-22,UA-63,2.7,2.8,99,2.57
2024-12-22,UA-65,3.5,1.0,98,3.87
2024-12-22,UA-68,-2.5,0.0,92,2.93
2024-12-22,UA-71,-1.0,0.0,90,2.07
2024-12-22,UA-74,-1.7,0.0,85,2.26
2024-12-22,UA-77,-1.0,0.0,90,2.2
2024-12-23,UA-05,-2.3,0.3,90,2.45
2024-12-23,UA-07,-1.1,0.0,90,2.29
2024-12-23,UA-09,4.9,2.2,96,4.3
2024-12-23,UA-12,3.8,1.7,98,1.98
2024-12-23,UA-14,4.4,3.4,99,3.47
2024-12-23,UA-18,-2.9,0.0,89,2.28
2024-12-23,UA-21,1.3,1.8,85,2.68
2024-12-23,UA-23,4.1,1.4,96,2.65
2024-12-23,UA-26,-1.6,0.0,92,2.74
2024-12-23,UA-30,-1.5,0.1,97,1.84
2024-12-23,UA-32,-1.1,0.3,96,1.92
2024-12-23,UA-35,1.6,0.2,95,1.59
2024-12-23,UA-40,8.5,1.2,77,5.02
2024-12-23,UA-43,5.0,1.2,89,2.33
2024-12-23,UA-46,-0.7,0.1,89,2.06
2024-12-23,UA-48,4.0,0.0,92,2.51
2024-12-23,UA-51,4.0,0.0,94,3.11
2024-12-23,UA-53,2.7,0.5,98,1.67
2024-12-23,UA-56,-1.9,0.0,92,2.66
2024-12-23,UA-59,1.7,1.0,100,1.68
2024-12-23,UA-61,-2.3,0.0,94,2.85
2024-12-23,UA-63,3.8,4.1,99,2.35
2024-12-23,UA-65,4.1,0.1,93,2.48
2024-12-23,UA-68,-2.6,0.0,94,2.76
2024-12-23,UA-71,-0.4,0.1,99,1.2
2024-12-23,UA-74,-1.8,0.0,89,1.45
2024-12-23,UA-77,-1.5,0.1,96,2.64
2024-12-24,UA-05,1.4,0.6,100,2.39
2024-12-24,UA-07,-1.4,0.0,85,2.2
2024-12-24,UA-09,4.8,0.0,95,1.94
2024-12-24,UA-12,3.8,0.0,94,3.16
2024-12-24,UA-14,3.9,0.0,97,2.34
2024-12-24,UA-18,-0.0,1.1,99,2.23
2024-12-24,UA-21,3.3,0.0,66,5.26
2024-12-24,UA-23,3.9,0.3,94,4.85
2024-12-24,UA-26,0.2,3.3,91,2.63
2024-12-24,UA-30,0.3,1.1,97,2.06
2024-12-24,UA-32,1.3,0.1,98,2.2
2024-12-24,UA-35,3.9,0.0,95,3.18
2024-12-24,UA-40,10.6,0.0,79,5.19
2024-12-24,UA-43,7.0,0.0,90,3.82
2024-12-24,UA-46,-0.4,0.4,85,3.15
2024-12-24,UA-48,5.4,0.0,91,4.84
2024-12-24,UA-51,6.2,0.0,90,6.22
2024-12-24,UA-53,2.5,0.0,97,2.07
2024-12-24,UA-56,-1.3,0.0,86,2.43
2024-12-24,UA-59,2.4,0.0,98,1.23
2024-12-24,UA-61,-0.6,2.4,91,3.36
2024-12-24,UA-63,3.8,0.1,97,1.33
2024-12-24,UA-65,4.9,0.0,92,4.76
2024-12-24,UA-68,-0.2,3.5,98,2.91
2024-12-24,UA-71,2.0,0.2,96,2.45
2024-12-24,UA-74,-0.2,0.0,94,1.28
2024-12-24,UA-77,0.6,5.5,97,2.52
2024-12-25,UA-05,-0.2,0.0,94,4.12
2024-12-25,UA-07,-1.3,0.0,92,2.16
2024-12-25,UA-09,3.1,0.2,97,3.2
2024-12-25,UA-12,3.5,0.0,89,4.85
2024-12-25,UA-14,2.9,0.0,96,3.45
2024-12-25,UA-18,-1.2,0.2,92,3.71
2024-12-25,UA-21,3.0,0.0,68,4.21
2024-12-25,UA-23,4.2,0.3,91,6.09
2024-12-25,UA-26,0.0,1.3,86,2.65
2024-12-25,UA-30,-0.4,0.1,94,3.47
2024-12-25,UA-32,0.1,0.0,94,3.73
2024-12-25,UA-35,2.5,0.2,94,5.39
2024-12-25,UA-40,11.4,0.8,78,5.02
2024-12-25,UA-43,7.0,2.5,89,5.22
2024-12-25,UA-46,-0.8,0.0,89,2.67
2024-12-25,UA-48,4.1,5.0,93,6.97
2024-12-25,UA-51,4.4,2.6,90,8.11
2024-12-25,UA-53,2.5,0.0,91,3.73
2024-12-25,UA-56,-1.4,0.0,90,2.98
2024-12-25,UA-59,0.9,0.0,95,2.74
2024-12-25,UA-61,-1.0,0.4,89,3.52
2024-12-25,UA-63,2.9,0.0,92,2.5
2024-12-25,UA-65,4.2,4.7,93,6.52
2024-12-25,UA-68,-1.2,0.3,93,3.99
2024-12-25,UA-71,1.4,0.0,95,3.66
2024-12-25,UA-74,-0.6,0.0,90,3.07
2024-12-25,UA-77,0.3,1.7,90,3.81
2024-12-26,UA-05,-1.0,0.3,88,3.15
2024-12-26,UA-07,-2.3,0.0,94,1.86
2024-12-26,UA-09,2.2,0.6,92,4.2
2024-12-26,UA-12,1.7,0.0,87,4.29
2024-12-26,UA-14,1.7,0.0,86,4.16
2024-12-26,UA-18,-0.9,0.2,88,3.21
2024-12-26,UA-21,0.9,0.0,76,2.25
2024-12-26,UA-23,2.3,0.0,83,6.57
2024-12-26,UA-26,-0.7,0.0,87,1.35
2024-12-26,UA-30,-0.3,0.5,90,3.08
2024-12-26,UA-32,-0.2,0.6,88,3.17
2024-12-26,UA-35,0.7,0.2,90,4.22
2024-12-26,UA-40,6.7,0.6,78,8.77
2024-12-26,UA-43,2.2,1.7,95,6.67
2024-12-26,UA-46,-1.6,0.0,90,1.26
2024-12-26,UA-48,2.5,0.0,87,6.22
2024-12-26,UA-51,2.0,0.1,87,7.28
2024-12-26,UA-53,0.3,0.0,88,3.29
2024-12-26,UA-56,-1.9,0.0,92,2.02
2024-12-26,UA-59,-0.4,0.0,92,1.76
2024-12-26,UA-61,-1.6,0.0,89,1.63
2024-12-26,UA-63,0.4,0.0,88,3.11
2024-12-26,UA-65,2.7,0.0,86,6.02
2024-12-26,UA-68,-1.9,0.0,91,2.73
2024-12-26,UA-71,0.5,0.4,91,2.95
2024-12-26,UA-74,-0.1,0.0,90,2.75
2024-12-26,UA-77,-0.5,0.3,88,2.54
2024-12-27,UA-05,-0.2,1.7,98,2.7
2024-12-27,UA-07,-0.4,0.6,98,2.28
2024-12-27,UA-09,-0.2,0.1,94,4.02
2024-12-27,UA-12,0.3,0.0,85,3.99
2024-12-27,UA-14,-0.3,0.0,90,3.91
2024-12-27,UA-18,0.1,1.1,98,2.64
2024-12-27,UA-21,1.6,0.0,77,2.59
2024-12-27,UA-23,1.3,0.1,83,5.97
2024-12-27,UA-26,-0.9,1.1,91,2.66
2024-12-27,UA-30,0.3,2.0,99,2.11
2024-12-27,UA-32,0.4,1.1,99,2.22
2024-12-27,UA-35,-0.8,0.0,90,2.91
2024-12-27,UA-40,3.8,0.0,82,6.74
2024-12-27,UA-43,0.4,1.8,95,5.03
2024-12-27,UA-46,-1.4,1.0,94,2.07
2024-12-27,UA-48,0.6,0.0,84,4.77
2024-12-27,UA-51,0.5,0.4,85,5.29
2024-12-27,UA-53,-1.5,0.0,87,2.52
2024-12-27,UA-56,-0.3,1.1,97,2.52
2024-12-27,UA-59,-1.6,0.0,93,1.09
2024-12-27,UA-61,-0.9,0.5,94,2.87
2024-12-27,UA-63,-0.9,0.0,88,2.31
2024-12-27,UA-65,0.8,0.0,82,4.73
2024-12-27,UA-68,-0.7,0.7,96,3.05
2024-12-27,UA-71,-0.1,0.0,93,1.34
2024-12-27,UA-74,0.7,0.9,99,1.78
2024-12-27,UA-77,0.1,3.9,92,3.53
2024-12-28,UA-05,-0.6,0.4,96,1.94
2024-12-28,UA-07,-0.6,0.3,97,1.47
2024-12-28,UA-09,-2.5,0.0,94,3.44
2024-12-28,UA-12,-0.7,0.0,89,3.54
2024-12-28,UA-14,-2.3,0.0,91,3.14
2024-12-28,UA-18,-0.3,0.8,96,1.75
2024-12-28,UA-21,0.2,0.0,88,1.27
2024-12-28,UA-23,-0.4,0.0,86,4.7
2024-12-28,UA-26,-1.0,0.3,94,1.54
2024-12-28,UA-30,-0.3,0.5,95,1.95
2024-12-28,UA-32,0.1,0.3,95,2.01
2024-12-28,UA-35,-0.8,0.0,91,2.81
2024-12-28,UA-40,3.5,0.0,82,5.24
2024-12-28,UA-43,-1.1,0.0,95,3.21
2024-12-28,UA-46,-1.0,0.2,96,0.96
2024-12-28,UA-48,-0.0,0.0,85,3.85
2024-12-28,UA-51,0.3,0.0,85,4.42
2024-12-28,UA-53,-1.4,0.0,89,2.46
2024-12-28,UA-56,-0.5,0.8,97,1.5
2024-12-28,UA-59,-0.9,0.1,94,1.73
2024-12-28,UA-61,-0.9,0.7,95,1.29
2024-12-28,UA-63,-1.1,0.0,91,2.44
2024-12-28,UA-65,-0.3,0.0,85,3.66
2024-12-28,UA-68,-0.9,0.8,97,1.72
2024-12-28,UA-71,-0.0,0.1,93,1.86
2024-12-28,UA-74,-0.1,0.3,96,1.67
2024-12-28,UA-77,-0.4,0.6,94,1.66
2024-12-29,UA-05,-1.1,0.0,98,2.15
2024-12-29,UA-07,-0.8,0.0,99,2.73
2024-12-29,UA-09,-2.7,0.0,88,1.7
2024-12-29,UA-12,-1.1,0.0,90,1.67
2024-12-29,UA-14,-2.8,0.0,89,1.68
2024-12-29,UA-18,-1.0,0.1,97,2.6
2024-12-29,UA-21,-0.7,0.3,97,1.53
2024-12-29,UA-23,-0.6,0.0,84,2.17
2024-12-29,UA-26,-1.5,0.1,96,1.22
2024-12-29,UA-30,-0.7,0.2,97,2.38
2024-12-29,UA-32,-0.6,0.1,97,2.23
2024-12-29,UA-35,-1.0,0.0,99,1.81
2024-12-29,UA-40,4.2,0.0,82,2.87
2024-12-29,UA-43,-1.2,0.0,93,2.33
2024-12-29,UA-46,-0.9,0.0,95,2.21
2024-12-29,UA-48,-0.5,0.0,90,1.68
2024-12-29,UA-51,-0.0,0.0,89,1.91
2024-12-29,UA-53,-1.6,0.0,96,2.01
2024-12-29,UA-56,-0.7,0.4,98,2.71
2024-12-29,UA-59,-0.7,0.0,97,2.14
2024-12-29,UA-61,-1.3,0.0,97,2.15
2024-12-29,UA-63,-1.1,0.0,95,1.7
2024-12-29,UA-65,-1.0,0.0,88,1.74
2024-12-29,UA-68,-1.1,0.0,99,2.34
2024-12-29,UA-71,-0.3,0.0,97,2.03
2024-12-29,UA-74,-0.5,0.4,98,2.53
2024-12-29,UA-77,-0.6,1.6,98,1.39
2024-12-30,UA-05,0.3,0.0,91,3.62
2024-12-30,UA-07,0.0,0.0,94,4.92
2024-12-30,UA-09,-2.0,0.0,90,3.26
2024-12-30,UA-12,-1.0,0.1,95,3.68
2024-12-30,UA-14,-2.5,0.4,93,2.77
2024-12-30,UA-18,0.0,0.1,95,4.26
2024-12-30,UA-21,-0.1,0.4,94,1.52
2024-12-30,UA-23,-0.3,0.9,91,4.31
2024-12-30,UA-26,-0.2,0.0,85,2.3
2024-12-30,UA-30,-0.0,0.1,97,3.79
2024-12-30,UA-32,0.4,0.0,94,3.41
2024-12-30,UA-35,-0.7,0.2,98,3.26
2024-12-30,UA-40,4.3,0.0,84,2.62
2024-12-30,UA-43,-0.4,0.0,90,1.43
2024-12-30,UA-46,0.4,0.0,80,4.67
2024-12-30,UA-48,-0.2,0.0,95,3.2
2024-12-30,UA-51,0.4,0.0,91,3.12
2024-12-30,UA-53,-1.0,1.1,97,3.52
2024-12-30,UA-56,0.3,0.0,93,4.92
2024-12-30,UA-59,-0.4,0.6,97,3.94
2024-12-30,UA-61,0.9,0.0,81,4.83
2024-12-30,UA-63,-0.7,1.1,97,3.66
2024-12-30,UA-65,-0.7,0.0,93,2.88
2024-12-30,UA-68,0.3,0.0,88,4.11
2024-12-30,UA-71,0.3,0.0,94,3.22
2024-12-30,UA-74,-0.2,0.7,97,4.18
2024-12-30,UA-77,0.5,0.0,90,1.85
2024-12-31,UA-05,2.6,0.0,75,4.21
2024-12-31,UA-07,1.3,0.0,82,5.53
2024-12-31,UA-09,0.4,0.0,91,4.62
2024-12-31,UA-12,0.8,0.0,91,3.89
2024-12-31,UA-14,-0.7,0.6,96,3.95
2024-12-31,UA-18,1.8,0.0,84,5.26
2024-12-31,UA-21,-0.1,0.2,91,2.45
2024-12-31,UA-23,1.3,1.1,90,4.83
2024-12-31,UA-26,1.8,0.0,73,2.9
2024-12-31,UA-30,1.5,0.0,90,5.02
2024-12-31,UA-32,2.4,0.0,82,4.36
2024-12-31,UA-35,1.9,0.0,86,4.08
2024-12-31,UA-40,6.9,0.0,84,4.85
2024-12-31,UA-43,4.3,0.0,91,4.31
2024-12-31,UA-46,1.4,0.0,73,4.55
2024-12-31,UA-48,2.3,0.0,86,3.66
2024-12-31,UA-51,2.3,0.0,85,3.85
2024-12-31,UA-53,0.3,0.0,94,4.27
2024-12-31,UA-56,1.7,0.0,81,5.56
2024-12-31,UA-59,0.8,0.5,95,5.13
2024-12-31,UA-61,2.1,0.0,71,4.58
2024-12-31,UA-63,0.4,0.4,96,4.49
2024-12-31,UA-65,1.8,0.0,88,3.67
2024-12-31,UA-68,2.2,0.0,74,4.47
2024-12-31,UA-71,2.0,0.0,86,4.25
2024-12-31,UA-74,1.4,0.3,94,5.58
2024-12-31,UA-77,1.7,0.0,81,2.44
