date,region,temperature,precipitation,humidity,wind
2023-01-01,UA-05,9.3,0.0,77,4.36
2023-01-01,UA-07,10.9,0.0,73,6.43
2023-01-01,UA-09,5.2,1.4,88,6.01
2023-01-01,UA-12,5.6,0.0,89,5.08
2023-01-01,UA-14,4.4,0.4,91,4.94
2023-01-01,UA-18,10.0,0.0,74,5.59
2023-01-01,UA-21,9.8,0.0,85,2.75
2023-01-01,UA-23,5.4,0.0,92,5.49
2023-01-01,UA-26,13.2,0.0,61,6.14
2023-01-01,UA-30,9.3,0.0,76,5.6
2023-01-01,UA-32,9.5,0.0,75,4.8
2023-01-01,UA-35,7.3,0.0,87,4.51
2023-01-01,UA-40,10.3,0.0,86,3.68
2023-01-01,UA-43,8.1,0.0,82,3.89
2023-01-01,UA-46,11.8,0.0,70,6.41
2023-01-01,UA-48,6.5,0.0,90,3.21
2023-01-01,UA-51,7.0,0.0,86,3.17
2023-01-01,UA-53,5.7,0.1,87,5.07
2023-01-01,UA-56,11.1,0.0,72,6.13
2023-01-01,UA-59,6.6,0.7,88,5.9
2023-01-01,UA-61,11.3,0.0,70,5.52
2023-01-01,UA-63,5.6,1.5,90,5.72
2023-01-01,UA-65,6.5,0.0,91,3.52
2023-01-01,UA-68,10.1,0.0,76,4.81
2023-01-01,UA-71,8.2,0.0,79,4.87
2023-01-01,UA-74,8.7,0.4,80,6.1
2023-01-01,UA-77,11.5,0.0,70,3.49
2023-01-02,UA-05,7.7,0.0,85,2.44
2023-01-02,UA-07,8.8,0.0,84,4.05
2023-01-02,UA-09,7.3,0.0,86,4.51
2023-01-02,UA-12,6.8,0.0,88,2.97
2023-01-02,UA-14,6.0,0.0,90,3.58
2023-01-02,UA-18,7.8,0.0,85,3.25
2023-01-02,UA-21,8.5,0.0,85,2.35
2023-01-02,UA-23,6.1,0.0,92,3.59
2023-01-02,UA-26,8.8,0.0,79,2.01
2023-01-02,UA-30,7.5,0.0,84,3.23
2023-01-02,UA-32,7.9,0.0,84,2.75
2023-01-02,UA-35,8.1,0.0,86,2.73
2023-01-02,UA-40,10.9,0.0,78,2.86
2023-01-02,UA-43,9.0,0.0,72,3.64
2023-01-02,UA-46,10.1,0.0,78,3.48
2023-01-02,UA-48,7.2,0.0,88,2.69
2023-01-02,UA-51,7.7,0.0,87,2.82
2023-01-02,UA-53,6.2,0.0,87,3.18
2023-01-02,UA-56,8.9,0.0,84,3.61
2023-01-02,UA-59,6.8,0.0,85,3.93
2023-01-02,UA-61,8.6,0.0,82,2.83
2023-01-02,UA-63,7.0,0.0,86,3.69
2023-01-02,UA-65,7.6,0.0,88,3.17
2023-01-02,UA-68,7.6,0.0,85,2.65
2023-01-02,UA-71,7.6,0.0,84,2.76
2023-01-02,UA-74,7.4,0.0,86,3.6
2023-01-02,UA-77,7.7,0.0,83,1.67
2023-01-03,UA-05,6.3,0.0,85,4.0
2023-01-03,UA-07,6.6,0.0,81,5.23
2023-01-03,UA-09,6.8,0.0,86,5.05
2023-01-03,UA-12,5.8,0.0,92,4.54
2023-01-03,UA-14,6.1,0.0,88,4.18
2023-01-03,UA-18,6.1,0.0,84,5.14
2023-01-03,UA-21,8.6,0.0,86,1.52
2023-01-03,UA-23,6.2,0.1,90,4.66
2023-01-03,UA-26,8.2,0.0,76,4.19
2023-01-03,UA-30,5.9,0.0,85,4.96
2023-01-03,UA-32,6.2,0.0,85,4.19
2023-01-03,UA-35,5.9,0.0,93,3.94
2023-01-03,UA-40,9.5,0.0,81,3.19
2023-01-03,UA-43,6.6,0.0,73,2.87
2023-01-03,UA-46,7.4,0.0,81,4.9
2023-01-03,UA-48,7.3,0.0,88,3.45
2023-01-03,UA-51,7.9,0.0,85,3.77
2023-01-03,UA-53,4.4,0.0,95,4.45
2023-01-03,UA-56,6.8,0.0,82,5.25
2023-01-03,UA-59,5.4,0.0,89,5.52
2023-01-03,UA-61,7.1,0.0,81,4.98
2023-01-03,UA-63,5.2,0.0,94,4.82
2023-01-03,UA-65,7.2,0.0,88,3.74
2023-01-03,UA-68,6.4,0.0,84,4.58
2023-01-03,UA-71,5.5,0.0,90,3.87
2023-01-03,UA-74,5.9,0.0,82,5.76
2023-01-03,UA-77,7.3,0.0,81,3.21
2023-01-04,UA-05,1.9,0.0,77,4.01
2023-01-04,UA-07,2.8,2.6,76,4.78
2023-01-04,UA-09,3.8,0.0,76,5.12
2023-01-04,UA-12,3.3,0.0,78,4.62
2023-01-04,UA-14,3.0,0.0,77,4.21
2023-01-04,UA-18,2.1,0.8,78,5.0
2023-01-04,UA-21,5.9,1.7,77,2.65
2023-01-04,UA-23,4.1,0.0,79,4.43
2023-01-04,UA-26,3.9,0.1,73,3.53
2023-01-04,UA-30,1.7,0.0,81,4.43
2023-01-04,UA-32,2.3,0.5,79,4.41
2023-01-04,UA-35,3.3,0.0,81,4.0
2023-01-04,UA-40,7.1,0.0,85,5.16
2023-01-04,UA-43,3.8,0.0,92,1.48
2023-01-04,UA-46,3.5,1.1,77,4.25
2023-01-04,UA-48,4.4,0.0,79,3.53
2023-01-04,UA-51,4.2,0.0,80,3.62
2023-01-04,UA-53,1.6,0.1,74,4.84
2023-01-04,UA-56,2.6,1.7,75,4.72
2023-01-04,UA-59,1.4,0.5,79,5.5
2023-01-04,UA-61,2.1,0.6,79,3.93
2023-01-04,UA-63,2.1,0.0,76,5.27
2023-01-04,UA-65,4.3,0.0,80,3.29
2023-01-04,UA-68,1.6,0.4,79,4.07
2023-01-04,UA-71,2.6,0.1,82,4.11
2023-01-04,UA-74,1.2,0.0,73,4.99
2023-01-04,UA-77,3.4,0.0,77,2.98
2023-01-05,UA-05,4.7,4.3,85,5.5
2023-01-05,UA-07,6.3,12.2,89,7.29
2023-01-05,UA-09,2.0,5.1,84,5.64
2023-01-05,UA-12,3.0,4.5,89,5.56
2023-01-05,UA-14,1.6,6.3,87,4.65
2023-01-05,UA-18,4.7,7.0,89,6.45
2023-01-05,UA-21,7.8,8.2,87,4.1
2023-01-05,UA-23,3.7,4.4,89,6.18
2023-01-05,UA-26,7.6,4.4,71,7.72
2023-01-05,UA-30,3.8,8.9,91,5.82
2023-01-05,UA-32,4.3,6.1,88,5.57
2023-01-05,UA-35,3.1,4.0,88,5.45
2023-01-05,UA-40,7.6,3.8,81,6.28
2023-01-05,UA-43,4.5,2.5,88,4.95
2023-01-05,UA-46,6.6,7.6,83,8.29
2023-01-05,UA-48,4.3,1.5,89,4.93
2023-01-05,UA-51,4.8,0.5,85,5.53
2023-01-05,UA-53,1.7,5.6,90,5.43
2023-01-05,UA-56,6.2,13.0,88,6.98
2023-01-05,UA-59,0.8,8.6,93,5.01
2023-01-05,UA-61,6.2,6.5,82,7.56
2023-01-05,UA-63,1.1,5.8,89,5.21
2023-01-05,UA-65,4.4,1.3,89,4.95
2023-01-05,UA-68,5.5,5.3,84,6.55
2023-01-05,UA-71,3.4,5.5,88,5.4
2023-01-05,UA-74,2.5,11.0,96,4.92
2023-01-05,UA-77,7.9,0.6,65,5.05
2023-01-06,UA-05,0.9,1.5,83,4.5
2023-01-06,UA-07,-0.4,2.3,87,3.97
2023-01-06,UA-09,-1.1,6.0,89,5.38
2023-01-06,UA-12,0.5,1.5,86,5.39
2023-01-06,UA-14,-0.6,3.4,93,4.94
2023-01-06,UA-18,-1.2,2.1,84,4.46
2023-01-06,UA-21,5.8,0.2,74,2.43
2023-01-06,UA-23,1.9,1.1,86,6.44
2023-01-06,UA-26,2.7,1.3,84,4.74
2023-01-06,UA-30,-2.1,2.0,86,4.76
2023-01-06,UA-32,0.0,1.8,84,4.54
2023-01-06,UA-35,2.1,0.7,87,4.59
2023-01-06,UA-40,8.1,5.3,84,7.49
2023-01-06,UA-43,5.3,3.3,92,4.28
2023-01-06,UA-46,2.1,2.0,85,4.32
2023-01-06,UA-48,4.2,0.9,85,4.86
2023-01-06,UA-51,5.0,0.0,76,6.2
2023-01-06,UA-53,-2.4,1.7,82,5.31
2023-01-06,UA-56,-0.2,1.8,86,3.92
2023-01-06,UA-59,-8.2,1.4,82,5.08
2023-01-06,UA-61,1.3,1.9,87,4.44
2023-01-06,UA-63,-5.3,2.9,83,5.0
2023-01-06,UA-65,3.7,1.0,85,4.65
2023-01-06,UA-68,0.7,1.9,87,4.29
2023-01-06,UA-71,0.5,0.6,85,4.8
2023-01-06,UA-74,-5.4,0.2,79,4.6
2023-01-06,UA-77,3.3,0.5,80,5.07
2023-01-07,UA-05,-2.8,1.6,83,2.61
2023-01-07,UA-07,-2.1,1.9,95,3.08
2023-01-07,UA-09,-14.6,0.0,71,3.27
2023-01-07,UA-12,-10.1,0.0,71,2.8
2023-01-07,UA-14,-13.1,0.0,70,2.79
2023-01-07,UA-18,-5.5,0.2,77,3.32
2023-01-07,UA-21,4.9,2.8,90,2.01
2023-01-07,UA-23,-7.9,0.0,69,3.82
2023-01-07,UA-26,3.7,2.4,90,2.85
2023-01-07,UA-30,-9.0,0.0,78,2.76
2023-01-07,UA-32,-5.6,0.0,75,2.53
2023-01-07,UA-35,-5.5,0.0,77,2.46
2023-01-07,UA-40,3.1,1.1,73,3.24
2023-01-07,UA-43,-1.7,0.2,78,2.26
2023-01-07,UA-46,3.1,3.3,94,3.16
2023-01-07,UA-48,-1.9,0.0,83,2.92
2023-01-07,UA-51,0.9,1.2,76,2.69
2023-01-07,UA-53,-12.1,0.0,69,2.39
2023-01-07,UA-56,-2.4,2.5,91,3.51
2023-01-07,UA-59,-16.4,0.0,74,2.23
2023-01-07,UA-61,0.7,4.5,97,2.39
2023-01-07,UA-63,-15.1,0.0,71,2.81
2023-01-07,UA-65,-2.4,0.1,81,2.57
2023-01-07,UA-68,-2.0,3.1,94,3.09
2023-01-07,UA-71,-7.5,0.0,78,2.61
2023-01-07,UA-74,-12.1,0.0,73,2.63
2023-01-07,UA-77,2.0,1.2,90,1.85
2023-01-08,UA-05,-3.7,0.3,86,4.2
2023-01-08,UA-07,-1.3,0.0,95,5.22
2023-01-08,UA-09,-15.7,0.0,75,1.24
2023-01-08,UA-12,-11.4,0.0,76,2.64
2023-01-08,UA-14,-14.5,0.0,72,1.48
2023-01-08,UA-18,-4.3,0.0,80,4.56
2023-01-08,UA-21,5.9,1.3,86,3.41
2023-01-08,UA-23,-9.4,0.0,70,3.62
2023-01-08,UA-26,1.0,0.0,96,5.17
2023-01-08,UA-30,-8.0,0.0,79,4.35
2023-01-08,UA-32,-5.8,0.0,76,3.96
2023-01-08,UA-35,-8.7,0.0,77,3.48
2023-01-08,UA-40,2.3,1.7,78,4.89
2023-01-08,UA-43,-3.8,0.0,77,4.01
2023-01-08,UA-46,1.2,0.0,93,5.56
2023-01-08,UA-48,-5.1,0.2,75,4.81
2023-01-08,UA-51,-1.5,2.0,89,6.56
2023-01-08,UA-53,-12.6,0.0,68,2.54
2023-01-08,UA-56,-1.7,0.0,93,5.15
2023-01-08,UA-59,-13.5,0.0,73,2.18
2023-01-08,UA-61,-1.2,0.0,99,5.08
2023-01-08,UA-63,-14.5,0.0,73,1.58
2023-01-08,UA-65,-5.4,0.0,72,4.49
2023-01-08,UA-68,-2.8,0.0,95,4.73
2023-01-08,UA-71,-8.1,0.0,80,3.72
2023-01-08,UA-74,-9.9,0.0,73,4.23
2023-01-08,UA-77,0.5,0.0,98,4.79
2023-01-09,UA-05,-0.4,1.2,94,6.0
2023-01-09,UA-07,1.1,2.2,94,5.85
2023-01-09,UA-09,-13.2,0.0,73,3.39
2023-01-09,UA-12,-8.0,0.0,69,4.94
2023-01-09,UA-14,-12.2,0.0,64,3.87
2023-01-09,UA-18,-1.3,0.6,89,6.51
2023-01-09,UA-21,7.8,4.1,82,3.79
2023-01-09,UA-23,-6.1,0.0,69,6.11
2023-01-09,UA-26,3.3,0.2,90,4.77
2023-01-09,UA-30,-4.1,1.1,80,6.32
2023-01-09,UA-32,-2.9,0.6,81,5.96
2023-01-09,UA-35,-4.9,0.7,76,5.61
2023-01-09,UA-40,3.7,0.0,68,6.73
2023-01-09,UA-43,-1.5,0.0,76,3.32
2023-01-09,UA-46,3.7,1.1,87,5.46
2023-01-09,UA-48,-2.2,0.6,73,5.75
2023-01-09,UA-51,3.5,1.8,85,7.69
2023-01-09,UA-53,-8.7,0.0,64,5.34
2023-01-09,UA-56,1.0,0.9,95,6.33
2023-01-09,UA-59,-8.8,0.0,63,5.6
2023-01-09,UA-61,1.2,0.1,97,5.68
2023-01-09,UA-63,-10.5,0.0,65,4.16
2023-01-09,UA-65,-2.6,0.0,72,5.45
2023-01-09,UA-68,1.0,0.1,96,6.44
2023-01-09,UA-71,-4.9,1.4,78,5.5
2023-01-09,UA-74,-5.9,2.3,81,6.66
2023-01-09,UA-77,3.7,0.0,90,5.33
2023-01-10,UA-05,-2.0,3.9,87,5.92
2023-01-10,UA-07,1.9,5.3,95,4.72
2023-01-10,UA-09,-14.4,0.0,70,6.82
2023-01-10,UA-12,-8.2,0.0,56,7.26
2023-01-10,UA-14,-13.0,0.0,64,6.3
2023-01-10,UA-18,-2.3,3.5,78,6.4
2023-01-10,UA-21,7.2,6.3,87,3.62
2023-01-10,UA-23,-6.3,0.0,64,8.98
2023-01-10,UA-26,3.5,3.7,94,4.42
2023-01-10,UA-30,-4.4,1.3,68,6.53
2023-01-10,UA-32,-3.4,3.1,73,5.72
2023-01-10,UA-35,-4.9,0.0,70,6.32
2023-01-10,UA-40,7.6,0.0,75,8.61
2023-01-10,UA-43,2.4,0.0,86,4.09
2023-01-10,UA-46,4.0,3.3,93,3.42
2023-01-10,UA-48,-1.7,0.0,82,7.12
2023-01-10,UA-51,2.4,0.0,89,8.84
2023-01-10,UA-53,-8.1,0.0,49,7.19
2023-01-10,UA-56,1.2,5.0,92,5.5
2023-01-10,UA-59,-8.2,0.0,52,7.42
2023-01-10,UA-61,1.8,4.6,96,5.42
2023-01-10,UA-63,-10.6,0.0,57,6.85
2023-01-10,UA-65,-1.9,0.0,81,6.82
2023-01-10,UA-68,0.1,3.4,93,6.23
2023-01-10,UA-71,-5.2,0.0,67,6.48
2023-01-10,UA-74,-4.4,0.1,53,7.21
2023-01-10,UA-77,3.5,2.5,97,5.58
2023-01-11,UA-05,-6.1,0.1,87,3.82
2023-01-11,UA-07,0.2,0.6,97,3.89
2023-01-11,UA-09,-12.2,0.0,70,7.09
2023-01-11,UA-12,-8.3,0.0,72,5.61
2023-01-11,UA-14,-10.7,0.0,75,6.86
2023-01-11,UA-18,-6.2,1.3,87,4.27
2023-01-11,UA-21,7.0,0.0,81,2.72
2023-01-11,UA-23,-6.0,0.0,75,7.16
2023-01-11,UA-26,0.8,1.8,97,4.58
2023-01-11,UA-30,-8.1,0.9,76,4.62
2023-01-11,UA-32,-7.0,0.4,76,3.81
2023-01-11,UA-35,-7.9,0.0,78,4.0
2023-01-11,UA-40,7.9,0.0,75,5.02
2023-01-11,UA-43,1.2,0.0,89,4.63
2023-01-11,UA-46,1.5,0.2,95,3.79
2023-01-11,UA-48,-5.0,0.0,82,5.34
2023-01-11,UA-51,-2.5,0.0,90,6.35
2023-01-11,UA-53,-8.8,0.0,66,5.33
2023-01-11,UA-56,-1.4,1.2,95,4.2
2023-01-11,UA-59,-9.0,0.0,61,5.84
2023-01-11,UA-61,-0.9,1.2,98,4.64
2023-01-11,UA-63,-9.8,0.0,64,6.07
2023-01-11,UA-65,-4.6,0.0,83,5.31
2023-01-11,UA-68,-3.6,0.8,92,4.42
2023-01-11,UA-71,-8.4,0.0,76,4.34
2023-01-11,UA-74,-7.3,0.7,62,5.26
2023-01-11,UA-77,-0.6,0.4,98,4.92
2023-01-12,UA-05,-4.9,0.1,95,2.44
2023-01-12,UA-07,0.6,0.0,97,3.71
2023-01-12,UA-09,-5.8,0.0,85,5.6
2023-01-12,UA-12,-4.9,0.0,84,4.16
2023-01-12,UA-14,-5.7,0.0,88,4.95
2023-01-12,UA-18,-5.3,0.0,96,3.4
2023-01-12,UA-21,5.5,0.0,89,1.95
2023-01-12,UA-23,-3.1,0.0,83,5.44
2023-01-12,UA-26,-0.7,0.0,90,2.92
2023-01-12,UA-30,-6.1,0.0,89,3.43
2023-01-12,UA-32,-4.9,0.0,88,2.47
2023-01-12,UA-35,-5.4,0.0,89,2.8
2023-01-12,UA-40,8.4,0.0,77,3.26
2023-01-12,UA-43,1.9,0.7,87,3.43
2023-01-12,UA-46,1.8,0.0,93,3.13
2023-01-12,UA-48,-3.2,0.0,90,4.02
2023-01-12,UA-51,-1.6,0.0,91,4.44
2023-01-12,UA-53,-5.9,0.0,82,4.05
2023-01-12,UA-56,-1.6,0.0,95,3.72
2023-01-12,UA-59,-6.5,0.0,80,4.54
2023-01-12,UA-61,-2.2,0.0,93,3.05
2023-01-12,UA-63,-6.2,0.0,81,4.67
2023-01-12,UA-65,-3.0,0.0,89,4.16
2023-01-12,UA-68,-4.0,0.0,96,3.12
2023-01-12,UA-71,-6.0,0.0,89,2.91
2023-01-12,UA-74,-5.9,0.0,82,4.35
2023-01-12,UA-77,-2.2,0.1,93,2.59
2023-01-13,UA-05,-2.4,0.2,96,2.54
2023-01-13,UA-07,1.5,0.1,92,4.58
2023-01-13,UA-09,-2.8,0.7,91,4.78
2023-01-13,UA-12,-1.8,0.0,88,2.59
2023-01-13,UA-14,-2.3,0.2,92,3.71
2023-01-13,UA-18,-2.0,0.0,95,3.33
2023-01-13,UA-21,5.7,0.5,86,3.09
2023-01-13,UA-23,-1.1,0.0,86,3.63
2023-01-13,UA-26,0.5,0.0,89,2.84
2023-01-13,UA-30,-3.9,0.0,87,3.35
2023-01-13,UA-32,-3.2,0.0,89,2.61
2023-01-13,UA-35,-3.3,0.0,92,1.86
2023-01-13,UA-40,7.7,0.0,75,1.8
2023-01-13,UA-43,0.7,0.0,85,2.69
2023-01-13,UA-46,3.5,0.0,83,3.76
2023-01-13,UA-48,-2.2,0.0,93,2.7
2023-01-13,UA-51,-1.4,0.0,92,2.92
2023-01-13,UA-53,-2.9,0.0,86,2.5
2023-01-13,UA-56,-0.8,0.0,94,4.32
2023-01-13,UA-59,-3.3,0.0,87,3.33
2023-01-13,UA-61,-1.0,0.0,95,3.5
2023-01-13,UA-63,-2.8,0.0,88,3.32
2023-01-13,UA-65,-2.3,0.0,93,2.8
2023-01-13,UA-68,-2.3,0.0,98,3.34
2023-01-13,UA-71,-4.3,0.0,91,2.18
2023-01-13,UA-74,-4.4,0.0,86,3.98
2023-01-13,UA-77,-0.3,0.0,95,2.5
2023-01-14,UA-05,-1.7,0.0,98,1.85
2023-01-14,UA-07,3.1,0.3,94,3.32
2023-01-14,UA-09,-2.7,1.6,91,5.05
2023-01-14,UA-12,-1.2,0.0,88,2.42
2023-01-14,UA-14,-1.9,0.4,92,3.48
2023-01-14,UA-18,-1.0,0.0,99,2.59
2023-01-14,UA-21,5.6,2.5,91,1.85
2023-01-14,UA-23,-0.3,0.4,86,3.4
2023-01-14,UA-26,1.2,0.3,93,1.93
2023-01-14,UA-30,-2.4,0.0,90,2.5
2023-01-14,UA-32,-2.5,0.0,93,1.95
2023-01-14,UA-35,-1.7,0.0,90,1.19
2023-01-14,UA-40,5.3,0.0,82,1.43
2023-01-14,UA-43,-0.2,0.0,88,1.92
2023-01-14,UA-46,4.0,1.2,89,2.81
2023-01-14,UA-48,-0.9,0.0,91,1.78
2023-01-14,UA-51,-1.1,0.0,90,2.43
2023-01-14,UA-53,-2.1,0.0,87,2.25
2023-01-14,UA-56,1.4,0.1,96,3.1
2023-01-14,UA-59,-2.1,0.0,86,3.18
2023-01-14,UA-61,0.7,0.0,95,2.58
2023-01-14,UA-63,-2.4,0.1,88,3.15
2023-01-14,UA-65,-1.0,0.0,89,1.9
2023-01-14,UA-68,-0.7,0.0,98,2.67
2023-01-14,UA-71,-2.3,0.0,91,1.6
2023-01-14,UA-74,-2.6,0.0,88,3.34
2023-01-14,UA-77,-0.6,0.0,99,1.71
2023-01-15,UA-05,-1.4,0.1,98,3.33
2023-01-15,UA-07,1.8,1.0,88,5.47
2023-01-15,UA-09,-2.5,1.2,93,3.9
2023-01-15,UA-12,-1.8,0.0,91,1.85
2023-01-15,UA-14,-2.7,1.3,94,2.76
2023-01-15,UA-18,-0.4,0.1,96,4.11
2023-01-15,UA-21,5.5,2.2,82,4.05
2023-01-15,UA-23,-0.6,1.0,88,2.2
2023-01-15,UA-26,1.3,0.0,87,3.13
2023-01-15,UA-30,-1.3,0.1,90,3.62
2023-01-15,UA-32,-1.2,0.1,91,3.04
2023-01-15,UA-35,-1.1,0.0,88,1.82
2023-01-15,UA-40,3.4,0.0,81,2.74
2023-01-15,UA-43,0.1,0.0,89,1.33
2023-01-15,UA-46,3.3,3.4,78,4.42
2023-01-15,UA-48,-0.2,0.0,88,1.46
2023-01-15,UA-51,0.4,0.0,91,2.04
2023-01-15,UA-53,-2.7,0.0,89,2.24
2023-01-15,UA-56,-0.1,0.0,96,5.13
2023-01-15,UA-59,-2.7,0.0,86,3.2
2023-01-15,UA-61,-0.3,0.0,96,4.34
2023-01-15,UA-63,-3.3,0.2,88,2.78
2023-01-15,UA-65,-0.4,0.0,85,1.42
2023-01-15,UA-68,-1.0,0.0,99,4.59
2023-01-15,UA-71,-1.4,0.0,90,2.62
2023-01-15,UA-74,-1.7,0.0,89,4.41
2023-01-15,UA-77,0.4,0.0,96,3.47
2023-01-16,UA-05,1.2,0.8,95,3.9
2023-01-16,UA-07,1.9,2.6,95,3.97
2023-01-16,UA-09,-0.9,0.6,84,2.78
2023-01-16,UA-12,-0.6,0.2,93,3.59
2023-01-16,UA-14,-1.8,0.1,91,2.47
2023-01-16,UA-18,0.6,1.1,94,4.15
2023-01-16,UA-21,4.7,12.4,90,3.92
2023-01-16,UA-23,0.6,0.5,89,3.78
2023-01-16,UA-26,1.0,1.8,96,3.79
2023-01-16,UA-30,0.7,0.8,94,4.5
2023-01-16,UA-32,1.4,0.9,94,4.23
2023-01-16,UA-35,1.0,1.5,93,5.01
2023-01-16,UA-40,6.6,0.0,79,5.3
2023-01-16,UA-43,2.8,0.0,85,1.86
2023-01-16,UA-46,2.1,5.3,94,3.85
2023-01-16,UA-48,2.9,0.0,90,4.68
2023-01-16,UA-51,5.8,0.3,85,6.21
2023-01-16,UA-53,-1.5,0.4,93,4.3
2023-01-16,UA-56,1.2,1.3,93,4.01
2023-01-16,UA-59,-1.9,0.0,91,5.01
2023-01-16,UA-61,0.3,1.6,97,3.83
2023-01-16,UA-63,-2.2,0.1,91,2.96
2023-01-16,UA-65,2.2,0.0,88,3.99
2023-01-16,UA-68,0.4,0.3,97,4.04
2023-01-16,UA-71,0.7,0.2,92,4.69
2023-01-16,UA-74,-0.1,1.5,94,5.01
2023-01-16,UA-77,0.4,0.0,99,3.0
2023-01-17,UA-05,4.8,0.2,92,4.79
2023-01-17,UA-07,2.9,2.6,91,4.33
2023-01-17,UA-09,0.3,0.0,87,5.42
2023-01-17,UA-12,2.9,1.9,88,6.1
2023-01-17,UA-14,-0.1,0.0,86,5.01
2023-01-17,UA-18,4.3,1.2,92,5.25
2023-01-17,UA-21,6.8,13.6,87,4.12
2023-01-17,UA-23,3.2,3.3,88,6.82
2023-01-17,UA-26,4.0,1.3,85,3.53
2023-01-17,UA-30,4.4,3.6,94,6.42
2023-01-17,UA-32,5.6,1.6,93,5.6
2023-01-17,UA-35,5.9,0.8,91,6.65
2023-01-17,UA-40,10.2,0.8,77,7.45
2023-01-17,UA-43,8.3,0.3,68,4.2
2023-01-17,UA-46,3.6,2.6,86,4.26
2023-01-17,UA-48,7.7,0.1,86,6.44
2023-01-17,UA-51,8.7,0.1,87,7.64
2023-01-17,UA-53,2.3,2.1,87,6.39
2023-01-17,UA-56,3.4,0.9,89,4.44
2023-01-17,UA-59,1.8,1.9,86,6.98
2023-01-17,UA-61,3.0,1.5,89,3.91
2023-01-17,UA-63,1.2,1.4,84,5.74
2023-01-17,UA-65,7.6,1.3,84,5.79
2023-01-17,UA-68,3.7,0.3,90,4.76
2023-01-17,UA-71,4.6,4.9,92,6.19
2023-01-17,UA-74,3.2,6.6,95,7.22
2023-01-17,UA-77,4.7,0.3,83,3.36
2023-01-18,UA-05,7.3,1.0,90,5.07
2023-01-18,UA-07,5.7,6.3,88,5.43
2023-01-18,UA-09,0.8,0.1,89,5.57
2023-01-18,UA-12,5.9,5.4,88,7.23
2023-01-18,UA-14,1.2,0.5,83,5.07
2023-01-18,UA-18,6.7,0.9,91,5.78
2023-01-18,UA-21,8.4,15.0,85,4.63
2023-01-18,UA-23,5.9,3.0,86,8.01
2023-01-18,UA-26,7.6,2.7,74,4.89
2023-01-18,UA-30,7.5,0.8,94,5.9
2023-01-18,UA-32,8.1,0.5,93,5.47
2023-01-18,UA-35,9.3,0.6,90,6.94
2023-01-18,UA-40,12.3,1.2,70,7.16
2023-01-18,UA-43,12.2,2.2,59,4.28
2023-01-18,UA-46,6.3,5.0,80,5.54
2023-01-18,UA-48,10.0,0.4,85,7.4
2023-01-18,UA-51,10.0,0.2,87,7.88
2023-01-18,UA-53,5.6,3.1,89,7.39
2023-01-18,UA-56,6.0,5.1,87,5.28
2023-01-18,UA-59,4.5,2.4,91,7.84
2023-01-18,UA-61,6.4,3.0,82,4.87
2023-01-18,UA-63,2.8,8.8,90,6.8
2023-01-18,UA-65,10.7,1.0,80,6.97
2023-01-18,UA-68,6.5,0.9,87,5.38
2023-01-18,UA-71,8.2,0.3,90,6.12
2023-01-18,UA-74,6.9,1.3,96,7.11
2023-01-18,UA-77,8.1,3.4,77,3.99
2023-01-19,UA-05,7.4,2.3,90,4.02
2023-01-19,UA-07,2.5,6.7,95,2.47
2023-01-19,UA-09,2.0,0.0,86,5.4
2023-01-19,UA-12,7.2,0.0,80,6.44
2023-01-19,UA-14,2.6,0.0,80,4.96
2023-01-19,UA-18,6.1,1.1,92,3.71
2023-01-19,UA-21,6.5,22.5,91,1.89
2023-01-19,UA-23,6.6,0.5,82,7.13
2023-01-19,UA-26,6.5,5.6,87,2.59
2023-01-19,UA-30,6.2,0.1,96,4.14
2023-01-19,UA-32,7.0,0.0,94,4.17
2023-01-19,UA-35,9.1,0.0,89,5.93
2023-01-19,UA-40,12.2,0.0,67,5.93
2023-01-19,UA-43,11.9,0.0,54,3.47
2023-01-19,UA-46,3.1,12.2,93,2.38
2023-01-19,UA-48,10.5,0.0,79,6.9
2023-01-19,UA-51,9.9,0.0,83,8.12
2023-01-19,UA-53,6.9,0.0,82,6.43
2023-01-19,UA-56,4.0,6.6,92,2.54
2023-01-19,UA-59,6.6,0.0,85,6.89
2023-01-19,UA-61,5.8,6.5,89,3.18
2023-01-19,UA-63,5.1,0.1,83,5.88
2023-01-19,UA-65,11.2,0.0,73,6.12
2023-01-19,UA-68,7.2,2.4,87,3.78
2023-01-19,UA-71,7.9,0.0,91,4.92
2023-01-19,UA-74,5.7,1.5,97,4.45
2023-01-19,UA-77,8.8,1.7,80,2.77
2023-01-20,UA-05,7.0,0.0,91,3.14
2023-01-20,UA-07,1.3,5.1,94,3.67
2023-01-20,UA-09,-0.3,0.0,77,6.37
2023-01-20,UA-12,3.3,0.0,80,5.34
2023-01-20,UA-14,0.1,0.0,80,5.78
2023-01-20,UA-18,5.5,0.0,93,2.93
2023-01-20,UA-21,4.1,13.3,89,3.16
2023-01-20,UA-23,3.7,0.0,78,6.25
2023-01-20,UA-26,1.9,14.8,97,2.28
2023-01-20,UA-30,6.7,0.0,89,4.3
2023-01-20,UA-32,7.5,0.0,87,3.83
2023-01-20,UA-35,6.7,0.0,78,5.27
2023-01-20,UA-40,11.7,0.0,66,5.17
2023-01-20,UA-43,9.5,0.0,63,3.21
2023-01-20,UA-46,1.0,7.7,94,3.64
2023-01-20,UA-48,8.1,0.0,75,4.76
2023-01-20,UA-51,8.1,0.0,84,5.52
2023-01-20,UA-53,3.5,0.0,79,5.8
2023-01-20,UA-56,2.1,8.0,96,3.49
2023-01-20,UA-59,4.1,0.0,76,6.49
2023-01-20,UA-61,2.6,9.3,96,3.84
2023-01-20,UA-63,2.0,0.0,77,5.74
2023-01-20,UA-65,7.3,0.0,74,4.74
2023-01-20,UA-68,4.3,3.2,94,3.61
2023-01-20,UA-71,6.6,0.0,81,4.97
2023-01-20,UA-74,6.4,0.0,91,4.77
2023-01-20,UA-77,4.1,9.0,94,2.19
2023-01-21,UA-05,2.4,0.0,95,3.25
2023-01-21,UA-07,3.9,4.4,97,3.27
2023-01-21,UA-09,-2.2,0.0,73,6.17
2023-01-21,UA-12,0.3,0.0,85,4.3
2023-01-21,UA-14,-1.5,0.0,81,5.29
2023-01-21,UA-18,1.6,0.0,97,3.57
2023-01-21,UA-21,2.8,2.4,91,1.67
2023-01-21,UA-23,1.4,0.0,83,4.7
2023-01-21,UA-26,0.8,3.5,96,1.67
2023-01-21,UA-30,0.9,0.5,94,4.11
2023-01-21,UA-32,1.8,0.0,94,3.36
2023-01-21,UA-35,2.5,0.0,95,4.2
2023-01-21,UA-40,9.7,0.0,83,2.57
2023-01-21,UA-43,6.6,0.0,78,2.2
2023-01-21,UA-46,0.1,5.6,95,1.6
2023-01-21,UA-48,4.7,0.0,91,3.75
2023-01-21,UA-51,6.2,0.0,89,4.07
2023-01-21,UA-53,-0.4,0.0,81,4.89
2023-01-21,UA-56,3.7,1.4,95,3.06
2023-01-21,UA-59,-1.1,0.0,75,5.48
2023-01-21,UA-61,3.8,3.6,96,2.45
2023-01-21,UA-63,-1.5,0.0,76,5.25
2023-01-21,UA-65,4.6,0.0,90,3.42
2023-01-21,UA-68,3.5,0.1,96,3.12
2023-01-21,UA-71,1.3,0.0,94,4.21
2023-01-21,UA-74,0.9,0.0,86,4.65
2023-01-21,UA-77,3.9,1.7,96,2.38
2023-01-22,UA-05,1.5,0.0,100,3.0
2023-01-22,UA-07,3.7,0.3,96,3.22
2023-01-22,UA-09,-2.2,0.0,77,4.46
2023-01-22,UA-12,-0.7,0.1,93,3.2
2023-01-22,UA-14,-1.1,0.0,85,3.77
2023-01-22,UA-18,1.5,0.0,100,2.99
2023-01-22,UA-21,3.2,3.2,89,2.49
2023-01-22,UA-23,0.5,0.2,89,4.34
2023-01-22,UA-26,3.7,0.3,97,3.68
2023-01-22,UA-30,1.1,0.0,98,2.99
2023-01-22,UA-32,1.1,0.0,98,2.99
2023-01-22,UA-35,0.6,0.0,96,3.19
2023-01-22,UA-40,7.6,0.0,81,2.84
2023-01-22,UA-43,2.0,0.0,92,3.53
2023-01-22,UA-46,3.0,0.8,96,3.3
2023-01-22,UA-48,0.9,0.0,93,4.37
2023-01-22,UA-51,1.8,0.0,96,5.35
2023-01-22,UA-53,-1.5,0.1,91,2.97
2023-01-22,UA-56,3.6,0.0,97,2.87
2023-01-22,UA-59,-1.1,0.1,89,2.67
2023-01-22,UA-61,3.7,0.2,97,3.72
2023-01-22,UA-63,-1.9,0.0,86,3.15
2023-01-22,UA-65,0.1,0.1,95,4.06
2023-01-22,UA-68,3.1,0.0,98,3.29
2023-01-22,UA-71,0.3,0.1,97,2.91
2023-01-22,UA-74,0.5,0.1,99,2.72
2023-01-22,UA-77,4.6,0.1,96,3.63
2023-01-23,UA-05,-0.7,0.0,95,2.43
2023-01-23,UA-07,2.8,0.0,96,2.34
2023-01-23,UA-09,-2.9,0.0,75,4.92
2023-01-23,UA-12,-1.2,0.0,83,3.69
2023-01-23,UA-14,-2.0,0.0,75,4.68
2023-01-23,UA-18,-0.6,0.0,94,2.65
2023-01-23,UA-21,4.7,0.0,87,3.1
2023-01-23,UA-23,0.2,0.1,80,4.83
2023-01-23,UA-26,2.8,0.1,93,3.91
2023-01-23,UA-30,-1.0,0.0,91,2.41
2023-01-23,UA-32,-0.9,0.0,91,2.53
2023-01-23,UA-35,-1.1,0.1,93,3.36
2023-01-23,UA-40,5.5,0.0,80,2.93
2023-01-23,UA-43,1.2,0.0,95,3.18
2023-01-23,UA-46,3.1,0.2,93,3.21
2023-01-23,UA-48,0.6,0.0,92,4.22
2023-01-23,UA-51,0.6,0.0,88,4.94
2023-01-23,UA-53,-2.2,0.0,80,3.59
2023-01-23,UA-56,1.9,0.0,97,2.2
2023-01-23,UA-59,-2.2,0.0,79,3.12
2023-01-23,UA-61,1.7,0.0,96,2.98
2023-01-23,UA-63,-2.4,0.0,75,3.92
2023-01-23,UA-65,0.4,0.3,93,3.93
2023-01-23,UA-68,0.4,0.0,97,2.48
2023-01-23,UA-71,-1.1,0.0,92,2.89
2023-01-23,UA-74,-1.5,0.0,92,2.51
2023-01-23,UA-77,1.9,0.1,95,2.63
2023-01-24,UA-05,-1.5,0.0,88,2.32
2023-01-24,UA-07,0.6,0.2,95,1.85
2023-01-24,UA-09,-4.0,0.0,71,3.92
2023-01-24,UA-12,-2.1,0.0,83,2.76
2023-01-24,UA-14,-3.3,0.0,73,3.71
2023-01-24,UA-18,-2.0,0.0,89,2.3
2023-01-24,UA-21,3.7,0.0,81,2.65
2023-01-24,UA-23,-0.7,0.0,80,3.84
2023-01-24,UA-26,1.3,0.0,90,1.87
2023-01-24,UA-30,-2.1,0.0,89,2.36
2023-01-24,UA-32,-1.3,0.0,87,2.45
2023-01-24,UA-35,-1.3,0.0,92,2.33
2023-01-24,UA-40,5.7,0.1,84,2.76
2023-01-24,UA-43,1.6,0.0,93,3.11
2023-01-24,UA-46,1.2,0.2,92,2.59
2023-01-24,UA-48,0.3,0.0,92,3.72
2023-01-24,UA-51,0.0,0.0,89,4.33
2023-01-24,UA-53,-3.2,0.0,81,2.49
2023-01-24,UA-56,-0.2,0.0,92,1.81
2023-01-24,UA-59,-3.8,0.0,82,2.38
2023-01-24,UA-61,-0.2,0.3,92,1.9
2023-01-24,UA-63,-3.6,0.0,75,2.92
2023-01-24,UA-65,0.2,0.0,92,3.49
2023-01-24,UA-68,-1.5,0.0,87,2.13
2023-01-24,UA-71,-1.4,0.0,90,1.87
2023-01-24,UA-74,-3.4,0.0,90,1.82
2023-01-24,UA-77,0.4,0.4,88,1.47
2023-01-25,UA-05,-2.8,0.0,80,1.23
2023-01-25,UA-07,-0.1,0.0,89,1.15
2023-01-25,UA-09,-3.9,0.0,60,3.37
2023-01-25,UA-12,-2.5,0.0,87,1.75
2023-01-25,UA-14,-3.1,0.0,64,2.86
2023-01-25,UA-18,-2.4,0.0,85,0.95
2023-01-25,UA-21,1.7,0.0,83,1.35
2023-01-25,UA-23,-1.2,0.0,79,2.67
2023-01-25,UA-26,-0.1,0.3,86,1.7
2023-01-25,UA-30,-2.8,0.0,82,1.16
2023-01-25,UA-32,-2.5,0.0,80,0.99
2023-01-25,UA-35,-1.7,0.0,87,1.91
2023-01-25,UA-40,5.3,0.0,79,3.64
2023-01-25,UA-43,-0.5,0.0,91,2.86
2023-01-25,UA-46,-0.0,0.6,89,1.41
2023-01-25,UA-48,-0.6,0.0,86,3.09
2023-01-25,UA-51,-0.1,0.0,88,3.5
2023-01-25,UA-53,-3.5,0.0,87,1.39
2023-01-25,UA-56,-0.9,0.1,91,1.21
2023-01-25,UA-59,-3.7,0.0,83,1.08
2023-01-25,UA-61,-1.1,0.1,87,1.66
2023-01-25,UA-63,-4.1,0.0,78,1.9
2023-01-25,UA-65,-0.7,0.0,86,2.85
2023-01-25,UA-68,-2.1,0.0,85,1.44
2023-01-25,UA-71,-2.1,0.0,85,1.39
2023-01-25,UA-74,-2.6,0.0,85,1.21
2023-01-25,UA-77,-0.9,0.7,86,1.53
2023-01-26,UA-05,-2.2,0.0,82,2.52
2023-01-26,UA-07,-1.3,0.0,79,2.21
2023-01-26,UA-09,-4.7,0.0,67,2.63
2023-01-26,UA-12,-3.5,0.0,88,1.19
2023-01-26,UA-14,-4.7,0.0,70,2.04
2023-01-26,UA-18,-2.3,0.0,81,2.28
2023-01-26,UA-21,0.9,0.0,79,1.85
2023-01-26,UA-23,-1.8,0.0,82,1.99
2023-01-26,UA-26,-1.4,0.0,83,3.06
2023-01-26,UA-30,-2.5,0.0,84,2.2
2023-01-26,UA-32,-2.4,0.0,83,2.1
2023-01-26,UA-35,-3.0,0.0,87,1.19
2023-01-26,UA-40,4.2,0.0,80,2.63
2023-01-26,UA-43,-0.7,0.0,88,2.24
2023-01-26,UA-46,-1.3,0.0,82,2.7
2023-01-26,UA-48,-1.8,0.0,86,2.65
2023-01-26,UA-51,-1.1,0.0,88,3.66
2023-01-26,UA-53,-4.1,0.0,90,0.91
2023-01-26,UA-56,-1.8,0.0,79,2.29
2023-01-26,UA-59,-3.8,0.0,88,1.43
2023-01-26,UA-61,-2.2,0.0,83,2.7
2023-01-26,UA-63,-4.2,0.0,78,1.4
2023-01-26,UA-65,-2.0,0.0,85,2.37
2023-01-26,UA-68,-2.2,0.8,87,3.0
2023-01-26,UA-71,-2.8,0.0,89,1.33
2023-01-26,UA-74,-2.9,0.0,85,2.47
2023-01-26,UA-77,-0.8,0.0,84,3.49
2023-01-27,UA-05,-2.4,0.0,91,2.83
2023-01-27,UA-07,-1.2,0.0,82,2.41
2023-01-27,UA-09,-4.6,0.0,75,2.98
2023-01-27,UA-12,-3.5,0.0,88,2.58
2023-01-27,UA-14,-3.8,0.0,76,2.81
2023-01-27,UA-18,-1.9,0.2,91,2.39
2023-01-27,UA-21,2.0,0.6,75,2.55
2023-01-27,UA-23,-1.5,0.0,86,3.37
2023-01-27,UA-26,-0.3,0.1,89,3.38
2023-01-27,UA-30,-2.8,0.0,90,2.61
2023-01-27,UA-32,-2.8,0.0,91,2.72
2023-01-27,UA-35,-2.7,0.0,92,3.13
2023-01-27,UA-40,8.4,0.1,74,6.16
2023-01-27,UA-43,4.6,0.1,86,4.01
2023-01-27,UA-46,-0.9,0.1,88,3.46
2023-01-27,UA-48,-1.7,0.2,95,4.58
2023-01-27,UA-51,-0.9,0.9,93,6.01
2023-01-27,UA-53,-4.1,0.0,88,2.85
2023-01-27,UA-56,-0.9,0.0,89,2.2
2023-01-27,UA-59,-4.5,0.0,86,2.24
2023-01-27,UA-61,-0.9,0.2,92,3.04
2023-01-27,UA-63,-4.7,0.0,83,2.56
2023-01-27,UA-65,-1.8,0.7,95,4.29
2023-01-27,UA-68,-1.4,0.0,93,2.77
2023-01-27,UA-71,-3.1,0.0,90,2.86
2023-01-27,UA-74,-2.6,0.0,90,2.28
2023-01-27,UA-77,-1.1,2.0,93,2.85
2023-01-28,UA-05,-3.0,0.0,83,3.89
2023-01-28,UA-07,-1.0,0.0,79,2.52
2023-01-28,UA-09,-3.6,0.5,82,4.42
2023-01-28,UA-12,-3.0,0.0,85,3.8
2023-01-28,UA-14,-3.2,1.1,87,4.04
2023-01-28,UA-18,-2.7,0.0,84,3.34
2023-01-28,UA-21,2.9,0.2,70,3.34
2023-01-28,UA-23,-1.0,0.6,82,5.08
2023-01-28,UA-26,0.0,0.3,83,2.36
2023-01-28,UA-30,-3.0,0.0,84,3.12
2023-01-28,UA-32,-2.7,0.0,84,3.33
2023-01-28,UA-35,-2.7,0.0,87,4.59
2023-01-28,UA-40,8.8,1.4,84,5.89
2023-01-28,UA-43,6.0,3.5,91,2.62
2023-01-28,UA-46,-0.7,0.0,83,2.9
2023-01-28,UA-48,-1.1,4.6,88,5.74
2023-01-28,UA-51,-0.8,10.6,90,7.34
2023-01-28,UA-53,-4.7,0.0,85,3.71
2023-01-28,UA-56,-1.1,0.0,84,2.84
2023-01-28,UA-59,-4.5,0.0,84,3.57
2023-01-28,UA-61,-1.1,0.0,83,3.2
2023-01-28,UA-63,-4.6,0.0,83,3.7
2023-01-28,UA-65,-1.1,5.0,90,5.33
2023-01-28,UA-68,-2.1,0.0,86,3.77
2023-01-28,UA-71,-3.1,0.0,85,3.53
2023-01-28,UA-74,-2.6,0.0,82,3.23
2023-01-28,UA-77,-0.4,1.0,81,3.24
2023-01-29,UA-05,-2.1,0.3,82,3.33
2023-01-29,UA-07,-1.2,0.2,77,3.72
2023-01-29,UA-09,0.3,1.5,85,2.89
2023-01-29,UA-12,-1.9,2.2,87,3.71
2023-01-29,UA-14,-0.2,2.6,93,2.02
2023-01-29,UA-18,-2.1,0.2,83,3.23
2023-01-29,UA-21,0.1,0.0,74,2.45
2023-01-29,UA-23,-0.2,1.5,90,4.6
2023-01-29,UA-26,-1.2,0.2,79,3.23
2023-01-29,UA-30,-2.2,0.2,83,2.82
2023-01-29,UA-32,-2.1,0.2,80,3.0
2023-01-29,UA-35,-2.9,0.7,83,4.01
2023-01-29,UA-40,5.5,4.9,91,6.15
2023-01-29,UA-43,3.9,3.6,93,2.8
2023-01-29,UA-46,-1.7,0.2,78,3.8
2023-01-29,UA-48,-2.0,3.3,89,5.3
2023-01-29,UA-51,-1.9,2.6,86,6.16
2023-01-29,UA-53,-3.4,0.0,78,3.48
2023-01-29,UA-56,-1.6,0.3,79,3.47
2023-01-29,UA-59,-4.4,0.0,81,2.2
2023-01-29,UA-61,-2.1,0.1,80,3.63
2023-01-29,UA-63,-2.8,0.0,81,2.94
2023-01-29,UA-65,-1.9,2.0,89,5.02
2023-01-29,UA-68,-2.2,0.4,81,3.42
2023-01-29,UA-71,-2.5,0.0,81,3.25
2023-01-29,UA-74,-2.3,0.2,83,2.37
2023-01-29,UA-77,-0.6,0.6,78,3.48
2023-01-30,UA-05,-1.5,1.3,80,3.59
2023-01-30,UA-07,-0.6,2.2,86,6.09
2023-01-30,UA-09,1.2,0.2,93,1.95
2023-01-30,UA-12,-2.8,0.0,75,2.13
2023-01-30,UA-14,-0.1,1.1,98,1.3
2023-01-30,UA-18,-1.2,1.7,81,4.88
2023-01-30,UA-21,-0.6,2.1,84,3.45
2023-01-30,UA-23,-1.5,0.0,77,2.79
2023-01-30,UA-26,-0.0,0.1,66,4.22
2023-01-30,UA-30,-1.2,1.5,77,4.62
2023-01-30,UA-32,-1.4,0.9,76,3.99
2023-01-30,UA-35,-2.6,0.0,77,2.91
2023-01-30,UA-40,2.1,0.1,84,4.85
2023-01-30,UA-43,-0.5,1.0,89,1.68
2023-01-30,UA-46,-0.7,1.0,74,6.11
2023-01-30,UA-48,-3.4,0.0,88,2.42
2023-01-30,UA-51,-2.1,0.0,80,3.35
2023-01-30,UA-53,-3.6,0.0,76,2.98
2023-01-30,UA-56,-0.7,1.4,84,5.67
2023-01-30,UA-59,-2.6,0.0,75,4.57
2023-01-30,UA-61,-1.0,0.6,76,5.11
2023-01-30,UA-63,-3.8,0.0,75,2.53
2023-01-30,UA-65,-2.5,0.0,82,2.2
2023-01-30,UA-68,-1.3,1.0,81,4.47
2023-01-30,UA-71,-1.6,0.0,75,3.51
2023-01-30,UA-74,-1.4,2.3,82,5.42
2023-01-30,UA-77,0.1,0.2,71,2.26
2023-01-31,UA-05,0.2,0.5,88,3.17
2023-01-31,UA-07,1.2,1.2,87,4.53
2023-01-31,UA-09,2.0,1.3,91,1.98
2023-01-31,UA-12,-0.7,1.5,85,2.94
2023-01-31,UA-14,-0.8,0.0,91,0.92
2023-01-31,UA-18,0.3,0.6,89,3.57
2023-01-31,UA-21,1.4,1.4,83,1.99
2023-01-31,UA-23,-0.0,0.8,81,3.35
2023-01-31,UA-26,1.5,2.0,78,5.13
2023-01-31,UA-30,-0.1,1.2,93,2.99
2023-01-31,UA-32,-0.1,1.4,92,2.77
2023-01-31,UA-35,-1.7,1.0,88,2.15
2023-01-31,UA-40,3.7,1.7,75,3.64
2023-01-31,UA-43,1.5,0.7,84,2.09
2023-01-31,UA-46,1.1,2.4,86,5.49
2023-01-31,UA-48,-1.0,0.3,90,1.53
2023-01-31,UA-51,-0.6,0.8,89,2.87
2023-01-31,UA-53,-2.2,0.5,81,2.85
2023-01-31,UA-56,1.1,1.0,89,4.33
2023-01-31,UA-59,-2.1,1.4,86,3.95
2023-01-31,UA-61,1.0,1.6,86,5.07
2023-01-31,UA-63,-2.0,0.5,78,2.89
2023-01-31,UA-65,-0.2,0.0,88,1.78
2023-01-31,UA-68,0.8,0.4,86,4.23
2023-01-31,UA-71,-1.0,2.5,90,2.42
2023-01-31,UA-74,-0.2,1.4,94,3.25
2023-01-31,UA-77,1.8,0.3,74,4.76
2023-02-01,UA-05,0.6,3.2,88,4.0
2023-02-01,UA-07,1.5,5.2,90,5.99
2023-02-01,UA-09,-0.5,0.4,87,1.64
2023-02-01,UA-12,-0.6,0.4,92,2.35
2023-02-01,UA-14,-1.6,0.9,89,2.05
2023-02-01,UA-18,0.4,2.3,90,4.51
2023-02-01,UA-21,2.8,2.5,83,2.17
2023-02-01,UA-23,0.2,1.4,91,3.01
2023-02-01,UA-26,2.4,1.8,71,5.54
2023-02-01,UA-30,0.2,1.3,90,3.61
2023-02-01,UA-32,0.6,1.3,88,3.77
2023-02-01,UA-35,0.6,0.0,88,2.93
2023-02-01,UA-40,3.7,0.7,75,4.44
2023-02-01,UA-43,0.2,0.0,86,2.19
2023-02-01,UA-46,1.8,5.4,85,6.51
2023-02-01,UA-48,1.1,0.2,87,2.92
2023-02-01,UA-51,2.2,0.1,77,4.06
2023-02-01,UA-53,-1.3,0.1,93,2.54
2023-02-01,UA-56,1.4,4.7,90,5.49
2023-02-01,UA-59,-0.8,0.2,93,3.66
2023-02-01,UA-61,1.2,3.4,84,5.82
2023-02-01,UA-63,-1.1,0.9,89,2.42
2023-02-01,UA-65,0.6,0.1,88,2.79
2023-02-01,UA-68,0.6,3.1,88,4.91
2023-02-01,UA-71,0.5,0.5,89,2.94
2023-02-01,UA-74,-0.0,1.8,91,3.71
2023-02-01,UA-77,2.6,0.7,65,4.38
2023-02-02,UA-05,1.4,1.1,87,3.21
2023-02-02,UA-07,1.7,2.6,92,4.04
2023-02-02,UA-09,0.1,0.1,86,3.33
2023-02-02,UA-12,0.6,0.5,91,3.65
2023-02-02,UA-14,-1.0,0.5,92,2.83
2023-02-02,UA-18,1.2,1.4,91,3.3
2023-02-02,UA-21,3.5,2.9,83,2.67
2023-02-02,UA-23,0.9,0.1,89,4.1
2023-02-02,UA-26,2.7,2.7,77,4.69
2023-02-02,UA-30,1.2,1.4,90,3.0
2023-02-02,UA-32,1.4,2.4,88,3.0
2023-02-02,UA-35,1.6,0.4,84,2.94
2023-02-02,UA-40,5.0,2.5,72,3.21
2023-02-02,UA-43,0.8,0.0,85,2.32
2023-02-02,UA-46,1.8,6.3,90,5.53
2023-02-02,UA-48,1.8,0.1,84,2.72
2023-02-02,UA-51,1.7,0.0,79,2.74
2023-02-02,UA-53,0.5,0.1,91,3.34
2023-02-02,UA-56,1.7,2.8,92,3.83
2023-02-02,UA-59,0.5,1.9,94,3.73
2023-02-02,UA-61,1.7,4.9,89,4.37
2023-02-02,UA-63,-0.1,0.8,92,3.49
2023-02-02,UA-65,2.1,0.0,83,2.63
2023-02-02,UA-68,1.3,1.2,91,3.47
2023-02-02,UA-71,1.2,0.9,88,2.98
2023-02-02,UA-74,0.9,3.6,94,3.08
2023-02-02,UA-77,2.8,1.4,75,2.93
2023-02-03,UA-05,-0.8,0.9,84,2.93
2023-02-03,UA-07,-0.3,1.9,78,4.26
2023-02-03,UA-09,0.1,0.1,85,3.43
2023-02-03,UA-12,0.4,0.7,91,3.6
2023-02-03,UA-14,-0.9,0.0,90,2.94
2023-02-03,UA-18,-1.2,1.7,86,3.29
2023-02-03,UA-21,2.2,8.4,78,3.48
2023-02-03,UA-23,1.1,0.6,91,3.71
2023-02-03,UA-26,0.8,1.7,72,4.37
2023-02-03,UA-30,-0.5,2.6,91,3.11
2023-02-03,UA-32,-0.6,1.2,86,3.08
2023-02-03,UA-35,0.1,2.6,92,2.41
2023-02-03,UA-40,4.4,8.6,86,4.71
2023-02-03,UA-43,0.3,4.3,89,2.5
2023-02-03,UA-46,0.1,3.5,79,4.41
2023-02-03,UA-48,-0.3,0.5,93,1.92
2023-02-03,UA-51,0.5,0.1,83,3.7
2023-02-03,UA-53,0.0,2.0,92,2.69
2023-02-03,UA-56,-0.6,1.7,80,3.94
2023-02-03,UA-59,0.4,3.1,96,2.83
2023-02-03,UA-61,-0.5,1.9,76,4.4
2023-02-03,UA-63,0.3,3.1,91,3.47
2023-02-03,UA-65,0.2,0.4,93,2.19
2023-02-03,UA-68,-2.3,1.5,85,3.95
2023-02-03,UA-71,0.2,1.2,91,2.48
2023-02-03,UA-74,-0.2,2.9,91,2.54
2023-02-03,UA-77,0.8,0.6,71,4.6
2023-02-04,UA-05,-3.1,0.1,73,3.18
2023-02-04,UA-07,-2.3,3.6,75,4.88
2023-02-04,UA-09,-1.2,1.5,86,1.91
2023-02-04,UA-12,-1.7,1.2,93,2.71
2023-02-04,UA-14,-1.9,2.0,89,2.11
2023-02-04,UA-18,-3.9,0.0,79,3.19
2023-02-04,UA-21,-0.1,2.1,81,4.44
2023-02-04,UA-23,-1.3,1.8,91,3.02
2023-02-04,UA-26,-1.8,7.4,84,3.69
2023-02-04,UA-30,-3.1,0.0,82,3.63
2023-02-04,UA-32,-3.2,0.4,77,2.96
2023-02-04,UA-35,-2.2,0.4,85,2.01
2023-02-04,UA-40,4.2,5.9,85,3.71
2023-02-04,UA-43,0.0,0.8,87,2.39
2023-02-04,UA-46,-2.7,7.9,89,4.67
2023-02-04,UA-48,-1.6,0.0,84,2.79
2023-02-04,UA-51,-0.6,0.7,82,4.56
2023-02-04,UA-53,-2.3,2.2,94,2.52
2023-02-04,UA-56,-2.6,2.7,75,4.29
2023-02-04,UA-59,-1.2,4.7,97,1.31
2023-02-04,UA-61,-3.4,6.4,85,4.52
2023-02-04,UA-63,-0.7,0.4,88,3.08
2023-02-04,UA-65,-1.2,0.4,82,2.56
2023-02-04,UA-68,-4.1,1.6,86,3.99
2023-02-04,UA-71,-1.8,1.2,86,2.98
2023-02-04,UA-74,-3.0,0.1,82,3.9
2023-02-04,UA-77,-1.7,3.5,81,3.83
2023-02-05,UA-05,-3.7,1.2,82,4.53
2023-02-05,UA-07,-2.9,1.3,78,5.08
2023-02-05,UA-09,-2.0,0.0,89,2.43
2023-02-05,UA-12,-1.7,0.0,85,2.84
2023-02-05,UA-14,-2.8,0.0,85,2.19
2023-02-05,UA-18,-3.9,1.4,86,4.87
2023-02-05,UA-21,-2.4,0.0,68,4.37
2023-02-05,UA-23,-1.1,0.0,83,3.63
2023-02-05,UA-26,-3.9,0.6,85,4.56
2023-02-05,UA-30,-2.8,1.2,86,4.5
2023-02-05,UA-32,-3.3,1.4,85,4.42
2023-02-05,UA-35,-2.7,0.9,90,4.35
2023-02-05,UA-40,3.8,1.0,80,7.07
2023-02-05,UA-43,-0.3,1.2,93,5.23
2023-02-05,UA-46,-4.9,0.2,87,4.29
2023-02-05,UA-48,-1.6,0.2,86,4.79
2023-02-05,UA-51,-1.6,0.2,78,6.51
2023-02-05,UA-53,-3.7,0.2,91,3.41
2023-02-05,UA-56,-2.9,0.9,80,5.28
2023-02-05,UA-59,-3.6,0.0,87,3.8
2023-02-05,UA-61,-4.7,0.7,88,4.59
2023-02-05,UA-63,-2.3,0.4,83,3.58
2023-02-05,UA-65,-1.4,0.2,83,4.41
2023-02-05,UA-68,-4.6,2.1,91,4.61
2023-02-05,UA-71,-2.6,1.7,87,3.97
2023-02-05,UA-74,-2.1,0.3,85,4.39
2023-02-05,UA-77,-3.3,2.2,83,4.95
2023-02-06,UA-05,-3.2,0.4,77,4.28
2023-02-06,UA-07,-3.3,0.0,73,3.11
2023-02-06,UA-09,-4.5,0.2,83,4.65
2023-02-06,UA-12,-3.0,0.3,81,4.85
2023-02-06,UA-14,-4.1,0.4,80,4.62
2023-02-06,UA-18,-3.7,0.8,78,4.13
2023-02-06,UA-21,-3.6,0.0,69,3.16
2023-02-06,UA-23,-2.1,0.3,77,6.78
2023-02-06,UA-26,-4.1,0.7,83,3.11
2023-02-06,UA-30,-3.1,0.7,79,3.91
2023-02-06,UA-32,-3.5,0.6,83,4.12
2023-02-06,UA-35,-2.8,0.6,83,5.47
2023-02-06,UA-40,1.5,0.0,78,10.63
2023-02-06,UA-43,-2.0,0.5,85,6.89
2023-02-06,UA-46,-5.4,0.0,83,2.55
2023-02-06,UA-48,-1.7,0.3,80,6.83
2023-02-06,UA-51,-1.4,0.2,75,8.02
2023-02-06,UA-53,-4.4,0.3,88,4.51
2023-02-06,UA-56,-3.0,0.0,76,3.56
2023-02-06,UA-59,-3.4,0.0,82,4.15
2023-02-06,UA-61,-4.7,0.3,86,3.5
2023-02-06,UA-63,-3.5,0.2,78,3.79
2023-02-06,UA-65,-1.7,0.1,79,6.36
2023-02-06,UA-68,-4.5,0.6,86,3.93
2023-02-06,UA-71,-2.3,0.5,78,4.62
2023-02-06,UA-74,-2.9,0.6,75,3.42
2023-02-06,UA-77,-3.4,1.6,87,4.16
2023-02-07,UA-05,-4.2,2.6,85,3.65
2023-02-07,UA-07,-1.9,1.4,86,3.33
2023-02-07,UA-09,-7.9,0.3,75,6.15
2023-02-07,UA-12,-5.6,0.0,77,5.73
2023-02-07,UA-14,-7.7,0.0,73,5.67
2023-02-07,UA-18,-4.3,2.6,88,3.47
2023-02-07,UA-21,-2.7,0.0,74,3.23
2023-02-07,UA-23,-4.7,0.0,74,7.95
2023-02-07,UA-26,-3.2,1.8,87,3.79
2023-02-07,UA-30,-4.8,1.0,81,3.34
2023-02-07,UA-32,-4.7,1.6,85,3.32
2023-02-07,UA-35,-4.8,0.0,79,5.25
2023-02-07,UA-40,-1.3,0.9,76,9.55
2023-02-07,UA-43,-5.2,1.8,83,5.74
2023-02-07,UA-46,-3.5,1.7,90,3.63
2023-02-07,UA-48,-2.9,0.0,72,6.41
2023-02-07,UA-51,-2.4,0.2,67,7.07
2023-02-07,UA-53,-7.1,0.0,82,5.08
2023-02-07,UA-56,-2.1,1.6,82,3.68
2023-02-07,UA-59,-7.3,0.0,76,4.85
2023-02-07,UA-61,-4.0,1.3,90,3.84
2023-02-07,UA-63,-7.4,0.0,75,5.31
2023-02-07,UA-65,-3.1,0.3,71,6.18
2023-02-07,UA-68,-4.1,1.8,90,3.99
2023-02-07,UA-71,-4.4,0.0,73,4.14
2023-02-07,UA-74,-5.1,0.2,76,3.15
2023-02-07,UA-77,-3.8,2.8,89,4.21
2023-02-08,UA-05,-7.7,0.0,80,2.64
2023-02-08,UA-07,-4.3,0.0,69,2.0
2023-02-08,UA-09,-8.9,0.0,75,5.2
2023-02-08,UA-12,-7.3,0.0,75,4.98
2023-02-08,UA-14,-8.3,0.0,72,4.93
2023-02-08,UA-18,-8.7,0.0,84,2.24
2023-02-08,UA-21,-0.4,0.0,66,1.69
2023-02-08,UA-23,-5.6,0.0,75,7.52
2023-02-08,UA-26,-5.7,0.0,76,2.85
2023-02-08,UA-30,-8.7,0.0,81,2.67
2023-02-08,UA-32,-8.4,0.0,82,2.77
2023-02-08,UA-35,-7.6,0.0,80,4.7
2023-02-08,UA-40,-0.8,1.7,76,9.52
2023-02-08,UA-43,-4.8,2.6,85,6.73
2023-02-08,UA-46,-6.2,0.0,81,2.97
2023-02-08,UA-48,-4.5,0.0,70,6.11
2023-02-08,UA-51,-3.4,0.1,66,7.05
2023-02-08,UA-53,-10.1,0.0,82,4.0
2023-02-08,UA-56,-4.9,0.0,70,1.59
2023-02-08,UA-59,-10.1,0.0,80,3.07
2023-02-08,UA-61,-7.3,0.0,81,2.15
2023-02-08,UA-63,-9.4,0.0,78,3.76
2023-02-08,UA-65,-4.4,0.0,68,6.01
2023-02-08,UA-68,-9.2,0.0,84,2.05
2023-02-08,UA-71,-7.1,0.0,74,3.1
2023-02-08,UA-74,-9.0,0.0,79,2.63
2023-02-08,UA-77,-7.0,0.0,79,1.32
2023-02-09,UA-05,-7.5,0.0,76,1.94
2023-02-09,UA-07,-3.8,0.0,71,3.13
2023-02-09,UA-09,-8.3,0.0,76,1.64
2023-02-09,UA-12,-6.9,0.0,79,2.13
2023-02-09,UA-14,-7.7,0.0,71,1.65
2023-02-09,UA-18,-8.9,0.0,79,2.82
2023-02-09,UA-21,-2.8,0.0,69,2.41
2023-02-09,UA-23,-6.2,0.0,79,3.08
2023-02-09,UA-26,-9.3,0.0,76,2.46
2023-02-09,UA-30,-6.4,0.0,75,2.61
2023-02-09,UA-32,-7.4,0.0,77,2.5
2023-02-09,UA-35,-6.0,0.0,76,2.43
2023-02-09,UA-40,-0.9,0.0,71,6.5
2023-02-09,UA-43,-5.7,0.0,83,4.71
2023-02-09,UA-46,-8.0,0.0,81,2.66
2023-02-09,UA-48,-5.3,0.0,74,3.23
2023-02-09,UA-51,-4.6,0.0,67,3.81
2023-02-09,UA-53,-9.3,0.0,84,1.99
2023-02-09,UA-56,-4.4,0.0,69,2.77
2023-02-09,UA-59,-5.1,0.0,80,2.4
2023-02-09,UA-61,-8.7,0.0,80,2.79
2023-02-09,UA-63,-6.4,0.0,80,2.07
2023-02-09,UA-65,-5.3,0.0,72,3.25
2023-02-09,UA-68,-10.8,0.0,80,2.28
2023-02-09,UA-71,-5.1,0.0,74,2.14
2023-02-09,UA-74,-5.2,0.0,77,2.78
2023-02-09,UA-77,-8.2,0.0,71,2.25
2023-02-10,UA-05,-4.7,0.0,70,3.46
2023-02-10,UA-07,-0.5,0.1,66,5.37
2023-02-10,UA-09,-5.5,0.0,66,2.49
2023-02-10,UA-12,-3.5,0.0,73,2.41
2023-02-10,UA-14,-6.4,0.0,73,1.81
2023-02-10,UA-18,-3.5,0.0,72,4.46
2023-02-10,UA-21,-3.2,0.0,71,2.45
2023-02-10,UA-23,-3.5,0.0,74,1.83
2023-02-10,UA-26,-5.4,0.0,63,3.2
2023-02-10,UA-30,-3.0,0.0,64,4.12
2023-02-10,UA-32,-3.8,0.0,67,3.62
2023-02-10,UA-35,-3.7,0.0,63,2.96
2023-02-10,UA-40,-0.3,0.0,59,4.0
2023-02-10,UA-43,-5.7,0.0,72,1.46
2023-02-10,UA-46,-3.6,0.0,71,4.74
2023-02-10,UA-48,-3.5,0.0,71,2.05
2023-02-10,UA-51,-3.2,0.0,63,2.49
2023-02-10,UA-53,-4.7,0.0,75,3.14
2023-02-10,UA-56,-0.8,0.0,64,5.11
2023-02-10,UA-59,-2.9,0.0,69,4.29
2023-02-10,UA-61,-4.4,0.0,71,4.41
2023-02-10,UA-63,-2.8,0.0,72,3.48
2023-02-10,UA-65,-3.4,0.0,73,1.66
2023-02-10,UA-68,-4.9,0.0,75,3.95
2023-02-10,UA-71,-2.3,0.0,58,3.25
2023-02-10,UA-74,-3.0,0.0,71,4.42
2023-02-10,UA-77,-8.0,0.0,63,2.31
2023-02-11,UA-05,0.4,0.3,76,4.63
2023-02-11,UA-07,1.7,3.2,79,6.71
2023-02-11,UA-09,-3.5,0.0,68,4.02
2023-02-11,UA-12,-2.5,0.0,74,3.31
2023-02-11,UA-14,-4.4,0.0,71,3.0
2023-02-11,UA-18,0.4,1.2,83,5.55
2023-02-11,UA-21,-1.6,0.4,76,2.95
2023-02-11,UA-23,-1.8,0.0,78,3.79
2023-02-11,UA-26,0.0,0.4,65,5.07
2023-02-11,UA-30,0.4,1.4,81,4.85
2023-02-11,UA-32,0.5,0.4,78,4.47
2023-02-11,UA-35,-0.8,0.3,76,3.72
2023-02-11,UA-40,2.3,0.0,66,3.78
2023-02-11,UA-43,-1.9,0.0,74,3.08
2023-02-11,UA-46,-0.2,1.5,77,6.64
2023-02-11,UA-48,-1.3,0.0,72,3.0
2023-02-11,UA-51,-0.8,0.0,63,3.8
2023-02-11,UA-53,-3.0,0.6,81,3.62
2023-02-11,UA-56,1.4,2.9,78,6.34
2023-02-11,UA-59,-1.8,1.6,81,4.63
2023-02-11,UA-61,0.1,1.1,75,6.12
2023-02-11,UA-63,-2.5,0.7,75,3.69
2023-02-11,UA-65,-1.7,0.0,73,2.9
2023-02-11,UA-68,0.1,0.8,80,5.47
2023-02-11,UA-71,0.2,0.2,75,4.08
2023-02-11,UA-74,-0.1,3.6,86,5.38
2023-02-11,UA-77,-0.7,0.2,66,3.11
2023-02-12,UA-05,0.1,0.5,71,4.96
2023-02-12,UA-07,0.4,0.3,74,4.16
2023-02-12,UA-09,-2.1,3.8,80,6.11
2023-02-12,UA-12,-1.4,1.8,73,6.34
2023-02-12,UA-14,-2.5,2.5,77,5.31
2023-02-12,UA-18,-0.7,0.3,71,5.25
2023-02-12,UA-21,1.2,0.3,74,2.14
2023-02-12,UA-23,-0.8,1.2,74,7.12
2023-02-12,UA-26,1.2,0.9,76,4.15
2023-02-12,UA-30,-0.7,0.5,67,5.93
2023-02-12,UA-32,-0.4,0.7,70,5.35
2023-02-12,UA-35,-0.7,0.3,70,5.75
2023-02-12,UA-40,3.4,1.1,72,7.37
2023-02-12,UA-43,-0.4,1.5,83,4.03
2023-02-12,UA-46,0.3,1.2,82,3.68
2023-02-12,UA-48,0.1,0.1,69,5.0
2023-02-12,UA-51,0.7,0.0,65,5.64
2023-02-12,UA-53,-2.5,1.9,77,6.74
2023-02-12,UA-56,0.5,0.4,72,4.51
2023-02-12,UA-59,-2.4,2.1,72,7.1
2023-02-12,UA-61,-0.3,0.7,80,4.4
2023-02-12,UA-63,-2.2,3.3,76,6.73
2023-02-12,UA-65,-0.3,0.2,70,4.73
2023-02-12,UA-68,-0.8,0.6,80,4.79
2023-02-12,UA-71,-0.5,0.9,69,5.96
2023-02-12,UA-74,-1.7,0.1,68,6.3
2023-02-12,UA-77,1.3,0.7,77,4.87
2023-02-13,UA-05,0.3,0.7,86,4.4
2023-02-13,UA-07,1.9,1.3,91,5.45
2023-02-13,UA-09,-2.9,1.4,72,5.61
2023-02-13,UA-12,-1.7,0.0,75,4.84
2023-02-13,UA-14,-3.0,1.1,71,4.92
2023-02-13,UA-18,-0.0,0.5,89,5.02
2023-02-13,UA-21,-0.0,0.0,80,1.25
2023-02-13,UA-23,-1.0,0.0,73,5.66
2023-02-13,UA-26,1.5,0.5,78,5.08
2023-02-13,UA-30,-0.3,0.3,85,4.71
2023-02-13,UA-32,-0.1,0.7,85,4.36
2023-02-13,UA-35,-0.3,0.0,76,4.45
2023-02-13,UA-40,2.3,0.0,63,5.94
2023-02-13,UA-43,-2.1,0.0,73,3.11
2023-02-13,UA-46,1.5,1.7,92,5.29
2023-02-13,UA-48,0.7,0.0,67,4.04
2023-02-13,UA-51,1.2,0.0,66,4.93
2023-02-13,UA-53,-3.0,0.8,82,4.89
2023-02-13,UA-56,1.5,1.4,90,5.37
2023-02-13,UA-59,-2.2,2.0,82,5.23
2023-02-13,UA-61,0.8,1.9,92,5.4
2023-02-13,UA-63,-3.2,1.8,81,5.05
2023-02-13,UA-65,0.1,0.0,66,3.95
2023-02-13,UA-68,-0.1,1.4,92,4.91
2023-02-13,UA-71,-0.4,0.1,79,4.54
2023-02-13,UA-74,-0.4,0.2,85,5.16
2023-02-13,UA-77,1.5,0.0,72,4.2
2023-02-14,UA-05,2.7,1.6,78,5.98
2023-02-14,UA-07,3.3,0.1,81,5.81
2023-02-14,UA-09,0.5,6.9,88,4.98
2023-02-14,UA-12,1.6,3.3,85,5.63
2023-02-14,UA-14,-0.1,5.9,88,4.63
2023-02-14,UA-18,2.7,1.2,75,6.51
2023-02-14,UA-21,4.1,0.0,76,3.15
2023-02-14,UA-23,1.5,3.3,88,6.28
2023-02-14,UA-26,3.5,0.6,84,6.35
2023-02-14,UA-30,2.4,1.5,76,6.46
2023-02-14,UA-32,2.8,1.4,75,6.06
2023-02-14,UA-35,2.5,1.7,82,6.0
2023-02-14,UA-40,4.5,6.9,81,8.49
2023-02-14,UA-43,1.2,6.9,90,4.37
2023-02-14,UA-46,3.0,0.4,87,5.58
2023-02-14,UA-48,3.4,0.8,79,5.82
2023-02-14,UA-51,4.0,0.5,73,6.67
2023-02-14,UA-53,1.0,3.9,87,5.74
2023-02-14,UA-56,3.3,0.4,79,6.03
2023-02-14,UA-59,1.3,4.8,84,6.11
2023-02-14,UA-61,2.5,1.0,87,6.3
2023-02-14,UA-63,1.2,5.8,84,5.51
2023-02-14,UA-65,2.8,1.2,82,5.4
2023-02-14,UA-68,2.4,1.1,83,6.38
2023-02-14,UA-71,2.3,2.2,81,6.07
2023-02-14,UA-74,2.3,1.3,74,6.61
2023-02-14,UA-77,3.8,0.4,80,6.88
2023-02-15,UA-05,1.0,0.0,66,3.94
2023-02-15,UA-07,0.9,0.0,82,2.45
2023-02-15,UA-09,-4.1,1.1,86,3.93
2023-02-15,UA-12,-0.1,1.3,76,4.87
2023-02-15,UA-14,-1.9,1.8,84,3.77
2023-02-15,UA-18,0.6,0.0,68,3.91
2023-02-15,UA-21,3.6,0.0,74,1.83
2023-02-15,UA-23,0.0,1.6,78,5.89
2023-02-15,UA-26,2.1,0.0,80,2.84
2023-02-15,UA-30,0.7,0.0,64,4.54
2023-02-15,UA-32,1.1,0.0,64,4.28
2023-02-15,UA-35,0.6,0.0,66,5.02
2023-02-15,UA-40,2.4,2.6,76,8.28
2023-02-15,UA-43,-1.3,3.7,87,3.3
2023-02-15,UA-46,1.9,0.0,82,2.34
2023-02-15,UA-48,0.7,0.0,68,4.8
2023-02-15,UA-51,1.1,0.0,66,5.27
2023-02-15,UA-53,-1.1,1.0,74,4.85
2023-02-15,UA-56,1.1,0.0,78,2.66
2023-02-15,UA-59,-1.5,0.7,69,5.31
2023-02-15,UA-61,0.5,0.0,83,3.22
2023-02-15,UA-63,-1.2,1.2,77,5.09
2023-02-15,UA-65,0.6,0.1,67,4.53
2023-02-15,UA-68,0.6,0.0,76,3.38
2023-02-15,UA-71,0.7,0.0,66,4.84
2023-02-15,UA-74,0.2,0.0,62,4.4
2023-02-15,UA-77,2.5,0.0,77,3.92
2023-02-16,UA-05,2.8,0.0,68,2.55
2023-02-16,UA-07,2.6,0.0,78,4.18
2023-02-16,UA-09,-7.1,0.4,83,2.9
2023-02-16,UA-12,-2.4,0.6,73,2.63
2023-02-16,UA-14,-3.9,0.6,82,2.74
2023-02-16,UA-18,2.0,0.0,74,2.7
2023-02-16,UA-21,2.6,0.1,83,2.51
2023-02-16,UA-23,-2.2,0.4,72,3.5
2023-02-16,UA-26,2.7,0.0,67,2.64
2023-02-16,UA-30,0.4,0.0,75,2.0
2023-02-16,UA-32,1.5,0.0,69,2.28
2023-02-16,UA-35,-0.4,0.4,73,2.25
2023-02-16,UA-40,2.8,0.0,62,5.13
2023-02-16,UA-43,-2.6,0.0,76,2.49
2023-02-16,UA-46,2.7,0.0,73,4.5
2023-02-16,UA-48,0.3,0.0,74,2.83
2023-02-16,UA-51,1.8,0.0,68,3.39
2023-02-16,UA-53,-3.4,0.7,72,2.26
2023-02-16,UA-56,3.0,0.0,76,3.91
2023-02-16,UA-59,-4.4,0.0,72,1.95
2023-02-16,UA-61,2.6,0.0,72,3.86
2023-02-16,UA-63,-3.4,0.2,72,2.59
2023-02-16,UA-65,-0.4,0.0,71,2.76
2023-02-16,UA-68,2.7,0.0,73,3.19
2023-02-16,UA-71,-0.9,0.6,76,1.73
2023-02-16,UA-74,-0.9,0.3,79,2.49
2023-02-16,UA-77,3.3,0.0,65,1.68
2023-02-17,UA-05,2.9,1.8,83,3.54
2023-02-17,UA-07,4.4,6.4,85,5.01
2023-02-17,UA-09,-6.4,0.0,79,1.95
2023-02-17,UA-12,-1.1,3.7,89,3.79
2023-02-17,UA-14,-3.7,3.5,85,3.05
2023-02-17,UA-18,2.1,3.7,88,3.52
2023-02-17,UA-21,4.0,8.4,86,2.82
2023-02-17,UA-23,0.0,4.0,89,4.17
2023-02-17,UA-26,6.1,5.1,66,5.01
2023-02-17,UA-30,0.1,2.4,93,2.06
2023-02-17,UA-32,1.8,2.1,87,3.16
2023-02-17,UA-35,0.5,0.3,89,2.24
2023-02-17,UA-40,6.5,0.3,80,6.8
2023-02-17,UA-43,3.8,0.2,86,4.78
2023-02-17,UA-46,4.9,6.3,77,5.74
2023-02-17,UA-48,2.7,0.0,80,3.19
2023-02-17,UA-51,3.4,0.0,76,4.0
2023-02-17,UA-53,-2.1,2.0,83,4.25
2023-02-17,UA-56,4.3,6.7,85,4.67
2023-02-17,UA-59,-4.9,0.0,70,4.4
2023-02-17,UA-61,4.8,4.9,76,5.33
2023-02-17,UA-63,-5.0,0.0,70,3.41
2023-02-17,UA-65,2.9,0.0,80,3.22
2023-02-17,UA-68,3.9,4.5,81,4.34
2023-02-17,UA-71,-0.4,0.3,89,1.67
2023-02-17,UA-74,-1.3,1.0,83,4.42
2023-02-17,UA-77,5.8,2.0,64,3.16
2023-02-18,UA-05,5.2,4.7,71,6.2
2023-02-18,UA-07,5.9,1.4,68,7.91
2023-02-18,UA-09,-5.6,5.9,89,4.54
2023-02-18,UA-12,1.2,6.6,90,5.0
2023-02-18,UA-14,-2.0,6.9,90,4.05
2023-02-18,UA-18,4.6,4.6,73,7.16
2023-02-18,UA-21,9.4,3.8,79,2.85
2023-02-18,UA-23,2.0,4.0,91,5.37
2023-02-18,UA-26,8.7,8.7,64,7.62
2023-02-18,UA-30,3.6,8.6,80,6.41
2023-02-18,UA-32,4.4,6.7,76,5.98
2023-02-18,UA-35,3.4,2.8,80,5.01
2023-02-18,UA-40,7.4,2.8,86,5.43
2023-02-18,UA-43,5.4,2.0,89,4.61
2023-02-18,UA-46,6.9,8.1,70,7.63
2023-02-18,UA-48,5.3,0.6,77,4.03
2023-02-18,UA-51,6.7,0.7,75,4.74
2023-02-18,UA-53,0.2,8.6,91,5.63
2023-02-18,UA-56,5.8,2.7,69,7.55
2023-02-18,UA-59,-1.3,11.8,90,6.32
2023-02-18,UA-61,6.3,6.6,70,7.75
2023-02-18,UA-63,-2.4,9.5,87,5.21
2023-02-18,UA-65,4.8,0.9,81,3.86
2023-02-18,UA-68,5.6,5.1,70,7.12
2023-02-18,UA-71,3.1,6.8,82,5.58
2023-02-18,UA-74,2.3,10.8,88,6.79
2023-02-18,UA-77,9.5,9.3,60,5.67
2023-02-19,UA-05,2.3,1.2,82,4.43
2023-02-19,UA-07,2.3,0.4,78,5.76
2023-02-19,UA-09,2.8,0.0,80,4.45
2023-02-19,UA-12,3.6,0.0,71,4.03
2023-02-19,UA-14,2.1,0.3,81,3.55
2023-02-19,UA-18,2.1,0.3,75,5.38
2023-02-19,UA-21,7.6,4.6,79,3.16
2023-02-19,UA-23,3.8,0.0,78,4.27
2023-02-19,UA-26,4.8,8.1,89,4.55
2023-02-19,UA-30,2.4,0.5,72,5.19
2023-02-19,UA-32,2.6,0.1,74,4.6
2023-02-19,UA-35,3.6,0.2,74,4.36
2023-02-19,UA-40,8.2,0.8,88,4.62
2023-02-19,UA-43,6.7,1.2,88,4.1
2023-02-19,UA-46,2.6,4.4,89,4.47
2023-02-19,UA-48,5.5,6.3,80,3.32
2023-02-19,UA-51,7.8,6.2,78,4.26
2023-02-19,UA-53,2.4,0.1,72,4.66
2023-02-19,UA-56,2.3,0.3,79,5.74
2023-02-19,UA-59,2.0,0.8,76,5.17
2023-02-19,UA-61,2.2,2.5,89,5.0
2023-02-19,UA-63,2.4,0.2,79,4.6
2023-02-19,UA-65,5.3,6.5,83,3.02
2023-02-19,UA-68,2.0,1.3,85,5.06
2023-02-19,UA-71,2.9,0.0,72,4.52
2023-02-19,UA-74,2.0,0.7,73,5.66
2023-02-19,UA-77,6.3,6.3,85,3.92
2023-02-20,UA-05,1.9,3.7,73,6.42
2023-02-20,UA-07,2.6,8.5,79,8.16
2023-02-20,UA-09,1.2,0.0,72,4.82
2023-02-20,UA-12,1.1,0.4,71,5.54
2023-02-20,UA-14,-0.0,0.2,78,4.3
2023-02-20,UA-18,1.0,7.2,78,7.15
2023-02-20,UA-21,5.7,0.1,67,3.68
2023-02-20,UA-23,1.7,0.3,72,5.89
2023-02-20,UA-26,4.7,0.1,61,7.98
2023-02-20,UA-30,0.6,5.4,74,6.56
2023-02-20,UA-32,1.4,5.1,72,6.43
2023-02-20,UA-35,1.8,2.2,69,6.08
2023-02-20,UA-40,6.0,2.6,74,8.39
2023-02-20,UA-43,3.7,2.8,76,5.12
2023-02-20,UA-46,3.6,2.3,70,8.19
2023-02-20,UA-48,3.5,0.8,70,5.86
2023-02-20,UA-51,4.1,0.4,68,6.77
2023-02-20,UA-53,0.1,0.9,73,5.96
2023-02-20,UA-56,2.3,9.1,79,7.75
2023-02-20,UA-59,-0.6,1.3,76,6.2
2023-02-20,UA-61,2.9,2.7,70,8.19
2023-02-20,UA-63,-0.3,0.3,78,5.71
2023-02-20,UA-65,3.4,2.0,71,5.58
2023-02-20,UA-68,2.2,3.4,73,7.53
2023-02-20,UA-71,1.1,3.7,72,6.07
2023-02-20,UA-74,0.4,3.9,71,6.64
2023-02-20,UA-77,5.0,0.0,59,7.0
2023-02-21,UA-05,5.5,5.0,78,7.27
2023-02-21,UA-07,6.0,3.7,76,8.3
2023-02-21,UA-09,2.2,3.7,82,7.26
2023-02-21,UA-12,3.7,7.8,82,7.27
2023-02-21,UA-14,1.8,7.0,88,6.4
2023-02-21,UA-18,4.3,4.9,79,8.03
2023-02-21,UA-21,9.9,0.4,67,3.23
2023-02-21,UA-23,4.1,5.8,83,8.52
2023-02-21,UA-26,8.4,3.9,69,8.27
2023-02-21,UA-30,3.3,4.0,82,7.63
2023-02-21,UA-32,4.5,4.4,79,7.29
2023-02-21,UA-35,5.1,3.0,79,7.12
2023-02-21,UA-40,8.2,0.9,80,9.29
2023-02-21,UA-43,6.3,2.2,83,7.16
2023-02-21,UA-46,7.4,7.5,73,8.2
2023-02-21,UA-48,7.7,1.3,66,7.36
2023-02-21,UA-51,9.0,0.2,60,7.99
2023-02-21,UA-53,2.7,6.9,84,7.29
2023-02-21,UA-56,5.9,4.9,78,8.32
2023-02-21,UA-59,0.8,7.5,88,6.17
2023-02-21,UA-61,6.6,8.2,75,8.6
2023-02-21,UA-63,1.5,7.9,86,6.2
2023-02-21,UA-65,7.3,1.6,68,7.05
2023-02-21,UA-68,5.8,6.5,77,8.14
2023-02-21,UA-71,3.9,4.2,81,7.06
2023-02-21,UA-74,2.4,4.3,84,7.53
2023-02-21,UA-77,9.7,0.5,59,7.73
2023-02-22,UA-05,0.4,0.6,81,3.15
2023-02-22,UA-07,0.8,0.4,81,2.8
2023-02-22,UA-09,-4.4,1.9,71,5.19
2023-02-22,UA-12,-1.7,0.9,74,4.89
2023-02-22,UA-14,-2.7,1.2,71,4.81
2023-02-22,UA-18,-0.6,0.3,77,3.37
2023-02-22,UA-21,7.2,0.0,62,1.87
2023-02-22,UA-23,-0.2,1.0,74,5.9
2023-02-22,UA-26,4.9,0.8,71,3.7
2023-02-22,UA-30,-2.3,0.0,75,3.61
2023-02-22,UA-32,-0.3,0.1,75,3.41
2023-02-22,UA-35,-0.0,0.0,74,4.16
2023-02-22,UA-40,6.6,0.0,74,5.83
2023-02-22,UA-43,3.6,0.4,79,3.34
2023-02-22,UA-46,4.0,1.2,75,3.72
2023-02-22,UA-48,3.2,0.0,73,3.87
2023-02-22,UA-51,4.9,0.1,71,4.4
2023-02-22,UA-53,-4.0,0.1,70,4.66
2023-02-22,UA-56,0.7,0.4,83,3.04
2023-02-22,UA-59,-8.3,0.0,70,5.08
2023-02-22,UA-61,2.6,2.5,80,3.42
2023-02-22,UA-63,-7.2,0.0,73,5.02
2023-02-22,UA-65,3.3,0.0,70,3.9
2023-02-22,UA-68,1.1,1.6,83,3.34
2023-02-22,UA-71,-1.4,0.5,75,4.18
2023-02-22,UA-74,-4.6,0.0,65,4.13
2023-02-22,UA-77,5.4,0.3,66,3.77
2023-02-23,UA-05,-0.8,0.0,69,2.44
2023-02-23,UA-07,0.3,0.0,73,3.85
2023-02-23,UA-09,-8.1,0.0,63,4.17
2023-02-23,UA-12,-5.4,0.0,70,3.07
2023-02-23,UA-14,-7.3,0.0,64,3.33
2023-02-23,UA-18,-2.9,0.0,70,2.7
2023-02-23,UA-21,6.0,0.0,66,1.35
2023-02-23,UA-23,-4.0,0.0,62,3.6
2023-02-23,UA-26,1.5,0.0,79,4.37
2023-02-23,UA-30,-4.7,0.0,68,2.2
2023-02-23,UA-32,-2.8,0.0,67,2.15
2023-02-23,UA-35,-3.2,0.0,65,2.52
2023-02-23,UA-40,2.3,0.0,64,4.19
2023-02-23,UA-43,-1.7,0.0,71,2.53
2023-02-23,UA-46,1.3,0.0,77,4.38
2023-02-23,UA-48,-1.3,0.0,74,2.26
2023-02-23,UA-51,0.5,0.0,70,2.68
2023-02-23,UA-53,-6.6,0.0,67,3.11
2023-02-23,UA-56,-0.0,0.0,72,3.74
2023-02-23,UA-59,-7.9,0.0,65,3.35
2023-02-23,UA-61,0.5,0.0,76,3.98
2023-02-23,UA-63,-8.1,0.0,68,3.9
2023-02-23,UA-65,-1.7,0.0,68,2.39
2023-02-23,UA-68,-0.3,0.0,75,3.27
2023-02-23,UA-71,-3.8,0.0,65,2.34
2023-02-23,UA-74,-5.1,0.0,62,2.54
2023-02-23,UA-77,2.1,0.0,78,4.34
2023-02-24,UA-05,2.5,0.0,80,4.91
2023-02-24,UA-07,4.2,2.7,85,4.93
2023-02-24,UA-09,-3.7,0.0,61,4.53
2023-02-24,UA-12,-1.8,0.0,71,5.33
2023-02-24,UA-14,-4.6,0.0,70,3.78
2023-02-24,UA-18,2.2,1.6,81,5.59
2023-02-24,UA-21,5.8,4.6,87,3.12
2023-02-24,UA-23,-1.2,0.0,72,5.6
2023-02-24,UA-26,4.6,0.0,77,2.92
2023-02-24,UA-30,0.8,0.7,78,5.76
2023-02-24,UA-32,1.4,0.1,79,5.28
2023-02-24,UA-35,-0.4,0.8,79,5.54
2023-02-24,UA-40,3.5,0.0,75,6.73
2023-02-24,UA-43,0.3,0.0,72,2.31
2023-02-24,UA-46,5.0,1.1,78,4.74
2023-02-24,UA-48,1.4,1.6,82,5.23
2023-02-24,UA-51,3.5,0.3,79,6.67
2023-02-24,UA-53,-2.1,0.1,70,5.83
2023-02-24,UA-56,3.8,3.2,84,4.7
2023-02-24,UA-59,-2.2,0.1,73,6.71
2023-02-24,UA-61,3.5,0.2,82,3.64
2023-02-24,UA-63,-2.4,0.0,64,5.45
2023-02-24,UA-65,1.0,0.7,76,4.45
2023-02-24,UA-68,3.1,0.2,83,4.75
2023-02-24,UA-71,0.0,0.2,77,5.45
2023-02-24,UA-74,-0.0,2.5,80,6.37
2023-02-24,UA-77,4.8,0.0,79,2.28
2023-02-25,UA-05,5.1,5.3,81,4.48
2023-02-25,UA-07,4.0,5.3,87,5.18
2023-02-25,UA-09,2.5,1.4,79,6.04
2023-02-25,UA-12,4.3,4.4,88,6.56
2023-02-25,UA-14,2.1,1.8,90,5.2
2023-02-25,UA-18,4.4,4.9,84,5.06
2023-02-25,UA-21,7.0,3.9,77,3.51
2023-02-25,UA-23,5.0,3.0,87,6.89
2023-02-25,UA-26,4.8,9.7,84,3.02
2023-02-25,UA-30,4.5,6.4,87,5.18
2023-02-25,UA-32,5.6,5.5,84,4.72
2023-02-25,UA-35,6.1,0.5,89,5.8
2023-02-25,UA-40,9.0,0.5,83,6.94
2023-02-25,UA-43,8.9,0.4,73,5.53
2023-02-25,UA-46,4.8,5.2,80,5.35
2023-02-25,UA-48,7.3,0.0,85,6.39
2023-02-25,UA-51,8.1,0.2,81,6.8
2023-02-25,UA-53,3.2,2.4,90,6.27
2023-02-25,UA-56,3.7,4.1,89,5.09
2023-02-25,UA-59,2.5,5.3,93,6.77
2023-02-25,UA-61,3.5,5.3,87,4.58
2023-02-25,UA-63,2.8,2.3,87,6.04
2023-02-25,UA-65,7.7,0.4,85,6.12
2023-02-25,UA-68,4.1,3.7,85,4.94
2023-02-25,UA-71,5.1,2.5,88,5.18
2023-02-25,UA-74,3.6,5.9,91,5.99
2023-02-25,UA-77,6.4,1.8,78,3.37
2023-02-26,UA-05,1.6,0.5,87,2.18
2023-02-26,UA-07,0.8,2.1,87,3.44
2023-02-26,UA-09,7.1,1.1,81,6.57
2023-02-26,UA-12,4.3,10.7,94,2.2
2023-02-26,UA-14,5.9,0.5,89,5.34
2023-02-26,UA-18,2.3,0.1,82,3.37
2023-02-26,UA-21,3.2,0.3,70,3.51
2023-02-26,UA-23,6.7,2.9,92,3.58
2023-02-26,UA-26,1.5,0.8,81,2.52
2023-02-26,UA-30,2.7,0.0,82,3.44
2023-02-26,UA-32,2.4,0.0,84,2.5
2023-02-26,UA-35,3.3,4.9,92,1.65
2023-02-26,UA-40,10.5,0.0,74,6.26
2023-02-26,UA-43,11.2,0.0,64,5.81
2023-02-26,UA-46,0.9,0.2,82,3.49
2023-02-26,UA-48,7.1,3.9,91,2.21
2023-02-26,UA-51,6.6,2.0,92,3.04
2023-02-26,UA-53,2.9,4.6,90,2.38
2023-02-26,UA-56,1.7,0.6,85,3.33
2023-02-26,UA-59,2.8,0.1,78,4.36
2023-02-26,UA-61,1.0,0.5,82,3.21
2023-02-26,UA-63,4.2,4.7,88,3.27
2023-02-26,UA-65,8.1,1.9,87,2.87
2023-02-26,UA-68,1.1,0.5,86,2.73
2023-02-26,UA-71,2.5,1.6,88,2.26
2023-02-26,UA-74,2.2,1.1,83,4.17
2023-02-26,UA-77,1.5,7.9,94,1.53
2023-02-27,UA-05,-0.2,4.3,87,3.37
2023-02-27,UA-07,-1.8,0.0,72,2.52
2023-02-27,UA-09,8.0,1.9,77,2.97
2023-02-27,UA-12,2.6,5.0,97,3.09
2023-02-27,UA-14,7.4,1.3,79,2.92
2023-02-27,UA-18,-1.3,0.2,79,3.21
2023-02-27,UA-21,2.1,0.8,63,4.12
2023-02-27,UA-23,6.4,2.5,90,2.69
2023-02-27,UA-26,-0.7,4.9,88,2.7
2023-02-27,UA-30,-0.8,0.0,78,3.47
2023-02-27,UA-32,-0.1,3.1,82,3.47
2023-02-27,UA-35,1.3,4.5,98,4.42
2023-02-27,UA-40,10.8,0.8,71,4.51
2023-02-27,UA-43,12.3,0.6,56,3.7
2023-02-27,UA-46,-1.7,1.0,78,3.02
2023-02-27,UA-48,5.9,2.0,95,2.3
2023-02-27,UA-51,4.9,1.3,96,3.31
2023-02-27,UA-53,0.5,5.5,97,3.33
2023-02-27,UA-56,-1.7,0.0,77,2.59
2023-02-27,UA-59,0.0,0.8,77,3.13
2023-02-27,UA-61,-1.8,2.2,86,2.77
2023-02-27,UA-63,1.1,7.5,95,2.41
2023-02-27,UA-65,7.4,1.4,90,3.18
2023-02-27,UA-68,-1.5,2.4,89,3.06
2023-02-27,UA-71,0.5,4.5,95,3.05
2023-02-27,UA-74,-1.6,0.0,71,3.0
2023-02-27,UA-77,-0.2,7.8,98,2.59
2023-02-28,UA-05,-2.8,0.0,80,2.43
2023-02-28,UA-07,-2.2,0.1,74,1.83
2023-02-28,UA-09,0.7,0.6,88,3.6
2023-02-28,UA-12,-0.6,0.1,86,4.23
2023-02-28,UA-14,0.6,0.0,91,3.29
2023-02-28,UA-18,-2.0,0.0,75,3.14
2023-02-28,UA-21,3.1,0.4,71,1.71
2023-02-28,UA-23,1.0,0.5,82,4.9
2023-02-28,UA-26,-0.7,0.0,86,1.79
2023-02-28,UA-30,-2.0,0.0,74,3.78
2023-02-28,UA-32,-1.5,0.0,75,2.97
2023-02-28,UA-35,-1.4,0.0,85,3.37
2023-02-28,UA-40,6.8,0.0,88,4.87
2023-02-28,UA-43,5.4,0.0,89,1.86
2023-02-28,UA-46,-0.8,0.0,82,1.21
2023-02-28,UA-48,1.4,0.0,85,3.57
2023-02-28,UA-51,2.3,0.0,81,3.93
2023-02-28,UA-53,-2.3,0.2,81,3.99
2023-02-28,UA-56,-1.8,0.0,75,2.11
2023-02-28,UA-59,-2.5,0.0,71,4.35
2023-02-28,UA-61,-1.5,0.0,84,1.27
2023-02-28,UA-63,-2.1,0.0,80,4.11
2023-02-28,UA-65,1.8,0.0,83,3.43
2023-02-28,UA-68,-2.6,0.0,84,2.19
2023-02-28,UA-71,-1.9,0.1,82,3.37
2023-02-28,UA-74,-2.1,0.0,70,4.32
2023-02-28,UA-77,-2.0,0.0,93,1.07
2023-03-01,UA-05,-0.3,0.0,80,3.78
2023-03-01,UA-07,-0.4,0.0,80,3.31
2023-03-01,UA-09,-0.9,0.2,77,4.96
2023-03-01,UA-12,-0.4,0.0,83,4.39
2023-03-01,UA-14,-0.7,0.1,77,4.24
2023-03-01,UA-18,-0.9,0.0,80,4.53
2023-03-01,UA-21,4.4,0.0,67,2.14
2023-03-01,UA-23,0.9,0.0,77,4.74
2023-03-01,UA-26,-0.5,0.0,79,2.27
2023-03-01,UA-30,-0.6,0.2,80,4.45
2023-03-01,UA-32,-0.4,0.0,80,4.14
2023-03-01,UA-35,-0.0,0.0,80,4.01
2023-03-01,UA-40,4.7,0.3,77,4.84
2023-03-01,UA-43,2.2,0.0,78,1.49
2023-03-01,UA-46,0.1,0.0,76,2.41
2023-03-01,UA-48,2.0,0.0,75,3.27
2023-03-01,UA-51,2.2,0.0,73,3.82
2023-03-01,UA-53,-1.4,0.1,79,4.33
2023-03-01,UA-56,-0.3,0.0,80,3.61
2023-03-01,UA-59,-1.0,0.5,65,4.83
2023-03-01,UA-61,-0.0,0.0,81,3.03
2023-03-01,UA-63,-1.8,0.9,75,4.45
2023-03-01,UA-65,1.6,0.0,75,2.96
2023-03-01,UA-68,-0.4,0.0,82,3.44
2023-03-01,UA-71,-0.5,0.0,83,4.16
2023-03-01,UA-74,0.2,0.2,64,5.11
2023-03-01,UA-77,-2.2,0.0,88,2.58
2023-03-02,UA-05,2.9,0.0,70,2.47
2023-03-02,UA-07,1.2,0.0,85,2.14
2023-03-02,UA-09,0.3,0.0,69,3.94
2023-03-02,UA-12,1.5,0.0,76,3.33
2023-03-02,UA-14,0.1,0.0,72,3.18
2023-03-02,UA-18,2.1,0.0,76,3.11
2023-03-02,UA-21,3.8,0.0,69,1.59
2023-03-02,UA-23,2.0,0.0,74,3.33
2023-03-02,UA-26,0.8,0.0,75,2.26
2023-03-02,UA-30,1.4,0.0,78,3.6
2023-03-02,UA-32,2.4,0.0,73,2.89
2023-03-02,UA-35,2.3,0.0,72,2.71
2023-03-02,UA-40,5.0,0.0,71,3.22
2023-03-02,UA-43,2.0,0.0,73,1.62
2023-03-02,UA-46,1.2,0.0,77,1.46
2023-03-02,UA-48,2.6,0.0,73,2.41
2023-03-02,UA-51,2.7,0.0,71,2.39
2023-03-02,UA-53,0.8,0.0,75,3.76
2023-03-02,UA-56,1.8,0.0,84,2.42
2023-03-02,UA-59,0.8,0.3,70,4.94
2023-03-02,UA-61,1.4,0.0,79,1.99
2023-03-02,UA-63,0.3,0.0,70,4.24
2023-03-02,UA-65,2.3,0.0,72,2.27
2023-03-02,UA-68,1.9,0.0,78,2.32
2023-03-02,UA-71,2.0,0.0,75,3.37
2023-03-02,UA-74,1.0,0.0,76,4.44
2023-03-02,UA-77,-1.3,0.0,82,2.15
2023-03-03,UA-05,2.3,0.0,73,3.46
2023-03-03,UA-07,1.3,0.0,80,3.84
2023-03-03,UA-09,3.6,0.0,65,4.1
2023-03-03,UA-12,2.1,0.5,75,3.46
2023-03-03,UA-14,2.0,0.0,68,3.29
2023-03-03,UA-18,1.6,0.0,78,3.97
2023-03-03,UA-21,2.6,0.0,75,1.98
2023-03-03,UA-23,2.6,0.0,76,3.92
2023-03-03,UA-26,0.1,0.0,80,3.06
2023-03-03,UA-30,1.8,0.1,76,4.15
2023-03-03,UA-32,2.3,0.0,76,3.46
2023-03-03,UA-35,2.5,0.1,74,2.77
2023-03-03,UA-40,5.9,0.2,75,2.53
2023-03-03,UA-43,3.9,0.0,79,2.05
2023-03-03,UA-46,0.1,0.0,83,3.4
2023-03-03,UA-48,2.7,0.0,75,2.66
2023-03-03,UA-51,2.8,0.0,72,2.76
2023-03-03,UA-53,1.1,0.5,80,3.88
2023-03-03,UA-56,1.5,0.0,80,3.73
2023-03-03,UA-59,2.0,0.6,75,4.6
2023-03-03,UA-61,0.1,0.0,81,3.59
2023-03-03,UA-63,1.7,0.5,77,4.23
2023-03-03,UA-65,2.5,0.0,79,2.94
2023-03-03,UA-68,1.1,0.0,77,3.62
2023-03-03,UA-71,2.3,0.1,77,3.34
2023-03-03,UA-74,2.3,0.3,75,4.69
2023-03-03,UA-77,-0.2,0.0,82,2.56
2023-03-04,UA-05,2.3,0.0,69,5.69
2023-03-04,UA-07,0.0,1.4,77,7.03
2023-03-04,UA-09,4.0,0.0,66,6.05
2023-03-04,UA-12,3.7,0.0,71,5.68
2023-03-04,UA-14,3.3,0.0,68,4.96
2023-03-04,UA-18,0.3,0.2,76,6.7
2023-03-04,UA-21,2.8,0.0,75,2.28
2023-03-04,UA-23,3.8,0.0,75,6.05
2023-03-04,UA-26,3.0,0.1,72,4.94
2023-03-04,UA-30,0.4,0.2,77,6.41
2023-03-04,UA-32,1.8,0.0,71,5.69
2023-03-04,UA-35,4.0,0.0,69,5.14
2023-03-04,UA-40,7.2,1.2,81,4.92
2023-03-04,UA-43,6.1,0.2,81,4.39
2023-03-04,UA-46,1.0,0.4,74,6.75
2023-03-04,UA-48,4.5,0.0,73,4.59
2023-03-04,UA-51,4.8,0.0,71,4.58
2023-03-04,UA-53,2.1,0.3,72,5.54
2023-03-04,UA-56,0.2,1.0,78,6.91
2023-03-04,UA-59,1.0,1.2,78,6.45
2023-03-04,UA-61,1.2,0.2,74,6.59
2023-03-04,UA-63,2.6,0.7,72,5.89
2023-03-04,UA-65,4.2,0.0,75,4.37
2023-03-04,UA-68,1.3,0.2,73,6.2
2023-03-04,UA-71,2.6,0.0,70,5.29
2023-03-04,UA-74,-0.2,3.4,81,7.08
2023-03-04,UA-77,3.0,0.0,74,3.49
2023-03-05,UA-05,-0.3,0.2,57,3.79
2023-03-05,UA-07,-1.2,0.4,64,4.38
2023-03-05,UA-09,2.4,0.4,68,4.77
2023-03-05,UA-12,1.4,0.0,68,3.64
2023-03-05,UA-14,1.6,0.0,74,3.73
2023-03-05,UA-18,-1.4,0.1,60,4.56
2023-03-05,UA-21,2.0,0.9,77,1.82
2023-03-05,UA-23,2.3,0.0,72,3.91
2023-03-05,UA-26,1.0,1.6,71,3.11
2023-03-05,UA-30,-1.2,0.0,64,4.93
2023-03-05,UA-32,-0.6,0.0,59,4.09
2023-03-05,UA-35,0.8,0.0,60,3.65
2023-03-05,UA-40,7.7,0.4,87,4.16
2023-03-05,UA-43,6.8,0.4,78,3.66
2023-03-05,UA-46,-0.2,0.7,65,4.28
2023-03-05,UA-48,3.3,0.0,63,3.2
2023-03-05,UA-51,3.3,0.0,60,3.45
2023-03-05,UA-53,-0.5,0.0,65,4.98
2023-03-05,UA-56,-1.1,0.5,63,4.53
2023-03-05,UA-59,-1.1,0.5,68,6.49
2023-03-05,UA-61,-0.5,0.6,63,4.12
2023-03-05,UA-63,0.3,0.1,64,5.56
2023-03-05,UA-65,3.0,0.0,64,3.02
2023-03-05,UA-68,-0.8,0.5,62,4.15
2023-03-05,UA-71,0.4,0.0,63,4.07
2023-03-05,UA-74,-1.8,0.4,69,6.03
2023-03-05,UA-77,1.7,0.2,70,2.63
2023-03-06,UA-05,0.9,1.2,74,3.2
2023-03-06,UA-07,-0.3,0.3,78,3.5
2023-03-06,UA-09,0.7,0.0,63,2.52
2023-03-06,UA-12,0.8,0.0,74,2.91
2023-03-06,UA-14,0.7,0.0,63,2.28
2023-03-06,UA-18,-0.3,0.7,75,3.51
2023-03-06,UA-21,2.7,6.0,76,2.32
2023-03-06,UA-23,2.3,0.5,71,2.79
2023-03-06,UA-26,1.8,2.4,72,2.48
2023-03-06,UA-30,-0.7,0.3,73,3.18
2023-03-06,UA-32,0.4,0.4,74,3.08
2023-03-06,UA-35,1.0,0.1,66,3.06
2023-03-06,UA-40,6.2,0.5,61,4.49
2023-03-06,UA-43,4.1,0.2,58,2.44
2023-03-06,UA-46,1.0,1.6,77,2.98
2023-03-06,UA-48,3.1,0.1,73,2.84
2023-03-06,UA-51,4.5,0.1,68,3.14
2023-03-06,UA-53,-1.5,0.8,76,3.12
2023-03-06,UA-56,0.1,0.4,76,3.51
2023-03-06,UA-59,-1.4,1.1,75,3.22
2023-03-06,UA-61,0.6,2.0,78,2.92
2023-03-06,UA-63,-0.8,0.5,75,3.32
2023-03-06,UA-65,2.8,0.1,66,2.5
2023-03-06,UA-68,0.4,1.2,78,3.18
2023-03-06,UA-71,0.6,0.6,70,2.86
2023-03-06,UA-74,-1.6,0.4,70,3.56
2023-03-06,UA-77,2.8,0.5,64,2.3
2023-03-07,UA-05,2.7,0.7,66,2.95
2023-03-07,UA-07,2.6,0.0,74,4.06
2023-03-07,UA-09,3.0,8.8,88,4.19
2023-03-07,UA-12,4.3,1.9,81,3.07
2023-03-07,UA-14,3.7,9.9,88,3.73
2023-03-07,UA-18,1.8,0.6,71,3.64
2023-03-07,UA-21,4.3,0.1,76,2.36
2023-03-07,UA-23,5.2,7.5,82,3.85
2023-03-07,UA-26,2.8,1.3,75,2.12
2023-03-07,UA-30,1.1,1.2,79,3.18
2023-03-07,UA-32,1.9,1.0,74,2.84
2023-03-07,UA-35,3.0,0.0,81,2.91
2023-03-07,UA-40,8.7,1.6,83,5.52
2023-03-07,UA-43,8.1,2.1,76,4.44
2023-03-07,UA-46,2.9,0.0,71,3.66
2023-03-07,UA-48,6.0,0.8,85,3.52
2023-03-07,UA-51,6.9,0.0,77,3.65
2023-03-07,UA-53,1.8,1.6,84,3.01
2023-03-07,UA-56,2.7,0.3,76,3.75
2023-03-07,UA-59,0.1,1.0,82,3.7
2023-03-07,UA-61,2.6,1.1,75,2.99
2023-03-07,UA-63,2.4,1.5,81,3.12
2023-03-07,UA-65,6.4,0.1,82,3.51
2023-03-07,UA-68,2.7,1.5,72,3.28
2023-03-07,UA-71,1.7,0.7,82,2.23
2023-03-07,UA-74,0.2,2.7,83,4.03
2023-03-07,UA-77,3.8,0.2,73,1.66
2023-03-08,UA-05,5.0,1.6,75,3.25
2023-03-08,UA-07,4.1,1.7,73,4.32
2023-03-08,UA-09,8.1,1.7,80,5.35
2023-03-08,UA-12,7.6,0.6,83,4.34
2023-03-08,UA-14,7.7,1.1,83,4.26
2023-03-08,UA-18,4.0,0.0,74,4.09
2023-03-08,UA-21,7.9,4.2,70,3.13
2023-03-08,UA-23,8.2,0.5,86,5.12
2023-03-08,UA-26,6.7,0.7,64,3.35
2023-03-08,UA-30,3.7,0.3,78,3.85
2023-03-08,UA-32,4.5,0.1,76,3.47
2023-03-08,UA-35,6.5,0.4,78,3.66
2023-03-08,UA-40,9.6,0.7,84,5.27
2023-03-08,UA-43,10.3,1.8,73,4.54
2023-03-08,UA-46,6.0,4.0,70,4.51
2023-03-08,UA-48,8.5,0.0,80,3.88
2023-03-08,UA-51,8.9,0.0,73,4.18
2023-03-08,UA-53,3.5,1.0,87,3.41
2023-03-08,UA-56,4.3,2.0,76,4.36
2023-03-08,UA-59,1.7,0.8,90,4.14
2023-03-08,UA-61,4.9,2.5,70,3.82
2023-03-08,UA-63,4.1,1.5,92,3.35
2023-03-08,UA-65,8.9,0.0,82,4.07
2023-03-08,UA-68,4.8,0.4,72,3.74
2023-03-08,UA-71,5.2,0.5,78,3.08
2023-03-08,UA-74,2.3,2.6,83,4.68
2023-03-08,UA-77,7.6,0.8,63,3.36
2023-03-09,UA-05,9.4,0.4,70,4.91
2023-03-09,UA-07,3.6,9.2,92,3.66
2023-03-09,UA-09,8.2,0.0,81,5.39
2023-03-09,UA-12,10.1,0.1,72,4.95
2023-03-09,UA-14,8.0,0.0,81,4.18
2023-03-09,UA-18,7.2,4.2,79,4.16
2023-03-09,UA-21,9.9,4.3,78,3.62
2023-03-09,UA-23,9.2,0.0,78,5.27
2023-03-09,UA-26,9.2,3.7,73,4.56
2023-03-09,UA-30,6.7,3.6,80,3.91
2023-03-09,UA-32,9.1,0.3,71,4.22
2023-03-09,UA-35,10.0,0.0,68,4.37
2023-03-09,UA-40,9.7,0.0,89,5.07
2023-03-09,UA-43,10.7,0.0,76,4.37
2023-03-09,UA-46,7.7,6.6,83,5.74
2023-03-09,UA-48,10.3,0.0,67,4.52
2023-03-09,UA-51,11.4,0.0,61,5.19
2023-03-09,UA-53,7.9,0.0,73,4.67
2023-03-09,UA-56,5.3,7.0,87,3.52
2023-03-09,UA-59,6.5,2.0,79,4.52
2023-03-09,UA-61,7.5,4.3,80,5.29
2023-03-09,UA-63,7.2,0.0,79,4.57
2023-03-09,UA-65,10.4,0.0,67,4.42
2023-03-09,UA-68,8.2,2.9,77,5.28
2023-03-09,UA-71,9.2,0.9,69,3.84
2023-03-09,UA-74,3.0,9.2,89,4.83
2023-03-09,UA-77,10.3,0.9,65,3.47
2023-03-10,UA-05,8.2,0.0,69,3.54
2023-03-10,UA-07,7.1,0.0,76,4.0
2023-03-10,UA-09,9.7,0.0,81,4.29
2023-03-10,UA-12,7.0,0.0,80,3.3
2023-03-10,UA-14,9.0,1.4,84,3.28
2023-03-10,UA-18,4.3,0.0,77,3.57
2023-03-10,UA-21,10.4,5.7,80,3.38
2023-03-10,UA-23,7.8,0.0,83,3.39
2023-03-10,UA-26,9.2,0.0,68,2.94
2023-03-10,UA-30,2.2,0.1,81,3.62
2023-03-10,UA-32,5.2,0.0,75,3.29
2023-03-10,UA-35,6.9,0.0,75,3.02
2023-03-10,UA-40,9.8,0.2,88,4.18
2023-03-10,UA-43,10.8,0.4,76,3.78
2023-03-10,UA-46,9.2,0.6,69,4.62
2023-03-10,UA-48,9.6,0.0,71,2.52
2023-03-10,UA-51,10.4,0.0,66,3.46
2023-03-10,UA-53,4.3,0.0,83,3.17
2023-03-10,UA-56,6.9,0.0,75,4.07
2023-03-10,UA-59,1.8,0.8,77,3.54
2023-03-10,UA-61,8.4,0.2,72,3.64
2023-03-10,UA-63,4.6,0.3,83,3.45
2023-03-10,UA-65,10.1,0.0,70,2.41
2023-03-10,UA-68,7.7,0.0,74,3.96
2023-03-10,UA-71,4.5,0.0,80,3.4
2023-03-10,UA-74,1.5,0.3,75,4.01
2023-03-10,UA-77,10.0,0.4,67,3.03
2023-03-11,UA-05,6.8,3.9,84,4.2
2023-03-11,UA-07,5.0,9.3,89,4.89
2023-03-11,UA-09,10.4,2.6,84,5.41
2023-03-11,UA-12,6.8,6.5,94,5.35
2023-03-11,UA-14,7.8,4.9,93,4.95
2023-03-11,UA-18,5.8,4.2,86,4.79
2023-03-11,UA-21,6.6,8.7,78,4.03
2023-03-11,UA-23,7.2,8.8,94,6.17
2023-03-11,UA-26,4.6,8.1,84,4.77
2023-03-11,UA-30,5.2,5.7,93,4.49
2023-03-11,UA-32,6.5,10.6,89,4.29
2023-03-11,UA-35,7.1,10.1,96,5.42
2023-03-11,UA-40,10.8,12.6,86,7.34
2023-03-11,UA-43,11.9,9.9,78,4.81
2023-03-11,UA-46,4.6,13.4,86,5.62
2023-03-11,UA-48,9.0,12.4,90,5.94
2023-03-11,UA-51,9.7,14.8,87,6.83
2023-03-11,UA-53,5.6,6.0,96,5.74
2023-03-11,UA-56,6.0,5.3,87,5.41
2023-03-11,UA-59,4.7,4.0,94,6.08
2023-03-11,UA-61,4.8,4.4,87,5.18
2023-03-11,UA-63,6.2,5.9,93,5.41
2023-03-11,UA-65,9.4,9.8,88,5.75
2023-03-11,UA-68,6.4,2.0,84,5.34
2023-03-11,UA-71,5.8,9.4,95,4.68
2023-03-11,UA-74,4.7,3.3,91,5.24
2023-03-11,UA-77,8.0,1.0,69,5.03
2023-03-12,UA-05,1.0,1.6,72,6.4
2023-03-12,UA-07,-0.1,1.1,78,6.2
2023-03-12,UA-09,8.8,1.9,73,6.54
2023-03-12,UA-12,4.2,2.8,84,5.92
2023-03-12,UA-14,5.9,0.9,80,5.56
2023-03-12,UA-18,0.0,2.4,79,7.24
2023-03-12,UA-21,3.8,0.0,55,2.94
2023-03-12,UA-23,5.1,3.1,79,6.61
2023-03-12,UA-26,1.8,0.1,63,5.94
2023-03-12,UA-30,0.6,3.1,81,7.36
2023-03-12,UA-32,1.3,2.2,76,6.54
2023-03-12,UA-35,3.2,3.4,75,5.7
2023-03-12,UA-40,6.9,0.9,76,7.68
2023-03-12,UA-43,5.7,0.2,79,4.19
2023-03-12,UA-46,1.0,0.0,69,6.11
2023-03-12,UA-48,4.4,1.0,70,5.58
2023-03-12,UA-51,3.9,0.0,61,6.39
2023-03-12,UA-53,3.1,8.3,83,6.27
2023-03-12,UA-56,0.1,1.8,79,6.5
2023-03-12,UA-59,2.8,12.1,88,6.43
2023-03-12,UA-61,0.7,0.5,69,6.45
2023-03-12,UA-63,4.1,4.9,86,6.13
2023-03-12,UA-65,4.5,1.8,71,5.14
2023-03-12,UA-68,0.5,1.5,72,6.6
2023-03-12,UA-71,2.6,4.4,80,6.25
2023-03-12,UA-74,0.9,3.1,80,7.3
2023-03-12,UA-77,2.8,0.0,55,5.95
2023-03-13,UA-05,3.8,0.0,56,3.92
2023-03-13,UA-07,4.6,1.1,69,5.08
2023-03-13,UA-09,1.8,0.0,63,3.17
2023-03-13,UA-12,2.3,0.0,64,3.05
2023-03-13,UA-14,0.7,0.0,67,2.94
2023-03-13,UA-18,3.2,0.0,60,4.64
2023-03-13,UA-21,6.5,0.2,58,4.17
2023-03-13,UA-23,3.0,0.0,64,3.04
2023-03-13,UA-26,5.9,0.0,57,3.27
2023-03-13,UA-30,2.9,0.0,63,4.46
2023-03-13,UA-32,3.7,0.0,59,3.97
2023-03-13,UA-35,3.2,0.0,63,3.39
2023-03-13,UA-40,6.3,0.0,54,4.01
2023-03-13,UA-43,3.0,0.0,57,2.7
2023-03-13,UA-46,6.1,0.3,57,5.76
2023-03-13,UA-48,3.5,0.0,68,2.14
2023-03-13,UA-51,3.8,0.0,65,3.07
2023-03-13,UA-53,1.0,0.0,64,3.71
2023-03-13,UA-56,4.2,0.1,67,4.73
2023-03-13,UA-59,0.6,0.0,64,4.74
2023-03-13,UA-61,4.8,0.3,61,4.41
2023-03-13,UA-63,0.8,0.0,66,3.78
2023-03-13,UA-65,3.2,0.0,65,2.0
2023-03-13,UA-68,3.8,0.4,59,4.42
2023-03-13,UA-71,3.5,0.0,63,4.02
2023-03-13,UA-74,2.3,0.0,59,5.21
2023-03-13,UA-77,5.7,0.0,55,2.09
2023-03-14,UA-05,7.4,0.0,48,6.15
2023-03-14,UA-07,11.3,0.0,51,5.86
2023-03-14,UA-09,3.8,0.2,58,4.35
2023-03-14,UA-12,5.1,0.0,60,4.32
2023-03-14,UA-14,3.7,0.6,59,4.15
2023-03-14,UA-18,8.0,0.0,47,6.78
2023-03-14,UA-21,10.6,0.0,53,3.92
2023-03-14,UA-23,5.0,0.0,63,4.5
2023-03-14,UA-26,11.0,0.0,50,3.54
2023-03-14,UA-30,7.2,0.0,49,6.93
2023-03-14,UA-32,7.2,0.0,47,6.5
2023-03-14,UA-35,5.4,0.0,57,5.19
2023-03-14,UA-40,6.7,0.0,64,2.03
2023-03-14,UA-43,4.7,0.0,73,2.83
2023-03-14,UA-46,12.0,0.4,43,5.24
2023-03-14,UA-48,5.9,0.0,67,3.52
2023-03-14,UA-51,5.6,0.0,70,4.14
2023-03-14,UA-53,4.4,0.0,58,5.28
2023-03-14,UA-56,10.3,0.0,53,6.07
2023-03-14,UA-59,4.9,0.0,55,7.09
2023-03-14,UA-61,10.1,0.0,53,5.2
2023-03-14,UA-63,4.1,0.0,58,4.87
2023-03-14,UA-65,5.2,0.0,67,3.34
2023-03-14,UA-68,8.0,0.3,50,6.18
2023-03-14,UA-71,6.1,0.0,52,5.99
2023-03-14,UA-74,7.4,0.0,48,7.68
2023-03-14,UA-77,10.2,0.0,48,4.2
2023-03-15,UA-05,5.9,0.0,56,3.22
2023-03-15,UA-07,4.4,9.7,83,4.13
2023-03-15,UA-09,6.9,0.0,66,4.94
2023-03-15,UA-12,6.8,2.0,73,3.21
2023-03-15,UA-14,6.2,0.0,68,4.2
2023-03-15,UA-18,6.1,0.0,53,3.69
2023-03-15,UA-21,5.7,9.0,81,5.02
2023-03-15,UA-23,6.5,1.9,75,3.48
2023-03-15,UA-26,4.3,8.0,83,3.57
2023-03-15,UA-30,6.0,0.0,73,4.13
2023-03-15,UA-32,6.5,0.0,69,3.63
2023-03-15,UA-35,5.9,0.1,85,2.7
2023-03-15,UA-40,7.7,0.0,84,2.07
2023-03-15,UA-43,6.6,0.0,86,1.15
2023-03-15,UA-46,4.3,10.6,86,3.93
2023-03-15,UA-48,6.6,0.0,85,2.05
2023-03-15,UA-51,5.2,0.0,89,2.75
2023-03-15,UA-53,5.8,2.1,72,3.56
2023-03-15,UA-56,5.2,6.1,72,4.19
2023-03-15,UA-59,5.3,0.7,70,4.46
2023-03-15,UA-61,4.4,6.1,74,3.92
2023-03-15,UA-63,5.4,1.2,70,3.94
2023-03-15,UA-65,6.8,0.0,84,2.05
2023-03-15,UA-68,5.7,0.3,63,3.72
2023-03-15,UA-71,5.4,0.0,83,3.12
2023-03-15,UA-74,6.2,0.0,72,4.8
2023-03-15,UA-77,5.1,1.9,72,3.49
2023-03-16,UA-05,2.4,0.0,86,4.49
2023-03-16,UA-07,2.2,0.9,73,4.02
2023-03-16,UA-09,6.6,0.2,79,2.45
2023-03-16,UA-12,7.2,6.5,93,1.73
2023-03-16,UA-14,7.0,2.9,88,1.86
2023-03-16,UA-18,1.8,0.9,88,5.07
2023-03-16,UA-21,4.5,0.3,61,4.46
2023-03-16,UA-23,7.0,5.4,92,1.94
2023-03-16,UA-26,2.0,2.7,79,3.98
2023-03-16,UA-30,2.8,0.9,91,4.0
2023-03-16,UA-32,3.3,0.9,88,3.97
2023-03-16,UA-35,6.9,0.3,87,2.81
2023-03-16,UA-40,8.7,0.2,87,4.17
2023-03-16,UA-43,8.8,0.0,83,1.49
2023-03-16,UA-46,2.2,0.8,71,3.8
2023-03-16,UA-48,7.7,0.3,85,3.06
2023-03-16,UA-51,6.5,0.7,83,3.76
2023-03-16,UA-53,5.7,4.4,94,1.77
2023-03-16,UA-56,2.2,1.7,76,4.67
2023-03-16,UA-59,5.1,6.7,94,1.68
2023-03-16,UA-61,1.8,2.3,76,4.62
2023-03-16,UA-63,6.0,6.3,93,1.79
2023-03-16,UA-65,7.5,0.0,83,2.66
2023-03-16,UA-68,1.7,2.9,81,5.3
2023-03-16,UA-71,6.1,0.3,88,2.49
2023-03-16,UA-74,3.9,0.1,88,3.49
2023-03-16,UA-77,2.7,4.7,80,4.84
2023-03-17,UA-05,3.1,0.0,67,4.16
2023-03-17,UA-07,1.7,0.0,63,1.98
2023-03-17,UA-09,6.4,4.2,89,2.87
2023-03-17,UA-12,6.4,0.0,92,3.6
2023-03-17,UA-14,7.0,0.2,86,2.6
2023-03-17,UA-18,2.0,0.0,73,4.03
2023-03-17,UA-21,3.2,0.0,63,1.14
2023-03-17,UA-23,7.0,0.7,89,3.92
2023-03-17,UA-26,1.7,0.0,64,1.88
2023-03-17,UA-30,2.7,0.5,81,4.34
2023-03-17,UA-32,2.7,0.3,79,4.22
2023-03-17,UA-35,3.8,0.6,91,4.72
2023-03-17,UA-40,8.8,0.4,87,4.71
2023-03-17,UA-43,8.1,0.0,87,2.77
2023-03-17,UA-46,1.7,0.0,64,1.79
2023-03-17,UA-48,5.0,0.9,90,5.11
2023-03-17,UA-51,5.0,1.7,79,6.3
2023-03-17,UA-53,4.5,1.7,92,4.1
2023-03-17,UA-56,2.1,0.0,63,2.52
2023-03-17,UA-59,3.6,0.9,88,4.49
2023-03-17,UA-61,1.7,0.0,61,2.39
2023-03-17,UA-63,4.8,0.1,89,4.1
2023-03-17,UA-65,5.7,0.1,88,4.42
2023-03-17,UA-68,2.0,0.0,63,3.52
2023-03-17,UA-71,3.0,2.9,94,4.23
2023-03-17,UA-74,3.2,0.0,74,4.75
2023-03-17,UA-77,3.5,0.0,54,3.06
2023-03-18,UA-05,4.0,0.0,81,2.33
2023-03-18,UA-07,4.2,0.0,74,3.65
2023-03-18,UA-09,3.9,0.0,85,4.41
2023-03-18,UA-12,4.0,0.0,83,4.25
2023-03-18,UA-14,3.4,0.0,86,3.83
2023-03-18,UA-18,3.8,0.0,80,2.52
2023-03-18,UA-21,5.1,0.0,57,2.88
2023-03-18,UA-23,5.0,0.0,81,5.1
2023-03-18,UA-26,3.6,0.0,70,3.72
2023-03-18,UA-30,3.5,0.0,76,2.7
2023-03-18,UA-32,3.6,0.0,84,2.38
2023-03-18,UA-35,3.8,0.0,89,3.57
2023-03-18,UA-40,8.7,5.9,88,4.11
2023-03-18,UA-43,7.1,0.0,89,4.6
2023-03-18,UA-46,4.1,0.0,66,4.3
2023-03-18,UA-48,6.0,0.0,87,4.37
2023-03-18,UA-51,5.8,0.3,86,4.91
2023-03-18,UA-53,3.3,0.0,80,4.31
2023-03-18,UA-56,4.2,0.0,77,3.21
2023-03-18,UA-59,2.4,0.0,67,4.4
2023-03-18,UA-61,3.4,0.0,76,3.28
2023-03-18,UA-63,3.2,0.0,79,4.67
2023-03-18,UA-65,6.1,0.0,85,4.35
2023-03-18,UA-68,3.5,0.0,80,2.47
2023-03-18,UA-71,3.7,0.0,86,2.87
2023-03-18,UA-74,3.5,0.0,56,3.63
2023-03-18,UA-77,4.0,0.0,70,2.25
2023-03-19,UA-05,3.7,0.0,84,1.28
2023-03-19,UA-07,6.3,0.0,74,3.28
2023-03-19,UA-09,3.1,1.0,92,2.91
2023-03-19,UA-12,3.7,0.0,80,3.01
2023-03-19,UA-14,2.6,0.1,87,2.91
2023-03-19,UA-18,4.1,0.0,79,1.75
2023-03-19,UA-21,7.2,0.0,62,2.02
2023-03-19,UA-23,4.2,0.0,78,3.95
2023-03-19,UA-26,5.2,0.0,76,2.81
2023-03-19,UA-30,3.2,0.0,76,1.63
2023-03-19,UA-32,3.9,0.0,76,1.12
2023-03-19,UA-35,3.8,0.0,79,2.13
2023-03-19,UA-40,7.7,0.0,82,5.38
2023-03-19,UA-43,5.6,0.0,84,3.41
2023-03-19,UA-46,6.6,0.0,69,2.86
2023-03-19,UA-48,5.2,0.0,80,2.73
2023-03-19,UA-51,5.1,0.1,80,2.89
2023-03-19,UA-53,3.4,0.0,77,2.55
2023-03-19,UA-56,5.5,0.0,78,3.21
2023-03-19,UA-59,2.0,0.0,78,2.36
2023-03-19,UA-61,5.1,0.0,79,3.22
2023-03-19,UA-63,2.8,0.0,82,2.82
2023-03-19,UA-65,5.2,0.1,80,2.7
2023-03-19,UA-68,4.3,0.0,81,2.37
2023-03-19,UA-71,4.2,0.0,76,1.53
2023-03-19,UA-74,2.5,0.0,62,2.04
2023-03-19,UA-77,5.2,0.0,79,3.08
2023-03-20,UA-05,5.0,0.0,77,2.12
2023-03-20,UA-07,8.2,0.0,71,2.58
2023-03-20,UA-09,7.0,0.0,83,2.17
2023-03-20,UA-12,4.5,0.0,78,1.96
2023-03-20,UA-14,4.8,0.1,86,2.35
2023-03-20,UA-18,5.3,0.0,74,2.34
2023-03-20,UA-21,9.6,0.0,62,1.54
2023-03-20,UA-23,5.0,0.0,81,2.72
2023-03-20,UA-26,6.7,0.0,71,1.74
2023-03-20,UA-30,4.2,0.0,76,1.45
2023-03-20,UA-32,4.1,0.0,76,1.81
2023-03-20,UA-35,5.0,0.0,75,1.2
2023-03-20,UA-40,7.1,0.0,83,4.36
2023-03-20,UA-43,5.6,0.0,83,1.72
2023-03-20,UA-46,8.6,0.0,66,2.81
2023-03-20,UA-48,6.4,0.0,77,1.79
2023-03-20,UA-51,5.4,0.0,80,1.93
2023-03-20,UA-53,3.6,0.0,74,1.57
2023-03-20,UA-56,6.8,0.0,75,2.81
2023-03-20,UA-59,2.6,0.0,75,1.62
2023-03-20,UA-61,6.4,0.0,75,2.59
2023-03-20,UA-63,3.4,0.0,83,1.87
2023-03-20,UA-65,6.2,0.0,77,1.84
2023-03-20,UA-68,5.4,0.0,79,3.1
2023-03-20,UA-71,4.3,0.0,79,1.26
2023-03-20,UA-74,3.7,0.0,67,2.04
2023-03-20,UA-77,5.7,0.0,80,1.92
2023-03-21,UA-05,8.6,0.2,76,2.38
2023-03-21,UA-07,8.4,0.9,86,2.75
2023-03-21,UA-09,8.0,0.0,81,1.62
2023-03-21,UA-12,6.0,0.5,80,2.16
2023-03-21,UA-14,6.6,0.0,78,1.79
2023-03-21,UA-18,8.4,1.7,79,2.53
2023-03-21,UA-21,9.8,1.0,75,1.94
2023-03-21,UA-23,6.6,0.0,82,1.89
2023-03-21,UA-26,7.8,1.2,81,2.2
2023-03-21,UA-30,8.0,0.3,76,2.04
2023-03-21,UA-32,8.8,0.0,73,1.98
2023-03-21,UA-35,9.7,0.0,70,1.86
2023-03-21,UA-40,7.3,0.0,85,2.05
2023-03-21,UA-43,6.5,0.0,81,1.2
2023-03-21,UA-46,8.4,3.2,89,2.51
2023-03-21,UA-48,7.6,0.0,82,2.75
2023-03-21,UA-51,6.7,0.0,87,2.8
2023-03-21,UA-53,5.1,0.0,77,2.32
2023-03-21,UA-56,8.3,2.7,85,2.9
2023-03-21,UA-59,4.8,0.0,75,2.36
2023-03-21,UA-61,8.6,1.3,83,2.9
2023-03-21,UA-63,4.1,0.3,86,2.18
2023-03-21,UA-65,6.7,0.3,83,2.45
2023-03-21,UA-68,8.1,3.5,82,2.58
2023-03-21,UA-71,8.2,0.0,72,1.58
2023-03-21,UA-74,7.2,0.5,75,2.36
2023-03-21,UA-77,9.6,0.2,72,2.22
2023-03-22,UA-05,8.6,0.0,75,1.56
2023-03-22,UA-07,8.6,0.1,76,2.14
2023-03-22,UA-09,8.7,0.0,64,2.06
2023-03-22,UA-12,9.0,0.1,74,1.97
2023-03-22,UA-14,8.3,0.0,67,1.53
2023-03-22,UA-18,8.6,0.1,73,1.72
2023-03-22,UA-21,10.3,0.0,70,1.69
2023-03-22,UA-23,8.6,0.0,76,1.48
2023-03-22,UA-26,8.8,0.2,78,1.61
2023-03-22,UA-30,8.5,0.0,76,2.05
2023-03-22,UA-32,9.0,0.0,75,1.86
2023-03-22,UA-35,10.7,0.8,75,1.62
2023-03-22,UA-40,8.1,0.6,89,1.91
2023-03-22,UA-43,7.7,0.4,78,1.44
2023-03-22,UA-46,8.5,0.0,78,1.69
2023-03-22,UA-48,9.3,0.0,80,1.82
2023-03-22,UA-51,8.1,0.0,85,2.26
2023-03-22,UA-53,8.3,0.0,70,2.07
2023-03-22,UA-56,8.7,0.5,80,2.02
2023-03-22,UA-59,8.0,0.0,71,2.03
2023-03-22,UA-61,9.0,0.8,82,2.31
2023-03-22,UA-63,8.1,0.0,72,1.93
2023-03-22,UA-65,8.8,0.0,75,1.26
2023-03-22,UA-68,8.4,0.0,77,1.91
2023-03-22,UA-71,9.3,0.0,76,1.26
2023-03-22,UA-74,7.6,0.3,78,1.91
2023-03-22,UA-77,10.0,0.2,77,1.79
2023-03-23,UA-05,11.3,0.0,60,3.01
2023-03-23,UA-07,13.2,0.2,60,4.47
2023-03-23,UA-09,9.0,0.0,67,2.39
2023-03-23,UA-12,10.6,0.0,64,1.76
2023-03-23,UA-14,9.4,0.0,65,2.02
2023-03-23,UA-18,11.8,0.0,57,3.7
2023-03-23,UA-21,11.8,0.0,65,2.47
2023-03-23,UA-23,9.8,0.0,72,1.72
2023-03-23,UA-26,11.9,0.0,58,3.2
2023-03-23,UA-30,11.3,0.0,63,3.45
2023-03-23,UA-32,11.7,0.0,62,3.0
2023-03-23,UA-35,11.2,0.1,68,2.1
2023-03-23,UA-40,9.4,0.3,84,3.49
2023-03-23,UA-43,9.3,0.4,76,2.64
2023-03-23,UA-46,13.1,0.0,56,4.67
2023-03-23,UA-48,10.4,0.0,72,1.87
2023-03-23,UA-51,8.8,0.0,78,1.96
2023-03-23,UA-53,10.3,0.2,66,2.45
2023-03-23,UA-56,12.9,0.1,62,3.89
2023-03-23,UA-59,10.4,0.0,65,2.64
2023-03-23,UA-61,12.0,0.0,60,3.33
2023-03-23,UA-63,10.3,0.0,65,2.56
2023-03-23,UA-65,10.3,0.0,69,1.73
2023-03-23,UA-68,11.6,0.0,62,3.2
2023-03-23,UA-71,11.7,0.2,64,2.45
2023-03-23,UA-74,10.5,0.1,68,4.11
2023-03-23,UA-77,11.8,0.0,61,2.09
2023-03-24,UA-05,14.1,0.0,53,3.47
2023-03-24,UA-07,14.8,0.5,57,3.97
2023-03-24,UA-09,11.7,0.0,63,2.6
2023-03-24,UA-12,12.0,0.0,63,3.28
2023-03-24,UA-14,11.1,0.0,66,2.26
2023-03-24,UA-18,14.8,0.0,56,3.81
2023-03-24,UA-21,14.7,0.8,61,2.72
2023-03-24,UA-23,10.8,0.0,71,2.42
2023-03-24,UA-26,15.8,0.1,51,3.31
2023-03-24,UA-30,14.2,0.4,60,3.47
2023-03-24,UA-32,14.6,0.3,53,3.57
2023-03-24,UA-35,13.6,0.0,59,3.7
2023-03-24,UA-40,8.8,0.1,88,2.92
2023-03-24,UA-43,9.8,0.4,76,1.52
2023-03-24,UA-46,15.3,0.4,53,4.6
2023-03-24,UA-48,10.0,0.0,75,3.09
2023-03-24,UA-51,8.7,0.0,82,3.37
2023-03-24,UA-53,13.3,0.0,57,4.22
2023-03-24,UA-56,15.2,0.2,57,3.75
2023-03-24,UA-59,13.0,1.6,63,4.52
2023-03-24,UA-61,15.2,0.2,54,3.58
2023-03-24,UA-63,12.5,0.0,60,4.21
2023-03-24,UA-65,9.9,0.0,73,2.45
2023-03-24,UA-68,14.7,0.0,56,3.57
2023-03-24,UA-71,14.2,0.0,56,3.82
2023-03-24,UA-74,13.9,0.5,65,4.14
2023-03-24,UA-77,15.1,0.0,56,2.34
2023-03-25,UA-05,13.2,4.1,66,3.27
2023-03-25,UA-07,11.0,7.3,88,3.17
2023-03-25,UA-09,11.3,0.0,72,3.76
2023-03-25,UA-12,10.5,0.0,73,4.91
2023-03-25,UA-14,8.8,0.0,81,3.09
2023-03-25,UA-18,12.3,8.5,72,2.92
2023-03-25,UA-21,11.1,13.4,87,1.31
2023-03-25,UA-23,8.5,0.0,86,4.69
2023-03-25,UA-26,10.6,10.2,82,2.85
2023-03-25,UA-30,12.7,5.0,71,3.39
2023-03-25,UA-32,13.8,1.1,62,3.59
2023-03-25,UA-35,10.6,0.0,72,5.4
2023-03-25,UA-40,8.4,0.0,91,3.62
2023-03-25,UA-43,9.0,0.0,84,1.48
2023-03-25,UA-46,10.0,16.2,89,2.72
2023-03-25,UA-48,7.8,0.0,89,5.02
2023-03-25,UA-51,7.2,0.0,90,5.92
2023-03-25,UA-53,11.9,0.0,65,5.2
2023-03-25,UA-56,11.3,11.8,87,2.86
2023-03-25,UA-59,12.7,0.2,67,5.49
2023-03-25,UA-61,10.4,13.0,85,3.06
2023-03-25,UA-63,12.4,0.0,65,4.66
2023-03-25,UA-65,8.3,0.0,86,3.82
2023-03-25,UA-68,11.4,7.0,79,2.76
2023-03-25,UA-71,12.7,0.9,63,5.02
2023-03-25,UA-74,12.3,6.0,76,3.68
2023-03-25,UA-77,12.7,2.7,71,3.01
2023-03-26,UA-05,8.9,1.2,77,3.52
2023-03-26,UA-07,8.5,2.9,78,4.14
2023-03-26,UA-09,10.7,2.0,78,3.36
2023-03-26,UA-12,8.0,6.8,90,3.88
2023-03-26,UA-14,8.8,0.4,80,3.25
2023-03-26,UA-18,8.5,2.3,79,4.16
2023-03-26,UA-21,9.9,0.5,72,2.27
2023-03-26,UA-23,7.7,6.9,91,3.53
2023-03-26,UA-26,8.7,1.7,72,3.4
2023-03-26,UA-30,9.4,3.0,82,3.9
2023-03-26,UA-32,9.8,1.4,76,3.74
2023-03-26,UA-35,8.2,3.5,90,3.23
2023-03-26,UA-40,8.9,0.8,89,5.72
2023-03-26,UA-43,9.3,0.9,84,2.81
2023-03-26,UA-46,8.0,2.5,77,4.0
2023-03-26,UA-48,8.1,7.6,93,3.03
2023-03-26,UA-51,8.7,3.8,88,2.71
2023-03-26,UA-53,7.0,3.3,92,4.49
2023-03-26,UA-56,8.5,3.0,80,4.19
2023-03-26,UA-59,7.9,3.0,89,5.02
2023-03-26,UA-61,8.0,2.8,78,3.93
2023-03-26,UA-63,8.5,4.5,87,4.31
2023-03-26,UA-65,7.8,9.3,93,2.64
2023-03-26,UA-68,8.2,2.2,79,3.69
2023-03-26,UA-71,9.7,3.1,81,3.25
2023-03-26,UA-74,9.3,7.1,82,3.54
2023-03-26,UA-77,9.3,2.1,69,2.88
2023-03-27,UA-05,9.1,1.5,68,3.58
2023-03-27,UA-07,5.3,18.9,93,3.86
2023-03-27,UA-09,8.4,1.5,83,3.32
2023-03-27,UA-12,10.6,1.6,71,2.81
2023-03-27,UA-14,8.0,1.8,85,2.5
2023-03-27,UA-18,9.1,3.0,68,3.28
2023-03-27,UA-21,7.2,20.4,83,5.13
2023-03-27,UA-23,9.2,0.8,79,3.17
2023-03-27,UA-26,6.3,14.5,85,3.58
2023-03-27,UA-30,9.7,0.5,65,3.29
2023-03-27,UA-32,10.3,0.3,62,3.55
2023-03-27,UA-35,10.4,0.0,66,3.26
2023-03-27,UA-40,10.1,0.2,81,5.74
2023-03-27,UA-43,10.6,0.8,70,3.8
2023-03-27,UA-46,5.3,15.7,90,4.03
2023-03-27,UA-48,10.8,0.1,72,3.58
2023-03-27,UA-51,9.0,0.7,77,5.07
2023-03-27,UA-53,9.8,0.2,69,2.98
2023-03-27,UA-56,7.5,6.8,81,2.65
2023-03-27,UA-59,9.3,0.1,70,3.24
2023-03-27,UA-61,6.3,7.8,83,3.82
2023-03-27,UA-63,9.9,2.3,73,2.93
2023-03-27,UA-65,10.9,0.1,70,3.19
2023-03-27,UA-68,7.4,10.0,79,3.34
2023-03-27,UA-71,10.3,0.0,66,3.09
2023-03-27,UA-74,9.0,0.0,69,3.47
2023-03-27,UA-77,7.2,5.5,81,3.44
2023-03-28,UA-05,1.2,15.6,84,6.83
2023-03-28,UA-07,0.4,2.1,70,7.13
2023-03-28,UA-09,9.6,6.9,80,5.27
2023-03-28,UA-12,7.9,3.5,83,6.72
2023-03-28,UA-14,8.3,2.7,86,4.99
2023-03-28,UA-18,1.2,22.3,91,7.11
2023-03-28,UA-21,3.0,1.0,58,5.72
2023-03-28,UA-23,7.6,2.2,84,7.68
2023-03-28,UA-26,1.0,4.3,75,7.86
2023-03-28,UA-30,4.7,16.0,89,5.85
2023-03-28,UA-32,3.8,15.5,87,5.69
2023-03-28,UA-35,5.5,6.9,86,6.68
2023-03-28,UA-40,8.3,1.0,82,7.92
2023-03-28,UA-43,7.8,0.7,79,5.64
2023-03-28,UA-46,0.3,3.4,76,6.96
2023-03-28,UA-48,5.9,6.8,79,6.92
2023-03-28,UA-51,5.2,5.7,75,8.6
2023-03-28,UA-53,7.4,8.7,83,6.54
2023-03-28,UA-56,-0.2,7.0,79,7.9
2023-03-28,UA-59,9.2,4.1,75,6.32
2023-03-28,UA-61,0.4,3.4,74,7.97
2023-03-28,UA-63,9.4,2.1,76,5.77
2023-03-28,UA-65,6.1,6.2,79,6.28
2023-03-28,UA-68,-0.4,15.0,83,7.75
2023-03-28,UA-71,5.9,15.3,87,6.21
2023-03-28,UA-74,6.7,14.8,86,5.18
2023-03-28,UA-77,1.9,5.1,70,8.81
2023-03-29,UA-05,-1.0,0.7,71,5.47
2023-03-29,UA-07,0.5,0.2,61,5.87
2023-03-29,UA-09,6.3,0.7,86,3.74
2023-03-29,UA-12,1.5,0.0,79,5.27
2023-03-29,UA-14,2.6,0.3,83,3.48
2023-03-29,UA-18,-2.2,0.8,83,6.17
2023-03-29,UA-21,2.6,0.0,53,3.25
2023-03-29,UA-23,2.3,0.0,71,6.13
2023-03-29,UA-26,0.5,0.4,60,5.92
2023-03-29,UA-30,-0.5,1.0,77,7.23
2023-03-29,UA-32,-0.6,0.6,74,6.19
2023-03-29,UA-35,0.7,0.0,71,6.16
2023-03-29,UA-40,4.3,0.0,61,8.92
2023-03-29,UA-43,2.0,0.0,63,4.93
2023-03-29,UA-46,0.8,0.0,58,5.54
2023-03-29,UA-48,2.1,0.0,65,5.9
2023-03-29,UA-51,1.8,0.0,59,6.75
2023-03-29,UA-53,0.6,0.1,79,5.33
2023-03-29,UA-56,0.1,0.5,64,5.73
2023-03-29,UA-59,1.5,0.2,84,4.81
2023-03-29,UA-61,-0.2,0.5,63,5.87
2023-03-29,UA-63,2.6,0.2,82,4.19
2023-03-29,UA-65,2.1,0.0,62,5.47
2023-03-29,UA-68,-1.1,0.9,68,5.55
2023-03-29,UA-71,0.7,0.3,76,6.82
2023-03-29,UA-74,-0.5,2.4,80,8.17
2023-03-29,UA-77,0.8,1.3,56,6.42
2023-03-30,UA-05,4.1,0.0,51,2.72
2023-03-30,UA-07,5.5,0.0,61,3.84
2023-03-30,UA-09,0.2,48.1,95,7.93
2023-03-30,UA-12,1.9,0.0,72,5.16
2023-03-30,UA-14,-0.6,24.4,90,5.65
2023-03-30,UA-18,1.3,0.0,66,2.64
2023-03-30,UA-21,5.4,3.9,63,3.29
2023-03-30,UA-23,2.2,1.9,72,5.53
2023-03-30,UA-26,4.7,0.0,59,3.02
2023-03-30,UA-30,2.3,0.0,66,3.23
2023-03-30,UA-32,3.2,0.0,59,2.96
2023-03-30,UA-35,2.6,0.0,63,4.12
2023-03-30,UA-40,3.6,1.7,62,4.82
2023-03-30,UA-43,1.6,0.8,65,3.69
2023-03-30,UA-46,5.3,0.4,59,4.37
2023-03-30,UA-48,3.5,0.0,62,3.85
2023-03-30,UA-51,4.1,0.0,55,4.03
2023-03-30,UA-53,1.2,0.0,71,5.21
2023-03-30,UA-56,5.7,0.0,60,3.28
2023-03-30,UA-59,1.6,0.0,74,5.02
2023-03-30,UA-61,4.7,0.0,61,3.28
2023-03-30,UA-63,1.5,0.1,78,5.66
2023-03-30,UA-65,2.8,0.0,61,3.6
2023-03-30,UA-68,4.3,0.0,57,2.78
2023-03-30,UA-71,2.8,0.0,68,4.15
2023-03-30,UA-74,1.5,0.0,63,3.75
2023-03-30,UA-77,5.7,0.0,48,2.27
2023-03-31,UA-05,5.8,2.0,74,3.07
2023-03-31,UA-07,9.3,3.7,78,4.05
2023-03-31,UA-09,2.7,7.3,83,6.75
2023-03-31,UA-12,6.0,0.0,61,4.83
2023-03-31,UA-14,2.6,2.7,77,4.78
2023-03-31,UA-18,5.8,1.2,84,3.25
2023-03-31,UA-21,8.4,6.8,86,3.2
2023-03-31,UA-23,5.5,0.0,66,5.5
2023-03-31,UA-26,9.4,3.9,73,3.22
2023-03-31,UA-30,5.4,1.0,75,2.9
2023-03-31,UA-32,6.0,1.1,71,2.84
2023-03-31,UA-35,6.9,2.0,61,3.31
2023-03-31,UA-40,7.5,0.0,68,7.56
2023-03-31,UA-43,6.3,0.0,61,5.11
2023-03-31,UA-46,9.5,7.1,77,4.57
2023-03-31,UA-48,6.8,0.0,74,4.41
2023-03-31,UA-51,7.2,0.1,72,4.09
2023-03-31,UA-53,4.8,0.7,60,4.19
2023-03-31,UA-56,8.7,2.9,78,3.91
2023-03-31,UA-59,4.5,0.7,62,3.92
2023-03-31,UA-61,8.1,4.9,78,3.77
2023-03-31,UA-63,5.1,0.2,61,5.34
2023-03-31,UA-65,6.6,0.0,71,4.53
2023-03-31,UA-68,7.2,3.5,81,3.17
2023-03-31,UA-71,6.4,1.2,66,2.64
2023-03-31,UA-74,4.6,1.9,71,3.03
2023-03-31,UA-77,7.8,3.1,80,1.84
2023-04-01,UA-05,8.6,3.0,88,3.32
2023-04-01,UA-07,9.2,4.0,86,2.69
2023-04-01,UA-09,4.5,0.0,81,3.77
2023-04-01,UA-12,7.0,0.5,83,5.28
2023-04-01,UA-14,5.2,0.0,77,4.09
2023-04-01,UA-18,8.4,2.4,89,3.62
2023-04-01,UA-21,11.1,5.6,85,1.48
2023-04-01,UA-23,6.5,0.8,81,6.02
2023-04-01,UA-26,10.2,15.2,80,2.26
2023-04-01,UA-30,9.3,2.7,83,4.31
2023-04-01,UA-32,9.5,2.2,83,4.03
2023-04-01,UA-35,9.1,0.7,87,3.97
2023-04-01,UA-40,9.8,0.7,78,7.63
2023-04-01,UA-43,10.2,0.2,70,4.47
2023-04-01,UA-46,10.2,7.1,82,3.0
2023-04-01,UA-48,10.2,1.0,84,4.08
2023-04-01,UA-51,7.8,1.7,92,4.27
2023-04-01,UA-53,6.8,1.2,87,4.78
2023-04-01,UA-56,8.4,7.9,89,2.83
2023-04-01,UA-59,7.3,0.9,86,4.79
2023-04-01,UA-61,8.8,11.4,85,2.47
2023-04-01,UA-63,6.2,1.2,85,4.61
2023-04-01,UA-65,10.3,1.1,82,3.99
2023-04-01,UA-68,7.5,3.3,89,2.91
2023-04-01,UA-71,9.4,0.7,82,3.97
2023-04-01,UA-74,8.9,2.7,86,4.7
2023-04-01,UA-77,9.3,7.0,86,1.67
2023-04-02,UA-05,8.5,4.9,95,1.75
2023-04-02,UA-07,6.7,1.6,92,3.73
2023-04-02,UA-09,8.6,0.2,60,3.45
2023-04-02,UA-12,8.3,2.0,71,4.76
2023-04-02,UA-14,9.1,0.3,59,4.23
2023-04-02,UA-18,8.2,3.2,94,1.72
2023-04-02,UA-21,10.5,0.5,71,3.68
2023-04-02,UA-23,7.5,4.0,75,5.59
2023-04-02,UA-26,8.4,0.5,82,4.22
2023-04-02,UA-30,7.7,7.1,96,2.86
2023-04-02,UA-32,8.2,9.7,96,2.29
2023-04-02,UA-35,6.9,8.1,95,4.23
2023-04-02,UA-40,10.0,4.7,85,6.91
2023-04-02,UA-43,10.5,3.3,78,5.26
2023-04-02,UA-46,7.3,1.6,88,4.05
2023-04-02,UA-48,9.2,7.9,95,4.04
2023-04-02,UA-51,9.1,8.3,94,4.21
2023-04-02,UA-53,8.2,2.3,67,4.77
2023-04-02,UA-56,7.7,5.7,93,3.19
2023-04-02,UA-59,9.1,0.0,67,4.02
2023-04-02,UA-61,7.4,1.7,89,3.82
2023-04-02,UA-63,9.4,0.5,63,3.82
2023-04-02,UA-65,9.1,11.4,94,4.03
2023-04-02,UA-68,8.2,3.0,90,3.14
2023-04-02,UA-71,7.0,6.3,91,4.08
2023-04-02,UA-74,7.9,6.9,97,3.2
2023-04-02,UA-77,10.0,0.3,79,4.41
2023-04-03,UA-05,5.2,2.0,92,3.93
2023-04-03,UA-07,0.3,10.7,93,4.73
2023-04-03,UA-09,9.7,4.1,75,4.49
2023-04-03,UA-12,8.3,2.9,92,2.88
2023-04-03,UA-14,8.0,3.7,91,4.37
2023-04-03,UA-18,3.6,3.4,92,4.48
2023-04-03,UA-21,5.3,0.5,66,6.03
2023-04-03,UA-23,8.0,4.2,92,4.37
2023-04-03,UA-26,3.0,0.5,81,4.65
2023-04-03,UA-30,5.1,5.5,93,4.33
2023-04-03,UA-32,5.3,5.5,91,4.13
2023-04-03,UA-35,7.4,1.7,95,2.71
2023-04-03,UA-40,9.8,0.0,91,2.98
2023-04-03,UA-43,10.0,0.3,84,4.34
2023-04-03,UA-46,1.1,3.5,86,4.69
2023-04-03,UA-48,8.8,0.2,88,3.41
2023-04-03,UA-51,9.3,1.6,87,4.57
2023-04-03,UA-53,7.1,4.1,89,3.6
2023-04-03,UA-56,1.0,10.2,95,4.76
2023-04-03,UA-59,8.5,2.3,79,3.6
2023-04-03,UA-61,1.5,2.1,89,4.63
2023-04-03,UA-63,8.2,9.9,86,3.93
2023-04-03,UA-65,8.6,0.5,89,3.26
2023-04-03,UA-68,2.1,2.4,97,4.86
2023-04-03,UA-71,7.2,2.3,91,3.26
2023-04-03,UA-74,5.9,5.5,94,3.92
2023-04-03,UA-77,4.7,0.0,78,4.99
2023-04-04,UA-05,1.0,9.7,92,3.67
2023-04-04,UA-07,-1.0,0.0,81,2.44
2023-04-04,UA-09,10.8,0.2,75,2.85
2023-04-04,UA-12,10.1,0.8,78,2.45
2023-04-04,UA-14,10.0,0.3,79,2.42
2023-04-04,UA-18,0.9,5.1,86,3.69
2023-04-04,UA-21,3.6,0.0,56,5.99
2023-04-04,UA-23,9.6,0.4,80,2.79
2023-04-04,UA-26,0.5,4.1,81,3.31
2023-04-04,UA-30,2.7,7.1,91,3.61
2023-04-04,UA-32,2.3,6.1,92,3.4
2023-04-04,UA-35,7.7,3.7,89,3.49
2023-04-04,UA-40,12.2,0.9,73,4.67
2023-04-04,UA-43,12.5,0.4,73,4.45
2023-04-04,UA-46,0.4,0.4,73,3.24
2023-04-04,UA-48,10.0,1.9,85,4.37
2023-04-04,UA-51,8.7,2.4,87,5.35
2023-04-04,UA-53,9.4,1.6,79,1.68
2023-04-04,UA-56,-0.5,0.7,84,3.31
2023-04-04,UA-59,8.8,0.0,80,1.48
2023-04-04,UA-61,-0.7,2.5,85,3.87
2023-04-04,UA-63,10.4,0.3,80,1.6
2023-04-04,UA-65,9.8,2.4,83,4.36
2023-04-04,UA-68,-0.1,7.3,88,4.01
2023-04-04,UA-71,6.0,2.4,91,3.19
2023-04-04,UA-74,3.7,1.7,89,3.48
2023-04-04,UA-77,0.4,13.0,89,3.81
2023-04-05,UA-05,0.5,19.7,97,5.69
2023-04-05,UA-07,1.1,2.3,72,3.84
2023-04-05,UA-09,13.6,0.3,62,5.13
2023-04-05,UA-12,12.5,3.5,75,5.33
2023-04-05,UA-14,12.4,3.5,70,5.06
2023-04-05,UA-18,0.4,14.6,99,5.59
2023-04-05,UA-21,4.3,0.0,51,4.51
2023-04-05,UA-23,10.7,4.1,80,5.79
2023-04-05,UA-26,1.6,2.3,72,3.87
2023-04-05,UA-30,5.7,6.9,93,4.98
2023-04-05,UA-32,4.6,14.5,97,5.1
2023-04-05,UA-35,11.4,2.8,82,5.17
2023-04-05,UA-40,9.2,5.3,90,4.45
2023-04-05,UA-43,9.6,5.0,89,3.92
2023-04-05,UA-46,1.1,0.6,67,3.66
2023-04-05,UA-48,10.5,10.7,89,4.63
2023-04-05,UA-51,7.5,13.3,95,4.23
2023-04-05,UA-53,12.4,4.8,73,5.63
2023-04-05,UA-56,0.7,6.3,82,4.64
2023-04-05,UA-59,11.6,0.0,66,5.03
2023-04-05,UA-61,0.3,4.4,80,4.93
2023-04-05,UA-63,12.7,0.1,68,5.46
2023-04-05,UA-65,10.3,6.3,89,4.48
2023-04-05,UA-68,-0.8,13.0,94,5.85
2023-04-05,UA-71,10.5,9.0,84,4.51
2023-04-05,UA-74,7.7,5.0,83,4.05
2023-04-05,UA-77,-0.2,9.4,91,5.69
2023-04-06,UA-05,6.0,5.1,90,4.24
2023-04-06,UA-07,4.6,9.3,96,4.69
2023-04-06,UA-09,12.7,0.0,65,2.26
2023-04-06,UA-12,9.2,0.2,85,3.36
2023-04-06,UA-14,9.0,4.5,94,2.21
2023-04-06,UA-18,7.5,6.6,92,4.65
2023-04-06,UA-21,1.9,7.3,78,4.47
2023-04-06,UA-23,7.9,0.7,86,3.27
2023-04-06,UA-26,-0.1,18.0,96,5.53
2023-04-06,UA-30,9.5,3.2,87,4.72
2023-04-06,UA-32,8.8,4.7,86,4.3
2023-04-06,UA-35,7.1,0.1,87,4.28
2023-04-06,UA-40,7.2,0.6,79,4.22
2023-04-06,UA-43,5.6,0.0,82,3.64
2023-04-06,UA-46,0.3,14.6,96,4.62
2023-04-06,UA-48,5.4,0.0,86,4.89
2023-04-06,UA-51,4.8,5.5,88,4.82
2023-04-06,UA-53,10.1,4.0,86,4.18
2023-04-06,UA-56,5.5,8.2,96,4.45
2023-04-06,UA-59,12.6,0.7,70,4.81
2023-04-06,UA-61,2.5,10.8,98,3.87
2023-04-06,UA-63,12.2,0.1,72,3.59
2023-04-06,UA-65,5.1,0.0,84,4.26
2023-04-06,UA-68,4.2,7.2,96,4.18
2023-04-06,UA-71,9.0,0.3,85,4.28
2023-04-06,UA-74,11.8,0.6,70,5.34
2023-04-06,UA-77,0.2,23.1,96,5.99
2023-04-07,UA-05,5.3,0.4,81,2.61
2023-04-07,UA-07,5.8,0.1,81,3.6
2023-04-07,UA-09,12.6,0.1,64,3.06
2023-04-07,UA-12,8.8,3.7,85,2.54
2023-04-07,UA-14,10.3,4.4,83,2.28
2023-04-07,UA-18,6.1,0.0,78,2.54
2023-04-07,UA-21,2.9,3.0,88,1.38
2023-04-07,UA-23,7.9,3.1,86,2.93
2023-04-07,UA-26,2.2,1.1,94,2.93
2023-04-07,UA-30,7.6,0.3,75,2.02
2023-04-07,UA-32,7.2,0.0,72,2.08
2023-04-07,UA-35,7.4,1.3,74,1.51
2023-04-07,UA-40,8.8,0.0,78,3.3
2023-04-07,UA-43,7.8,0.2,73,2.99
2023-04-07,UA-46,3.1,0.4,90,3.0
2023-04-07,UA-48,8.6,0.0,75,2.32
2023-04-07,UA-51,7.4,0.3,84,2.93
2023-04-07,UA-53,8.6,8.3,88,2.18
2023-04-07,UA-56,5.5,0.0,81,3.36
2023-04-07,UA-59,10.6,6.0,85,2.1
2023-04-07,UA-61,4.1,0.0,87,3.79
2023-04-07,UA-63,11.6,4.1,72,2.57
2023-04-07,UA-65,8.5,0.0,73,2.3
2023-04-07,UA-68,4.2,0.4,88,3.21
2023-04-07,UA-71,7.9,2.2,75,1.54
2023-04-07,UA-74,9.5,1.0,82,2.18
2023-04-07,UA-77,2.4,0.5,92,2.67
2023-04-08,UA-05,7.6,0.1,78,1.51
2023-04-08,UA-07,6.8,0.0,82,2.53
2023-04-08,UA-09,11.7,1.0,63,4.42
2023-04-08,UA-12,11.9,0.8,77,2.89
2023-04-08,UA-14,11.0,3.9,76,3.54
2023-04-08,UA-18,7.1,8.1,88,1.73
2023-04-08,UA-21,5.5,0.2,82,0.98
2023-04-08,UA-23,10.1,2.1,85,2.76
2023-04-08,UA-26,5.2,0.0,82,2.63
2023-04-08,UA-30,10.6,4.8,82,2.27
2023-04-08,UA-32,8.1,6.8,88,1.87
2023-04-08,UA-35,10.8,4.1,82,1.64
2023-04-08,UA-40,9.0,0.0,85,4.14
2023-04-08,UA-43,8.4,2.9,84,1.97
2023-04-08,UA-46,5.5,4.8,88,2.34
2023-04-08,UA-48,10.5,4.5,77,2.43
2023-04-08,UA-51,10.1,0.2,72,2.69
2023-04-08,UA-53,11.6,1.5,69,3.13
2023-04-08,UA-56,7.1,0.3,82,2.03
2023-04-08,UA-59,11.6,0.1,64,3.32
2023-04-08,UA-61,6.9,1.0,80,2.33
2023-04-08,UA-63,12.4,0.1,59,3.97
2023-04-08,UA-65,10.0,5.9,79,2.27
2023-04-08,UA-68,7.0,0.5,80,1.72
2023-04-08,UA-71,11.0,5.4,85,1.58
2023-04-08,UA-74,11.6,0.1,72,2.99
2023-04-08,UA-77,3.7,0.0,88,1.41
2023-04-09,UA-05,7.8,9.7,90,1.89
2023-04-09,UA-07,8.8,1.1,86,1.64
2023-04-09,UA-09,9.5,0.6,63,2.97
2023-04-09,UA-12,10.2,2.1,89,3.45
2023-04-09,UA-14,8.3,6.5,85,2.76
2023-04-09,UA-18,9.3,6.9,89,1.73
2023-04-09,UA-21,7.8,0.0,72,1.37
2023-04-09,UA-23,9.4,3.3,90,3.4
2023-04-09,UA-26,7.3,0.6,72,1.31
2023-04-09,UA-30,10.3,5.4,84,2.11
2023-04-09,UA-32,9.4,4.4,88,1.65
2023-04-09,UA-35,10.4,6.6,90,1.83
2023-04-09,UA-40,9.4,0.0,84,1.52
2023-04-09,UA-43,9.2,0.0,74,1.26
2023-04-09,UA-46,7.5,1.0,76,1.63
2023-04-09,UA-48,10.9,2.8,85,1.31
2023-04-09,UA-51,10.0,0.7,72,2.11
2023-04-09,UA-53,9.7,5.4,85,3.35
2023-04-09,UA-56,8.9,2.4,86,1.92
2023-04-09,UA-59,10.8,0.7,68,3.14
2023-04-09,UA-61,8.2,2.8,76,1.54
2023-04-09,UA-63,10.8,0.0,63,3.46
2023-04-09,UA-65,10.0,4.1,86,1.32
2023-04-09,UA-68,8.0,4.9,83,2.04
2023-04-09,UA-71,10.1,3.8,88,2.41
2023-04-09,UA-74,11.3,2.1,74,3.17
2023-04-09,UA-77,3.9,0.0,81,1.67
2023-04-10,UA-05,9.2,1.4,81,2.29
2023-04-10,UA-07,9.0,3.5,88,3.23
2023-04-10,UA-09,11.0,0.0,58,3.4
2023-04-10,UA-12,11.9,0.2,65,3.8
2023-04-10,UA-14,11.4,0.0,59,3.7
2023-04-10,UA-18,9.1,3.4,91,2.93
2023-04-10,UA-21,8.6,6.9,85,1.84
2023-04-10,UA-23,10.7,0.1,73,4.05
2023-04-10,UA-26,8.0,14.1,90,1.75
2023-04-10,UA-30,10.1,4.2,81,3.03
2023-04-10,UA-32,10.0,2.9,85,2.72
2023-04-10,UA-35,10.8,2.5,79,3.3
2023-04-10,UA-40,10.8,2.9,79,4.43
2023-04-10,UA-43,9.4,0.4,78,5.1
2023-04-10,UA-46,8.5,6.9,89,2.97
2023-04-10,UA-48,10.2,0.2,81,3.34
2023-04-10,UA-51,9.6,0.3,82,3.67
2023-04-10,UA-53,11.0,0.2,58,4.01
2023-04-10,UA-56,8.8,2.0,90,3.06
2023-04-10,UA-59,10.7,0.0,52,3.36
2023-04-10,UA-61,8.3,10.1,90,2.9
2023-04-10,UA-63,10.4,0.0,54,3.45
2023-04-10,UA-65,10.1,0.1,78,3.46
2023-04-10,UA-68,8.5,7.5,89,2.56
2023-04-10,UA-71,10.8,2.4,77,3.23
2023-04-10,UA-74,10.8,0.2,72,3.37
2023-04-10,UA-77,7.4,2.2,83,2.19
2023-04-11,UA-05,9.6,2.1,74,3.77
2023-04-11,UA-07,10.4,0.0,69,3.17
2023-04-11,UA-09,13.2,0.3,50,6.1
2023-04-11,UA-12,12.4,3.6,62,6.09
2023-04-11,UA-14,13.2,0.0,52,5.77
2023-04-11,UA-18,10.2,0.1,67,3.63
2023-04-11,UA-21,10.4,0.6,74,1.44
2023-04-11,UA-23,11.8,7.5,67,6.82
2023-04-11,UA-26,9.2,1.1,80,1.93
2023-04-11,UA-30,10.9,1.1,63,3.74
2023-04-11,UA-32,10.4,1.4,67,3.92
2023-04-11,UA-35,10.7,5.4,74,5.47
2023-04-11,UA-40,10.1,2.5,86,5.06
2023-04-11,UA-43,10.7,3.5,83,3.04
2023-04-11,UA-46,9.0,1.4,78,2.84
2023-04-11,UA-48,11.2,6.4,80,5.82
2023-04-11,UA-51,9.4,16.0,91,6.03
2023-04-11,UA-53,12.2,0.4,51,5.88
2023-04-11,UA-56,10.4,0.0,70,2.88
2023-04-11,UA-59,12.2,0.0,45,4.62
2023-04-11,UA-61,9.5,0.7,73,2.55
2023-04-11,UA-63,12.5,0.1,48,5.2
2023-04-11,UA-65,11.2,6.2,80,5.62
2023-04-11,UA-68,9.7,0.2,73,2.76
2023-04-11,UA-71,10.8,3.4,65,4.7
2023-04-11,UA-74,11.4,0.2,55,3.89
2023-04-11,UA-77,9.4,3.1,80,2.26
2023-04-12,UA-05,8.5,1.5,95,2.91
2023-04-12,UA-07,9.1,0.0,80,2.73
2023-04-12,UA-09,12.2,4.2,70,4.68
2023-04-12,UA-12,10.9,6.2,88,4.39
2023-04-12,UA-14,11.4,7.2,83,3.94
2023-04-12,UA-18,8.4,6.1,94,3.28
2023-04-12,UA-21,9.5,1.0,76,3.42
2023-04-12,UA-23,10.5,8.5,92,3.52
2023-04-12,UA-26,8.7,2.9,86,2.86
2023-04-12,UA-30,8.9,14.3,94,4.16
2023-04-12,UA-32,9.2,9.3,95,2.93
2023-04-12,UA-35,10.8,10.6,95,3.13
2023-04-12,UA-40,9.2,1.5,88,4.21
2023-04-12,UA-43,8.1,3.8,87,1.79
2023-04-12,UA-46,8.6,3.7,85,2.66
2023-04-12,UA-48,10.7,8.1,87,2.83
2023-04-12,UA-51,9.0,3.3,87,2.18
2023-04-12,UA-53,10.4,4.1,80,5.31
2023-04-12,UA-56,8.8,0.2,84,2.86
2023-04-12,UA-59,11.5,2.7,64,5.88
2023-04-12,UA-61,8.1,0.6,86,2.99
2023-04-12,UA-63,11.1,3.5,67,5.5
2023-04-12,UA-65,10.0,5.2,88,2.57
2023-04-12,UA-68,7.9,0.4,91,3.18
2023-04-12,UA-71,9.8,15.1,94,3.9
2023-04-12,UA-74,9.7,9.7,81,5.33
2023-04-12,UA-77,9.0,1.5,87,3.51
2023-04-13,UA-05,10.2,0.4,83,2.58
2023-04-13,UA-07,10.4,0.0,78,2.2
2023-04-13,UA-09,10.0,7.4,86,3.46
2023-04-13,UA-12,10.3,3.9,97,1.8
2023-04-13,UA-14,8.9,7.9,98,2.84
2023-04-13,UA-18,9.9,1.2,92,1.65
2023-04-13,UA-21,10.5,0.0,68,1.9
2023-04-13,UA-23,10.1,0.3,88,3.5
2023-04-13,UA-26,10.6,0.0,67,2.04
2023-04-13,UA-30,9.5,0.8,89,2.56
2023-04-13,UA-32,9.9,1.0,92,2.1
2023-04-13,UA-35,10.7,2.2,94,2.44
2023-04-13,UA-40,9.7,0.0,89,3.75
2023-04-13,UA-43,9.3,0.2,86,3.6
2023-04-13,UA-46,10.2,0.0,68,2.15
2023-04-13,UA-48,11.1,1.6,91,3.94
2023-04-13,UA-51,11.1,6.8,84,3.94
2023-04-13,UA-53,9.4,5.1,89,2.81
2023-04-13,UA-56,10.4,0.4,82,2.22
2023-04-13,UA-59,9.7,5.1,81,4.67
2023-04-13,UA-61,9.6,0.5,76,2.68
2023-04-13,UA-63,9.4,6.8,86,3.37
2023-04-13,UA-65,10.9,2.0,89,3.88
2023-04-13,UA-68,9.5,0.8,82,2.54
2023-04-13,UA-71,10.1,1.9,91,2.57
2023-04-13,UA-74,9.6,2.6,83,4.15
2023-04-13,UA-77,11.3,0.1,70,2.64
2023-04-14,UA-05,9.4,0.1,84,3.08
2023-04-14,UA-07,9.6,1.1,83,4.78
2023-04-14,UA-09,7.1,8.4,95,4.57
2023-04-14,UA-12,8.6,0.4,89,3.77
2023-04-14,UA-14,7.2,2.5,95,3.66
2023-04-14,UA-18,8.7,0.3,85,3.82
2023-04-14,UA-21,12.5,5.1,70,3.04
2023-04-14,UA-23,9.2,0.4,87,4.19
2023-04-14,UA-26,11.8,1.0,69,5.17
2023-04-14,UA-30,8.4,2.4,86,3.99
2023-04-14,UA-32,9.2,0.3,85,3.45
2023-04-14,UA-35,10.0,0.4,85,3.4
2023-04-14,UA-40,11.1,0.0,83,3.15
2023-04-14,UA-43,11.4,0.0,74,3.4
2023-04-14,UA-46,11.7,1.0,69,5.16
2023-04-14,UA-48,12.4,0.3,82,2.83
2023-04-14,UA-51,11.7,0.1,80,2.98
2023-04-14,UA-53,7.3,1.9,87,4.37
2023-04-14,UA-56,9.7,0.6,84,4.36
2023-04-14,UA-59,7.2,6.8,82,5.02
2023-04-14,UA-61,10.6,0.6,75,4.53
2023-04-14,UA-63,6.4,5.2,90,5.12
2023-04-14,UA-65,12.3,0.7,83,2.85
2023-04-14,UA-68,9.7,0.5,82,3.73
2023-04-14,UA-71,8.8,0.5,87,3.62
2023-04-14,UA-74,8.4,7.4,86,3.99
2023-04-14,UA-77,12.1,0.0,68,4.16
2023-04-15,UA-05,7.1,14.2,93,4.64
2023-04-15,UA-07,7.7,10.7,94,5.2
2023-04-15,UA-09,5.1,0.4,75,3.63
2023-04-15,UA-12,7.0,0.0,80,4.73
2023-04-15,UA-14,5.3,0.3,77,3.7
2023-04-15,UA-18,6.0,4.8,88,5.21
2023-04-15,UA-21,10.1,3.8,80,2.36
2023-04-15,UA-23,7.7,0.0,80,4.95
2023-04-15,UA-26,10.0,8.2,86,3.09
2023-04-15,UA-30,5.8,2.7,82,5.2
2023-04-15,UA-32,6.7,3.6,85,4.56
2023-04-15,UA-35,8.1,0.0,82,5.18
2023-04-15,UA-40,13.2,0.0,68,4.4
2023-04-15,UA-43,14.0,0.0,63,2.11
2023-04-15,UA-46,9.8,9.5,85,3.2
2023-04-15,UA-48,11.8,0.0,81,5.85
2023-04-15,UA-51,10.5,0.0,87,6.01
2023-04-15,UA-53,6.2,0.0,78,5.19
2023-04-15,UA-56,7.3,8.2,93,5.17
2023-04-15,UA-59,5.7,1.0,66,5.08
2023-04-15,UA-61,8.4,7.3,90,4.87
2023-04-15,UA-63,5.5,0.9,73,4.46
2023-04-15,UA-65,11.4,0.0,80,5.49
2023-04-15,UA-68,7.3,6.2,93,5.28
2023-04-15,UA-71,6.5,0.7,84,5.54
2023-04-15,UA-74,6.7,1.3,73,5.89
2023-04-15,UA-77,10.3,5.9,85,3.69
2023-04-16,UA-05,8.9,0.5,91,3.12
2023-04-16,UA-07,9.4,0.4,86,3.79
2023-04-16,UA-09,6.8,0.0,57,4.66
2023-04-16,UA-12,9.3,0.0,65,4.75
2023-04-16,UA-14,7.2,0.0,56,5.11
2023-04-16,UA-18,8.1,0.5,92,3.28
2023-04-16,UA-21,13.1,0.0,65,2.32
2023-04-16,UA-23,9.0,0.0,65,5.63
2023-04-16,UA-26,10.3,0.6,84,4.1
2023-04-16,UA-30,7.2,0.7,93,3.7
2023-04-16,UA-32,8.6,1.5,91,3.43
2023-04-16,UA-35,9.0,1.7,80,4.23
2023-04-16,UA-40,12.6,0.0,74,3.32
2023-04-16,UA-43,11.8,0.1,72,4.81
2023-04-16,UA-46,10.0,0.1,83,3.61
2023-04-16,UA-48,11.0,0.1,77,5.38
2023-04-16,UA-51,10.6,1.6,86,5.73
2023-04-16,UA-53,8.7,0.2,65,4.67
2023-04-16,UA-56,9.3,0.1,86,3.73
2023-04-16,UA-59,8.0,0.1,62,4.44
2023-04-16,UA-61,9.2,0.5,88,3.97
2023-04-16,UA-63,8.1,0.0,58,4.57
2023-04-16,UA-65,10.5,1.6,75,5.73
2023-04-16,UA-68,9.3,0.0,86,3.62
2023-04-16,UA-71,8.0,3.3,88,3.9
2023-04-16,UA-74,7.0,1.3,89,3.81
2023-04-16,UA-77,10.0,0.8,90,3.51
2023-04-17,UA-05,10.7,0.6,64,3.57
2023-04-17,UA-07,9.7,4.0,87,4.18
2023-04-17,UA-09,9.6,0.0,45,5.62
2023-04-17,UA-12,11.2,0.2,45,5.64
2023-04-17,UA-14,9.8,0.0,41,6.08
2023-04-17,UA-18,10.2,0.7,68,3.65
2023-04-17,UA-21,13.8,3.5,72,2.44
2023-04-17,UA-23,10.2,0.0,49,6.74
2023-04-17,UA-26,9.8,3.8,89,4.03
2023-04-17,UA-30,10.2,2.5,65,3.46
2023-04-17,UA-32,10.7,2.0,63,3.59
2023-04-17,UA-35,10.8,2.1,51,4.61
2023-04-17,UA-40,11.6,0.6,79,1.98
2023-04-17,UA-43,11.1,1.0,69,3.37
2023-04-17,UA-46,10.1,5.9,87,4.62
2023-04-17,UA-48,10.5,0.0,61,4.88
2023-04-17,UA-51,10.0,0.3,68,4.67
2023-04-17,UA-53,10.6,0.0,44,5.11
2023-04-17,UA-56,10.0,2.6,80,3.92
2023-04-17,UA-59,10.3,0.0,46,4.0
2023-04-17,UA-61,9.9,4.9,80,4.18
2023-04-17,UA-63,10.4,0.0,44,4.58
2023-04-17,UA-65,10.1,0.0,60,4.77
2023-04-17,UA-68,10.3,2.3,72,3.69
2023-04-17,UA-71,11.0,0.0,55,4.31
2023-04-17,UA-74,10.7,0.0,59,3.28
2023-04-17,UA-77,9.2,5.9,93,3.04
2023-04-18,UA-05,8.6,3.4,77,3.39
2023-04-18,UA-07,11.6,0.0,62,3.34
2023-04-18,UA-09,10.7,0.7,52,5.55
2023-04-18,UA-12,12.1,0.5,58,3.97
2023-04-18,UA-14,10.1,3.6,60,4.65
2023-04-18,UA-18,9.1,2.8,68,3.08
2023-04-18,UA-21,14.0,0.0,54,3.08
2023-04-18,UA-23,11.1,1.4,66,4.45
2023-04-18,UA-26,10.0,0.5,73,2.31
2023-04-18,UA-30,9.7,3.3,63,3.02
2023-04-18,UA-32,9.3,4.6,69,3.16
2023-04-18,UA-35,11.9,0.4,64,3.46
2023-04-18,UA-40,12.5,0.0,81,2.4
2023-04-18,UA-43,14.3,1.0,69,1.92
2023-04-18,UA-46,10.8,0.0,64,3.08
2023-04-18,UA-48,13.5,0.0,69,3.27
2023-04-18,UA-51,12.1,0.6,77,2.51
2023-04-18,UA-53,11.6,1.5,51,4.37
2023-04-18,UA-56,11.0,0.0,62,3.21
2023-04-18,UA-59,11.1,0.7,45,4.18
2023-04-18,UA-61,9.5,0.3,68,2.99
2023-04-18,UA-63,11.7,0.1,43,4.74
2023-04-18,UA-65,13.1,0.0,68,3.25
2023-04-18,UA-68,8.6,1.9,75,3.13
2023-04-18,UA-71,10.9,3.0,63,3.35
2023-04-18,UA-74,11.6,0.0,47,3.41
2023-04-18,UA-77,8.4,1.8,85,2.14
2023-04-19,UA-05,11.1,3.1,75,3.14
2023-04-19,UA-07,10.0,1.3,74,2.92
2023-04-19,UA-09,10.6,5.0,71,4.92
2023-04-19,UA-12,10.9,2.7,78,4.67
2023-04-19,UA-14,8.7,6.3,87,4.2
2023-04-19,UA-18,11.3,0.8,68,3.24
2023-04-19,UA-21,12.8,0.1,60,2.57
2023-04-19,UA-23,10.7,3.1,81,5.2
2023-04-19,UA-26,9.3,0.6,78,1.71
2023-04-19,UA-30,11.6,0.3,62,3.68
2023-04-19,UA-32,11.6,0.6,68,3.24
2023-04-19,UA-35,10.8,3.2,81,3.84
2023-04-19,UA-40,11.9,0.0,91,2.09
2023-04-19,UA-43,12.7,1.5,84,1.7
2023-04-19,UA-46,9.9,0.0,71,2.47
2023-04-19,UA-48,11.9,4.1,86,3.68
2023-04-19,UA-51,11.1,11.3,93,2.56
2023-04-19,UA-53,10.1,4.7,72,5.08
2023-04-19,UA-56,10.4,1.3,74,2.62
2023-04-19,UA-59,10.6,2.7,54,5.36
2023-04-19,UA-61,8.8,0.7,80,2.19
2023-04-19,UA-63,10.3,3.7,65,4.91
2023-04-19,UA-65,11.9,3.5,86,3.37
2023-04-19,UA-68,9.2,3.5,84,2.43
2023-04-19,UA-71,11.1,2.2,72,3.91
2023-04-19,UA-74,12.2,0.1,48,4.85
2023-04-19,UA-77,9.8,2.1,83,2.55
2023-04-20,UA-05,8.4,3.0,81,4.55
2023-04-20,UA-07,12.2,0.0,59,4.0
2023-04-20,UA-09,9.3,5.0,80,3.77
2023-04-20,UA-12,9.5,4.7,92,4.29
2023-04-20,UA-14,8.1,5.8,93,2.97
2023-04-20,UA-18,8.8,4.3,72,4.44
2023-04-20,UA-21,13.5,0.0,58,3.14
2023-04-20,UA-23,11.3,6.2,89,2.65
2023-04-20,UA-26,11.1,1.4,69,2.87
2023-04-20,UA-30,9.1,7.4,73,4.06
2023-04-20,UA-32,8.3,8.0,83,4.56
2023-04-20,UA-35,9.0,9.0,95,4.12
2023-04-20,UA-40,10.4,1.5,93,2.97
2023-04-20,UA-43,10.5,1.1,88,2.37
2023-04-20,UA-46,11.7,0.6,62,3.45
2023-04-20,UA-48,10.7,0.7,90,2.38
2023-04-20,UA-51,10.1,3.2,92,3.67
2023-04-20,UA-53,8.2,14.4,90,5.1
2023-04-20,UA-56,11.5,0.1,60,4.37
2023-04-20,UA-59,10.0,5.9,66,5.87
2023-04-20,UA-61,10.5,0.7,68,4.13
2023-04-20,UA-63,9.3,3.7,77,5.41
2023-04-20,UA-65,11.3,1.4,88,2.15
2023-04-20,UA-68,9.0,1.8,74,4.67
2023-04-20,UA-71,8.6,12.1,88,4.88
2023-04-20,UA-74,11.9,0.6,51,4.6
2023-04-20,UA-77,10.2,2.8,78,4.11
2023-04-21,UA-05,10.0,0.3,66,3.81
2023-04-21,UA-07,12.3,0.0,49,3.89
2023-04-21,UA-09,9.1,3.7,91,1.9
2023-04-21,UA-12,9.0,2.3,90,3.74
2023-04-21,UA-14,9.1,8.0,94,1.89
2023-04-21,UA-18,10.2,0.3,62,3.7
2023-04-21,UA-21,14.2,0.0,50,2.93
2023-04-21,UA-23,10.2,3.6,88,3.62
2023-04-21,UA-26,12.1,0.1,57,3.28
2023-04-21,UA-30,10.0,0.0,69,3.12
2023-04-21,UA-32,9.0,1.3,74,3.99
2023-04-21,UA-35,8.5,2.3,91,4.81
2023-04-21,UA-40,10.2,5.5,90,4.3
2023-04-21,UA-43,9.6,5.9,92,3.32
2023-04-21,UA-46,12.3,0.0,51,3.62
2023-04-21,UA-48,10.0,2.7,94,4.16
2023-04-21,UA-51,9.5,1.4,89,4.81
2023-04-21,UA-53,8.1,1.6,85,4.65
2023-04-21,UA-56,12.2,0.0,51,4.04
2023-04-21,UA-59,8.1,5.1,85,4.25
2023-04-21,UA-61,11.6,0.0,54,3.87
2023-04-21,UA-63,8.3,2.3,83,4.7
2023-04-21,UA-65,10.4,3.8,93,3.43
2023-04-21,UA-68,10.6,0.1,58,3.94
2023-04-21,UA-71,7.9,3.1,89,4.5
2023-04-21,UA-74,11.0,0.1,57,3.62
2023-04-21,UA-77,11.6,0.1,62,3.77
2023-04-22,UA-05,12.1,0.0,52,2.83
2023-04-22,UA-07,11.7,0.0,61,1.75
2023-04-22,UA-09,9.2,1.4,80,2.44
2023-04-22,UA-12,9.5,2.5,84,3.23
2023-04-22,UA-14,7.9,3.3,86,2.47
2023-04-22,UA-18,11.6,0.0,55,2.61
2023-04-22,UA-21,13.1,0.0,57,1.32
2023-04-22,UA-23,9.2,2.6,85,3.25
2023-04-22,UA-26,11.5,0.2,59,1.9
2023-04-22,UA-30,11.7,0.0,59,2.88
2023-04-22,UA-32,11.4,0.0,58,2.84
2023-04-22,UA-35,10.5,0.1,71,2.84
2023-04-22,UA-40,10.0,3.2,87,4.54
2023-04-22,UA-43,8.8,7.3,90,2.47
2023-04-22,UA-46,10.8,0.2,62,1.85
2023-04-22,UA-48,10.8,0.8,77,3.25
2023-04-22,UA-51,11.1,0.9,77,3.03
2023-04-22,UA-53,9.2,4.4,80,3.07
2023-04-22,UA-56,11.8,0.0,58,1.87
2023-04-22,UA-59,10.4,0.3,66,2.92
2023-04-22,UA-61,11.1,0.1,57,2.32
2023-04-22,UA-63,8.9,2.0,83,3.13
2023-04-22,UA-65,10.4,0.9,77,3.04
2023-04-22,UA-68,11.1,0.2,59,2.73
2023-04-22,UA-71,11.3,0.2,70,2.02
2023-04-22,UA-74,11.9,0.0,53,3.0
2023-04-22,UA-77,12.4,0.4,57,2.74
2023-04-23,UA-05,12.8,0.1,52,1.34
2023-04-23,UA-07,13.4,0.0,54,2.6
2023-04-23,UA-09,10.1,1.0,79,1.41
2023-04-23,UA-12,11.4,0.3,73,1.53
2023-04-23,UA-14,9.3,4.0,86,1.38
2023-04-23,UA-18,12.8,0.1,54,1.56
2023-04-23,UA-21,14.2,0.0,56,2.24
2023-04-23,UA-23,10.5,0.7,83,1.42
2023-04-23,UA-26,12.0,0.2,63,2.35
2023-04-23,UA-30,12.3,0.0,59,1.69
2023-04-23,UA-32,11.8,0.2,58,1.58
2023-04-23,UA-35,12.2,0.3,61,1.66
2023-04-23,UA-40,10.8,0.3,83,1.5
2023-04-23,UA-43,9.7,2.5,79,1.15
2023-04-23,UA-46,13.1,0.0,57,2.74
2023-04-23,UA-48,12.5,0.4,70,1.34
2023-04-23,UA-51,11.6,0.0,75,2.09
2023-04-23,UA-53,11.0,0.0,63,1.39
2023-04-23,UA-56,13.2,0.0,53,2.27
2023-04-23,UA-59,11.8,0.0,55,1.56
2023-04-23,UA-61,12.6,0.3,55,2.62
2023-04-23,UA-63,11.6,0.0,66,2.63
2023-04-23,UA-65,11.7,1.1,72,1.54
2023-04-23,UA-68,12.2,0.2,57,1.76
2023-04-23,UA-71,12.9,0.0,59,1.26
2023-04-23,UA-74,13.6,0.0,56,1.5
2023-04-23,UA-77,12.8,0.0,58,1.94
2023-04-24,UA-05,12.7,0.5,56,3.23
2023-04-24,UA-07,14.1,0.1,53,3.85
2023-04-24,UA-09,12.2,5.1,77,2.65
2023-04-24,UA-12,12.7,1.3,72,1.47
2023-04-24,UA-14,11.3,2.6,76,1.94
2023-04-24,UA-18,13.1,0.8,54,2.98
2023-04-24,UA-21,13.7,9.5,69,2.98
2023-04-24,UA-23,12.2,0.4,78,1.42
2023-04-24,UA-26,13.1,0.6,63,2.49
2023-04-24,UA-30,12.5,0.3,57,2.7
2023-04-24,UA-32,12.5,0.8,58,2.54
2023-04-24,UA-35,11.9,1.2,66,1.55
2023-04-24,UA-40,11.3,0.1,87,2.14
2023-04-24,UA-43,10.3,1.5,78,1.57
2023-04-24,UA-46,13.5,0.5,60,2.87
2023-04-24,UA-48,12.4,2.9,73,1.57
2023-04-24,UA-51,11.4,0.0,76,2.46
2023-04-24,UA-53,11.6,3.0,71,1.85
2023-04-24,UA-56,13.4,0.4,56,3.81
2023-04-24,UA-59,12.0,1.9,67,2.38
2023-04-24,UA-61,12.8,0.3,61,3.83
2023-04-24,UA-63,11.5,0.0,69,2.39
2023-04-24,UA-65,11.6,5.6,73,1.5
2023-04-24,UA-68,12.3,0.9,60,4.04
2023-04-24,UA-71,12.8,0.1,60,2.02
2023-04-24,UA-74,12.6,0.1,58,2.8
2023-04-24,UA-77,13.2,0.3,64,3.47
2023-04-25,UA-05,12.7,0.4,60,4.02
2023-04-25,UA-07,12.2,9.1,79,2.35
2023-04-25,UA-09,11.2,3.1,91,2.79
2023-04-25,UA-12,13.1,0.5,73,1.61
2023-04-25,UA-14,10.5,6.9,93,2.55
2023-04-25,UA-18,13.3,0.0,56,3.76
2023-04-25,UA-21,10.9,15.9,88,3.52
2023-04-25,UA-23,12.2,2.6,81,2.04
2023-04-25,UA-26,11.0,3.4,83,2.08
2023-04-25,UA-30,13.3,0.0,57,2.67
2023-04-25,UA-32,13.7,0.3,52,3.11
2023-04-25,UA-35,13.1,0.0,61,2.4
2023-04-25,UA-40,11.8,0.0,80,4.05
2023-04-25,UA-43,11.7,0.5,69,1.94
2023-04-25,UA-46,10.7,2.9,81,2.87
2023-04-25,UA-48,12.8,0.0,69,3.23
2023-04-25,UA-51,11.6,0.5,79,4.6
2023-04-25,UA-53,12.1,0.3,74,1.53
2023-04-25,UA-56,12.5,4.3,75,3.83
2023-04-25,UA-59,11.2,5.9,76,1.99
2023-04-25,UA-61,11.4,4.3,81,2.59
2023-04-25,UA-63,10.8,1.7,81,2.03
2023-04-25,UA-65,12.7,0.0,67,2.65
2023-04-25,UA-68,11.8,2.7,75,4.26
2023-04-25,UA-71,13.5,0.0,60,2.03
2023-04-25,UA-74,13.1,0.3,63,2.47
2023-04-25,UA-77,12.2,1.8,80,3.02
2023-04-26,UA-05,8.6,7.0,87,3.63
2023-04-26,UA-07,5.8,11.4,90,5.3
2023-04-26,UA-09,14.5,0.1,65,3.08
2023-04-26,UA-12,14.0,0.2,64,3.27
2023-04-26,UA-14,13.2,0.0,66,3.04
2023-04-26,UA-18,9.3,7.0,84,3.93
2023-04-26,UA-21,8.9,0.2,64,4.12
2023-04-26,UA-23,12.8,0.1,69,3.95
2023-04-26,UA-26,6.7,14.8,80,5.55
2023-04-26,UA-30,11.3,5.0,81,3.25
2023-04-26,UA-32,11.2,8.3,84,3.41
2023-04-26,UA-35,13.0,3.4,72,3.36
2023-04-26,UA-40,12.8,0.0,79,3.92
2023-04-26,UA-43,13.2,0.3,69,2.28
2023-04-26,UA-46,6.7,8.0,75,5.41
2023-04-26,UA-48,12.9,5.8,82,3.88
2023-04-26,UA-51,12.2,5.1,89,4.75
2023-04-26,UA-53,13.9,0.0,60,3.26
2023-04-26,UA-56,6.3,11.7,93,4.75
2023-04-26,UA-59,14.5,0.0,59,3.13
2023-04-26,UA-61,5.6,14.0,90,5.36
2023-04-26,UA-63,14.2,0.0,62,2.93
2023-04-26,UA-65,13.3,0.6,76,2.89
2023-04-26,UA-68,6.3,10.6,93,4.02
2023-04-26,UA-71,12.7,4.1,72,3.73
2023-04-26,UA-74,11.9,1.9,73,3.42
2023-04-26,UA-77,6.6,15.9,90,5.29
2023-04-27,UA-05,6.3,0.6,70,5.2
2023-04-27,UA-07,6.9,0.0,61,4.13
2023-04-27,UA-09,16.4,0.6,64,4.37
2023-04-27,UA-12,14.8,3.4,77,2.63
2023-04-27,UA-14,15.7,1.4,70,3.46
2023-04-27,UA-18,6.3,1.9,71,5.21
2023-04-27,UA-21,7.4,0.6,62,2.67
2023-04-27,UA-23,14.0,0.9,79,2.96
2023-04-27,UA-26,6.7,0.6,60,4.27
2023-04-27,UA-30,6.9,2.5,87,4.59
2023-04-27,UA-32,6.3,1.3,82,4.31
2023-04-27,UA-35,10.3,6.3,89,3.89
2023-04-27,UA-40,11.7,13.5,90,3.5
2023-04-27,UA-43,11.9,9.9,85,1.43
2023-04-27,UA-46,6.5,0.2,60,3.68
2023-04-27,UA-48,10.9,0.0,85,5.17
2023-04-27,UA-51,8.9,1.9,77,7.14
2023-04-27,UA-53,13.5,12.5,78,2.64
2023-04-27,UA-56,6.9,0.3,64,4.37
2023-04-27,UA-59,14.0,15.8,76,2.79
2023-04-27,UA-61,5.9,0.2,62,4.36
2023-04-27,UA-63,14.5,4.4,75,3.33
2023-04-27,UA-65,11.6,2.6,84,3.99
2023-04-27,UA-68,6.1,0.5,66,4.76
2023-04-27,UA-71,9.8,3.4,90,4.05
2023-04-27,UA-74,8.3,7.7,92,3.63
2023-04-27,UA-77,7.0,0.9,61,5.02
2023-04-28,UA-05,7.6,0.0,53,4.62
2023-04-28,UA-07,7.2,0.0,60,2.69
2023-04-28,UA-09,16.0,5.4,77,3.08
2023-04-28,UA-12,11.3,14.0,95,5.08
2023-04-28,UA-14,14.5,9.3,84,2.49
2023-04-28,UA-18,6.8,0.0,57,4.3
2023-04-28,UA-21,9.2,0.0,61,1.58
2023-04-28,UA-23,11.4,16.6,95,5.71
2023-04-28,UA-26,7.6,0.5,63,2.6
2023-04-28,UA-30,8.5,0.0,58,4.97
2023-04-28,UA-32,8.6,0.0,54,4.89
2023-04-28,UA-35,10.1,0.1,67,6.48
2023-04-28,UA-40,10.9,16.2,92,7.13
2023-04-28,UA-43,10.0,17.8,97,3.13
2023-04-28,UA-46,7.0,0.6,66,2.43
2023-04-28,UA-48,10.3,7.3,77,6.75
2023-04-28,UA-51,10.9,0.4,59,7.48
2023-04-28,UA-53,9.7,8.9,90,5.4
2023-04-28,UA-56,7.2,0.4,60,3.1
2023-04-28,UA-59,9.4,5.2,88,5.12
2023-04-28,UA-61,6.6,0.6,63,2.96
2023-04-28,UA-63,12.4,17.0,90,3.42
2023-04-28,UA-65,9.7,18.7,85,6.28
2023-04-28,UA-68,6.6,0.2,59,3.66
2023-04-28,UA-71,9.8,0.0,65,5.84
2023-04-28,UA-74,8.3,0.0,60,4.94
2023-04-28,UA-77,8.1,0.6,61,3.15
2023-04-29,UA-05,8.9,0.0,48,2.61
2023-04-29,UA-07,8.6,0.0,57,2.56
2023-04-29,UA-09,14.8,8.6,86,3.26
2023-04-29,UA-12,9.6,6.1,89,5.34
2023-04-29,UA-14,12.4,17.1,91,2.54
2023-04-29,UA-18,7.9,0.0,56,2.6
2023-04-29,UA-21,11.8,0.0,59,1.41
2023-04-29,UA-23,10.7,12.1,90,4.94
2023-04-29,UA-26,9.1,0.0,60,3.09
2023-04-29,UA-30,9.1,0.0,55,3.21
2023-04-29,UA-32,9.2,0.0,49,3.32
2023-04-29,UA-35,10.5,3.1,59,5.73
2023-04-29,UA-40,11.4,2.3,91,2.13
2023-04-29,UA-43,11.4,1.2,85,2.01
2023-04-29,UA-46,9.5,0.0,58,3.51
2023-04-29,UA-48,10.2,9.4,75,6.07
2023-04-29,UA-51,10.9,5.1,60,7.05
2023-04-29,UA-53,9.7,2.7,69,5.93
2023-04-29,UA-56,8.2,0.0,57,2.16
2023-04-29,UA-59,9.1,0.0,65,5.74
2023-04-29,UA-61,8.2,0.0,56,2.54
2023-04-29,UA-63,9.2,1.0,83,5.64
2023-04-29,UA-65,9.6,11.5,82,5.66
2023-04-29,UA-68,7.9,0.0,55,1.77
2023-04-29,UA-71,10.4,0.0,54,4.73
2023-04-29,UA-74,8.9,0.0,53,3.32
2023-04-29,UA-77,9.3,0.0,56,1.68
2023-04-30,UA-05,10.5,0.0,51,3.16
2023-04-30,UA-07,10.9,0.0,61,3.22
2023-04-30,UA-09,12.0,1.5,85,4.05
2023-04-30,UA-12,8.1,3.5,89,2.93
2023-04-30,UA-14,10.4,1.8,89,3.48
2023-04-30,UA-18,9.9,0.0,58,3.04
2023-04-30,UA-21,12.1,0.8,72,3.25
2023-04-30,UA-23,9.5,1.7,88,2.83
2023-04-30,UA-26,11.9,0.1,60,3.05
2023-04-30,UA-30,9.3,0.0,57,3.6
2023-04-30,UA-32,9.8,0.0,53,3.56
2023-04-30,UA-35,7.7,12.2,83,4.44
2023-04-30,UA-40,10.9,3.5,90,3.51
2023-04-30,UA-43,10.2,3.5,89,2.11
2023-04-30,UA-46,10.9,0.7,65,3.0
2023-04-30,UA-48,9.1,3.6,83,4.49
2023-04-30,UA-51,9.8,10.1,73,5.0
2023-04-30,UA-53,6.3,5.8,87,3.52
2023-04-30,UA-56,11.3,0.0,57,3.22
2023-04-30,UA-59,5.5,5.9,86,4.66
2023-04-30,UA-61,11.3,0.0,56,3.12
2023-04-30,UA-63,7.4,10.7,94,2.59
2023-04-30,UA-65,9.3,2.4,83,4.13
2023-04-30,UA-68,10.8,0.0,55,3.02
2023-04-30,UA-71,8.2,6.8,72,4.22
2023-04-30,UA-74,8.9,0.0,56,3.68
2023-04-30,UA-77,12.1,0.0,55,2.15
2023-05-01,UA-05,11.2,0.0,51,3.68
2023-05-01,UA-07,9.3,0.0,53,2.49
2023-05-01,UA-09,12.2,2.7,83,3.11
2023-05-01,UA-12,8.9,0.3,81,3.51
2023-05-01,UA-14,10.7,12.3,90,2.88
2023-05-01,UA-18,10.4,0.0,55,3.88
2023-05-01,UA-21,13.6,0.0,54,1.97
2023-05-01,UA-23,8.9,0.4,82,3.97
2023-05-01,UA-26,11.7,0.0,57,2.04
2023-05-01,UA-30,10.1,0.0,55,4.35
2023-05-01,UA-32,10.7,0.0,53,3.91
2023-05-01,UA-35,10.8,0.4,58,4.07
2023-05-01,UA-40,10.3,1.4,77,6.05
2023-05-01,UA-43,8.3,3.6,85,3.16
2023-05-01,UA-46,10.4,0.0,55,2.13
2023-05-01,UA-48,12.0,0.1,61,3.74
2023-05-01,UA-51,12.7,0.0,57,3.6
2023-05-01,UA-53,8.7,1.5,71,3.57
2023-05-01,UA-56,9.8,0.0,52,2.84
2023-05-01,UA-59,8.7,2.5,66,3.62
2023-05-01,UA-61,10.6,0.0,53,2.59
2023-05-01,UA-63,8.3,0.6,85,2.87
2023-05-01,UA-65,11.1,0.5,65,3.6
2023-05-01,UA-68,10.3,0.0,52,3.54
2023-05-01,UA-71,10.5,0.3,61,3.93
2023-05-01,UA-74,9.6,0.1,52,4.76
2023-05-01,UA-77,12.5,0.0,53,2.84
2023-05-02,UA-05,13.9,0.0,43,3.68
2023-05-02,UA-07,15.0,0.0,53,3.6
2023-05-02,UA-09,10.1,0.4,72,3.64
2023-05-02,UA-12,11.1,0.0,59,2.95
2023-05-02,UA-14,9.8,0.0,68,3.5
2023-05-02,UA-18,13.8,0.0,45,3.86
2023-05-02,UA-21,16.3,0.0,58,2.17
2023-05-02,UA-23,10.9,0.0,66,3.58
2023-05-02,UA-26,15.4,0.0,53,3.18
2023-05-02,UA-30,12.4,0.0,47,3.37
2023-05-02,UA-32,13.0,0.0,46,2.92
2023-05-02,UA-35,11.6,0.0,52,1.81
2023-05-02,UA-40,12.1,0.0,76,3.46
2023-05-02,UA-43,10.8,0.0,68,2.21
2023-05-02,UA-46,15.1,0.0,56,3.25
2023-05-02,UA-48,12.6,0.0,56,2.08
2023-05-02,UA-51,11.8,0.0,59,2.59
2023-05-02,UA-53,9.8,0.0,53,2.24
2023-05-02,UA-56,15.0,0.0,47,4.07
2023-05-02,UA-59,9.6,0.0,50,1.99
2023-05-02,UA-61,14.9,0.0,47,4.06
2023-05-02,UA-63,10.1,0.0,58,2.56
2023-05-02,UA-65,12.1,0.0,56,2.45
2023-05-02,UA-68,13.9,0.0,45,4.27
2023-05-02,UA-71,12.0,0.0,49,2.3
2023-05-02,UA-74,11.8,0.0,46,3.83
2023-05-02,UA-77,15.5,0.0,44,4.18
2023-05-03,UA-05,15.6,0.0,44,3.82
2023-05-03,UA-07,12.2,1.9,79,3.04
2023-05-03,UA-09,12.2,0.0,58,1.69
2023-05-03,UA-12,13.7,0.0,57,2.45
2023-05-03,UA-14,12.3,0.0,57,1.5
2023-05-03,UA-18,15.2,0.0,58,3.62
2023-05-03,UA-21,16.5,0.0,61,3.17
2023-05-03,UA-23,13.6,0.0,60,1.69
2023-05-03,UA-26,14.8,0.6,72,2.94
2023-05-03,UA-30,15.5,0.0,55,3.85
2023-05-03,UA-32,16.0,0.0,41,3.74
2023-05-03,UA-35,14.4,0.0,53,3.28
2023-05-03,UA-40,12.4,0.0,79,2.46
2023-05-03,UA-43,12.3,0.0,66,1.93
2023-05-03,UA-46,12.6,1.6,79,3.51
2023-05-03,UA-48,13.7,0.0,64,2.2
2023-05-03,UA-51,12.5,0.0,65,2.82
2023-05-03,UA-53,14.0,0.0,53,3.2
2023-05-03,UA-56,13.6,1.7,70,2.81
2023-05-03,UA-59,14.7,0.0,49,4.34
2023-05-03,UA-61,13.9,1.6,71,3.03
2023-05-03,UA-63,13.7,0.0,54,2.83
2023-05-03,UA-65,13.6,0.0,60,1.97
2023-05-03,UA-68,14.9,0.1,61,2.69
2023-05-03,UA-71,16.0,0.0,45,4.06
2023-05-03,UA-74,14.4,0.0,61,4.1
2023-05-03,UA-77,15.7,0.0,55,1.65
2023-05-04,UA-05,13.6,0.0,60,2.14
2023-05-04,UA-07,10.0,1.4,76,2.64
2023-05-04,UA-09,16.1,0.0,51,1.57
2023-05-04,UA-12,15.4,0.0,60,2.04
2023-05-04,UA-14,14.8,0.0,62,1.21
2023-05-04,UA-18,11.6,0.2,77,2.95
2023-05-04,UA-21,15.1,0.0,63,3.46
2023-05-04,UA-23,15.1,0.0,63,1.64
2023-05-04,UA-26,11.8,1.1,81,2.54
2023-05-04,UA-30,12.9,0.0,73,2.79
2023-05-04,UA-32,14.5,0.0,59,2.1
2023-05-04,UA-35,14.8,0.0,54,1.94
2023-05-04,UA-40,13.2,0.0,73,3.45
2023-05-04,UA-43,13.5,0.0,62,2.18
2023-05-04,UA-46,10.0,0.2,77,3.0
2023-05-04,UA-48,14.6,0.0,65,2.11
2023-05-04,UA-51,12.3,0.1,76,2.11
2023-05-04,UA-53,15.4,0.0,54,2.76
2023-05-04,UA-56,10.0,4.1,85,2.81
2023-05-04,UA-59,15.3,0.0,64,2.21
2023-05-04,UA-61,11.1,1.1,83,3.45
2023-05-04,UA-63,15.7,0.0,57,2.61
2023-05-04,UA-65,14.3,0.0,67,2.05
2023-05-04,UA-68,12.2,0.0,74,1.95
2023-05-04,UA-71,15.6,0.0,55,2.42
2023-05-04,UA-74,10.5,0.3,77,3.62
2023-05-04,UA-77,13.0,0.2,73,1.41
2023-05-05,UA-05,12.3,0.0,67,2.6
2023-05-05,UA-07,10.9,0.0,66,2.32
2023-05-05,UA-09,17.2,0.0,52,0.97
2023-05-05,UA-12,16.7,0.0,59,2.14
2023-05-05,UA-14,15.8,0.0,60,1.45
2023-05-05,UA-18,10.3,1.1,67,2.69
2023-05-05,UA-21,15.5,0.1,63,1.31
2023-05-05,UA-23,15.7,0.0,64,1.76
2023-05-05,UA-26,13.7,0.2,64,1.41
2023-05-05,UA-30,10.9,0.5,65,3.13
2023-05-05,UA-32,12.1,0.0,63,2.86
2023-05-05,UA-35,15.3,0.1,61,2.83
2023-05-05,UA-40,13.3,0.0,80,2.78
2023-05-05,UA-43,15.2,0.0,64,1.38
2023-05-05,UA-46,12.2,0.0,61,2.48
2023-05-05,UA-48,16.5,0.0,63,2.22
2023-05-05,UA-51,15.5,0.0,67,2.43
2023-05-05,UA-53,14.8,0.7,61,2.74
2023-05-05,UA-56,11.2,0.0,64,2.33
2023-05-05,UA-59,11.1,0.0,66,3.7
2023-05-05,UA-61,12.0,0.0,63,2.05
2023-05-05,UA-63,14.9,0.9,64,2.63
2023-05-05,UA-65,16.2,0.0,65,1.6
2023-05-05,UA-68,10.7,0.2,70,2.46
2023-05-05,UA-71,13.6,0.1,65,3.32
2023-05-05,UA-74,10.3,0.1,63,3.27
2023-05-05,UA-77,13.8,0.2,70,2.51
2023-05-06,UA-05,11.0,0.0,52,3.38
2023-05-06,UA-07,10.1,3.4,61,5.35
2023-05-06,UA-09,13.4,0.0,67,4.6
2023-05-06,UA-12,12.6,0.0,57,5.52
2023-05-06,UA-14,13.5,0.0,65,4.34
2023-05-06,UA-18,9.1,0.0,53,3.88
2023-05-06,UA-21,16.5,1.6,67,2.01
2023-05-06,UA-23,13.0,0.0,65,6.49
2023-05-06,UA-26,14.6,0.9,55,4.64
2023-05-06,UA-30,8.5,0.0,54,3.69
2023-05-06,UA-32,9.6,0.0,53,3.48
2023-05-06,UA-35,11.6,0.0,53,4.6
2023-05-06,UA-40,15.3,0.0,72,4.54
2023-05-06,UA-43,15.6,0.0,66,4.02
2023-05-06,UA-46,13.1,3.7,62,4.88
2023-05-06,UA-48,14.4,0.0,54,5.99
2023-05-06,UA-51,14.5,0.0,54,6.45
2023-05-06,UA-53,9.8,0.0,57,4.63
2023-05-06,UA-56,10.4,2.0,57,4.77
2023-05-06,UA-59,6.9,0.0,60,4.37
2023-05-06,UA-61,12.4,2.3,58,4.61
2023-05-06,UA-63,9.5,0.0,61,4.06
2023-05-06,UA-65,14.5,0.0,56,5.72
2023-05-06,UA-68,11.2,0.1,56,3.99
2023-05-06,UA-71,10.2,0.0,56,4.11
2023-05-06,UA-74,7.3,0.0,51,3.8
2023-05-06,UA-77,15.1,0.0,53,3.53
2023-05-07,UA-05,7.3,3.5,62,3.47
2023-05-07,UA-07,4.9,8.6,88,6.25
2023-05-07,UA-09,10.3,0.0,49,5.42
2023-05-07,UA-12,10.7,0.0,44,5.48
2023-05-07,UA-14,10.3,0.0,50,5.13
2023-05-07,UA-18,7.6,1.1,53,4.18
2023-05-07,UA-21,13.9,7.1,75,3.3
2023-05-07,UA-23,11.0,0.0,54,6.45
2023-05-07,UA-26,9.7,15.4,85,3.52
2023-05-07,UA-30,8.7,0.2,44,3.8
2023-05-07,UA-32,8.8,0.6,48,3.25
2023-05-07,UA-35,10.8,0.3,44,4.25
2023-05-07,UA-40,13.7,0.6,78,5.78
2023-05-07,UA-43,11.9,0.7,78,5.67
2023-05-07,UA-46,9.3,5.0,88,3.61
2023-05-07,UA-48,12.8,0.0,54,4.81
2023-05-07,UA-51,13.1,0.0,55,4.65
2023-05-07,UA-53,9.5,0.0,42,4.95
2023-05-07,UA-56,5.5,7.8,82,5.79
2023-05-07,UA-59,7.5,0.0,48,3.91
2023-05-07,UA-61,7.1,6.4,80,5.23
2023-05-07,UA-63,8.7,0.0,45,4.84
2023-05-07,UA-65,12.7,0.0,54,4.79
2023-05-07,UA-68,6.5,4.9,71,4.89
2023-05-07,UA-71,9.9,0.3,47,4.01
2023-05-07,UA-74,8.2,0.0,43,3.84
2023-05-07,UA-77,9.0,13.1,83,3.98
2023-05-08,UA-05,8.5,0.9,60,3.67
2023-05-08,UA-07,7.2,0.8,72,3.55
2023-05-08,UA-09,10.4,0.1,49,4.34
2023-05-08,UA-12,11.2,0.1,45,5.18
2023-05-08,UA-14,8.2,2.9,64,4.04
2023-05-08,UA-18,8.6,0.2,53,3.9
2023-05-08,UA-21,10.7,0.0,62,4.82
2023-05-08,UA-23,10.9,0.0,56,5.67
2023-05-08,UA-26,6.7,2.8,83,3.46
2023-05-08,UA-30,9.4,0.0,45,3.93
2023-05-08,UA-32,9.7,0.0,47,3.83
2023-05-08,UA-35,11.8,0.0,43,4.84
2023-05-08,UA-40,12.3,3.1,81,4.76
2023-05-08,UA-43,9.9,2.3,87,4.07
2023-05-08,UA-46,6.6,0.7,78,4.42
2023-05-08,UA-48,12.6,1.6,59,4.07
2023-05-08,UA-51,12.1,1.9,65,3.85
2023-05-08,UA-53,10.0,0.1,41,5.24
2023-05-08,UA-56,7.5,0.9,70,3.59
2023-05-08,UA-59,9.0,0.0,41,4.53
2023-05-08,UA-61,6.2,1.5,79,4.05
2023-05-08,UA-63,9.4,0.0,43,5.07
2023-05-08,UA-65,12.3,0.9,60,4.02
2023-05-08,UA-68,7.0,1.8,71,3.81
2023-05-08,UA-71,10.8,0.0,45,4.44
2023-05-08,UA-74,9.2,0.0,40,3.97
2023-05-08,UA-77,6.6,8.0,92,2.59
2023-05-09,UA-05,9.2,0.2,48,3.09
2023-05-09,UA-07,9.0,0.0,54,2.82
2023-05-09,UA-09,10.0,1.6,54,4.15
2023-05-09,UA-12,10.7,0.0,50,3.36
2023-05-09,UA-14,7.7,5.4,73,3.52
2023-05-09,UA-18,8.3,0.1,51,2.98
2023-05-09,UA-21,12.1,0.0,57,2.56
2023-05-09,UA-23,9.2,2.4,64,3.63
2023-05-09,UA-26,9.0,0.1,62,2.55
2023-05-09,UA-30,9.2,0.1,47,3.29
2023-05-09,UA-32,9.3,0.1,47,3.28
2023-05-09,UA-35,11.1,0.4,47,3.65
2023-05-09,UA-40,10.1,1.6,79,6.32
2023-05-09,UA-43,7.3,5.2,89,4.4
2023-05-09,UA-46,9.1,0.0,58,3.19
2023-05-09,UA-48,11.3,0.3,65,3.29
2023-05-09,UA-51,11.5,0.5,66,3.76
2023-05-09,UA-53,10.3,0.1,44,4.04
2023-05-09,UA-56,8.7,0.0,55,2.63
2023-05-09,UA-59,9.6,0.0,44,4.09
2023-05-09,UA-61,8.6,0.0,56,3.01
2023-05-09,UA-63,10.4,0.0,45,3.99
2023-05-09,UA-65,10.3,1.1,66,3.56
2023-05-09,UA-68,8.3,0.0,55,2.93
2023-05-09,UA-71,10.9,0.0,47,3.76
2023-05-09,UA-74,8.9,0.0,44,3.36
2023-05-09,UA-77,9.3,0.1,64,2.21
2023-05-10,UA-05,9.7,0.0,47,2.15
2023-05-10,UA-07,9.3,0.0,53,2.77
2023-05-10,UA-09,7.7,2.4,76,3.65
2023-05-10,UA-12,10.1,0.3,56,3.18
2023-05-10,UA-14,6.9,2.5,76,3.36
2023-05-10,UA-18,8.8,0.1,52,2.34
2023-05-10,UA-21,12.9,0.0,53,2.59
2023-05-10,UA-23,10.1,0.3,62,3.92
2023-05-10,UA-26,9.4,0.0,54,3.53
2023-05-10,UA-30,9.7,0.2,50,2.51
2023-05-10,UA-32,9.5,0.2,49,2.27
2023-05-10,UA-35,10.7,0.1,52,2.36
2023-05-10,UA-40,10.5,0.0,67,3.49
2023-05-10,UA-43,7.9,0.0,70,2.95
2023-05-10,UA-46,9.7,0.0,51,3.99
2023-05-10,UA-48,11.2,2.1,67,1.58
2023-05-10,UA-51,11.0,1.7,69,1.83
2023-05-10,UA-53,9.8,0.2,48,2.96
2023-05-10,UA-56,9.4,0.0,52,2.36
2023-05-10,UA-59,9.7,0.0,47,3.24
2023-05-10,UA-61,8.8,0.0,51,2.89
2023-05-10,UA-63,10.1,0.6,49,3.42
2023-05-10,UA-65,10.6,1.4,69,1.68
2023-05-10,UA-68,9.0,0.2,50,2.12
2023-05-10,UA-71,10.6,0.0,51,2.41
2023-05-10,UA-74,10.1,0.0,44,2.7
2023-05-10,UA-77,10.0,0.0,53,2.08
2023-05-11,UA-05,10.4,0.0,48,1.96
2023-05-11,UA-07,11.3,0.0,48,3.71
2023-05-11,UA-09,10.1,2.0,68,3.44
2023-05-11,UA-12,11.3,0.1,53,3.03
2023-05-11,UA-14,9.3,0.0,63,2.91
2023-05-11,UA-18,10.2,0.0,48,1.91
2023-05-11,UA-21,14.6,0.0,53,3.03
2023-05-11,UA-23,11.8,0.0,57,3.2
2023-05-11,UA-26,11.7,0.0,51,4.31
2023-05-11,UA-30,10.8,0.1,53,2.28
2023-05-11,UA-32,10.2,0.0,50,1.82
2023-05-11,UA-35,10.7,0.1,48,2.42
2023-05-11,UA-40,11.5,0.0,69,2.51
2023-05-11,UA-43,9.5,0.0,64,1.91
2023-05-11,UA-46,11.8,0.0,48,4.32
2023-05-11,UA-48,11.9,0.0,58,2.3
2023-05-11,UA-51,11.2,0.0,64,2.49
2023-05-11,UA-53,10.6,0.0,49,3.06
2023-05-11,UA-56,10.9,0.0,49,3.11
2023-05-11,UA-59,11.4,0.0,47,2.81
2023-05-11,UA-61,10.7,0.0,49,3.74
2023-05-11,UA-63,11.2,0.0,51,3.14
2023-05-11,UA-65,11.4,0.0,57,2.24
2023-05-11,UA-68,10.4,0.3,52,2.73
2023-05-11,UA-71,11.5,0.0,50,2.26
2023-05-11,UA-74,11.8,1.0,52,2.66
2023-05-11,UA-77,11.0,0.0,58,3.21
2023-05-12,UA-05,12.4,0.0,47,1.39
2023-05-12,UA-07,12.8,0.2,50,3.11
2023-05-12,UA-09,13.0,0.0,57,2.69
2023-05-12,UA-12,13.3,0.0,53,2.38
2023-05-12,UA-14,11.9,0.0,56,2.02
2023-05-12,UA-18,12.8,0.3,52,2.0
2023-05-12,UA-21,14.7,0.0,50,3.72
2023-05-12,UA-23,14.0,0.0,55,2.46
2023-05-12,UA-26,11.6,0.0,57,4.18
2023-05-12,UA-30,13.6,0.0,56,1.54
2023-05-12,UA-32,12.9,0.0,50,1.73
2023-05-12,UA-35,13.1,0.0,47,2.39
2023-05-12,UA-40,12.9,0.0,71,2.75
2023-05-12,UA-43,11.4,0.0,59,3.61
2023-05-12,UA-46,11.9,0.0,53,4.37
2023-05-12,UA-48,13.9,0.0,52,2.66
2023-05-12,UA-51,14.0,0.0,52,2.78
2023-05-12,UA-53,12.7,0.1,52,2.33
2023-05-12,UA-56,12.4,0.3,52,2.54
2023-05-12,UA-59,13.4,0.8,53,2.08
2023-05-12,UA-61,12.2,0.0,47,3.35
2023-05-12,UA-63,12.9,0.1,53,2.4
2023-05-12,UA-65,13.5,0.0,48,2.73
2023-05-12,UA-68,12.4,0.0,47,2.39
2023-05-12,UA-71,13.7,0.0,52,1.88
2023-05-12,UA-74,13.7,0.1,57,2.24
2023-05-12,UA-77,11.5,0.3,61,2.9
2023-05-13,UA-05,14.5,0.2,51,1.73
2023-05-13,UA-07,14.0,0.3,58,2.34
2023-05-13,UA-09,15.5,0.0,53,1.65
2023-05-13,UA-12,15.5,0.1,53,2.31
2023-05-13,UA-14,13.8,0.0,57,2.34
2023-05-13,UA-18,14.7,0.1,54,2.14
2023-05-13,UA-21,11.9,0.1,69,2.17
2023-05-13,UA-23,15.5,0.0,58,2.9
2023-05-13,UA-26,12.2,0.0,58,3.17
2023-05-13,UA-30,15.5,0.0,54,1.97
2023-05-13,UA-32,15.4,0.1,51,1.77
2023-05-13,UA-35,15.5,0.1,49,1.94
2023-05-13,UA-40,14.1,0.0,69,3.96
2023-05-13,UA-43,13.8,0.0,57,3.01
2023-05-13,UA-46,12.2,0.1,57,2.96
2023-05-13,UA-48,15.9,0.0,51,2.25
2023-05-13,UA-51,15.7,0.0,49,2.57
2023-05-13,UA-53,15.1,0.0,53,1.94
2023-05-13,UA-56,14.3,0.7,58,2.16
2023-05-13,UA-59,16.3,0.0,50,2.06
2023-05-13,UA-61,12.3,0.1,56,2.31
2023-05-13,UA-63,15.8,0.0,51,2.02
2023-05-13,UA-65,15.7,0.0,50,2.36
2023-05-13,UA-68,13.0,0.2,58,2.5
2023-05-13,UA-71,16.4,0.0,49,1.65
2023-05-13,UA-74,16.2,0.0,51,2.0
2023-05-13,UA-77,12.6,0.0,60,2.16
2023-05-14,UA-05,15.9,0.1,51,1.83
2023-05-14,UA-07,16.0,0.0,52,2.65
2023-05-14,UA-09,16.9,0.0,52,2.18
2023-05-14,UA-12,17.4,0.0,52,2.25
2023-05-14,UA-14,15.8,0.6,54,1.89
2023-05-14,UA-18,16.2,0.4,54,1.67
2023-05-14,UA-21,15.7,1.1,61,2.59
2023-05-14,UA-23,16.9,0.0,60,2.57
2023-05-14,UA-26,15.2,0.0,51,4.24
2023-05-14,UA-30,18.0,0.0,47,1.81
2023-05-14,UA-32,17.5,0.1,50,1.22
2023-05-14,UA-35,17.1,0.1,48,1.74
2023-05-14,UA-40,14.4,0.1,75,2.16
2023-05-14,UA-43,14.9,0.3,56,1.31
2023-05-14,UA-46,15.1,0.1,52,4.12
2023-05-14,UA-48,16.7,0.0,58,1.83
2023-05-14,UA-51,16.6,0.0,53,2.48
2023-05-14,UA-53,17.3,0.2,50,2.4
2023-05-14,UA-56,15.8,0.0,54,2.17
2023-05-14,UA-59,17.6,0.0,49,2.31
2023-05-14,UA-61,15.4,0.0,48,3.55
2023-05-14,UA-63,17.7,0.0,49,2.32
2023-05-14,UA-65,16.2,0.1,57,1.78
2023-05-14,UA-68,15.2,0.0,53,2.25
2023-05-14,UA-71,18.1,0.1,49,1.99
2023-05-14,UA-74,17.6,0.0,49,2.37
2023-05-14,UA-77,15.4,0.0,51,3.54
2023-05-15,UA-05,17.4,0.0,45,4.25
2023-05-15,UA-07,16.6,4.5,55,5.48
2023-05-15,UA-09,17.0,0.0,55,2.03
2023-05-15,UA-12,18.5,0.0,53,1.23
2023-05-15,UA-14,16.8,0.0,56,1.43
2023-05-15,UA-18,18.0,0.0,46,3.72
2023-05-15,UA-21,14.6,15.2,84,2.86
2023-05-15,UA-23,18.4,0.0,57,2.02
2023-05-15,UA-26,16.9,1.0,58,4.31
2023-05-15,UA-30,18.8,0.0,48,2.36
2023-05-15,UA-32,18.4,0.0,47,2.83
2023-05-15,UA-35,18.3,0.0,46,2.17
2023-05-15,UA-40,15.5,0.0,73,1.54
2023-05-15,UA-43,15.5,0.0,57,1.22
2023-05-15,UA-46,15.5,8.1,68,3.97
2023-05-15,UA-48,17.2,0.0,58,2.39
2023-05-15,UA-51,15.9,0.0,60,2.57
2023-05-15,UA-53,17.7,0.0,51,2.29
2023-05-15,UA-56,17.6,0.0,46,5.48
2023-05-15,UA-59,17.3,0.0,50,2.99
2023-05-15,UA-61,17.0,0.1,47,6.57
2023-05-15,UA-63,17.5,0.0,50,2.39
2023-05-15,UA-65,17.0,0.0,57,2.17
2023-05-15,UA-68,17.0,0.0,44,5.79
2023-05-15,UA-71,19.1,0.0,48,1.86
2023-05-15,UA-74,18.5,0.0,48,3.36
2023-05-15,UA-77,17.1,0.0,50,6.35
2023-05-16,UA-05,17.7,0.0,54,3.4
2023-05-16,UA-07,16.7,2.0,73,2.3
2023-05-16,UA-09,15.6,0.0,56,2.56
2023-05-16,UA-12,18.9,0.0,56,1.84
2023-05-16,UA-14,16.6,0.0,55,2.02
2023-05-16,UA-18,17.5,0.0,58,3.18
2023-05-16,UA-21,16.6,2.1,89,1.88
2023-05-16,UA-23,18.4,0.0,59,2.49
2023-05-16,UA-26,17.4,0.3,75,1.61
2023-05-16,UA-30,15.9,1.1,55,3.93
2023-05-16,UA-32,17.9,0.2,50,3.75
2023-05-16,UA-35,16.0,0.5,58,2.2
2023-05-16,UA-40,16.5,0.0,67,2.98
2023-05-16,UA-43,17.1,0.0,50,2.06
2023-05-16,UA-46,16.3,0.8,78,2.28
2023-05-16,UA-48,17.7,0.6,66,1.83
2023-05-16,UA-51,17.1,0.0,61,3.13
2023-05-16,UA-53,17.8,0.3,57,2.1
2023-05-16,UA-56,17.6,0.0,66,2.13
2023-05-16,UA-59,17.4,0.0,54,3.19
2023-05-16,UA-61,16.9,0.6,69,1.83
2023-05-16,UA-63,17.3,0.0,50,2.46
2023-05-16,UA-65,17.6,0.5,63,1.55
2023-05-16,UA-68,17.3,0.2,61,2.86
2023-05-16,UA-71,16.4,0.2,56,2.84
2023-05-16,UA-74,15.8,1.5,57,4.04
2023-05-16,UA-77,17.8,2.0,69,2.78
2023-05-17,UA-05,18.4,0.4,55,3.54
2023-05-17,UA-07,17.2,0.9,68,3.63
2023-05-17,UA-09,16.5,0.0,58,3.13
2023-05-17,UA-12,18.8,0.0,49,3.43
2023-05-17,UA-14,16.3,0.0,54,3.26
2023-05-17,UA-18,18.6,0.0,56,3.24
2023-05-17,UA-21,16.7,3.2,82,3.05
2023-05-17,UA-23,17.6,0.0,55,4.06
2023-05-17,UA-26,17.9,0.5,67,3.35
2023-05-17,UA-30,17.6,0.2,59,3.3
2023-05-17,UA-32,18.6,0.0,54,3.08
2023-05-17,UA-35,18.9,0.0,53,3.09
2023-05-17,UA-40,16.9,0.0,65,3.59
2023-05-17,UA-43,16.9,0.0,56,5.22
2023-05-17,UA-46,17.3,3.9,81,2.81
2023-05-17,UA-48,19.1,0.0,61,3.03
2023-05-17,UA-51,19.4,0.0,58,3.49
2023-05-17,UA-53,18.2,0.0,48,3.34
2023-05-17,UA-56,17.3,0.0,65,3.8
2023-05-17,UA-59,17.6,0.0,49,3.17
2023-05-17,UA-61,17.4,0.6,56,4.8
2023-05-17,UA-63,17.5,0.0,50,3.01
2023-05-17,UA-65,18.6,0.0,62,3.05
2023-05-17,UA-68,17.4,0.2,57,4.13
2023-05-17,UA-71,18.1,0.1,60,2.88
2023-05-17,UA-74,17.5,0.0,60,3.13
2023-05-17,UA-77,18.4,0.0,55,4.94
2023-05-18,UA-05,19.6,0.0,50,2.39
2023-05-18,UA-07,15.6,0.1,80,2.89
2023-05-18,UA-09,19.0,0.0,49,3.08
2023-05-18,UA-12,20.0,0.0,49,3.87
2023-05-18,UA-14,18.7,0.0,48,3.46
2023-05-18,UA-18,19.3,0.0,55,2.13
2023-05-18,UA-21,14.2,3.4,85,3.58
2023-05-18,UA-23,18.4,0.0,55,4.38
2023-05-18,UA-26,14.3,3.3,90,3.9
2023-05-18,UA-30,19.5,0.0,54,2.23
2023-05-18,UA-32,19.2,0.0,54,2.29
2023-05-18,UA-35,19.9,0.0,47,3.56
2023-05-18,UA-40,16.9,0.0,67,4.05
2023-05-18,UA-43,17.2,0.0,60,6.16
2023-05-18,UA-46,12.6,2.4,93,3.33
2023-05-18,UA-48,19.9,0.0,51,4.83
2023-05-18,UA-51,19.8,0.0,50,5.33
2023-05-18,UA-53,19.3,0.0,48,3.41
2023-05-18,UA-56,17.0,0.6,78,2.45
2023-05-18,UA-59,18.7,0.0,50,2.66
2023-05-18,UA-61,15.7,1.0,81,2.6
2023-05-18,UA-63,19.3,0.0,47,3.28
2023-05-18,UA-65,19.3,0.0,53,4.68
2023-05-18,UA-68,18.3,0.3,65,2.01
2023-05-18,UA-71,20.1,0.0,52,2.57
2023-05-18,UA-74,19.9,0.0,51,2.41
2023-05-18,UA-77,17.3,0.7,75,3.07
2023-05-19,UA-05,18.8,0.0,59,3.35
2023-05-19,UA-07,15.4,0.0,83,2.18
2023-05-19,UA-09,19.4,0.0,48,2.91
2023-05-19,UA-12,20.5,0.0,47,3.6
2023-05-19,UA-14,18.6,0.0,49,3.24
2023-05-19,UA-18,16.8,0.1,72,2.95
2023-05-19,UA-21,16.4,0.1,74,2.71
2023-05-19,UA-23,19.1,0.0,53,4.09
2023-05-19,UA-26,14.0,1.1,81,2.15
2023-05-19,UA-30,18.2,0.0,67,3.81
2023-05-19,UA-32,18.8,0.3,63,3.5
2023-05-19,UA-35,21.0,0.0,44,3.91
2023-05-19,UA-40,16.8,1.0,72,4.51
2023-05-19,UA-43,17.5,0.9,63,5.48
2023-05-19,UA-46,13.0,0.0,86,1.81
2023-05-19,UA-48,20.9,0.7,49,4.02
2023-05-19,UA-51,20.5,0.8,50,4.16
2023-05-19,UA-53,20.0,0.0,46,3.47
2023-05-19,UA-56,16.6,1.5,83,2.48
2023-05-19,UA-59,19.9,0.0,53,3.45
2023-05-19,UA-61,15.1,0.6,82,2.66
2023-05-19,UA-63,19.8,0.0,51,3.03
2023-05-19,UA-65,20.3,0.3,49,3.93
2023-05-19,UA-68,16.9,2.2,74,2.99
2023-05-19,UA-71,20.6,0.0,52,3.82
2023-05-19,UA-74,17.5,0.0,71,4.02
2023-05-19,UA-77,15.7,1.2,79,3.48
2023-05-20,UA-05,18.4,0.0,59,4.12
2023-05-20,UA-07,18.2,0.0,63,3.41
2023-05-20,UA-09,20.3,0.0,50,2.35
2023-05-20,UA-12,20.9,0.0,49,3.07
2023-05-20,UA-14,19.0,0.0,52,2.6
2023-05-20,UA-18,17.4,0.0,58,4.26
2023-05-20,UA-21,19.6,2.5,66,2.17
2023-05-20,UA-23,19.5,0.0,54,3.46
2023-05-20,UA-26,17.9,0.2,68,2.12
2023-05-20,UA-30,17.4,0.0,56,4.67
2023-05-20,UA-32,18.1,0.0,59,4.35
2023-05-20,UA-35,20.4,0.3,57,4.12
2023-05-20,UA-40,17.6,1.3,70,4.43
2023-05-20,UA-43,18.5,0.0,59,5.86
2023-05-20,UA-46,17.6,0.3,70,3.04
2023-05-20,UA-48,20.9,0.0,48,4.23
2023-05-20,UA-51,20.7,0.0,48,4.58
2023-05-20,UA-53,19.4,0.2,56,4.11
2023-05-20,UA-56,18.2,0.0,61,3.35
2023-05-20,UA-59,16.5,0.0,57,4.77
2023-05-20,UA-61,18.1,0.0,63,3.2
2023-05-20,UA-63,18.9,0.5,60,3.8
2023-05-20,UA-65,20.4,0.0,47,4.2
2023-05-20,UA-68,17.8,0.2,61,3.82
2023-05-20,UA-71,19.5,0.0,57,4.37
2023-05-20,UA-74,16.3,0.0,53,4.93
2023-05-20,UA-77,18.7,0.5,67,2.93
2023-05-21,UA-05,15.7,0.0,52,3.82
2023-05-21,UA-07,15.8,0.0,55,3.36
2023-05-21,UA-09,18.1,0.6,63,2.85
2023-05-21,UA-12,17.6,5.3,68,4.18
2023-05-21,UA-14,17.6,0.3,60,3.02
2023-05-21,UA-18,14.0,0.0,56,3.9
2023-05-21,UA-21,20.7,0.1,55,2.29
2023-05-21,UA-23,17.8,0.3,69,4.26
2023-05-21,UA-26,17.2,0.0,52,2.88
2023-05-21,UA-30,14.7,0.0,52,3.92
2023-05-21,UA-32,15.2,0.0,53,3.9
2023-05-21,UA-35,18.1,0.2,57,4.64
2023-05-21,UA-40,16.9,0.0,71,3.13
2023-05-21,UA-43,16.9,0.0,63,5.4
2023-05-21,UA-46,16.7,0.0,54,3.57
2023-05-21,UA-48,20.0,0.8,60,4.77
2023-05-21,UA-51,20.3,0.3,55,5.61
2023-05-21,UA-53,15.5,5.4,64,4.49
2023-05-21,UA-56,15.4,0.0,54,3.42
2023-05-21,UA-59,15.5,0.0,49,3.56
2023-05-21,UA-61,16.1,0.0,51,3.54
2023-05-21,UA-63,15.1,5.2,70,4.06
2023-05-21,UA-65,19.6,0.0,55,4.35
2023-05-21,UA-68,15.1,0.0,54,3.6
2023-05-21,UA-71,17.2,0.0,49,4.15
2023-05-21,UA-74,14.2,0.0,52,3.89
2023-05-21,UA-77,17.4,0.0,53,2.34
2023-05-22,UA-05,16.8,0.0,48,2.83
2023-05-22,UA-07,15.5,0.0,57,2.59
2023-05-22,UA-09,16.6,1.2,74,3.28
2023-05-22,UA-12,18.4,0.0,68,2.95
2023-05-22,UA-14,17.0,2.6,71,3.13
2023-05-22,UA-18,15.9,0.0,52,2.99
2023-05-22,UA-21,19.3,0.0,52,1.88
2023-05-22,UA-23,17.9,0.0,71,3.63
2023-05-22,UA-26,16.0,0.0,53,2.4
2023-05-22,UA-30,17.0,0.0,49,3.42
2023-05-22,UA-32,16.7,0.0,50,3.0
2023-05-22,UA-35,17.8,1.3,70,3.63
2023-05-22,UA-40,15.2,2.0,89,2.41
2023-05-22,UA-43,15.3,4.4,84,3.39
2023-05-22,UA-46,15.5,0.0,54,3.03
2023-05-22,UA-48,18.7,0.1,68,3.86
2023-05-22,UA-51,18.2,0.8,71,4.16
2023-05-22,UA-53,16.9,3.8,74,3.11
2023-05-22,UA-56,15.7,0.0,54,2.54
2023-05-22,UA-59,16.6,3.1,69,3.42
2023-05-22,UA-61,15.3,0.0,50,2.67
2023-05-22,UA-63,17.9,1.1,67,3.18
2023-05-22,UA-65,18.0,0.5,66,3.5
2023-05-22,UA-68,15.7,0.0,51,2.51
2023-05-22,UA-71,17.7,0.0,59,3.29
2023-05-22,UA-74,16.3,0.0,51,3.67
2023-05-22,UA-77,16.4,0.0,54,1.78
2023-05-23,UA-05,17.9,0.0,49,2.01
2023-05-23,UA-07,17.4,0.0,52,2.91
2023-05-23,UA-09,17.7,2.4,84,2.29
2023-05-23,UA-12,17.7,5.8,81,1.81
2023-05-23,UA-14,16.4,2.6,87,1.94
2023-05-23,UA-18,17.4,0.0,53,2.06
2023-05-23,UA-21,19.2,0.5,63,1.76
2023-05-23,UA-23,17.6,0.5,81,2.09
2023-05-23,UA-26,17.8,0.1,55,2.04
2023-05-23,UA-30,17.9,2.1,65,2.12
2023-05-23,UA-32,17.9,0.2,62,2.19
2023-05-23,UA-35,18.7,0.6,69,2.3
2023-05-23,UA-40,15.4,1.1,93,1.88
2023-05-23,UA-43,16.3,12.1,87,1.5
2023-05-23,UA-46,17.1,0.0,58,2.26
2023-05-23,UA-48,19.1,1.2,72,2.17
2023-05-23,UA-51,18.5,1.3,75,2.55
2023-05-23,UA-53,16.7,5.2,77,2.37
2023-05-23,UA-56,17.2,0.0,53,2.41
2023-05-23,UA-59,16.2,2.2,78,2.38
2023-05-23,UA-61,17.6,0.0,48,2.39
2023-05-23,UA-63,16.7,7.7,84,2.2
2023-05-23,UA-65,18.5,1.0,72,1.85
2023-05-23,UA-68,17.5,0.0,50,1.77
2023-05-23,UA-71,18.8,0.1,65,2.38
2023-05-23,UA-74,18.1,0.2,63,2.43
2023-05-23,UA-77,17.5,0.0,57,1.81
2023-05-24,UA-05,18.8,0.4,60,1.4
2023-05-24,UA-07,19.2,0.0,49,2.17
2023-05-24,UA-09,17.6,10.9,87,2.69
2023-05-24,UA-12,18.0,5.6,85,1.79
2023-05-24,UA-14,16.6,14.4,90,2.03
2023-05-24,UA-18,18.7,0.3,64,1.77
2023-05-24,UA-21,17.7,3.9,83,1.73
2023-05-24,UA-23,18.1,1.6,84,1.7
2023-05-24,UA-26,17.9,0.2,68,1.87
2023-05-24,UA-30,19.0,1.6,67,1.67
2023-05-24,UA-32,19.1,0.4,65,1.72
2023-05-24,UA-35,18.4,3.6,77,1.93
2023-05-24,UA-40,15.6,0.7,95,1.41
2023-05-24,UA-43,16.3,15.3,88,1.28
2023-05-24,UA-46,17.5,5.3,76,2.02
2023-05-24,UA-48,19.7,0.7,76,1.66
2023-05-24,UA-51,19.2,1.6,75,1.82
2023-05-24,UA-53,17.3,6.8,85,1.99
2023-05-24,UA-56,18.9,0.0,51,1.89
2023-05-24,UA-59,17.7,5.4,82,1.8
2023-05-24,UA-61,19.0,0.0,47,1.91
2023-05-24,UA-63,17.5,7.9,89,2.03
2023-05-24,UA-65,19.0,3.3,78,1.53
2023-05-24,UA-68,19.0,0.0,48,1.57
2023-05-24,UA-71,18.8,1.3,74,1.96
2023-05-24,UA-74,19.4,1.1,64,1.73
2023-05-24,UA-77,19.6,0.0,54,1.65
2023-05-25,UA-05,18.8,1.7,67,2.35
2023-05-25,UA-07,18.7,0.1,62,2.62
2023-05-25,UA-09,18.8,0.6,81,1.77
2023-05-25,UA-12,18.4,8.5,85,1.07
2023-05-25,UA-14,17.7,3.9,84,1.71
2023-05-25,UA-18,19.3,0.0,60,2.56
2023-05-25,UA-21,19.5,0.0,72,3.31
2023-05-25,UA-23,18.2,1.1,84,1.6
2023-05-25,UA-26,18.3,2.4,76,3.44
2023-05-25,UA-30,20.0,0.0,61,2.62
2023-05-25,UA-32,19.2,0.0,63,2.43
2023-05-25,UA-35,17.8,5.2,84,2.73
2023-05-25,UA-40,15.7,1.4,94,1.41
2023-05-25,UA-43,16.1,10.1,87,1.44
2023-05-25,UA-46,17.2,3.0,81,3.15
2023-05-25,UA-48,18.7,7.6,84,2.01
2023-05-25,UA-51,18.9,5.0,78,2.51
2023-05-25,UA-53,17.3,5.0,87,1.76
2023-05-25,UA-56,19.3,0.1,57,2.64
2023-05-25,UA-59,17.5,12.7,87,1.21
2023-05-25,UA-61,19.0,0.0,54,2.88
2023-05-25,UA-63,17.8,4.9,88,1.61
2023-05-25,UA-65,18.2,10.9,84,1.15
2023-05-25,UA-68,19.0,0.0,60,2.43
2023-05-25,UA-71,18.5,2.4,81,1.71
2023-05-25,UA-74,20.0,0.4,62,2.42
2023-05-25,UA-77,20.0,0.0,60,3.16
2023-05-26,UA-05,19.4,0.0,57,3.1
2023-05-26,UA-07,18.2,2.6,73,2.78
2023-05-26,UA-09,20.3,1.0,78,1.15
2023-05-26,UA-12,19.3,3.2,81,1.31
2023-05-26,UA-14,18.3,4.9,86,0.94
2023-05-26,UA-18,19.6,0.0,55,2.96
2023-05-26,UA-21,20.3,0.3,66,3.22
2023-05-26,UA-23,17.5,2.2,86,1.38
2023-05-26,UA-26,17.9,8.1,77,3.2
2023-05-26,UA-30,20.2,0.0,59,2.67
2023-05-26,UA-32,19.8,0.0,62,2.49
2023-05-26,UA-35,17.6,10.5,86,2.39
2023-05-26,UA-40,15.7,0.3,92,1.49
2023-05-26,UA-43,16.1,9.2,88,1.15
2023-05-26,UA-46,17.1,3.0,80,2.93
2023-05-26,UA-48,18.4,3.1,84,1.99
2023-05-26,UA-51,18.3,1.2,81,2.54
2023-05-26,UA-53,17.8,6.8,85,2.06
2023-05-26,UA-56,18.7,1.7,67,2.89
2023-05-26,UA-59,18.9,0.2,73,1.64
2023-05-26,UA-61,18.5,0.7,66,3.02
2023-05-26,UA-63,19.2,3.1,78,1.99
2023-05-26,UA-65,17.8,5.6,86,1.19
2023-05-26,UA-68,18.7,1.3,61,2.99
2023-05-26,UA-71,19.3,1.0,78,1.59
2023-05-26,UA-74,20.5,0.0,54,2.36
2023-05-26,UA-77,18.9,2.2,70,3.67
2023-05-27,UA-05,18.3,1.7,61,4.27
2023-05-27,UA-07,15.6,0.0,57,4.2
2023-05-27,UA-09,17.2,16.5,93,2.37
2023-05-27,UA-12,17.9,7.9,90,1.68
2023-05-27,UA-14,15.5,26.0,97,1.95
2023-05-27,UA-18,18.5,0.0,56,4.79
2023-05-27,UA-21,19.7,0.0,57,4.24
2023-05-27,UA-23,17.5,1.7,85,1.27
2023-05-27,UA-26,16.8,1.6,67,3.42
2023-05-27,UA-30,19.0,1.5,62,4.56
2023-05-27,UA-32,18.7,3.3,63,3.88
2023-05-27,UA-35,18.6,2.7,79,2.77
2023-05-27,UA-40,16.5,0.0,89,2.14
2023-05-27,UA-43,16.7,3.2,88,1.25
2023-05-27,UA-46,15.5,0.1,65,3.73
2023-05-27,UA-48,18.8,6.7,84,2.28
2023-05-27,UA-51,17.9,8.2,87,2.53
2023-05-27,UA-53,18.3,1.1,76,2.24
2023-05-27,UA-56,16.6,0.0,55,4.31
2023-05-27,UA-59,19.1,1.4,68,2.91
2023-05-27,UA-61,16.9,0.0,58,4.04
2023-05-27,UA-63,18.9,0.4,75,2.29
2023-05-27,UA-65,18.1,6.4,85,1.69
2023-05-27,UA-68,17.4,0.0,60,4.48
2023-05-27,UA-71,19.6,3.5,73,3.0
2023-05-27,UA-74,18.8,1.3,57,4.9
2023-05-27,UA-77,18.2,0.5,65,4.13
2023-05-28,UA-05,16.2,0.0,56,3.37
2023-05-28,UA-07,14.4,0.0,52,2.88
2023-05-28,UA-09,18.5,3.4,85,2.04
2023-05-28,UA-12,18.4,3.4,81,2.85
2023-05-28,UA-14,17.8,2.0,84,2.19
2023-05-28,UA-18,14.9,0.0,51,3.55
2023-05-28,UA-21,18.9,0.0,57,1.9
2023-05-28,UA-23,17.6,0.5,86,2.82
2023-05-28,UA-26,16.3,0.0,59,1.81
2023-05-28,UA-30,15.3,0.0,55,3.81
2023-05-28,UA-32,16.1,0.0,56,3.57
2023-05-28,UA-35,18.8,0.0,66,3.88
2023-05-28,UA-40,17.5,1.2,89,2.12
2023-05-28,UA-43,17.8,1.3,81,2.99
2023-05-28,UA-46,15.0,0.0,58,2.69
2023-05-28,UA-48,19.3,4.7,82,3.54
2023-05-28,UA-51,18.6,6.2,84,4.1
2023-05-28,UA-53,17.7,0.0,65,4.09
2023-05-28,UA-56,14.7,0.0,52,2.73
2023-05-28,UA-59,16.0,0.0,55,4.42
2023-05-28,UA-61,15.9,0.0,52,2.87
2023-05-28,UA-63,18.2,0.0,64,3.98
2023-05-28,UA-65,18.9,6.0,82,2.92
2023-05-28,UA-68,15.5,0.0,56,3.1
2023-05-28,UA-71,18.1,0.0,57,3.98
2023-05-28,UA-74,14.3,0.0,48,4.05
2023-05-28,UA-77,17.6,0.0,57,2.61
2023-05-29,UA-05,16.9,0.0,54,2.05
2023-05-29,UA-07,16.3,0.0,53,2.02
2023-05-29,UA-09,18.7,6.0,84,4.34
2023-05-29,UA-12,19.3,1.3,66,4.75
2023-05-29,UA-14,17.8,11.8,87,4.19
2023-05-29,UA-18,15.8,0.0,52,1.98
2023-05-29,UA-21,19.7,0.1,64,1.44
2023-05-29,UA-23,17.9,7.9,81,4.92
2023-05-29,UA-26,17.6,0.0,58,1.96
2023-05-29,UA-30,16.0,0.0,52,2.24
2023-05-29,UA-32,16.7,0.0,52,2.34
2023-05-29,UA-35,19.2,0.0,60,3.94
2023-05-29,UA-40,17.4,21.7,91,1.7
2023-05-29,UA-43,17.6,11.0,88,3.29
2023-05-29,UA-46,16.9,0.0,59,2.13
2023-05-29,UA-48,20.1,2.2,72,4.47
2023-05-29,UA-51,19.7,1.6,73,4.73
2023-05-29,UA-53,18.1,0.0,53,4.34
2023-05-29,UA-56,16.1,0.0,52,1.93
2023-05-29,UA-59,15.8,0.0,54,3.06
2023-05-29,UA-61,17.1,0.0,49,2.05
2023-05-29,UA-63,18.2,0.1,52,4.15
2023-05-29,UA-65,19.7,1.0,77,4.14
2023-05-29,UA-68,16.0,0.0,52,1.95
2023-05-29,UA-71,18.4,0.0,54,3.08
2023-05-29,UA-74,15.6,0.0,50,2.29
2023-05-29,UA-77,17.9,0.0,54,1.62
2023-05-30,UA-05,17.8,0.0,53,2.48
2023-05-30,UA-07,17.7,0.0,55,2.52
2023-05-30,UA-09,20.0,3.3,83,1.6
2023-05-30,UA-12,17.3,6.7,85,4.21
2023-05-30,UA-14,18.6,14.7,91,1.93
2023-05-30,UA-18,17.7,0.0,52,2.38
2023-05-30,UA-21,20.5,0.9,58,2.81
2023-05-30,UA-23,16.8,12.8,90,4.19
2023-05-30,UA-26,18.3,0.2,58,1.31
2023-05-30,UA-30,18.2,0.0,52,2.67
2023-05-30,UA-32,17.8,0.0,52,2.64
2023-05-30,UA-35,19.1,0.4,65,3.76
2023-05-30,UA-40,17.2,17.0,95,1.82
2023-05-30,UA-43,17.3,13.8,94,2.09
2023-05-30,UA-46,17.8,0.0,58,2.34
2023-05-30,UA-48,20.0,1.9,71,4.31
2023-05-30,UA-51,20.0,0.0,61,4.51
2023-05-30,UA-53,17.3,0.4,71,3.55
2023-05-30,UA-56,17.9,0.0,52,2.6
2023-05-30,UA-59,16.3,0.0,63,2.79
2023-05-30,UA-61,18.3,0.0,48,2.0
2023-05-30,UA-63,15.6,9.5,83,3.42
2023-05-30,UA-65,19.1,3.3,78,4.09
2023-05-30,UA-68,17.9,0.0,49,2.56
2023-05-30,UA-71,19.4,0.0,59,2.84
2023-05-30,UA-74,18.0,0.0,48,2.49
2023-05-30,UA-77,19.0,0.0,50,1.89
2023-05-31,UA-05,17.7,0.0,53,3.02
2023-05-31,UA-07,16.8,0.0,54,2.82
2023-05-31,UA-09,17.0,8.3,86,1.73
2023-05-31,UA-12,18.8,2.0,66,3.23
2023-05-31,UA-14,16.5,6.4,89,2.15
2023-05-31,UA-18,17.0,0.0,50,3.43
2023-05-31,UA-21,20.6,0.0,50,3.01
2023-05-31,UA-23,17.1,5.0,82,3.25
2023-05-31,UA-26,17.9,0.0,56,2.73
2023-05-31,UA-30,17.1,0.0,52,3.57
2023-05-31,UA-32,17.2,0.1,52,3.11
2023-05-31,UA-35,19.3,0.0,57,3.31
2023-05-31,UA-40,17.8,5.2,90,5.61
2023-05-31,UA-43,17.1,19.1,93,2.88
2023-05-31,UA-46,17.0,0.0,58,2.52
2023-05-31,UA-48,20.6,0.0,60,4.05
2023-05-31,UA-51,20.4,0.0,54,3.78
2023-05-31,UA-53,17.8,0.0,58,3.17
2023-05-31,UA-56,16.7,0.0,56,3.02
2023-05-31,UA-59,16.1,0.0,57,3.19
2023-05-31,UA-61,17.8,0.0,49,2.98
2023-05-31,UA-63,17.6,0.0,62,2.82
2023-05-31,UA-65,19.8,0.0,62,4.05
2023-05-31,UA-68,17.3,0.0,52,3.26
2023-05-31,UA-71,18.6,0.0,56,3.27
2023-05-31,UA-74,15.9,0.0,51,3.87
2023-05-31,UA-77,19.3,0.0,51,3.14
2023-06-01,UA-05,18.5,0.0,51,1.66
2023-06-01,UA-07,18.4,0.0,53,2.98
2023-06-01,UA-09,17.5,0.7,78,2.31
2023-06-01,UA-12,18.8,0.0,57,2.42
2023-06-01,UA-14,17.1,0.8,76,2.3
2023-06-01,UA-18,18.1,0.0,53,2.44
2023-06-01,UA-21,20.4,0.0,56,1.54
2023-06-01,UA-23,18.3,0.0,70,2.94
2023-06-01,UA-26,18.9,0.1,57,1.62
2023-06-01,UA-30,18.7,0.0,49,2.34
2023-06-01,UA-32,18.5,0.0,50,1.75
2023-06-01,UA-35,18.5,0.0,47,2.04
2023-06-01,UA-40,18.2,0.0,81,3.87
2023-06-01,UA-43,18.1,1.2,75,2.42
2023-06-01,UA-46,17.8,0.0,61,2.14
2023-06-01,UA-48,20.2,0.0,54,2.17
2023-06-01,UA-51,20.3,0.0,54,2.43
2023-06-01,UA-53,16.9,0.0,51,1.86
2023-06-01,UA-56,18.2,0.0,53,2.69
2023-06-01,UA-59,17.5,0.0,50,2.08
2023-06-01,UA-61,19.0,0.0,49,2.2
2023-06-01,UA-63,16.7,0.0,55,1.87
2023-06-01,UA-65,19.5,0.0,56,2.31
2023-06-01,UA-68,18.1,0.0,53,1.89
2023-06-01,UA-71,19.1,0.0,49,1.48
2023-06-01,UA-74,19.0,0.0,48,2.89
2023-06-01,UA-77,20.0,0.0,51,1.44
2023-06-02,UA-05,19.6,0.7,57,2.79
2023-06-02,UA-07,16.9,0.8,61,4.82
2023-06-02,UA-09,19.3,0.0,63,1.6
2023-06-02,UA-12,20.2,0.0,58,2.47
2023-06-02,UA-14,18.1,0.0,68,1.63
2023-06-02,UA-18,19.2,1.4,56,3.49
2023-06-02,UA-21,20.2,2.1,60,3.23
2023-06-02,UA-23,19.9,0.0,61,2.11
2023-06-02,UA-26,18.8,3.9,61,3.48
2023-06-02,UA-30,20.2,0.9,55,3.44
2023-06-02,UA-32,20.0,0.6,57,3.05
2023-06-02,UA-35,21.5,0.0,45,2.97
2023-06-02,UA-40,18.4,0.3,81,1.9
2023-06-02,UA-43,18.4,0.8,71,0.95
2023-06-02,UA-46,17.2,0.8,63,4.33
2023-06-02,UA-48,20.4,0.0,61,2.67
2023-06-02,UA-51,20.6,0.0,60,3.72
2023-06-02,UA-53,20.0,0.0,50,3.04
2023-06-02,UA-56,18.0,0.7,59,4.73
2023-06-02,UA-59,20.8,0.0,46,4.11
2023-06-02,UA-61,18.5,2.3,58,4.12
2023-06-02,UA-63,19.5,0.0,54,2.51
2023-06-02,UA-65,20.1,0.0,61,2.36
2023-06-02,UA-68,18.7,1.6,59,3.61
2023-06-02,UA-71,22.0,0.4,46,2.9
2023-06-02,UA-74,19.9,1.2,55,3.62
2023-06-02,UA-77,21.1,0.1,53,2.71
2023-06-03,UA-05,13.2,1.2,57,4.22
2023-06-03,UA-07,12.2,0.0,55,3.03
2023-06-03,UA-09,20.5,0.0,64,2.75
2023-06-03,UA-12,17.2,0.5,69,4.69
2023-06-03,UA-14,18.8,0.1,68,2.6
2023-06-03,UA-18,12.5,0.1,52,4.75
2023-06-03,UA-21,17.4,0.0,44,4.21
2023-06-03,UA-23,18.6,0.0,71,4.63
2023-06-03,UA-26,14.0,0.0,50,3.3
2023-06-03,UA-30,12.9,2.6,58,5.16
2023-06-03,UA-32,12.8,2.2,61,4.47
2023-06-03,UA-35,15.6,1.8,60,4.3
2023-06-03,UA-40,19.0,0.0,81,3.03
2023-06-03,UA-43,18.6,0.0,75,2.56
2023-06-03,UA-46,12.7,0.0,53,3.41
2023-06-03,UA-48,18.0,3.4,69,4.39
2023-06-03,UA-51,18.4,5.4,66,4.97
2023-06-03,UA-53,14.7,3.3,68,4.25
2023-06-03,UA-56,12.4,0.0,53,3.58
2023-06-03,UA-59,12.8,2.5,70,4.06
2023-06-03,UA-61,12.9,0.0,50,3.67
2023-06-03,UA-63,15.5,1.5,70,4.46
2023-06-03,UA-65,18.1,0.4,69,3.85
2023-06-03,UA-68,12.4,0.5,56,4.13
2023-06-03,UA-71,14.6,2.3,65,4.5
2023-06-03,UA-74,11.8,1.4,57,5.35
2023-06-03,UA-77,14.6,0.4,52,3.43
2023-06-04,UA-05,14.9,0.0,49,1.81
2023-06-04,UA-07,15.2,0.0,49,2.22
2023-06-04,UA-09,15.4,0.0,57,4.49
2023-06-04,UA-12,14.5,0.0,53,4.29
2023-06-04,UA-14,14.5,0.0,56,4.28
2023-06-04,UA-18,14.4,0.0,48,1.38
2023-06-04,UA-21,18.5,0.0,50,1.37
2023-06-04,UA-23,14.8,0.0,55,6.04
2023-06-04,UA-26,15.8,0.0,49,3.42
2023-06-04,UA-30,14.8,0.0,47,1.63
2023-06-04,UA-32,13.9,0.0,54,1.42
2023-06-04,UA-35,14.7,0.0,49,3.09
2023-06-04,UA-40,18.5,0.1,76,6.03
2023-06-04,UA-43,16.6,0.0,76,4.36
2023-06-04,UA-46,14.8,0.0,54,3.16
2023-06-04,UA-48,16.3,0.0,49,4.54
2023-06-04,UA-51,16.7,0.0,46,4.68
2023-06-04,UA-53,12.9,0.0,56,2.86
2023-06-04,UA-56,14.8,0.0,50,2.24
2023-06-04,UA-59,12.3,0.0,56,2.31
2023-06-04,UA-61,14.6,0.1,48,3.27
2023-06-04,UA-63,12.9,0.0,57,2.95
2023-06-04,UA-65,16.1,0.0,46,4.73
2023-06-04,UA-68,14.1,0.0,53,2.34
2023-06-04,UA-71,15.2,0.0,51,1.9
2023-06-04,UA-74,13.0,0.0,51,2.42
2023-06-04,UA-77,15.9,0.0,47,3.49
2023-06-05,UA-05,17.9,0.0,47,2.01
2023-06-05,UA-07,17.0,0.0,54,1.78
2023-06-05,UA-09,16.2,0.0,49,3.63
2023-06-05,UA-12,16.0,0.0,54,3.04
2023-06-05,UA-14,15.4,0.0,51,3.49
2023-06-05,UA-18,17.5,0.0,47,1.55
2023-06-05,UA-21,20.7,0.0,53,1.5
2023-06-05,UA-23,16.1,0.0,55,4.08
2023-06-05,UA-26,19.0,0.0,49,1.41
2023-06-05,UA-30,17.0,0.0,50,1.75
2023-06-05,UA-32,17.6,0.0,49,1.58
2023-06-05,UA-35,17.1,0.0,45,1.82
2023-06-05,UA-40,17.9,0.0,67,5.32
2023-06-05,UA-43,16.2,0.0,63,3.82
2023-06-05,UA-46,17.5,0.0,51,1.75
2023-06-05,UA-48,17.9,0.0,49,2.83
2023-06-05,UA-51,18.2,0.0,47,2.45
2023-06-05,UA-53,14.7,0.0,53,2.48
2023-06-05,UA-56,17.6,0.0,51,1.58
2023-06-05,UA-59,14.6,0.0,52,2.28
2023-06-05,UA-61,18.1,0.0,49,1.61
2023-06-05,UA-63,13.7,0.0,57,2.69
2023-06-05,UA-65,17.5,0.0,46,3.23
2023-06-05,UA-68,17.4,0.0,51,1.53
2023-06-05,UA-71,17.6,0.0,53,1.46
2023-06-05,UA-74,16.2,0.0,48,1.61
2023-06-05,UA-77,18.8,0.0,51,1.94
2023-06-06,UA-05,19.6,0.0,46,2.49
2023-06-06,UA-07,19.6,0.0,50,2.82
2023-06-06,UA-09,16.9,0.0,48,2.38
2023-06-06,UA-12,17.8,0.0,55,1.37
2023-06-06,UA-14,15.4,0.0,55,2.46
2023-06-06,UA-18,19.2,0.0,51,1.77
2023-06-06,UA-21,18.4,13.0,84,1.52
2023-06-06,UA-23,17.9,0.0,55,2.45
2023-06-06,UA-26,18.6,3.3,67,2.86
2023-06-06,UA-30,19.5,0.0,52,1.27
2023-06-06,UA-32,19.5,0.0,54,1.66
2023-06-06,UA-35,19.4,0.0,44,1.53
2023-06-06,UA-40,18.2,0.0,64,2.85
2023-06-06,UA-43,15.7,0.0,60,3.56
2023-06-06,UA-46,18.3,4.6,67,2.61
2023-06-06,UA-48,19.9,0.0,54,1.53
2023-06-06,UA-51,19.2,0.0,45,1.79
2023-06-06,UA-53,17.5,0.0,50,2.04
2023-06-06,UA-56,19.6,0.0,51,2.36
2023-06-06,UA-59,17.5,0.0,49,1.65
2023-06-06,UA-61,19.2,1.5,55,3.47
2023-06-06,UA-63,17.2,0.0,53,1.61
2023-06-06,UA-65,18.9,0.0,49,1.49
2023-06-06,UA-68,19.4,0.2,49,3.11
2023-06-06,UA-71,20.0,0.0,48,1.74
2023-06-06,UA-74,19.4,0.0,45,1.66
2023-06-06,UA-77,20.3,0.1,46,3.66
2023-06-07,UA-05,19.2,0.0,49,2.32
2023-06-07,UA-07,15.5,4.2,81,3.82
2023-06-07,UA-09,18.6,0.0,51,1.41
2023-06-07,UA-12,20.2,0.0,54,2.29
2023-06-07,UA-14,17.9,0.0,57,1.49
2023-06-07,UA-18,17.5,1.1,62,2.55
2023-06-07,UA-21,18.8,4.0,85,1.84
2023-06-07,UA-23,20.3,0.0,52,1.34
2023-06-07,UA-26,16.5,9.5,82,2.42
2023-06-07,UA-30,19.3,0.6,58,1.86
2023-06-07,UA-32,19.5,0.0,54,2.13
2023-06-07,UA-35,21.0,0.0,44,1.65
2023-06-07,UA-40,18.8,0.0,69,2.5
2023-06-07,UA-43,17.6,0.0,62,3.55
2023-06-07,UA-46,15.7,7.7,91,2.36
2023-06-07,UA-48,20.4,0.0,59,1.71
2023-06-07,UA-51,19.9,0.0,44,2.46
2023-06-07,UA-53,20.3,0.0,49,2.14
2023-06-07,UA-56,15.4,7.3,82,3.81
2023-06-07,UA-59,19.8,0.0,51,1.36
2023-06-07,UA-61,14.5,13.7,82,3.31
2023-06-07,UA-63,19.7,0.0,53,1.82
2023-06-07,UA-65,19.6,0.0,53,2.21
2023-06-07,UA-68,16.9,2.0,64,2.76
2023-06-07,UA-71,21.6,0.0,53,1.5
2023-06-07,UA-74,20.1,0.0,51,2.15
2023-06-07,UA-77,18.2,3.2,55,3.47
2023-06-08,UA-05,20.3,0.3,54,2.8
2023-06-08,UA-07,18.2,2.6,76,2.89
2023-06-08,UA-09,20.0,0.0,52,1.67
2023-06-08,UA-12,20.7,0.0,56,1.95
2023-06-08,UA-14,19.0,0.0,57,2.16
2023-06-08,UA-18,17.2,4.4,80,3.54
2023-06-08,UA-21,19.9,4.4,84,1.29
2023-06-08,UA-23,20.8,0.0,57,2.47
2023-06-08,UA-26,18.9,1.1,79,1.37
2023-06-08,UA-30,18.2,1.9,72,2.57
2023-06-08,UA-32,19.3,1.2,69,2.84
2023-06-08,UA-35,21.3,0.0,45,2.3
2023-06-08,UA-40,19.7,0.0,77,1.75
2023-06-08,UA-43,19.5,0.0,66,3.42
2023-06-08,UA-46,17.9,7.6,86,1.36
2023-06-08,UA-48,21.0,0.2,57,2.58
2023-06-08,UA-51,20.6,0.3,52,2.75
2023-06-08,UA-53,20.6,0.0,53,1.72
2023-06-08,UA-56,18.3,3.2,75,3.68
2023-06-08,UA-59,18.6,1.9,67,2.2
2023-06-08,UA-61,19.4,0.1,61,2.19
2023-06-08,UA-63,19.7,1.0,61,1.56
2023-06-08,UA-65,20.5,0.0,53,3.08
2023-06-08,UA-68,19.7,0.0,56,2.65
2023-06-08,UA-71,21.7,0.0,54,2.76
2023-06-08,UA-74,18.4,1.1,69,1.09
2023-06-08,UA-77,20.6,0.0,51,2.79
2023-06-09,UA-05,20.8,0.0,54,1.98
2023-06-09,UA-07,21.2,0.4,61,2.81
2023-06-09,UA-09,21.0,0.0,56,2.79
2023-06-09,UA-12,21.7,0.0,56,3.18
2023-06-09,UA-14,20.6,0.0,55,3.4
2023-06-09,UA-18,20.9,0.1,58,2.49
2023-06-09,UA-21,18.7,5.6,87,1.89
2023-06-09,UA-23,21.4,0.0,56,4.43
2023-06-09,UA-26,19.9,0.0,64,2.57
2023-06-09,UA-30,21.5,0.0,55,2.33
2023-06-09,UA-32,21.5,0.0,52,2.37
2023-06-09,UA-35,22.3,0.0,46,2.89
2023-06-09,UA-40,20.2,0.0,82,2.46
2023-06-09,UA-43,20.5,0.0,70,3.15
2023-06-09,UA-46,19.2,1.1,75,2.51
2023-06-09,UA-48,22.7,0.0,51,3.49
2023-06-09,UA-51,22.6,0.0,51,3.53
2023-06-09,UA-53,21.5,0.0,50,2.41
2023-06-09,UA-56,21.2,0.3,63,2.44
2023-06-09,UA-59,21.1,0.0,59,1.64
2023-06-09,UA-61,20.5,0.8,53,3.48
2023-06-09,UA-63,21.4,0.0,55,1.59
2023-06-09,UA-65,22.3,0.0,48,3.76
2023-06-09,UA-68,20.4,0.0,57,2.4
2023-06-09,UA-71,22.6,0.0,53,2.27
2023-06-09,UA-74,21.2,1.4,63,2.11
2023-06-09,UA-77,21.3,0.0,52,3.08
2023-06-10,UA-05,20.6,0.8,59,2.62
2023-06-10,UA-07,18.1,6.2,78,4.74
2023-06-10,UA-09,22.3,0.0,51,3.43
2023-06-10,UA-12,22.3,0.0,55,3.64
2023-06-10,UA-14,21.3,0.0,53,4.06
2023-06-10,UA-18,19.6,4.9,68,3.92
2023-06-10,UA-21,20.4,1.6,75,2.17
2023-06-10,UA-23,21.7,1.2,56,4.62
2023-06-10,UA-26,19.3,7.9,76,1.95
2023-06-10,UA-30,19.7,9.6,70,3.95
2023-06-10,UA-32,20.7,1.0,63,2.91
2023-06-10,UA-35,23.3,0.0,47,3.21
2023-06-10,UA-40,19.5,1.4,87,2.12
2023-06-10,UA-43,18.2,7.4,88,2.5
2023-06-10,UA-46,18.2,3.2,79,4.17
2023-06-10,UA-48,22.5,2.6,57,3.73
2023-06-10,UA-51,22.5,0.3,57,3.75
2023-06-10,UA-53,22.4,0.0,51,3.8
2023-06-10,UA-56,19.0,7.2,73,4.24
2023-06-10,UA-59,19.4,3.3,68,4.77
2023-06-10,UA-61,19.4,5.1,73,3.47
2023-06-10,UA-63,21.6,0.0,58,3.7
2023-06-10,UA-65,20.9,7.0,63,3.72
2023-06-10,UA-68,20.4,0.8,63,3.07
2023-06-10,UA-71,23.0,0.0,56,3.29
2023-06-10,UA-74,18.5,6.3,74,5.2
2023-06-10,UA-77,21.7,0.3,61,1.54
2023-06-11,UA-05,14.0,4.8,87,4.76
2023-06-11,UA-07,14.5,0.1,76,5.29
2023-06-11,UA-09,16.3,12.0,83,5.52
2023-06-11,UA-12,17.9,13.5,78,6.16
2023-06-11,UA-14,16.3,8.1,85,4.32
2023-06-11,UA-18,11.6,10.6,90,5.94
2023-06-11,UA-21,19.2,1.7,68,4.62
2023-06-11,UA-23,17.8,7.8,79,5.9
2023-06-11,UA-26,14.6,6.0,89,4.08
2023-06-11,UA-30,11.4,8.5,88,6.13
2023-06-11,UA-32,13.8,1.8,82,5.3
2023-06-11,UA-35,18.9,1.4,72,5.37
2023-06-11,UA-40,19.0,1.6,87,2.61
2023-06-11,UA-43,18.4,2.0,86,1.52
2023-06-11,UA-46,14.1,5.3,87,4.86
2023-06-11,UA-48,18.4,7.7,83,5.72
2023-06-11,UA-51,18.9,7.9,78,6.22
2023-06-11,UA-53,17.2,7.4,74,6.36
2023-06-11,UA-56,13.3,2.8,83,5.54
2023-06-11,UA-59,13.9,1.9,70,7.05
2023-06-11,UA-61,13.0,5.4,91,5.21
2023-06-11,UA-63,16.3,14.8,78,6.63
2023-06-11,UA-65,17.7,10.1,85,5.57
2023-06-11,UA-68,12.8,3.7,91,5.25
2023-06-11,UA-71,17.7,1.5,68,5.7
2023-06-11,UA-74,10.0,15.8,90,7.02
2023-06-11,UA-77,16.3,10.2,83,3.79
2023-06-12,UA-05,11.6,10.9,90,3.45
2023-06-12,UA-07,10.5,0.8,83,4.55
2023-06-12,UA-09,16.4,0.3,75,3.93
2023-06-12,UA-12,14.8,7.4,86,6.01
2023-06-12,UA-14,15.8,0.0,82,3.61
2023-06-12,UA-18,10.9,18.6,93,3.86
2023-06-12,UA-21,16.0,0.0,60,4.99
2023-06-12,UA-23,17.4,6.0,86,5.54
2023-06-12,UA-26,11.6,0.2,79,2.86
2023-06-12,UA-30,13.0,1.4,77,4.33
2023-06-12,UA-32,14.0,0.0,74,3.91
2023-06-12,UA-35,13.6,2.5,87,5.51
2023-06-12,UA-40,18.8,2.0,86,2.37
2023-06-12,UA-43,18.0,15.8,91,0.96
2023-06-12,UA-46,10.7,0.0,81,3.97
2023-06-12,UA-48,15.6,1.2,82,6.38
2023-06-12,UA-51,17.4,0.2,69,7.29
2023-06-12,UA-53,12.3,3.8,86,6.1
2023-06-12,UA-56,10.5,1.6,88,4.42
2023-06-12,UA-59,13.3,2.1,70,6.42
2023-06-12,UA-61,10.3,0.0,85,3.75
2023-06-12,UA-63,12.4,6.9,86,5.97
2023-06-12,UA-65,15.3,1.0,85,5.49
2023-06-12,UA-68,9.5,8.4,98,3.73
2023-06-12,UA-71,13.9,4.1,80,4.93
2023-06-12,UA-74,14.3,0.2,64,5.26
2023-06-12,UA-77,11.8,0.0,82,3.34
2023-06-13,UA-05,14.1,0.4,81,2.69
2023-06-13,UA-07,13.6,0.3,82,3.07
2023-06-13,UA-09,17.5,2.2,75,3.26
2023-06-13,UA-12,18.1,0.0,76,3.61
2023-06-13,UA-14,17.5,1.1,76,3.01
2023-06-13,UA-18,13.7,0.0,80,2.44
2023-06-13,UA-21,15.5,5.1,74,2.05
2023-06-13,UA-23,19.2,2.6,72,4.36
2023-06-13,UA-26,13.5,2.8,84,1.96
2023-06-13,UA-30,14.8,0.0,72,3.15
2023-06-13,UA-32,14.6,0.1,78,2.71
2023-06-13,UA-35,16.3,1.8,82,3.63
2023-06-13,UA-40,19.6,2.0,86,1.65
2023-06-13,UA-43,18.6,11.6,89,2.39
2023-06-13,UA-46,12.4,1.6,87,2.84
2023-06-13,UA-48,20.2,3.0,80,3.68
2023-06-13,UA-51,18.1,5.4,85,4.77
2023-06-13,UA-53,16.6,0.0,73,3.3
2023-06-13,UA-56,13.6,0.0,83,2.77
2023-06-13,UA-59,16.2,0.0,66,3.96
2023-06-13,UA-61,13.1,0.6,84,2.56
2023-06-13,UA-63,16.6,0.0,73,3.81
2023-06-13,UA-65,20.3,0.6,78,3.54
2023-06-13,UA-68,13.3,0.4,85,2.63
2023-06-13,UA-71,16.0,0.6,78,3.15
2023-06-13,UA-74,15.7,0.0,62,3.83
2023-06-13,UA-77,14.2,0.5,83,1.26
2023-06-14,UA-05,17.9,0.4,74,1.97
2023-06-14,UA-07,16.4,1.1,76,2.26
2023-06-14,UA-09,18.5,0.6,83,2.87
2023-06-14,UA-12,18.0,3.2,80,3.43
2023-06-14,UA-14,18.6,0.0,81,2.62
2023-06-14,UA-18,17.5,0.4,74,1.85
2023-06-14,UA-21,17.7,0.9,72,1.1
2023-06-14,UA-23,19.1,0.6,78,4.07
2023-06-14,UA-26,17.1,1.0,76,2.24
2023-06-14,UA-30,18.5,0.3,71,2.5
2023-06-14,UA-32,18.9,0.0,69,2.12
2023-06-14,UA-35,19.2,0.1,72,3.13
2023-06-14,UA-40,19.6,0.4,85,4.66
2023-06-14,UA-43,18.0,6.5,90,2.42
2023-06-14,UA-46,15.7,2.5,79,2.0
2023-06-14,UA-48,20.2,0.6,74,3.13
2023-06-14,UA-51,20.6,0.2,72,2.94
2023-06-14,UA-53,17.2,0.0,77,3.57
2023-06-14,UA-56,16.8,0.2,76,2.0
2023-06-14,UA-59,17.2,1.0,76,3.89
2023-06-14,UA-61,16.4,1.0,76,2.18
2023-06-14,UA-63,16.1,2.0,85,3.36
2023-06-14,UA-65,19.7,1.7,78,3.1
2023-06-14,UA-68,16.8,0.4,78,1.74
2023-06-14,UA-71,19.1,0.0,72,2.67
2023-06-14,UA-74,19.3,0.0,67,2.86
2023-06-14,UA-77,18.2,0.0,72,1.53
2023-06-15,UA-05,20.9,0.3,65,2.0
2023-06-15,UA-07,19.0,0.0,70,1.06
2023-06-15,UA-09,21.3,0.0,72,2.77
2023-06-15,UA-12,20.3,0.4,76,3.01
2023-06-15,UA-14,20.5,0.0,72,2.32
2023-06-15,UA-18,20.1,0.5,71,1.98
2023-06-15,UA-21,19.2,0.0,66,2.23
2023-06-15,UA-23,20.3,0.4,76,3.01
2023-06-15,UA-26,18.6,1.9,77,1.21
2023-06-15,UA-30,20.8,0.0,70,2.35
2023-06-15,UA-32,21.1,0.4,67,2.31
2023-06-15,UA-35,21.5,0.3,67,3.16
2023-06-15,UA-40,20.1,0.0,85,4.67
2023-06-15,UA-43,19.9,1.3,79,2.08
2023-06-15,UA-46,17.2,1.7,82,1.64
2023-06-15,UA-48,22.5,0.0,67,2.81
2023-06-15,UA-51,23.1,0.0,61,2.32
2023-06-15,UA-53,20.2,0.1,70,3.41
2023-06-15,UA-56,19.7,0.4,69,1.2
2023-06-15,UA-59,19.1,1.8,74,3.55
2023-06-15,UA-61,18.8,0.3,74,1.19
2023-06-15,UA-63,19.7,0.5,73,3.81
2023-06-15,UA-65,21.9,0.3,69,2.6
2023-06-15,UA-68,20.0,0.1,67,1.44
2023-06-15,UA-71,21.4,0.2,68,2.72
2023-06-15,UA-74,20.9,0.4,64,2.69
2023-06-15,UA-77,20.1,2.2,72,1.35
2023-06-16,UA-05,22.0,0.1,66,1.84
2023-06-16,UA-07,18.1,15.5,91,2.4
2023-06-16,UA-09,20.3,0.2,74,2.74
2023-06-16,UA-12,21.5,0.0,65,3.27
2023-06-16,UA-14,19.9,0.0,71,2.69
2023-06-16,UA-18,21.9,0.1,69,2.08
2023-06-16,UA-21,18.0,5.5,80,3.11
2023-06-16,UA-23,21.6,0.0,67,3.8
2023-06-16,UA-26,16.9,23.2,94,1.29
2023-06-16,UA-30,22.4,0.0,58,1.91
2023-06-16,UA-32,22.8,0.0,58,1.9
2023-06-16,UA-35,23.0,0.0,57,2.49
2023-06-16,UA-40,21.2,0.2,82,2.96
2023-06-16,UA-43,21.2,1.4,76,1.89
2023-06-16,UA-46,15.8,14.7,97,2.09
2023-06-16,UA-48,23.9,0.0,62,2.37
2023-06-16,UA-51,23.2,0.1,67,2.41
2023-06-16,UA-53,21.2,0.0,57,3.32
2023-06-16,UA-56,19.7,8.8,84,1.82
2023-06-16,UA-59,20.9,0.0,56,3.02
2023-06-16,UA-61,17.4,25.8,92,1.35
2023-06-16,UA-63,20.7,0.0,59,3.72
2023-06-16,UA-65,23.5,0.0,61,2.53
2023-06-16,UA-68,20.6,2.4,75,1.58
2023-06-16,UA-71,23.0,0.0,56,2.1
2023-06-16,UA-74,21.7,0.0,57,2.15
2023-06-16,UA-77,19.5,6.7,87,1.5
2023-06-17,UA-05,22.6,0.0,54,2.22
2023-06-17,UA-07,18.6,6.3,91,2.0
2023-06-17,UA-09,21.1,1.4,68,3.63
2023-06-17,UA-12,21.8,0.0,61,3.63
2023-06-17,UA-14,20.4,0.4,69,3.25
2023-06-17,UA-18,22.0,0.0,58,2.57
2023-06-17,UA-21,17.1,8.7,87,2.69
2023-06-17,UA-23,22.2,0.4,66,3.89
2023-06-17,UA-26,17.1,5.9,91,2.18
2023-06-17,UA-30,22.6,0.0,52,2.47
2023-06-17,UA-32,23.2,0.0,49,2.41
2023-06-17,UA-35,23.4,0.0,50,3.13
2023-06-17,UA-40,21.8,0.0,80,1.64
2023-06-17,UA-43,21.0,0.0,68,2.51
2023-06-17,UA-46,16.3,5.7,95,2.06
2023-06-17,UA-48,24.5,0.0,55,3.02
2023-06-17,UA-51,23.9,0.0,59,1.92
2023-06-17,UA-53,21.7,0.0,53,3.64
2023-06-17,UA-56,19.7,11.1,90,1.74
2023-06-17,UA-59,21.8,0.0,54,3.09
2023-06-17,UA-61,18.1,10.9,92,1.09
2023-06-17,UA-63,21.7,0.0,55,3.6
2023-06-17,UA-65,23.8,0.0,56,3.09
2023-06-17,UA-68,20.5,2.8,79,1.51
2023-06-17,UA-71,23.5,0.0,52,2.76
2023-06-17,UA-74,22.2,0.0,54,2.33
2023-06-17,UA-77,19.3,9.8,88,1.74
2023-06-18,UA-05,22.4,0.0,58,1.54
2023-06-18,UA-07,17.2,16.8,92,2.1
2023-06-18,UA-09,21.7,0.0,56,3.89
2023-06-18,UA-12,22.8,0.0,54,3.91
2023-06-18,UA-14,21.5,0.0,57,3.74
2023-06-18,UA-18,22.6,0.0,58,1.68
2023-06-18,UA-21,19.2,5.4,80,1.12
2023-06-18,UA-23,23.1,0.0,58,4.67
2023-06-18,UA-26,16.9,6.9,89,2.11
2023-06-18,UA-30,23.1,0.0,54,1.86
2023-06-18,UA-32,23.7,0.0,50,1.94
2023-06-18,UA-35,24.4,0.0,47,3.12
2023-06-18,UA-40,21.6,6.8,85,2.43
2023-06-18,UA-43,21.6,5.9,76,3.17
2023-06-18,UA-46,16.8,5.0,89,1.39
2023-06-18,UA-48,25.3,0.0,51,3.5
2023-06-18,UA-51,25.1,0.0,51,3.07
2023-06-18,UA-53,22.4,0.0,50,3.56
2023-06-18,UA-56,19.1,4.2,88,2.53
2023-06-18,UA-59,21.7,0.0,57,2.64
2023-06-18,UA-61,16.9,8.3,92,2.27
2023-06-18,UA-63,21.5,0.0,53,3.65
2023-06-18,UA-65,24.6,0.0,54,3.53
2023-06-18,UA-68,20.0,0.8,81,2.05
2023-06-18,UA-71,24.7,0.0,50,2.5
2023-06-18,UA-74,23.8,0.0,51,1.99
2023-06-18,UA-77,18.1,4.1,87,3.48
2023-06-19,UA-05,19.5,4.9,82,2.33
2023-06-19,UA-07,17.8,2.6,81,1.52
2023-06-19,UA-09,19.5,0.0,50,3.31
2023-06-19,UA-12,21.1,0.0,55,3.24
2023-06-19,UA-14,20.0,0.0,52,3.17
2023-06-19,UA-18,20.0,9.6,83,1.78
2023-06-19,UA-21,19.6,0.0,74,1.56
2023-06-19,UA-23,22.4,0.0,54,3.95
2023-06-19,UA-26,18.0,0.7,82,1.27
2023-06-19,UA-30,22.8,0.0,57,2.22
2023-06-19,UA-32,22.3,0.0,60,1.93
2023-06-19,UA-35,23.2,0.0,45,2.79
2023-06-19,UA-40,21.1,13.3,85,2.92
2023-06-19,UA-43,21.1,2.0,75,3.44
2023-06-19,UA-46,18.0,2.2,82,1.44
2023-06-19,UA-48,23.6,0.0,55,2.37
2023-06-19,UA-51,23.3,0.3,63,2.83
2023-06-19,UA-53,20.7,0.0,52,2.99
2023-06-19,UA-56,18.0,7.1,82,2.15
2023-06-19,UA-59,20.5,0.0,59,2.22
2023-06-19,UA-61,17.1,0.9,84,1.59
2023-06-19,UA-63,19.6,0.0,55,2.74
2023-06-19,UA-65,23.1,0.0,56,2.61
2023-06-19,UA-68,18.1,5.1,82,2.76
2023-06-19,UA-71,23.5,0.0,52,2.68
2023-06-19,UA-74,22.1,3.3,63,2.09
2023-06-19,UA-77,17.7,4.7,86,1.94
2023-06-20,UA-05,20.0,7.8,78,2.09
2023-06-20,UA-07,19.0,3.4,81,1.63
2023-06-20,UA-09,21.3,0.0,49,1.4
2023-06-20,UA-12,21.7,0.0,58,1.68
2023-06-20,UA-14,20.4,0.0,56,1.52
2023-06-20,UA-18,19.2,5.9,84,2.28
2023-06-20,UA-21,21.9,0.0,68,1.22
2023-06-20,UA-23,22.6,0.0,55,2.31
2023-06-20,UA-26,19.2,0.0,76,1.48
2023-06-20,UA-30,20.8,2.3,72,2.43
2023-06-20,UA-32,21.4,0.7,69,2.52
2023-06-20,UA-35,23.2,0.1,51,1.79
2023-06-20,UA-40,22.4,0.0,72,3.11
2023-06-20,UA-43,21.0,0.0,66,2.88
2023-06-20,UA-46,19.5,0.6,78,1.3
2023-06-20,UA-48,24.1,0.0,52,2.41
2023-06-20,UA-51,23.6,0.0,58,3.26
2023-06-20,UA-53,20.9,0.9,62,1.68
2023-06-20,UA-56,19.0,3.8,79,1.74
2023-06-20,UA-59,20.8,2.5,67,1.8
2023-06-20,UA-61,18.5,0.4,79,1.7
2023-06-20,UA-63,20.7,0.2,63,2.02
2023-06-20,UA-65,23.2,0.0,56,2.0
2023-06-20,UA-68,19.3,4.4,81,1.75
2023-06-20,UA-71,22.0,2.9,67,1.63
2023-06-20,UA-74,19.5,9.7,81,2.07
2023-06-20,UA-77,20.4,0.1,70,2.24
2023-06-21,UA-05,20.0,1.6,80,2.3
2023-06-21,UA-07,20.8,0.0,76,1.11
2023-06-21,UA-09,20.8,0.2,56,3.08
2023-06-21,UA-12,21.4,1.7,76,1.76
2023-06-21,UA-14,20.2,0.1,63,2.24
2023-06-21,UA-18,20.4,1.4,77,2.14
2023-06-21,UA-21,23.6,0.7,70,1.52
2023-06-21,UA-23,22.0,2.4,74,2.27
2023-06-21,UA-26,20.7,0.0,72,1.36
2023-06-21,UA-30,22.1,0.4,68,2.18
2023-06-21,UA-32,21.6,1.3,73,1.97
2023-06-21,UA-35,22.2,1.9,67,1.76
2023-06-21,UA-40,22.4,0.0,72,2.18
2023-06-21,UA-43,21.6,1.6,65,1.38
2023-06-21,UA-46,21.3,0.0,71,1.48
2023-06-21,UA-48,22.5,3.8,69,1.15
2023-06-21,UA-51,22.9,2.7,61,2.38
2023-06-21,UA-53,21.3,0.0,64,1.79
2023-06-21,UA-56,21.1,0.0,72,1.3
2023-06-21,UA-59,20.7,0.2,62,2.51
2023-06-21,UA-61,20.2,0.4,74,1.51
2023-06-21,UA-63,20.5,0.1,63,2.61
2023-06-21,UA-65,22.0,3.1,70,1.16
2023-06-21,UA-68,20.0,0.1,75,1.97
2023-06-21,UA-71,22.3,1.1,72,1.76
2023-06-21,UA-74,22.2,0.0,64,2.31
2023-06-21,UA-77,21.6,0.1,69,2.32
2023-06-22,UA-05,22.7,0.0,69,1.33
2023-06-22,UA-07,22.9,0.0,71,2.29
2023-06-22,UA-09,18.6,0.0,50,2.36
2023-06-22,UA-12,21.6,0.0,56,2.68
2023-06-22,UA-14,18.8,0.0,55,2.32
2023-06-22,UA-18,22.5,0.0,71,1.64
2023-06-22,UA-21,24.7,0.4,75,1.43
2023-06-22,UA-23,22.0,0.0,57,3.26
2023-06-22,UA-26,22.9,0.0,69,1.8
2023-06-22,UA-30,23.7,0.0,58,1.53
2023-06-22,UA-32,23.2,0.0,62,1.31
2023-06-22,UA-35,23.6,0.0,56,1.86
2023-06-22,UA-40,22.2,0.6,78,2.18
2023-06-22,UA-43,21.3,1.9,73,1.39
2023-06-22,UA-46,22.3,6.0,74,2.03
2023-06-22,UA-48,23.6,1.7,71,1.72
2023-06-22,UA-51,23.8,0.0,64,2.38
2023-06-22,UA-53,21.7,0.0,52,2.28
2023-06-22,UA-56,23.0,0.0,66,2.29
2023-06-22,UA-59,21.4,0.2,60,3.1
2023-06-22,UA-61,22.2,0.8,69,2.21
2023-06-22,UA-63,20.5,0.0,56,2.14
2023-06-22,UA-65,23.4,1.1,68,1.46
2023-06-22,UA-68,22.6,0.4,65,2.11
2023-06-22,UA-71,23.7,0.0,61,1.71
2023-06-22,UA-74,23.9,0.0,56,2.14
2023-06-22,UA-77,23.2,0.0,66,2.04
2023-06-23,UA-05,24.2,0.2,66,2.35
2023-06-23,UA-07,22.3,3.3,81,1.8
2023-06-23,UA-09,22.1,0.3,50,4.04
2023-06-23,UA-12,23.6,1.6,63,4.35
2023-06-23,UA-14,21.1,0.0,57,3.02
2023-06-23,UA-18,23.7,2.3,70,2.62
2023-06-23,UA-21,24.8,2.7,74,2.38
2023-06-23,UA-23,22.8,0.0,68,4.54
2023-06-23,UA-26,23.1,1.1,77,1.81
2023-06-23,UA-30,24.8,0.0,60,2.66
2023-06-23,UA-32,24.9,0.3,61,2.58
2023-06-23,UA-35,25.8,0.1,54,3.87
2023-06-23,UA-40,22.4,0.2,77,1.78
2023-06-23,UA-43,21.6,0.0,69,1.81
2023-06-23,UA-46,22.1,1.8,82,2.06
2023-06-23,UA-48,24.5,0.0,67,3.97
2023-06-23,UA-51,24.1,0.0,65,4.22
2023-06-23,UA-53,23.9,0.7,55,3.7
2023-06-23,UA-56,22.9,4.5,77,2.19
2023-06-23,UA-59,22.8,1.4,68,3.41
2023-06-23,UA-61,22.7,0.7,79,2.13
2023-06-23,UA-63,21.9,6.1,68,3.83
2023-06-23,UA-65,23.9,0.0,68,3.38
2023-06-23,UA-68,23.5,1.6,69,2.47
2023-06-23,UA-71,25.6,0.0,58,3.14
2023-06-23,UA-74,24.1,0.4,63,3.04
2023-06-23,UA-77,25.2,0.8,67,1.63
2023-06-24,UA-05,22.8,4.1,77,2.9
2023-06-24,UA-07,21.0,1.0,78,2.72
2023-06-24,UA-09,24.0,5.7,69,4.03
2023-06-24,UA-12,25.0,4.3,68,3.04
2023-06-24,UA-14,23.0,7.5,70,3.39
2023-06-24,UA-18,22.1,6.8,80,3.02
2023-06-24,UA-21,21.8,5.2,80,2.88
2023-06-24,UA-23,23.8,3.1,70,4.54
2023-06-24,UA-26,20.3,15.7,87,2.63
2023-06-24,UA-30,23.0,2.5,72,2.38
2023-06-24,UA-32,23.3,11.0,78,2.76
2023-06-24,UA-35,26.5,2.8,60,2.94
2023-06-24,UA-40,22.6,0.0,76,1.57
2023-06-24,UA-43,22.0,0.0,72,1.88
2023-06-24,UA-46,19.7,18.5,87,2.6
2023-06-24,UA-48,25.6,0.2,67,4.59
2023-06-24,UA-51,25.6,0.0,64,4.69
2023-06-24,UA-53,23.5,5.7,73,1.72
2023-06-24,UA-56,21.9,0.2,75,3.15
2023-06-24,UA-59,22.0,0.8,66,2.14
2023-06-24,UA-61,20.3,10.6,87,2.57
2023-06-24,UA-63,23.5,0.4,64,2.32
2023-06-24,UA-65,24.7,0.0,66,4.47
2023-06-24,UA-68,21.6,5.0,81,3.09
2023-06-24,UA-71,24.3,4.8,75,2.38
2023-06-24,UA-74,22.6,1.4,61,1.81
2023-06-24,UA-77,22.8,3.0,77,2.49
2023-06-25,UA-05,19.0,5.2,87,2.91
2023-06-25,UA-07,19.5,0.9,75,2.75
2023-06-25,UA-09,23.2,0.0,63,2.38
2023-06-25,UA-12,21.8,12.6,89,1.28
2023-06-25,UA-14,20.8,13.9,89,1.1
2023-06-25,UA-18,18.5,10.2,85,2.63
2023-06-25,UA-21,21.7,4.3,67,3.39
2023-06-25,UA-23,22.9,3.7,82,1.66
2023-06-25,UA-26,18.7,12.0,80,2.73
2023-06-25,UA-30,19.9,9.5,82,2.29
2023-06-25,UA-32,20.4,9.3,82,2.51
2023-06-25,UA-35,22.7,9.8,82,2.33
2023-06-25,UA-40,22.8,0.0,68,1.4
2023-06-25,UA-43,22.5,0.0,65,1.57
2023-06-25,UA-46,19.1,3.2,76,2.61
2023-06-25,UA-48,26.1,0.2,68,2.7
2023-06-25,UA-51,25.9,0.1,62,2.99
2023-06-25,UA-53,21.2,1.7,75,1.7
2023-06-25,UA-56,19.5,1.1,76,2.98
2023-06-25,UA-59,19.7,2.9,75,3.0
2023-06-25,UA-61,18.4,5.5,78,2.8
2023-06-25,UA-63,21.0,1.4,70,3.04
2023-06-25,UA-65,25.9,0.4,70,2.99
2023-06-25,UA-68,18.1,6.8,86,2.67
2023-06-25,UA-71,22.1,7.3,77,2.32
2023-06-25,UA-74,19.2,17.7,84,2.54
2023-06-25,UA-77,18.9,2.1,83,3.43
2023-06-26,UA-05,19.6,0.1,67,3.73
2023-06-26,UA-07,19.8,0.0,65,2.69
2023-06-26,UA-09,19.6,29.1,84,2.51
2023-06-26,UA-12,19.8,7.0,88,2.48
2023-06-26,UA-14,19.2,16.5,93,1.96
2023-06-26,UA-18,18.4,1.0,74,3.62
2023-06-26,UA-21,22.3,0.2,66,2.03
2023-06-26,UA-23,21.2,5.7,85,2.65
2023-06-26,UA-26,20.0,0.0,69,3.08
2023-06-26,UA-30,17.4,1.4,79,4.25
2023-06-26,UA-32,18.8,0.0,72,4.05
2023-06-26,UA-35,20.2,16.2,73,4.29
2023-06-26,UA-40,22.6,0.6,76,4.07
2023-06-26,UA-43,21.8,1.2,73,1.93
2023-06-26,UA-46,20.0,0.1,69,2.75
2023-06-26,UA-48,22.1,3.1,73,3.4
2023-06-26,UA-51,22.5,3.0,66,4.05
2023-06-26,UA-53,17.7,9.9,88,2.18
2023-06-26,UA-56,20.0,0.0,65,3.06
2023-06-26,UA-59,14.3,18.2,92,4.16
2023-06-26,UA-61,19.7,0.0,67,2.92
2023-06-26,UA-63,15.7,11.5,93,3.16
2023-06-26,UA-65,22.4,2.5,71,2.98
2023-06-26,UA-68,19.6,0.0,65,3.45
2023-06-26,UA-71,18.9,2.3,79,4.67
2023-06-26,UA-74,15.3,4.6,89,4.29
2023-06-26,UA-77,20.6,0.1,64,3.69
2023-06-27,UA-05,19.2,2.9,74,3.58
2023-06-27,UA-07,17.3,8.7,81,3.86
2023-06-27,UA-09,19.5,1.2,76,4.11
2023-06-27,UA-12,18.1,0.2,74,4.44
2023-06-27,UA-14,17.7,0.4,77,3.75
2023-06-27,UA-18,17.5,8.8,84,2.25
2023-06-27,UA-21,19.1,3.6,78,2.0
2023-06-27,UA-23,19.3,0.0,72,4.62
2023-06-27,UA-26,17.7,9.4,80,3.98
2023-06-27,UA-30,17.7,1.4,71,2.88
2023-06-27,UA-32,18.7,2.5,77,2.67
2023-06-27,UA-35,20.0,0.5,68,3.74
2023-06-27,UA-40,22.4,0.0,67,4.55
2023-06-27,UA-43,20.9,0.0,69,2.74
2023-06-27,UA-46,16.8,7.1,80,4.49
2023-06-27,UA-48,23.2,0.0,59,3.65
2023-06-27,UA-51,24.3,0.0,49,4.28
2023-06-27,UA-53,16.5,0.5,75,4.39
2023-06-27,UA-56,17.8,8.0,81,3.96
2023-06-27,UA-59,15.0,2.5,92,3.13
2023-06-27,UA-61,17.3,3.8,81,4.5
2023-06-27,UA-63,16.3,3.0,88,3.69
2023-06-27,UA-65,23.0,0.0,59,3.99
2023-06-27,UA-68,18.0,6.9,80,4.0
2023-06-27,UA-71,18.8,0.2,70,3.8
2023-06-27,UA-74,16.7,0.3,76,3.13
2023-06-27,UA-77,19.4,4.8,68,3.71
2023-06-28,UA-05,17.4,0.2,67,4.55
2023-06-28,UA-07,15.8,3.3,75,5.65
2023-06-28,UA-09,21.0,4.7,73,2.75
2023-06-28,UA-12,18.6,1.4,78,2.94
2023-06-28,UA-14,19.7,3.3,80,2.45
2023-06-28,UA-18,16.8,2.0,71,5.75
2023-06-28,UA-21,17.5,0.4,66,2.22
2023-06-28,UA-23,19.9,10.9,79,3.61
2023-06-28,UA-26,15.7,1.9,72,4.54
2023-06-28,UA-30,18.0,0.9,67,5.68
2023-06-28,UA-32,18.3,0.5,65,4.63
2023-06-28,UA-35,18.2,3.4,75,3.3
2023-06-28,UA-40,22.2,0.0,71,2.98
2023-06-28,UA-43,20.9,0.0,68,3.1
2023-06-28,UA-46,15.2,1.4,77,5.26
2023-06-28,UA-48,19.1,2.1,76,3.37
2023-06-28,UA-51,18.7,0.9,71,4.32
2023-06-28,UA-53,17.1,3.1,78,3.43
2023-06-28,UA-56,16.1,3.7,74,5.72
2023-06-28,UA-59,16.2,2.0,83,3.06
2023-06-28,UA-61,15.5,3.0,75,5.14
2023-06-28,UA-63,16.9,3.9,83,2.64
2023-06-28,UA-65,20.3,1.0,70,3.48
2023-06-28,UA-68,16.3,0.8,70,5.16
2023-06-28,UA-71,18.8,1.2,70,3.77
2023-06-28,UA-74,16.2,6.0,80,5.25
2023-06-28,UA-77,16.7,0.8,67,3.97
2023-06-29,UA-05,15.5,10.4,85,4.96
2023-06-29,UA-07,17.4,4.9,81,5.29
2023-06-29,UA-09,17.9,3.8,90,2.67
2023-06-29,UA-12,18.0,0.8,77,4.1
2023-06-29,UA-14,15.5,3.6,92,2.61
2023-06-29,UA-18,15.8,6.6,87,5.58
2023-06-29,UA-21,19.9,1.2,62,1.88
2023-06-29,UA-23,18.4,2.3,76,4.33
2023-06-29,UA-26,17.4,0.5,74,5.63
2023-06-29,UA-30,16.3,8.9,84,4.79
2023-06-29,UA-32,16.1,7.9,84,4.77
2023-06-29,UA-35,17.2,1.9,75,4.71
2023-06-29,UA-40,19.0,11.5,77,4.29
2023-06-29,UA-43,16.0,11.5,83,2.3
2023-06-29,UA-46,17.5,1.7,79,5.46
2023-06-29,UA-48,18.9,0.9,71,4.62
2023-06-29,UA-51,19.7,0.1,61,5.29
2023-06-29,UA-53,17.4,0.3,73,4.57
2023-06-29,UA-56,16.9,6.9,83,5.71
2023-06-29,UA-59,16.3,4.2,80,4.47
2023-06-29,UA-61,16.4,6.1,81,5.75
2023-06-29,UA-63,17.9,1.0,76,4.19
2023-06-29,UA-65,19.1,0.5,68,4.18
2023-06-29,UA-68,15.7,8.7,84,5.6
2023-06-29,UA-71,17.0,4.1,77,4.66
2023-06-29,UA-74,16.3,4.9,85,4.75
2023-06-29,UA-77,18.3,0.1,65,5.34
2023-06-30,UA-05,19.4,0.3,71,4.35
2023-06-30,UA-07,20.3,0.5,72,3.5
2023-06-30,UA-09,19.1,1.3,76,5.1
2023-06-30,UA-12,19.7,2.2,73,5.1
2023-06-30,UA-14,18.0,2.3,79,4.41
2023-06-30,UA-18,18.9,2.8,75,4.67
2023-06-30,UA-21,21.8,0.2,61,2.06
2023-06-30,UA-23,19.7,1.9,76,5.56
2023-06-30,UA-26,20.7,0.4,68,3.62
2023-06-30,UA-30,19.3,1.5,72,5.22
2023-06-30,UA-32,19.2,3.0,73,4.75
2023-06-30,UA-35,19.7,3.1,72,4.77
2023-06-30,UA-40,20.6,3.4,76,5.51
2023-06-30,UA-43,19.3,1.4,74,4.34
2023-06-30,UA-46,20.4,0.2,71,3.61
2023-06-30,UA-48,21.7,0.0,63,4.24
2023-06-30,UA-51,22.6,0.2,54,4.94
2023-06-30,UA-53,17.9,8.6,78,4.83
2023-06-30,UA-56,20.2,0.1,72,3.96
2023-06-30,UA-59,16.5,3.2,83,4.52
2023-06-30,UA-61,19.9,0.5,72,4.0
2023-06-30,UA-63,17.4,3.1,79,4.35
2023-06-30,UA-65,21.7,0.0,61,4.21
2023-06-30,UA-68,19.6,0.2,71,4.26
2023-06-30,UA-71,19.4,4.7,74,4.98
2023-06-30,UA-74,18.1,5.9,78,5.11
2023-06-30,UA-77,21.6,0.0,61,3.98
2023-07-01,UA-05,21.5,0.3,68,2.4
2023-07-01,UA-07,19.8,3.7,81,2.19
2023-07-01,UA-09,20.4,0.9,68,4.34
2023-07-01,UA-12,21.9,0.1,67,3.53
2023-07-01,UA-14,19.9,0.7,73,3.43
2023-07-01,UA-18,20.4,0.7,73,2.45
2023-07-01,UA-21,24.0,0.1,59,2.51
2023-07-01,UA-23,22.2,0.0,69,3.85
2023-07-01,UA-26,21.9,0.7,69,1.82
2023-07-01,UA-30,21.3,0.5,66,2.93
2023-07-01,UA-32,21.6,0.3,67,2.41
2023-07-01,UA-35,22.6,0.0,62,2.71
2023-07-01,UA-40,22.3,0.0,83,2.78
2023-07-01,UA-43,21.6,0.0,72,2.72
2023-07-01,UA-46,20.9,8.6,78,1.74
2023-07-01,UA-48,23.8,0.0,60,3.45
2023-07-01,UA-51,24.1,0.0,54,4.0
2023-07-01,UA-53,21.1,0.5,66,3.37
2023-07-01,UA-56,20.5,4.8,80,2.13
2023-07-01,UA-59,20.6,0.2,69,3.75
2023-07-01,UA-61,21.1,5.9,75,2.22
2023-07-01,UA-63,20.6,0.0,67,3.94
2023-07-01,UA-65,23.6,0.0,59,3.21
2023-07-01,UA-68,20.7,1.5,74,2.17
2023-07-01,UA-71,22.7,0.5,65,2.76
2023-07-01,UA-74,20.9,0.1,71,3.31
2023-07-01,UA-77,23.2,0.0,59,1.67
2023-07-02,UA-05,23.4,0.2,66,2.02
2023-07-02,UA-07,21.5,1.3,75,3.18
2023-07-02,UA-09,23.7,1.2,64,3.2
2023-07-02,UA-12,24.5,0.1,58,3.48
2023-07-02,UA-14,22.8,0.0,64,2.55
2023-07-02,UA-18,22.4,2.7,74,2.45
2023-07-02,UA-21,23.0,7.4,72,1.81
2023-07-02,UA-23,24.1,0.0,64,3.75
2023-07-02,UA-26,21.2,4.8,78,2.17
2023-07-02,UA-30,23.0,3.8,71,2.37
2023-07-02,UA-32,23.6,0.9,69,1.98
2023-07-02,UA-35,25.0,0.0,52,3.71
2023-07-02,UA-40,22.2,0.0,78,3.15
2023-07-02,UA-43,21.8,0.0,69,1.28
2023-07-02,UA-46,20.6,7.3,80,2.84
2023-07-02,UA-48,24.2,0.0,64,4.39
2023-07-02,UA-51,23.6,0.0,68,5.36
2023-07-02,UA-53,23.5,3.3,63,3.03
2023-07-02,UA-56,21.6,6.4,78,3.07
2023-07-02,UA-59,22.4,1.0,71,2.7
2023-07-02,UA-61,20.9,3.7,78,2.78
2023-07-02,UA-63,23.2,1.8,67,3.36
2023-07-02,UA-65,24.2,0.0,63,3.58
2023-07-02,UA-68,22.1,0.2,71,2.53
2023-07-02,UA-71,25.0,0.9,60,2.32
2023-07-02,UA-74,21.8,5.3,78,3.02
2023-07-02,UA-77,22.8,2.3,70,1.74
2023-07-03,UA-05,21.4,0.0,71,2.11
2023-07-03,UA-07,20.5,0.0,63,2.62
2023-07-03,UA-09,24.8,0.0,59,2.44
2023-07-03,UA-12,23.9,0.1,59,2.61
2023-07-03,UA-14,23.1,0.0,65,2.02
2023-07-03,UA-18,20.9,0.0,67,2.54
2023-07-03,UA-21,23.8,0.0,55,1.63
2023-07-03,UA-23,24.5,0.0,58,2.29
2023-07-03,UA-26,21.1,0.0,71,1.88
2023-07-03,UA-30,22.0,0.2,66,2.31
2023-07-03,UA-32,22.0,0.5,68,2.1
2023-07-03,UA-35,22.3,5.1,77,1.94
2023-07-03,UA-40,22.3,0.0,81,2.27
2023-07-03,UA-43,21.7,0.0,74,1.31
2023-07-03,UA-46,20.5,0.1,68,1.79
2023-07-03,UA-48,23.4,0.0,72,3.06
2023-07-03,UA-51,22.9,0.0,75,3.17
2023-07-03,UA-53,21.7,7.7,74,2.26
2023-07-03,UA-56,20.8,0.0,65,2.55
2023-07-03,UA-59,21.2,5.8,81,1.55
2023-07-03,UA-61,20.7,0.0,68,1.78
2023-07-03,UA-63,22.7,3.4,70,2.61
2023-07-03,UA-65,23.2,0.0,70,2.64
2023-07-03,UA-68,20.8,0.0,66,2.09
2023-07-03,UA-71,22.5,8.4,78,1.37
2023-07-03,UA-74,21.5,0.0,65,2.48
2023-07-03,UA-77,21.9,1.4,70,1.99
2023-07-04,UA-05,23.1,0.0,57,1.72
2023-07-04,UA-07,21.5,0.4,69,2.12
2023-07-04,UA-09,25.6,0.0,58,1.53
2023-07-04,UA-12,25.1,0.0,66,1.6
2023-07-04,UA-14,24.1,0.0,62,1.32
2023-07-04,UA-18,21.9,0.0,60,2.36
2023-07-04,UA-21,21.4,2.0,71,1.32
2023-07-04,UA-23,25.3,0.0,65,1.55
2023-07-04,UA-26,21.7,0.0,71,2.02
2023-07-04,UA-30,22.6,0.0,55,1.24
2023-07-04,UA-32,22.8,0.0,54,1.5
2023-07-04,UA-35,23.5,0.0,70,1.94
2023-07-04,UA-40,23.6,0.0,82,2.2
2023-07-04,UA-43,23.7,0.0,63,1.75
2023-07-04,UA-46,20.4,1.7,76,2.15
2023-07-04,UA-48,25.8,0.0,60,1.41
2023-07-04,UA-51,24.5,0.0,58,2.11
2023-07-04,UA-53,23.3,0.2,73,1.5
2023-07-04,UA-56,21.6,5.2,72,2.66
2023-07-04,UA-59,21.7,0.5,78,1.51
2023-07-04,UA-61,21.4,3.0,71,2.35
2023-07-04,UA-63,23.6,3.0,77,1.21
2023-07-04,UA-65,25.7,0.0,55,1.51
2023-07-04,UA-68,21.7,1.4,68,2.41
2023-07-04,UA-71,23.6,0.0,64,1.86
2023-07-04,UA-74,22.0,0.0,57,1.56
2023-07-04,UA-77,23.3,7.3,71,1.99
2023-07-05,UA-05,21.8,7.8,79,1.37
2023-07-05,UA-07,22.4,0.0,71,1.8
2023-07-05,UA-09,27.3,0.0,54,2.54
2023-07-05,UA-12,26.7,0.0,62,2.19
2023-07-05,UA-14,26.3,0.0,56,2.69
2023-07-05,UA-18,21.6,4.5,76,1.96
2023-07-05,UA-21,23.4,0.1,68,1.3
2023-07-05,UA-23,26.7,0.0,63,2.75
2023-07-05,UA-26,22.1,0.1,74,1.37
2023-07-05,UA-30,22.9,0.6,63,1.64
2023-07-05,UA-32,22.3,4.6,71,1.72
2023-07-05,UA-35,24.9,0.6,66,2.3
2023-07-05,UA-40,24.7,0.0,79,2.07
2023-07-05,UA-43,25.4,0.0,59,1.74
2023-07-05,UA-46,21.5,0.0,74,1.39
2023-07-05,UA-48,28.3,0.0,50,2.26
2023-07-05,UA-51,26.9,0.0,53,2.45
2023-07-05,UA-53,25.0,0.0,66,1.81
2023-07-05,UA-56,22.4,1.0,74,2.09
2023-07-05,UA-59,23.5,0.0,76,2.19
2023-07-05,UA-61,22.0,0.4,71,1.45
2023-07-05,UA-63,25.7,0.0,67,2.06
2023-07-05,UA-65,28.2,0.0,49,2.24
2023-07-05,UA-68,21.5,13.0,82,1.52
2023-07-05,UA-71,24.2,0.0,68,1.84
2023-07-05,UA-74,22.3,1.4,65,2.04
2023-07-05,UA-77,21.6,6.9,85,1.41
2023-07-06,UA-05,23.1,5.5,76,1.69
2023-07-06,UA-07,22.4,6.0,77,2.6
2023-07-06,UA-09,27.8,0.0,52,3.5
2023-07-06,UA-12,28.1,0.1,58,3.19
2023-07-06,UA-14,27.5,0.0,52,3.62
2023-07-06,UA-18,22.6,12.4,79,2.12
2023-07-06,UA-21,23.0,0.2,68,2.6
2023-07-06,UA-23,27.5,0.0,58,3.95
2023-07-06,UA-26,22.0,0.4,78,2.36
2023-07-06,UA-30,24.7,3.3,70,1.86
2023-07-06,UA-32,23.9,5.3,75,1.75
2023-07-06,UA-35,27.0,0.3,60,2.48
2023-07-06,UA-40,25.6,0.0,79,2.3
2023-07-06,UA-43,26.9,0.0,59,3.1
2023-07-06,UA-46,21.3,2.9,79,2.71
2023-07-06,UA-48,29.0,0.0,50,2.75
2023-07-06,UA-51,28.4,0.0,52,2.87
2023-07-06,UA-53,26.6,0.0,64,3.42
2023-07-06,UA-56,22.1,8.4,82,2.1
2023-07-06,UA-59,25.1,0.1,74,3.44
2023-07-06,UA-61,21.6,3.7,82,2.12
2023-07-06,UA-63,26.2,1.1,67,3.48
2023-07-06,UA-65,29.0,0.0,49,3.18
2023-07-06,UA-68,21.5,13.0,84,1.63
2023-07-06,UA-71,26.0,0.6,74,2.52
2023-07-06,UA-74,24.1,6.8,75,1.91
2023-07-06,UA-77,22.0,2.1,81,1.57
2023-07-07,UA-05,19.8,6.4,86,4.5
2023-07-07,UA-07,19.5,0.2,70,4.35
2023-07-07,UA-09,28.4,0.0,45,3.42
2023-07-07,UA-12,27.5,0.5,54,3.78
2023-07-07,UA-14,27.4,0.0,50,3.64
2023-07-07,UA-18,19.4,5.8,87,4.84
2023-07-07,UA-21,20.5,8.6,68,3.5
2023-07-07,UA-23,27.1,0.0,54,4.48
2023-07-07,UA-26,18.5,17.1,84,3.7
2023-07-07,UA-30,20.8,17.2,87,3.88
2023-07-07,UA-32,21.0,7.7,85,3.75
2023-07-07,UA-35,24.8,2.4,70,4.29
2023-07-07,UA-40,24.4,0.0,90,2.43
2023-07-07,UA-43,25.4,0.0,69,1.66
2023-07-07,UA-46,18.5,8.1,77,3.39
2023-07-07,UA-48,27.2,4.1,56,4.15
2023-07-07,UA-51,25.9,3.4,61,4.99
2023-07-07,UA-53,25.9,0.6,60,3.91
2023-07-07,UA-56,19.5,0.9,75,4.59
2023-07-07,UA-59,24.8,0.7,71,2.88
2023-07-07,UA-61,18.8,5.3,80,4.27
2023-07-07,UA-63,26.9,0.0,58,3.07
2023-07-07,UA-65,27.6,0.8,51,3.97
2023-07-07,UA-68,19.0,5.7,85,4.24
2023-07-07,UA-71,23.0,12.5,84,3.85
2023-07-07,UA-74,20.6,22.8,89,3.33
2023-07-07,UA-77,19.2,10.9,86,4.32
2023-07-08,UA-05,18.7,0.3,66,5.78
2023-07-08,UA-07,19.2,0.0,62,3.27
2023-07-08,UA-09,23.9,6.4,69,3.01
2023-07-08,UA-12,24.1,6.7,71,3.71
2023-07-08,UA-14,22.2,4.9,73,2.79
2023-07-08,UA-18,18.4,0.0,66,5.81
2023-07-08,UA-21,22.3,0.0,58,2.43
2023-07-08,UA-23,24.2,6.1,75,3.28
2023-07-08,UA-26,18.9,0.0,67,3.13
2023-07-08,UA-30,19.2,1.4,73,5.83
2023-07-08,UA-32,18.9,3.7,73,5.37
2023-07-08,UA-35,20.3,13.8,89,6.41
2023-07-08,UA-40,24.0,0.0,85,5.55
2023-07-08,UA-43,23.3,6.6,78,2.15
2023-07-08,UA-46,19.4,0.0,65,2.44
2023-07-08,UA-48,22.6,11.6,80,6.51
2023-07-08,UA-51,21.6,3.2,76,8.27
2023-07-08,UA-53,22.7,17.6,77,5.05
2023-07-08,UA-56,19.1,0.0,61,3.94
2023-07-08,UA-59,22.5,3.3,81,5.69
2023-07-08,UA-61,18.6,0.0,62,3.87
2023-07-08,UA-63,24.5,4.4,70,3.8
2023-07-08,UA-65,23.3,12.8,73,5.46
2023-07-08,UA-68,18.4,0.0,63,5.01
2023-07-08,UA-71,19.6,10.9,89,6.27
2023-07-08,UA-74,19.6,0.1,71,5.83
2023-07-08,UA-77,19.8,0.0,60,4.45
2023-07-09,UA-05,19.8,0.0,61,4.46
2023-07-09,UA-07,20.3,0.5,62,2.6
2023-07-09,UA-09,22.5,1.6,78,4.99
2023-07-09,UA-12,19.5,8.7,87,5.16
2023-07-09,UA-14,20.2,4.5,84,4.5
2023-07-09,UA-18,19.1,0.0,64,4.43
2023-07-09,UA-21,23.3,0.0,55,1.65
2023-07-09,UA-23,20.6,2.7,86,6.11
2023-07-09,UA-26,20.4,0.3,69,3.29
2023-07-09,UA-30,20.1,0.0,60,5.12
2023-07-09,UA-32,19.9,0.0,59,4.92
2023-07-09,UA-35,20.4,1.9,67,6.36
2023-07-09,UA-40,21.7,10.7,85,8.26
2023-07-09,UA-43,19.4,25.2,92,3.96
2023-07-09,UA-46,20.5,0.8,69,3.02
2023-07-09,UA-48,21.8,0.2,65,6.5
2023-07-09,UA-51,22.6,0.0,52,7.73
2023-07-09,UA-53,19.4,10.6,77,5.69
2023-07-09,UA-56,20.3,0.2,60,3.31
2023-07-09,UA-59,19.8,11.1,70,6.22
2023-07-09,UA-61,20.0,0.7,65,3.04
2023-07-09,UA-63,18.7,17.7,87,5.34
2023-07-09,UA-65,21.4,1.9,68,5.93
2023-07-09,UA-68,19.8,0.0,62,3.9
2023-07-09,UA-71,20.5,1.2,65,5.72
2023-07-09,UA-74,19.9,0.0,59,5.15
2023-07-09,UA-77,21.3,0.0,63,3.98
2023-07-10,UA-05,19.3,0.3,63,3.92
2023-07-10,UA-07,19.6,0.3,62,3.31
2023-07-10,UA-09,20.1,0.0,66,4.81
2023-07-10,UA-12,20.0,1.1,69,5.01
2023-07-10,UA-14,19.6,0.0,65,4.38
2023-07-10,UA-18,18.4,0.0,66,4.12
2023-07-10,UA-21,23.9,0.0,55,1.6
2023-07-10,UA-23,20.0,0.2,68,5.56
2023-07-10,UA-26,20.2,0.1,66,2.98
2023-07-10,UA-30,19.0,1.8,66,4.2
2023-07-10,UA-32,19.2,4.8,63,4.01
2023-07-10,UA-35,19.6,2.1,66,4.16
2023-07-10,UA-40,22.1,0.0,69,7.24
2023-07-10,UA-43,20.7,0.2,65,4.0
2023-07-10,UA-46,19.8,0.0,68,2.37
2023-07-10,UA-48,21.9,0.4,57,4.41
2023-07-10,UA-51,23.3,0.0,46,4.86
2023-07-10,UA-53,18.5,2.8,73,4.67
2023-07-10,UA-56,19.3,0.2,62,3.66
2023-07-10,UA-59,18.2,5.3,74,4.44
2023-07-10,UA-61,19.5,0.2,63,3.27
2023-07-10,UA-63,19.2,0.4,70,4.49
2023-07-10,UA-65,21.8,0.5,55,4.27
2023-07-10,UA-68,18.8,0.2,65,3.68
2023-07-10,UA-71,19.4,1.8,69,4.15
2023-07-10,UA-74,18.0,3.6,71,4.19
2023-07-10,UA-77,21.6,0.0,58,3.84
2023-07-11,UA-05,16.9,2.6,78,2.45
2023-07-11,UA-07,17.0,4.9,79,2.21
2023-07-11,UA-09,18.1,6.6,77,3.06
2023-07-11,UA-12,19.2,0.5,74,3.14
2023-07-11,UA-14,17.2,5.6,81,2.89
2023-07-11,UA-18,16.1,0.9,78,2.62
2023-07-11,UA-21,23.3,0.1,61,2.34
2023-07-11,UA-23,19.6,0.4,74,3.19
2023-07-11,UA-26,18.2,8.5,80,2.41
2023-07-11,UA-30,17.6,0.0,69,3.45
2023-07-11,UA-32,17.6,0.5,70,3.09
2023-07-11,UA-35,19.1,0.3,66,3.12
2023-07-11,UA-40,21.6,0.3,75,3.83
2023-07-11,UA-43,20.3,0.6,69,3.29
2023-07-11,UA-46,18.0,9.2,79,2.54
2023-07-11,UA-48,21.1,0.7,61,3.22
2023-07-11,UA-51,22.9,0.3,48,3.76
2023-07-11,UA-53,17.8,1.3,74,3.03
2023-07-11,UA-56,16.8,5.6,82,1.63
2023-07-11,UA-59,17.0,0.0,68,3.49
2023-07-11,UA-61,17.0,16.0,80,2.02
2023-07-11,UA-63,17.7,0.7,69,3.34
2023-07-11,UA-65,21.1,0.9,59,3.12
2023-07-11,UA-68,16.4,5.2,80,1.73
2023-07-11,UA-71,18.8,0.4,70,3.28
2023-07-11,UA-74,16.4,0.4,71,3.13
2023-07-11,UA-77,19.2,5.1,74,1.95
2023-07-12,UA-05,19.4,0.0,68,2.18
2023-07-12,UA-07,21.5,4.8,64,2.72
2023-07-12,UA-09,18.4,0.5,66,2.54
2023-07-12,UA-12,19.3,0.0,67,2.77
2023-07-12,UA-14,17.5,2.4,76,2.11
2023-07-12,UA-18,18.7,0.0,65,2.09
2023-07-12,UA-21,22.5,0.3,70,2.55
2023-07-12,UA-23,20.7,0.2,64,2.95
2023-07-12,UA-26,21.0,0.5,73,2.2
2023-07-12,UA-30,18.8,0.0,57,2.44
2023-07-12,UA-32,19.2,0.0,59,2.65
2023-07-12,UA-35,19.4,0.0,61,2.89
2023-07-12,UA-40,21.2,0.2,79,3.2
2023-07-12,UA-43,20.0,1.4,76,2.73
2023-07-12,UA-46,20.7,0.6,74,3.19
2023-07-12,UA-48,21.8,0.0,62,2.81
2023-07-12,UA-51,22.9,0.0,57,3.45
2023-07-12,UA-53,17.1,0.3,67,2.66
2023-07-12,UA-56,20.7,2.4,66,2.3
2023-07-12,UA-59,15.9,0.3,68,3.48
2023-07-12,UA-61,20.9,0.1,67,2.51
2023-07-12,UA-63,16.8,0.0,65,3.32
2023-07-12,UA-65,21.9,0.0,60,2.7
2023-07-12,UA-68,19.9,0.5,68,2.29
2023-07-12,UA-71,18.8,0.0,66,2.77
2023-07-12,UA-74,17.3,0.0,62,3.11
2023-07-12,UA-77,21.8,4.2,66,1.91
2023-07-13,UA-05,23.5,1.0,66,2.42
2023-07-13,UA-07,21.7,13.6,79,3.18
2023-07-13,UA-09,20.9,0.0,54,3.47
2023-07-13,UA-12,22.4,0.3,58,4.26
2023-07-13,UA-14,20.4,0.0,57,2.37
2023-07-13,UA-18,22.8,5.1,70,2.62
2023-07-13,UA-21,21.5,22.5,86,2.63
2023-07-13,UA-23,22.6,0.0,59,3.8
2023-07-13,UA-26,22.0,18.9,77,2.34
2023-07-13,UA-30,22.8,1.1,67,2.94
2023-07-13,UA-32,23.4,0.0,65,2.67
2023-07-13,UA-35,22.0,2.4,68,4.36
2023-07-13,UA-40,22.0,0.0,75,3.63
2023-07-13,UA-43,22.4,0.0,63,1.67
2023-07-13,UA-46,20.5,22.5,85,2.37
2023-07-13,UA-48,23.3,3.3,76,5.36
2023-07-13,UA-51,25.0,0.5,76,6.32
2023-07-13,UA-53,20.9,0.1,62,3.91
2023-07-13,UA-56,22.5,9.0,75,2.97
2023-07-13,UA-59,20.4,0.0,68,4.11
2023-07-13,UA-61,21.9,20.0,77,2.72
2023-07-13,UA-63,20.3,0.0,62,3.97
2023-07-13,UA-65,23.4,1.6,67,4.58
2023-07-13,UA-68,22.7,5.2,72,2.88
2023-07-13,UA-71,23.1,0.2,65,3.88
2023-07-13,UA-74,22.5,0.5,65,2.9
2023-07-13,UA-77,23.8,0.5,72,2.51
2023-07-14,UA-05,20.2,5.1,76,4.13
2023-07-14,UA-07,19.3,4.7,77,3.1
2023-07-14,UA-09,22.2,9.3,76,4.8
2023-07-14,UA-12,21.6,20.4,83,4.36
2023-07-14,UA-14,21.4,7.4,80,4.26
2023-07-14,UA-18,20.1,3.7,73,4.07
2023-07-14,UA-21,22.7,0.0,65,2.25
2023-07-14,UA-23,22.0,11.1,81,5.44
2023-07-14,UA-26,20.0,2.5,77,3.22
2023-07-14,UA-30,21.0,0.7,69,4.21
2023-07-14,UA-32,20.6,7.5,76,3.95
2023-07-14,UA-35,22.4,6.3,75,4.27
2023-07-14,UA-40,22.6,0.1,83,4.16
2023-07-14,UA-43,23.4,0.2,68,4.14
2023-07-14,UA-46,19.8,4.4,78,2.99
2023-07-14,UA-48,24.7,0.7,71,5.2
2023-07-14,UA-51,25.4,0.1,60,5.73
2023-07-14,UA-53,20.1,15.5,87,3.54
2023-07-14,UA-56,19.7,2.5,78,3.42
2023-07-14,UA-59,20.0,9.8,85,3.02
2023-07-14,UA-61,19.2,3.3,79,3.4
2023-07-14,UA-63,20.5,16.1,84,3.2
2023-07-14,UA-65,24.9,0.9,68,5.23
2023-07-14,UA-68,19.9,2.6,78,3.78
2023-07-14,UA-71,21.4,8.9,78,3.8
2023-07-14,UA-74,20.7,0.5,70,4.29
2023-07-14,UA-77,21.1,0.7,74,4.11
2023-07-15,UA-05,21.0,0.0,65,2.43
2023-07-15,UA-07,21.2,0.1,67,1.48
2023-07-15,UA-09,20.9,2.4,74,4.37
2023-07-15,UA-12,21.6,0.0,65,4.27
2023-07-15,UA-14,21.0,0.3,68,3.97
2023-07-15,UA-18,20.2,0.4,69,2.68
2023-07-15,UA-21,24.1,0.0,61,1.79
2023-07-15,UA-23,22.0,0.0,66,4.61
2023-07-15,UA-26,22.0,0.0,63,1.62
2023-07-15,UA-30,20.6,0.0,60,3.17
2023-07-15,UA-32,20.6,0.0,65,2.93
2023-07-15,UA-35,21.7,0.0,61,3.17
2023-07-15,UA-40,22.6,0.0,77,5.24
2023-07-15,UA-43,22.7,0.0,64,2.44
2023-07-15,UA-46,21.6,0.3,69,2.18
2023-07-15,UA-48,23.7,0.0,56,3.47
2023-07-15,UA-51,24.8,0.0,47,3.05
2023-07-15,UA-53,20.2,0.1,67,4.11
2023-07-15,UA-56,20.9,0.2,68,1.64
2023-07-15,UA-59,19.7,0.1,68,4.37
2023-07-15,UA-61,21.5,0.1,65,1.63
2023-07-15,UA-63,20.2,0.1,70,4.3
2023-07-15,UA-65,23.8,0.0,53,3.33
2023-07-15,UA-68,20.7,0.1,68,1.83
2023-07-15,UA-71,21.3,0.0,66,3.21
2023-07-15,UA-74,20.1,0.0,61,3.71
2023-07-15,UA-77,23.0,0.0,57,1.58
2023-07-16,UA-05,23.3,0.0,60,1.48
2023-07-16,UA-07,24.7,0.0,64,2.07
2023-07-16,UA-09,20.3,0.0,62,4.11
2023-07-16,UA-12,21.3,0.0,62,3.35
2023-07-16,UA-14,19.8,0.5,64,3.58
2023-07-16,UA-18,22.1,0.1,68,1.47
2023-07-16,UA-21,26.3,0.0,57,1.97
2023-07-16,UA-23,22.0,0.0,60,3.74
2023-07-16,UA-26,24.3,0.0,65,1.36
2023-07-16,UA-30,22.2,0.0,59,1.48
2023-07-16,UA-32,22.2,0.0,65,1.12
2023-07-16,UA-35,22.4,0.0,54,2.34
2023-07-16,UA-40,22.6,0.0,74,3.81
2023-07-16,UA-43,22.4,0.0,57,2.02
2023-07-16,UA-46,24.3,0.0,67,2.26
2023-07-16,UA-48,24.0,0.0,55,2.33
2023-07-16,UA-51,24.7,0.0,49,2.71
2023-07-16,UA-53,19.9,0.0,65,3.09
2023-07-16,UA-56,24.2,0.0,63,1.89
2023-07-16,UA-59,19.7,0.0,67,3.21
2023-07-16,UA-61,23.7,0.0,62,2.01
2023-07-16,UA-63,20.2,0.1,66,3.58
2023-07-16,UA-65,24.0,0.0,48,2.39
2023-07-16,UA-68,23.1,0.0,63,2.36
2023-07-16,UA-71,22.2,0.0,60,1.92
2023-07-16,UA-74,21.2,0.0,59,1.99
2023-07-16,UA-77,24.9,0.0,58,1.91
2023-07-17,UA-05,25.5,0.1,58,1.45
2023-07-17,UA-07,23.9,2.7,76,2.13
2023-07-17,UA-09,21.8,0.0,60,3.53
2023-07-17,UA-12,22.8,0.0,63,2.24
2023-07-17,UA-14,21.0,0.0,63,2.77
2023-07-17,UA-18,23.8,2.2,73,1.89
2023-07-17,UA-21,26.1,8.0,65,1.73
2023-07-17,UA-23,24.0,0.0,58,2.37
2023-07-17,UA-26,24.7,1.0,68,1.4
2023-07-17,UA-30,24.7,0.0,65,1.21
2023-07-17,UA-32,24.9,1.1,65,1.43
2023-07-17,UA-35,24.4,0.0,57,1.85
2023-07-17,UA-40,23.2,0.0,71,1.95
2023-07-17,UA-43,22.9,0.0,54,1.65
2023-07-17,UA-46,23.5,5.1,76,1.98
2023-07-17,UA-48,25.3,0.0,58,2.49
2023-07-17,UA-51,26.0,0.0,52,3.88
2023-07-17,UA-53,21.5,0.0,64,1.54
2023-07-17,UA-56,25.1,6.2,69,2.09
2023-07-17,UA-59,21.4,0.0,65,2.17
2023-07-17,UA-61,24.3,1.9,68,1.81
2023-07-17,UA-63,21.6,0.0,65,2.57
2023-07-17,UA-65,24.9,0.0,57,2.38
2023-07-17,UA-68,24.6,0.2,64,1.76
2023-07-17,UA-71,24.5,0.0,64,1.53
2023-07-17,UA-74,24.4,0.0,58,2.1
2023-07-17,UA-77,26.2,0.0,61,1.56
2023-07-18,UA-05,22.7,4.2,66,3.52
2023-07-18,UA-07,21.1,2.6,64,4.05
2023-07-18,UA-09,23.4,0.0,59,2.55
2023-07-18,UA-12,24.1,0.0,65,2.67
2023-07-18,UA-14,22.3,0.0,65,1.76
2023-07-18,UA-18,21.2,3.7,72,3.49
2023-07-18,UA-21,23.6,0.3,66,2.21
2023-07-18,UA-23,25.2,1.2,63,3.08
2023-07-18,UA-26,21.4,1.1,76,4.06
2023-07-18,UA-30,22.1,6.1,67,3.7
2023-07-18,UA-32,22.8,1.8,63,3.11
2023-07-18,UA-35,24.3,1.6,65,2.87
2023-07-18,UA-40,23.6,0.0,73,2.23
2023-07-18,UA-43,23.1,0.0,60,2.48
2023-07-18,UA-46,20.5,3.0,77,3.8
2023-07-18,UA-48,26.0,2.7,61,3.71
2023-07-18,UA-51,26.8,2.6,52,4.51
2023-07-18,UA-53,21.9,3.7,71,3.17
2023-07-18,UA-56,21.5,11.4,67,3.7
2023-07-18,UA-59,20.3,7.4,75,4.11
2023-07-18,UA-61,21.0,4.3,75,3.62
2023-07-18,UA-63,21.9,4.6,70,2.93
2023-07-18,UA-65,25.9,0.3,60,3.9
2023-07-18,UA-68,21.7,10.1,72,3.51
2023-07-18,UA-71,23.6,5.7,66,3.2
2023-07-18,UA-74,21.0,5.1,70,4.55
2023-07-18,UA-77,24.1,0.6,64,4.54
2023-07-19,UA-05,21.3,0.0,57,2.42
2023-07-19,UA-07,19.6,0.6,64,1.62
2023-07-19,UA-09,21.2,3.1,61,3.46
2023-07-19,UA-12,21.6,0.0,59,2.9
2023-07-19,UA-14,19.8,1.2,66,2.94
2023-07-19,UA-18,19.7,0.1,63,2.05
2023-07-19,UA-21,22.8,7.1,72,1.91
2023-07-19,UA-23,22.5,0.5,58,3.47
2023-07-19,UA-26,21.5,1.6,65,1.94
2023-07-19,UA-30,19.4,0.0,61,2.47
2023-07-19,UA-32,20.2,0.3,60,1.9
2023-07-19,UA-35,21.4,0.0,58,1.94
2023-07-19,UA-40,23.8,0.1,82,3.35
2023-07-19,UA-43,23.9,0.3,64,2.07
2023-07-19,UA-46,20.1,0.0,71,1.82
2023-07-19,UA-48,25.1,0.0,57,2.99
2023-07-19,UA-51,24.9,0.2,64,3.19
2023-07-19,UA-53,19.6,0.0,63,3.06
2023-07-19,UA-56,19.7,1.2,64,1.85
2023-07-19,UA-59,17.7,0.0,68,4.09
2023-07-19,UA-61,20.5,1.2,65,1.5
2023-07-19,UA-63,18.7,0.0,69,3.73
2023-07-19,UA-65,25.1,0.0,56,2.78
2023-07-19,UA-68,20.5,0.0,61,1.77
2023-07-19,UA-71,20.7,0.0,65,1.63
2023-07-19,UA-74,18.5,0.0,60,3.68
2023-07-19,UA-77,22.3,2.7,67,1.62
2023-07-20,UA-05,21.1,0.9,65,2.59
2023-07-20,UA-07,17.5,10.9,80,2.86
2023-07-20,UA-09,22.0,0.2,56,2.82
2023-07-20,UA-12,20.8,23.9,77,2.43
2023-07-20,UA-14,20.1,3.7,69,2.91
2023-07-20,UA-18,19.2,3.0,74,2.93
2023-07-20,UA-21,20.5,12.4,80,1.61
2023-07-20,UA-23,22.6,2.0,70,3.44
2023-07-20,UA-26,19.0,5.9,80,2.68
2023-07-20,UA-30,19.9,4.3,66,2.31
2023-07-20,UA-32,20.9,2.7,66,2.59
2023-07-20,UA-35,20.8,2.4,77,2.33
2023-07-20,UA-40,23.8,0.6,78,5.08
2023-07-20,UA-43,23.9,0.2,64,2.31
2023-07-20,UA-46,18.1,1.8,82,3.14
2023-07-20,UA-48,23.5,6.4,81,3.61
2023-07-20,UA-51,24.0,13.9,82,4.17
2023-07-20,UA-53,20.7,0.1,69,2.06
2023-07-20,UA-56,17.9,8.9,81,2.66
2023-07-20,UA-59,19.6,0.3,64,1.9
2023-07-20,UA-61,18.6,2.4,81,3.11
2023-07-20,UA-63,20.9,0.0,66,1.7
2023-07-20,UA-65,23.9,1.4,71,3.74
2023-07-20,UA-68,19.5,3.5,75,2.82
2023-07-20,UA-71,21.9,0.3,66,2.58
2023-07-20,UA-74,19.8,4.7,63,2.4
2023-07-20,UA-77,21.8,0.2,71,2.79
2023-07-21,UA-05,19.6,0.0,66,2.6
2023-07-21,UA-07,18.3,0.1,73,2.17
2023-07-21,UA-09,22.4,6.6,69,3.85
2023-07-21,UA-12,21.0,3.4,74,3.93
2023-07-21,UA-14,21.5,3.6,73,3.68
2023-07-21,UA-18,18.5,0.1,71,3.19
2023-07-21,UA-21,21.1,3.6,66,1.5
2023-07-21,UA-23,21.9,2.8,74,4.32
2023-07-21,UA-26,20.0,2.2,68,1.7
2023-07-21,UA-30,19.0,0.1,69,3.51
2023-07-21,UA-32,19.2,0.0,70,3.15
2023-07-21,UA-35,20.3,0.0,68,3.24
2023-07-21,UA-40,23.9,0.0,79,2.99
2023-07-21,UA-43,23.0,4.5,73,2.5
2023-07-21,UA-46,18.9,0.8,72,2.12
2023-07-21,UA-48,23.1,0.0,67,3.27
2023-07-21,UA-51,23.9,0.0,61,3.09
2023-07-21,UA-53,19.9,0.0,71,3.57
2023-07-21,UA-56,18.6,0.2,72,2.43
2023-07-21,UA-59,18.9,1.1,73,3.26
2023-07-21,UA-61,19.2,1.0,67,2.34
2023-07-21,UA-63,20.3,0.4,74,3.39
2023-07-21,UA-65,23.4,1.8,64,3.13
2023-07-21,UA-68,19.0,0.0,68,2.38
2023-07-21,UA-71,19.5,0.1,72,3.4
2023-07-21,UA-74,18.0,0.7,72,3.58
2023-07-21,UA-77,21.7,0.1,61,2.12
2023-07-22,UA-05,18.1,10.5,83,3.29
2023-07-22,UA-07,18.6,4.8,78,2.87
2023-07-22,UA-09,22.6,0.4,60,1.52
2023-07-22,UA-12,20.8,3.6,70,2.02
2023-07-22,UA-14,21.4,0.0,65,1.48
2023-07-22,UA-18,15.9,14.4,90,2.7
2023-07-22,UA-21,21.3,2.0,77,1.59
2023-07-22,UA-23,22.6,0.4,62,2.2
2023-07-22,UA-26,19.8,6.2,77,3.47
2023-07-22,UA-30,15.8,27.1,94,3.0
2023-07-22,UA-32,16.5,14.4,91,3.6
2023-07-22,UA-35,18.6,7.2,80,2.89
2023-07-22,UA-40,24.4,0.0,81,3.67
2023-07-22,UA-43,23.6,0.0,72,2.72
2023-07-22,UA-46,19.2,4.0,79,3.38
2023-07-22,UA-48,23.6,0.7,67,3.85
2023-07-22,UA-51,23.8,0.0,74,4.83
2023-07-22,UA-53,18.7,1.8,73,2.09
2023-07-22,UA-56,17.9,4.7,83,2.83
2023-07-22,UA-59,16.9,6.7,84,2.05
2023-07-22,UA-61,18.5,11.7,82,3.4
2023-07-22,UA-63,19.4,1.0,72,2.3
2023-07-22,UA-65,23.6,1.7,63,3.24
2023-07-22,UA-68,18.0,13.6,84,2.9
2023-07-22,UA-71,18.0,6.4,84,2.77
2023-07-22,UA-74,15.5,6.0,86,2.63
2023-07-22,UA-77,21.9,3.9,69,3.28
2023-07-23,UA-05,19.4,0.1,68,2.89
2023-07-23,UA-07,20.0,0.0,60,3.09
2023-07-23,UA-09,21.3,6.9,79,2.37
2023-07-23,UA-12,20.8,0.1,75,4.02
2023-07-23,UA-14,21.1,8.1,80,2.91
2023-07-23,UA-18,18.3,0.2,73,3.24
2023-07-23,UA-21,22.1,0.0,66,1.99
2023-07-23,UA-23,22.1,0.5,73,4.73
2023-07-23,UA-26,20.4,0.0,65,2.12
2023-07-23,UA-30,18.3,0.3,76,3.09
2023-07-23,UA-32,18.6,0.1,74,2.95
2023-07-23,UA-35,19.7,0.0,71,3.81
2023-07-23,UA-40,24.4,0.0,77,4.68
2023-07-23,UA-43,23.6,1.0,70,2.95
2023-07-23,UA-46,19.8,0.1,66,2.87
2023-07-23,UA-48,22.4,0.0,66,3.55
2023-07-23,UA-51,22.6,0.2,64,2.66
2023-07-23,UA-53,19.2,0.7,74,3.43
2023-07-23,UA-56,19.4,0.0,65,3.02
2023-07-23,UA-59,17.6,2.1,84,2.43
2023-07-23,UA-61,19.5,0.2,67,2.65
2023-07-23,UA-63,19.3,2.9,81,2.68
2023-07-23,UA-65,22.3,0.1,65,3.46
2023-07-23,UA-68,18.9,0.0,70,2.84
2023-07-23,UA-71,19.3,0.1,76,3.57
2023-07-23,UA-74,18.1,0.1,73,3.07
2023-07-23,UA-77,22.2,0.0,58,2.19
2023-07-24,UA-05,22.3,0.0,58,3.15
2023-07-24,UA-07,22.5,6.1,69,4.04
2023-07-24,UA-09,21.4,0.6,69,2.98
2023-07-24,UA-12,20.6,0.0,67,2.25
2023-07-24,UA-14,20.4,0.0,68,3.13
2023-07-24,UA-18,22.1,0.1,60,4.08
2023-07-24,UA-21,24.6,5.8,66,3.73
2023-07-24,UA-23,22.1,0.0,60,3.07
2023-07-24,UA-26,23.4,0.0,61,3.61
2023-07-24,UA-30,21.9,0.0,61,3.7
2023-07-24,UA-32,21.6,0.0,62,3.11
2023-07-24,UA-35,21.6,0.0,62,1.86
2023-07-24,UA-40,23.1,0.0,70,4.72
2023-07-24,UA-43,21.8,0.0,66,2.67
2023-07-24,UA-46,23.4,0.6,64,4.54
2023-07-24,UA-48,24.3,0.0,63,2.0
2023-07-24,UA-51,24.5,0.0,59,3.35
2023-07-24,UA-53,20.0,0.0,64,2.08
2023-07-24,UA-56,22.6,3.3,68,3.86
2023-07-24,UA-59,19.8,0.0,68,3.19
2023-07-24,UA-61,22.8,0.0,62,3.59
2023-07-24,UA-63,20.1,0.0,66,2.29
2023-07-24,UA-65,23.6,0.0,61,1.97
2023-07-24,UA-68,22.3,0.0,61,3.61
2023-07-24,UA-71,22.0,0.0,63,2.37
2023-07-24,UA-74,20.9,3.9,70,4.03
2023-07-24,UA-77,24.0,0.0,56,2.46
2023-07-25,UA-05,24.4,0.7,63,3.14
2023-07-25,UA-07,22.6,11.1,77,3.45
2023-07-25,UA-09,22.7,0.0,59,1.69
2023-07-25,UA-12,24.1,0.0,60,4.1
2023-07-25,UA-14,22.2,0.0,61,1.93
2023-07-25,UA-18,23.5,2.1,70,3.03
2023-07-25,UA-21,23.7,6.4,75,2.49
2023-07-25,UA-23,25.0,0.0,58,3.75
2023-07-25,UA-26,24.4,0.1,64,2.75
2023-07-25,UA-30,24.6,0.6,62,3.73
2023-07-25,UA-32,24.9,1.0,60,3.57
2023-07-25,UA-35,25.0,0.3,67,5.23
2023-07-25,UA-40,23.5,0.0,75,3.03
2023-07-25,UA-43,22.6,0.0,67,2.34
2023-07-25,UA-46,21.9,11.2,80,3.1
2023-07-25,UA-48,25.5,0.0,73,6.28
2023-07-25,UA-51,25.2,0.0,75,7.06
2023-07-25,UA-53,23.8,0.0,59,4.76
2023-07-25,UA-56,22.7,12.6,79,2.97
2023-07-25,UA-59,23.5,0.0,62,5.08
2023-07-25,UA-61,22.7,1.1,73,2.9
2023-07-25,UA-63,22.9,0.0,59,3.82
2023-07-25,UA-65,25.2,0.0,68,5.3
2023-07-25,UA-68,22.7,3.9,75,2.94
2023-07-25,UA-71,25.2,1.8,65,4.5
2023-07-25,UA-74,23.3,2.0,69,3.72
2023-07-25,UA-77,25.9,0.0,55,2.91
2023-07-26,UA-05,20.5,8.5,85,1.99
2023-07-26,UA-07,18.9,5.1,85,2.79
2023-07-26,UA-09,24.6,0.0,58,3.59
2023-07-26,UA-12,25.4,0.0,59,5.78
2023-07-26,UA-14,23.8,0.0,66,3.78
2023-07-26,UA-18,20.6,1.2,79,2.6
2023-07-26,UA-21,19.2,3.4,81,3.1
2023-07-26,UA-23,25.1,0.0,60,6.21
2023-07-26,UA-26,18.5,6.4,85,3.14
2023-07-26,UA-30,22.1,11.2,75,3.26
2023-07-26,UA-32,21.9,30.3,80,2.66
2023-07-26,UA-35,25.8,0.3,61,5.47
2023-07-26,UA-40,24.4,0.0,71,8.0
2023-07-26,UA-43,25.0,0.0,57,3.23
2023-07-26,UA-46,17.6,10.4,87,2.96
2023-07-26,UA-48,25.8,0.2,68,6.61
2023-07-26,UA-51,24.6,0.0,76,7.59
2023-07-26,UA-53,25.0,0.0,60,5.53
2023-07-26,UA-56,19.6,0.9,81,2.65
2023-07-26,UA-59,22.5,8.7,81,5.36
2023-07-26,UA-61,18.8,2.6,82,2.45
2023-07-26,UA-63,24.9,0.0,61,5.22
2023-07-26,UA-65,26.2,0.0,60,5.12
2023-07-26,UA-68,19.2,2.3,84,2.37
2023-07-26,UA-71,23.5,13.8,79,3.74
2023-07-26,UA-74,22.2,7.0,75,4.12
2023-07-26,UA-77,20.1,14.8,85,1.74
2023-07-27,UA-05,15.9,1.1,85,4.84
2023-07-27,UA-07,14.8,1.1,81,5.26
2023-07-27,UA-09,27.2,0.0,46,4.64
2023-07-27,UA-12,25.3,2.5,70,3.79
2023-07-27,UA-14,25.4,0.1,60,3.89
2023-07-27,UA-18,15.9,0.8,90,5.01
2023-07-27,UA-21,17.9,0.3,63,2.99
2023-07-27,UA-23,26.4,0.4,68,4.03
2023-07-27,UA-26,14.7,0.8,80,5.26
2023-07-27,UA-30,18.6,3.1,88,3.8
2023-07-27,UA-32,17.7,1.2,87,4.33
2023-07-27,UA-35,20.6,9.8,82,3.44
2023-07-27,UA-40,23.8,27.1,79,4.91
2023-07-27,UA-43,24.7,19.7,65,1.95
2023-07-27,UA-46,14.6,1.5,83,4.87
2023-07-27,UA-48,21.6,16.1,85,4.41
2023-07-27,UA-51,19.8,26.1,85,5.58
2023-07-27,UA-53,23.7,0.4,68,4.19
2023-07-27,UA-56,15.0,1.5,84,5.53
2023-07-27,UA-59,22.7,0.7,74,4.01
2023-07-27,UA-61,14.0,2.9,86,5.45
2023-07-27,UA-63,25.4,0.1,66,3.63
2023-07-27,UA-65,22.1,7.5,79,3.68
2023-07-27,UA-68,14.6,0.7,84,5.56
2023-07-27,UA-71,20.1,7.6,84,3.18
2023-07-27,UA-74,18.8,5.7,90,3.16
2023-07-27,UA-77,16.1,0.2,74,6.2
2023-07-28,UA-05,18.7,0.5,63,3.72
2023-07-28,UA-07,16.8,2.0,79,3.83
2023-07-28,UA-09,22.7,3.5,68,3.16
2023-07-28,UA-12,18.3,28.1,90,4.69
2023-07-28,UA-14,19.3,21.2,87,2.61
2023-07-28,UA-18,18.3,0.7,66,4.0
2023-07-28,UA-21,18.9,1.0,71,3.03
2023-07-28,UA-23,19.6,29.8,88,5.47
2023-07-28,UA-26,18.0,0.0,66,3.71
2023-07-28,UA-30,18.4,0.0,66,4.6
2023-07-28,UA-32,18.5,0.1,63,4.41
2023-07-28,UA-35,17.9,2.0,73,5.26
2023-07-28,UA-40,20.2,12.4,74,8.95
2023-07-28,UA-43,18.0,21.7,80,5.67
2023-07-28,UA-46,16.4,0.8,74,4.3
2023-07-28,UA-48,19.2,8.3,68,5.51
2023-07-28,UA-51,19.9,0.7,59,5.99
2023-07-28,UA-53,17.2,16.0,88,4.7
2023-07-28,UA-56,17.4,0.6,74,3.65
2023-07-28,UA-59,17.9,12.4,91,4.28
2023-07-28,UA-61,17.5,0.6,69,3.91
2023-07-28,UA-63,19.7,15.3,89,3.53
2023-07-28,UA-65,18.6,14.2,70,5.41
2023-07-28,UA-68,17.8,0.1,68,3.5
2023-07-28,UA-71,18.1,3.2,76,4.96
2023-07-28,UA-74,18.0,0.5,70,4.7
2023-07-28,UA-77,20.0,0.0,56,3.16
2023-07-29,UA-05,21.3,0.1,67,2.93
2023-07-29,UA-07,20.1,1.7,77,3.13
2023-07-29,UA-09,20.3,2.3,71,5.76
2023-07-29,UA-12,20.7,0.0,70,3.59
2023-07-29,UA-14,19.8,0.3,69,4.87
2023-07-29,UA-18,20.0,0.4,72,3.37
2023-07-29,UA-21,21.8,2.7,74,2.08
2023-07-29,UA-23,21.2,0.0,69,4.05
2023-07-29,UA-26,21.8,0.3,66,2.29
2023-07-29,UA-30,20.3,0.4,71,3.11
2023-07-29,UA-32,20.7,0.4,71,3.12
2023-07-29,UA-35,21.0,0.1,65,2.78
2023-07-29,UA-40,21.8,0.2,76,2.77
2023-07-29,UA-43,20.1,0.3,78,2.51
2023-07-29,UA-46,20.8,1.3,74,2.88
2023-07-29,UA-48,22.7,0.0,63,2.74
2023-07-29,UA-51,22.5,0.0,65,2.68
2023-07-29,UA-53,19.9,0.1,67,3.38
2023-07-29,UA-56,20.1,1.3,74,3.29
2023-07-29,UA-59,19.5,0.0,70,3.68
2023-07-29,UA-61,20.7,1.1,72,2.96
2023-07-29,UA-63,20.1,0.1,69,4.9
2023-07-29,UA-65,22.3,0.0,64,3.07
2023-07-29,UA-68,20.5,0.4,71,3.12
2023-07-29,UA-71,20.7,0.7,73,2.67
2023-07-29,UA-74,19.4,0.6,72,2.92
2023-07-29,UA-77,23.0,0.0,57,2.01
2023-07-30,UA-05,22.1,0.1,69,2.5
2023-07-30,UA-07,21.1,1.2,77,2.91
2023-07-30,UA-09,22.7,0.2,64,2.16
2023-07-30,UA-12,22.3,0.0,70,2.1
2023-07-30,UA-14,21.3,0.3,71,1.85
2023-07-30,UA-18,20.6,1.0,77,2.79
2023-07-30,UA-21,21.3,6.1,85,1.55
2023-07-30,UA-23,23.6,0.0,66,2.0
2023-07-30,UA-26,21.4,2.9,75,2.66
2023-07-30,UA-30,20.7,2.9,78,1.96
2023-07-30,UA-32,21.5,0.9,74,2.09
2023-07-30,UA-35,23.4,0.2,64,1.97
2023-07-30,UA-40,22.5,0.0,72,2.22
2023-07-30,UA-43,21.4,0.0,72,1.4
2023-07-30,UA-46,20.8,1.3,77,3.27
2023-07-30,UA-48,24.5,0.0,66,2.55
2023-07-30,UA-51,23.6,0.0,68,3.46
2023-07-30,UA-53,21.4,0.4,68,2.18
2023-07-30,UA-56,21.3,1.1,77,3.0
2023-07-30,UA-59,20.6,0.5,70,2.33
2023-07-30,UA-61,21.0,2.3,77,2.84
2023-07-30,UA-63,21.3,0.1,68,2.33
2023-07-30,UA-65,24.4,0.0,68,2.38
2023-07-30,UA-68,21.2,0.9,75,2.74
2023-07-30,UA-71,22.4,0.2,72,1.67
2023-07-30,UA-74,19.4,3.8,78,1.48
2023-07-30,UA-77,22.6,2.7,71,2.04
2023-07-31,UA-05,20.2,0.7,82,1.26
2023-07-31,UA-07,20.6,6.6,76,1.85
2023-07-31,UA-09,24.3,0.0,59,1.32
2023-07-31,UA-12,23.5,0.1,72,2.25
2023-07-31,UA-14,22.6,0.0,68,0.98
2023-07-31,UA-18,20.0,1.7,85,1.15
2023-07-31,UA-21,21.8,0.3,75,1.67
2023-07-31,UA-23,24.9,0.0,66,1.88
2023-07-31,UA-26,20.9,1.1,77,2.05
2023-07-31,UA-30,20.1,0.7,84,1.59
2023-07-31,UA-32,20.3,0.8,84,1.32
2023-07-31,UA-35,21.7,15.4,83,1.78
2023-07-31,UA-40,23.8,0.0,76,2.86
2023-07-31,UA-43,22.8,0.1,71,2.12
2023-07-31,UA-46,20.3,0.8,77,2.73
2023-07-31,UA-48,24.5,0.0,64,2.74
2023-07-31,UA-51,23.4,0.1,69,2.51
2023-07-31,UA-53,21.2,8.4,81,2.48
2023-07-31,UA-56,21.0,1.4,76,1.68
2023-07-31,UA-59,20.6,10.6,82,2.51
2023-07-31,UA-61,20.6,1.1,77,1.98
2023-07-31,UA-63,21.9,10.5,76,2.22
2023-07-31,UA-65,24.3,0.0,63,2.48
2023-07-31,UA-68,20.6,0.0,76,1.59
2023-07-31,UA-71,21.2,2.4,81,1.47
2023-07-31,UA-74,20.4,3.3,83,1.41
2023-07-31,UA-77,21.4,0.2,74,1.71
2023-08-01,UA-05,21.8,0.0,70,1.48
2023-08-01,UA-07,21.5,0.0,69,2.79
2023-08-01,UA-09,25.8,0.0,50,2.36
2023-08-01,UA-12,23.5,2.2,74,1.59
2023-08-01,UA-14,24.2,0.4,63,2.0
2023-08-01,UA-18,21.6,0.0,70,1.69
2023-08-01,UA-21,22.7,1.4,67,2.96
2023-08-01,UA-23,25.3,0.0,65,1.83
2023-08-01,UA-26,22.0,0.0,69,2.14
2023-08-01,UA-30,21.7,0.2,77,1.76
2023-08-01,UA-32,21.8,0.8,77,1.38
2023-08-01,UA-35,22.1,0.0,76,1.41
2023-08-01,UA-40,24.1,0.1,80,3.13
2023-08-01,UA-43,23.3,0.2,69,1.31
2023-08-01,UA-46,21.0,0.1,71,2.83
2023-08-01,UA-48,24.4,0.3,63,1.51
2023-08-01,UA-51,23.5,0.8,68,2.13
2023-08-01,UA-53,22.0,1.4,77,0.98
2023-08-01,UA-56,22.0,0.0,69,2.76
2023-08-01,UA-59,21.3,0.7,81,1.29
2023-08-01,UA-61,21.6,0.1,68,2.51
2023-08-01,UA-63,22.7,2.0,79,1.33
2023-08-01,UA-65,24.1,1.2,64,1.48
2023-08-01,UA-68,21.7,0.3,72,2.37
2023-08-01,UA-71,21.9,3.0,78,1.26
2023-08-01,UA-74,21.5,0.8,75,1.89
2023-08-01,UA-77,23.2,0.0,64,2.74
2023-08-02,UA-05,20.4,8.3,82,2.63
2023-08-02,UA-07,19.0,6.1,82,2.15
2023-08-02,UA-09,22.5,6.5,74,1.87
2023-08-02,UA-12,24.0,0.4,74,1.45
2023-08-02,UA-14,22.4,0.6,75,1.79
2023-08-02,UA-18,20.3,4.6,81,2.94
2023-08-02,UA-21,21.9,5.5,70,2.11
2023-08-02,UA-23,25.0,0.3,72,2.2
2023-08-02,UA-26,19.6,9.9,81,2.31
2023-08-02,UA-30,21.6,1.5,79,2.66
2023-08-02,UA-32,21.3,1.3,79,2.48
2023-08-02,UA-35,22.9,2.2,70,2.15
2023-08-02,UA-40,24.3,0.0,79,1.6
2023-08-02,UA-43,23.0,0.1,72,1.55
2023-08-02,UA-46,19.5,4.7,78,2.55
2023-08-02,UA-48,23.8,1.6,73,3.0
2023-08-02,UA-51,22.8,6.3,79,3.47
2023-08-02,UA-53,22.5,2.4,78,1.72
2023-08-02,UA-56,19.2,6.0,84,2.37
2023-08-02,UA-59,22.0,5.7,79,2.23
2023-08-02,UA-61,18.9,9.3,81,2.51
2023-08-02,UA-63,22.7,0.6,74,2.23
2023-08-02,UA-65,23.7,0.1,72,2.54
2023-08-02,UA-68,19.7,4.3,80,3.05
2023-08-02,UA-71,23.0,0.2,70,2.23
2023-08-02,UA-74,21.8,1.2,76,2.68
2023-08-02,UA-77,21.3,2.6,73,2.14
2023-08-03,UA-05,22.0,0.0,69,2.21
2023-08-03,UA-07,21.1,0.4,73,3.7
2023-08-03,UA-09,24.9,0.0,69,1.51
2023-08-03,UA-12,24.2,0.1,70,2.1
2023-08-03,UA-14,23.3,0.0,70,1.7
2023-08-03,UA-18,21.3,0.0,71,2.54
2023-08-03,UA-21,23.3,0.5,70,3.04
2023-08-03,UA-23,24.4,0.2,74,2.63
2023-08-03,UA-26,22.7,0.1,67,2.57
2023-08-03,UA-30,21.4,0.1,72,2.5
2023-08-03,UA-32,21.5,0.0,72,2.25
2023-08-03,UA-35,23.0,0.1,69,1.89
2023-08-03,UA-40,24.2,0.0,78,1.75
2023-08-03,UA-43,23.0,0.0,72,1.64
2023-08-03,UA-46,20.9,1.8,73,3.41
2023-08-03,UA-48,24.7,0.1,72,1.46
2023-08-03,UA-51,23.5,0.3,80,1.87
2023-08-03,UA-53,22.6,0.2,73,2.11
2023-08-03,UA-56,21.9,0.1,70,3.5
2023-08-03,UA-59,22.8,0.4,77,1.98
2023-08-03,UA-61,22.0,0.8,66,3.23
2023-08-03,UA-63,23.7,1.1,74,1.85
2023-08-03,UA-65,24.4,1.1,75,1.64
2023-08-03,UA-68,21.8,0.0,66,2.98
2023-08-03,UA-71,22.1,0.3,75,2.09
2023-08-03,UA-74,21.3,0.3,73,2.6
2023-08-03,UA-77,24.2,0.0,59,2.22
2023-08-04,UA-05,25.9,0.0,62,1.95
2023-08-04,UA-07,19.7,6.8,82,2.19
2023-08-04,UA-09,26.0,0.0,60,1.63
2023-08-04,UA-12,25.0,0.0,66,1.3
2023-08-04,UA-14,24.5,0.0,66,1.61
2023-08-04,UA-18,24.7,0.0,69,1.39
2023-08-04,UA-21,25.0,2.5,77,1.65
2023-08-04,UA-23,26.0,0.0,66,2.06
2023-08-04,UA-26,24.6,0.0,73,1.59
2023-08-04,UA-30,25.3,0.0,67,2.35
2023-08-04,UA-32,25.7,0.0,65,2.43
2023-08-04,UA-35,25.6,0.0,62,2.16
2023-08-04,UA-40,25.0,0.0,76,1.22
2023-08-04,UA-43,24.4,0.0,69,0.95
2023-08-04,UA-46,20.8,0.5,83,1.86
2023-08-04,UA-48,26.9,0.0,69,1.41
2023-08-04,UA-51,24.8,0.0,79,2.3
2023-08-04,UA-53,23.9,0.0,65,1.36
2023-08-04,UA-56,22.4,0.0,70,1.84
2023-08-04,UA-59,23.5,0.0,72,1.88
2023-08-04,UA-61,23.8,0.0,74,2.06
2023-08-04,UA-63,23.9,0.0,68,1.69
2023-08-04,UA-65,26.7,0.0,66,1.28
2023-08-04,UA-68,24.7,0.0,69,1.98
2023-08-04,UA-71,25.9,0.0,65,2.71
2023-08-04,UA-74,24.7,0.0,68,2.43
2023-08-04,UA-77,27.3,0.0,60,2.41
2023-08-05,UA-05,26.7,0.0,58,4.39
2023-08-05,UA-07,24.9,0.0,66,4.6
2023-08-05,UA-09,27.9,0.0,53,2.67
2023-08-05,UA-12,27.0,0.0,61,3.47
2023-08-05,UA-14,26.7,0.0,56,3.21
2023-08-05,UA-18,26.5,0.0,62,4.57
2023-08-05,UA-21,26.3,2.9,74,2.39
2023-08-05,UA-23,28.0,0.0,56,3.94
2023-08-05,UA-26,26.4,0.0,58,5.12
2023-08-05,UA-30,26.4,0.0,64,4.03
2023-08-05,UA-32,26.5,0.0,63,3.68
2023-08-05,UA-35,26.9,0.0,60,3.63
2023-08-05,UA-40,26.7,0.0,69,2.97
2023-08-05,UA-43,27.0,0.0,58,4.77
2023-08-05,UA-46,24.5,0.0,70,4.18
2023-08-05,UA-48,29.3,0.0,54,3.87
2023-08-05,UA-51,27.5,0.0,63,4.11
2023-08-05,UA-53,25.6,0.0,62,2.91
2023-08-05,UA-56,26.2,0.0,62,4.83
2023-08-05,UA-59,25.4,0.0,68,2.61
2023-08-05,UA-61,25.9,0.0,57,5.85
2023-08-05,UA-63,25.4,0.0,66,2.28
2023-08-05,UA-65,29.0,0.0,51,4.08
2023-08-05,UA-68,26.2,0.0,57,5.2
2023-08-05,UA-71,26.6,0.0,65,3.64
2023-08-05,UA-74,26.5,0.0,66,3.84
2023-08-05,UA-77,27.4,0.0,52,5.75
2023-08-06,UA-05,27.5,0.0,55,5.16
2023-08-06,UA-07,25.0,15.0,67,5.64
2023-08-06,UA-09,30.5,0.0,41,5.0
2023-08-06,UA-12,29.5,0.0,49,5.58
2023-08-06,UA-14,29.1,0.0,42,5.01
2023-08-06,UA-18,27.6,0.0,56,6.15
2023-08-06,UA-21,20.9,5.2,83,3.32
2023-08-06,UA-23,28.5,0.0,44,6.65
2023-08-06,UA-26,23.0,23.8,72,4.49
2023-08-06,UA-30,28.1,0.0,56,6.28
2023-08-06,UA-32,28.3,0.0,55,5.65
2023-08-06,UA-35,29.4,0.0,49,5.74
2023-08-06,UA-40,26.1,0.0,79,2.92
2023-08-06,UA-43,27.5,0.0,65,2.24
2023-08-06,UA-46,22.2,12.8,74,4.84
2023-08-06,UA-48,30.4,0.0,51,5.07
2023-08-06,UA-51,27.3,0.0,69,5.26
2023-08-06,UA-53,28.8,0.0,51,6.04
2023-08-06,UA-56,25.7,1.4,65,6.0
2023-08-06,UA-59,27.3,0.0,62,5.45
2023-08-06,UA-61,23.4,23.1,69,5.72
2023-08-06,UA-63,28.2,0.0,55,5.35
2023-08-06,UA-65,30.0,0.0,49,5.07
2023-08-06,UA-68,24.9,2.5,65,5.53
2023-08-06,UA-71,28.8,0.0,56,5.93
2023-08-06,UA-74,28.1,0.0,59,6.65
2023-08-06,UA-77,24.0,19.3,68,4.68
2023-08-07,UA-05,19.1,2.4,76,3.58
2023-08-07,UA-07,16.8,10.2,83,5.16
2023-08-07,UA-09,30.0,0.0,47,4.98
2023-08-07,UA-12,26.7,0.2,57,4.42
2023-08-07,UA-14,27.1,0.1,53,3.99
2023-08-07,UA-18,19.4,1.5,73,4.6
2023-08-07,UA-21,17.9,6.4,76,3.47
2023-08-07,UA-23,26.0,0.0,60,4.58
2023-08-07,UA-26,17.1,5.5,77,4.05
2023-08-07,UA-30,20.8,10.0,74,4.96
2023-08-07,UA-32,20.5,4.8,74,4.05
2023-08-07,UA-35,24.1,2.0,66,4.47
2023-08-07,UA-40,24.2,0.0,80,3.15
2023-08-07,UA-43,23.4,0.0,78,3.57
2023-08-07,UA-46,15.7,13.2,86,4.68
2023-08-07,UA-48,25.8,0.1,63,4.91
2023-08-07,UA-51,24.7,0.4,59,4.52
2023-08-07,UA-53,25.6,1.0,57,5.35
2023-08-07,UA-56,17.2,15.5,84,4.83
2023-08-07,UA-59,24.6,9.1,69,5.87
2023-08-07,UA-61,16.1,6.7,85,4.77
2023-08-07,UA-63,27.1,1.7,57,5.22
2023-08-07,UA-65,25.3,0.3,66,4.82
2023-08-07,UA-68,17.0,11.0,83,4.41
2023-08-07,UA-71,23.2,4.1,70,4.59
2023-08-07,UA-74,21.1,12.8,76,6.05
2023-08-07,UA-77,18.5,2.1,72,3.18
2023-08-08,UA-05,16.5,1.7,76,2.5
2023-08-08,UA-07,15.8,1.0,76,3.91
2023-08-08,UA-09,26.3,0.0,50,2.99
2023-08-08,UA-12,22.5,1.6,63,3.02
2023-08-08,UA-14,23.8,0.0,59,2.5
2023-08-08,UA-18,16.5,1.9,79,2.52
2023-08-08,UA-21,16.8,1.9,78,1.8
2023-08-08,UA-23,23.7,0.1,63,4.21
2023-08-08,UA-26,16.0,3.8,78,2.81
2023-08-08,UA-30,17.7,1.9,74,2.41
2023-08-08,UA-32,17.3,0.7,74,2.12
2023-08-08,UA-35,18.9,15.0,75,2.54
2023-08-08,UA-40,23.7,0.0,72,4.43
2023-08-08,UA-43,22.3,0.0,72,1.96
2023-08-08,UA-46,15.1,1.8,79,3.76
2023-08-08,UA-48,20.7,1.8,69,3.79
2023-08-08,UA-51,18.6,4.0,78,3.97
2023-08-08,UA-53,20.9,1.2,62,2.53
2023-08-08,UA-56,16.1,1.5,77,3.42
2023-08-08,UA-59,19.2,0.0,71,2.46
2023-08-08,UA-61,15.3,2.7,79,3.32
2023-08-08,UA-63,21.4,0.0,66,2.91
2023-08-08,UA-65,21.5,0.7,62,3.59
2023-08-08,UA-68,15.8,0.7,78,3.09
2023-08-08,UA-71,19.1,11.7,74,1.95
2023-08-08,UA-74,18.1,0.8,72,2.79
2023-08-08,UA-77,16.9,0.4,71,2.25
2023-08-09,UA-05,17.9,0.0,64,1.52
2023-08-09,UA-07,17.1,0.2,70,2.81
2023-08-09,UA-09,25.8,0.2,56,2.39
2023-08-09,UA-12,19.8,1.2,74,4.55
2023-08-09,UA-14,22.9,0.0,64,3.03
2023-08-09,UA-18,17.3,0.0,65,1.87
2023-08-09,UA-21,18.3,0.2,68,2.29
2023-08-09,UA-23,21.0,0.2,70,5.82
2023-08-09,UA-26,17.7,0.0,68,1.45
2023-08-09,UA-30,18.0,0.0,67,2.08
2023-08-09,UA-32,18.1,0.0,65,1.69
2023-08-09,UA-35,18.4,0.1,73,2.76
2023-08-09,UA-40,23.0,0.0,68,6.14
2023-08-09,UA-43,20.6,0.0,69,3.18
2023-08-09,UA-46,17.1,0.4,71,2.87
2023-08-09,UA-48,20.8,0.0,66,3.88
2023-08-09,UA-51,20.4,0.0,63,3.44
2023-08-09,UA-53,18.5,12.1,76,3.57
2023-08-09,UA-56,17.2,0.0,69,2.42
2023-08-09,UA-59,18.1,3.1,80,2.77
2023-08-09,UA-61,17.0,0.0,71,1.99
2023-08-09,UA-63,19.5,3.1,73,2.95
2023-08-09,UA-65,20.9,0.0,62,3.92
2023-08-09,UA-68,16.7,0.0,71,1.98
2023-08-09,UA-71,19.0,0.8,73,2.7
2023-08-09,UA-74,18.1,0.0,66,2.41
2023-08-09,UA-77,19.1,0.0,59,1.44
2023-08-10,UA-05,18.8,0.0,61,2.25
2023-08-10,UA-07,18.1,2.0,78,1.34
2023-08-10,UA-09,25.7,0.2,59,3.76
2023-08-10,UA-12,21.7,16.7,77,3.52
2023-08-10,UA-14,23.8,1.6,65,3.39
2023-08-10,UA-18,18.5,0.0,61,2.22
2023-08-10,UA-21,19.4,0.2,68,1.75
2023-08-10,UA-23,22.5,8.8,74,3.81
2023-08-10,UA-26,18.4,2.4,74,1.62
2023-08-10,UA-30,19.3,0.2,63,2.63
2023-08-10,UA-32,18.9,0.0,63,2.5
2023-08-10,UA-35,20.5,0.1,71,3.83
2023-08-10,UA-40,24.4,0.8,73,4.53
2023-08-10,UA-43,23.2,4.3,74,3.09
2023-08-10,UA-46,17.2,10.8,80,1.45
2023-08-10,UA-48,22.7,0.0,62,4.27
2023-08-10,UA-51,22.0,0.0,58,4.9
2023-08-10,UA-53,20.5,12.9,74,4.14
2023-08-10,UA-56,18.5,0.2,71,1.73
2023-08-10,UA-59,20.2,8.3,70,3.76
2023-08-10,UA-61,18.1,0.3,71,1.77
2023-08-10,UA-63,21.8,7.0,71,3.9
2023-08-10,UA-65,23.0,2.5,61,3.8
2023-08-10,UA-68,17.9,0.2,70,1.91
2023-08-10,UA-71,20.2,0.5,71,3.43
2023-08-10,UA-74,19.0,0.1,62,2.88
2023-08-10,UA-77,19.6,0.0,63,1.41
2023-08-11,UA-05,19.3,0.0,61,3.74
2023-08-11,UA-07,17.2,5.2,84,2.49
2023-08-11,UA-09,26.4,4.1,58,4.38
2023-08-11,UA-12,20.8,16.2,93,2.68
2023-08-11,UA-14,21.9,14.4,83,2.39
2023-08-11,UA-18,18.9,0.0,64,3.54
2023-08-11,UA-21,19.1,0.0,65,2.34
2023-08-11,UA-23,22.3,12.1,87,2.81
2023-08-11,UA-26,17.3,0.5,79,3.13
2023-08-11,UA-30,20.1,0.0,70,3.62
2023-08-11,UA-32,20.2,0.3,67,3.79
2023-08-11,UA-35,19.3,19.7,89,4.15
2023-08-11,UA-40,23.1,4.5,81,5.03
2023-08-11,UA-43,20.9,9.8,90,2.2
2023-08-11,UA-46,16.6,0.6,79,2.36
2023-08-11,UA-48,21.9,1.5,74,4.15
2023-08-11,UA-51,22.6,1.6,57,5.46
2023-08-11,UA-53,19.8,25.6,93,2.91
2023-08-11,UA-56,17.7,5.9,83,2.5
2023-08-11,UA-59,19.8,32.8,93,2.27
2023-08-11,UA-61,16.9,2.1,83,3.04
2023-08-11,UA-63,20.5,28.2,91,2.82
2023-08-11,UA-65,20.7,11.4,86,3.21
2023-08-11,UA-68,17.6,1.7,77,3.19
2023-08-11,UA-71,19.2,3.6,87,3.99
2023-08-11,UA-74,19.8,0.0,66,3.81
2023-08-11,UA-77,19.1,0.3,71,3.92
2023-08-12,UA-05,19.1,0.3,68,3.7
2023-08-12,UA-07,18.0,0.0,69,2.56
2023-08-12,UA-09,24.9,0.5,66,3.14
2023-08-12,UA-12,20.6,0.1,79,3.47
2023-08-12,UA-14,21.8,0.0,76,2.6
2023-08-12,UA-18,18.7,0.5,71,4.42
2023-08-12,UA-21,19.6,0.0,61,1.26
2023-08-12,UA-23,21.5,1.0,79,3.11
2023-08-12,UA-26,18.1,0.0,64,2.3
2023-08-12,UA-30,19.9,0.0,66,4.99
2023-08-12,UA-32,19.7,0.2,66,4.04
2023-08-12,UA-35,20.7,0.2,70,3.55
2023-08-12,UA-40,23.3,0.0,69,4.8
2023-08-12,UA-43,21.4,0.1,74,2.29
2023-08-12,UA-46,17.7,0.0,71,2.16
2023-08-12,UA-48,23.0,0.0,58,3.07
2023-08-12,UA-51,23.1,0.1,51,3.46
2023-08-12,UA-53,19.0,3.5,80,4.02
2023-08-12,UA-56,18.2,0.1,72,3.09
2023-08-12,UA-59,17.8,8.7,86,6.05
2023-08-12,UA-61,17.8,0.0,68,2.79
2023-08-12,UA-63,19.6,0.3,83,3.51
2023-08-12,UA-65,22.6,0.0,62,2.7
2023-08-12,UA-68,17.8,0.2,72,3.51
2023-08-12,UA-71,20.5,0.1,69,4.24
2023-08-12,UA-74,17.3,8.6,79,6.03
2023-08-12,UA-77,19.4,0.0,58,2.83
2023-08-13,UA-05,20.4,0.0,61,2.14
2023-08-13,UA-07,20.7,0.0,69,2.27
2023-08-13,UA-09,23.0,0.0,57,2.63
2023-08-13,UA-12,21.5,0.1,70,2.06
2023-08-13,UA-14,21.2,0.0,64,1.92
2023-08-13,UA-18,19.9,0.0,65,2.77
2023-08-13,UA-21,21.6,0.0,64,1.9
2023-08-13,UA-23,22.4,0.0,66,1.78
2023-08-13,UA-26,21.0,0.0,65,1.73
2023-08-13,UA-30,20.5,0.0,60,3.11
2023-08-13,UA-32,19.9,0.0,64,2.51
2023-08-13,UA-35,21.1,0.0,61,1.89
2023-08-13,UA-40,24.1,0.0,67,3.65
2023-08-13,UA-43,22.0,0.0,67,3.01
2023-08-13,UA-46,20.6,0.0,70,2.25
2023-08-13,UA-48,23.4,0.0,57,1.3
2023-08-13,UA-51,23.0,0.0,57,2.22
2023-08-13,UA-53,19.4,0.0,72,2.56
2023-08-13,UA-56,20.5,0.0,68,2.23
2023-08-13,UA-59,19.7,0.0,71,4.1
2023-08-13,UA-61,20.2,0.0,66,2.27
2023-08-13,UA-63,20.0,0.0,72,2.76
2023-08-13,UA-65,23.1,0.0,59,1.39
2023-08-13,UA-68,20.1,0.0,66,2.4
2023-08-13,UA-71,20.7,0.0,65,2.46
2023-08-13,UA-74,19.2,1.9,67,4.18
2023-08-13,UA-77,21.0,0.0,56,1.51
2023-08-14,UA-05,23.1,0.0,59,1.26
2023-08-14,UA-07,23.8,0.0,71,2.17
2023-08-14,UA-09,23.5,0.0,57,2.55
2023-08-14,UA-12,22.5,0.0,68,1.6
2023-08-14,UA-14,21.8,0.0,64,2.35
2023-08-14,UA-18,22.9,0.0,63,1.75
2023-08-14,UA-21,23.4,0.0,69,1.32
2023-08-14,UA-23,23.1,0.0,65,2.56
2023-08-14,UA-26,23.0,0.0,63,1.77
2023-08-14,UA-30,22.9,0.0,62,1.8
2023-08-14,UA-32,22.2,0.0,65,1.32
2023-08-14,UA-35,22.1,0.0,62,1.39
2023-08-14,UA-40,25.1,0.0,65,4.49
2023-08-14,UA-43,23.2,0.0,63,4.31
2023-08-14,UA-46,23.1,0.0,70,1.88
2023-08-14,UA-48,24.2,0.0,58,2.38
2023-08-14,UA-51,24.1,0.0,56,2.14
2023-08-14,UA-53,21.3,0.0,69,1.59
2023-08-14,UA-56,23.8,0.0,66,2.02
2023-08-14,UA-59,21.3,0.0,71,1.91
2023-08-14,UA-61,22.6,0.0,65,1.92
2023-08-14,UA-63,21.5,0.0,69,1.89
2023-08-14,UA-65,23.6,0.0,59,2.73
2023-08-14,UA-68,22.2,0.0,63,1.83
2023-08-14,UA-71,22.5,0.0,64,1.45
2023-08-14,UA-74,22.3,0.0,64,2.11
2023-08-14,UA-77,23.1,0.0,54,2.04
2023-08-15,UA-05,25.0,0.0,57,1.74
2023-08-15,UA-07,24.6,0.0,62,2.44
2023-08-15,UA-09,25.4,0.0,56,2.3
2023-08-15,UA-12,24.0,0.0,68,2.09
2023-08-15,UA-14,23.8,0.0,63,2.51
2023-08-15,UA-18,24.7,0.0,61,1.68
2023-08-15,UA-21,24.7,0.2,66,1.67
2023-08-15,UA-23,24.7,0.0,66,3.08
2023-08-15,UA-26,23.5,0.0,56,3.37
2023-08-15,UA-30,25.2,0.0,60,1.51
2023-08-15,UA-32,24.4,0.0,61,1.54
2023-08-15,UA-35,23.8,0.0,66,1.77
2023-08-15,UA-40,26.0,0.0,61,5.1
2023-08-15,UA-43,24.2,0.0,61,5.44
2023-08-15,UA-46,23.3,0.0,61,3.45
2023-08-15,UA-48,26.0,0.0,55,3.89
2023-08-15,UA-51,26.0,0.0,53,4.42
2023-08-15,UA-53,23.3,0.0,70,1.27
2023-08-15,UA-56,24.8,0.0,61,2.17
2023-08-15,UA-59,23.1,0.0,72,2.46
2023-08-15,UA-61,23.1,0.0,61,2.82
2023-08-15,UA-63,23.5,0.0,71,1.91
2023-08-15,UA-65,25.4,0.0,56,4.1
2023-08-15,UA-68,24.0,0.0,62,1.85
2023-08-15,UA-71,24.8,0.0,65,1.24
2023-08-15,UA-74,24.6,0.0,66,1.65
2023-08-15,UA-77,23.9,0.0,53,2.67
2023-08-16,UA-05,25.5,0.0,60,2.18
2023-08-16,UA-07,24.5,0.4,69,2.56
2023-08-16,UA-09,26.5,0.0,52,2.53
2023-08-16,UA-12,24.8,0.0,66,2.86
2023-08-16,UA-14,24.9,0.0,59,2.72
2023-08-16,UA-18,25.4,0.0,61,2.13
2023-08-16,UA-21,24.2,1.7,70,1.85
2023-08-16,UA-23,25.2,0.0,66,3.6
2023-08-16,UA-26,23.5,0.0,66,3.09
2023-08-16,UA-30,24.5,0.0,64,2.64
2023-08-16,UA-32,24.9,0.0,64,2.13
2023-08-16,UA-35,24.3,0.0,66,3.17
2023-08-16,UA-40,26.5,0.0,60,5.57
2023-08-16,UA-43,25.0,0.0,60,5.44
2023-08-16,UA-46,23.3,0.0,70,3.15
2023-08-16,UA-48,27.3,0.0,52,4.59
2023-08-16,UA-51,27.5,0.0,50,4.88
2023-08-16,UA-53,23.1,0.0,68,3.35
2023-08-16,UA-56,25.0,0.0,66,2.36
2023-08-16,UA-59,21.6,0.0,71,3.22
2023-08-16,UA-61,23.9,0.0,65,2.73
2023-08-16,UA-63,23.2,0.0,68,3.02
2023-08-16,UA-65,26.8,0.0,54,4.46
2023-08-16,UA-68,24.9,0.0,62,2.2
2023-08-16,UA-71,24.3,0.0,67,2.71
2023-08-16,UA-74,23.2,0.0,67,2.43
2023-08-16,UA-77,24.3,0.0,61,2.34
2023-08-17,UA-05,23.7,0.0,62,2.5
2023-08-17,UA-07,24.2,0.1,71,2.27
2023-08-17,UA-09,25.0,0.0,50,3.14
2023-08-17,UA-12,24.4,0.0,61,3.58
2023-08-17,UA-14,24.1,0.0,54,3.27
2023-08-17,UA-18,23.1,0.0,64,2.47
2023-08-17,UA-21,24.2,2.6,77,1.93
2023-08-17,UA-23,25.1,0.0,60,4.37
2023-08-17,UA-26,23.9,0.1,71,2.11
2023-08-17,UA-30,23.0,0.0,63,2.67
2023-08-17,UA-32,22.9,0.0,66,2.48
2023-08-17,UA-35,23.7,0.0,66,3.38
2023-08-17,UA-40,26.5,0.0,64,5.26
2023-08-17,UA-43,25.2,0.0,63,4.81
2023-08-17,UA-46,23.5,1.8,76,2.37
2023-08-17,UA-48,27.2,0.0,53,4.15
2023-08-17,UA-51,27.1,0.0,52,3.9
2023-08-17,UA-53,22.5,0.0,64,3.3
2023-08-17,UA-56,24.1,0.0,68,2.57
2023-08-17,UA-59,21.4,0.0,71,2.72
2023-08-17,UA-61,23.7,0.2,68,2.19
2023-08-17,UA-63,22.1,0.0,67,3.03
2023-08-17,UA-65,26.8,0.0,54,4.05
2023-08-17,UA-68,23.7,0.0,65,2.36
2023-08-17,UA-71,23.4,0.0,66,2.87
2023-08-17,UA-74,22.4,0.0,67,2.61
2023-08-17,UA-77,25.0,0.0,61,1.9
2023-08-18,UA-05,23.1,0.0,62,2.26
2023-08-18,UA-07,23.4,0.0,67,3.1
2023-08-18,UA-09,25.8,0.0,52,3.0
2023-08-18,UA-12,24.1,0.0,65,2.93
2023-08-18,UA-14,24.0,0.0,59,2.94
2023-08-18,UA-18,22.6,0.0,64,2.34
2023-08-18,UA-21,25.8,0.4,71,1.5
2023-08-18,UA-23,24.7,0.0,63,3.74
2023-08-18,UA-26,24.5,0.0,62,3.75
2023-08-18,UA-30,23.1,0.0,64,2.35
2023-08-18,UA-32,22.7,0.0,66,2.24
2023-08-18,UA-35,23.7,0.0,65,2.84
2023-08-18,UA-40,25.8,0.0,63,4.23
2023-08-18,UA-43,24.0,0.0,63,4.2
2023-08-18,UA-46,23.8,0.0,67,3.79
2023-08-18,UA-48,26.6,0.0,51,3.74
2023-08-18,UA-51,26.6,0.0,53,3.37
2023-08-18,UA-53,23.0,0.0,68,3.02
2023-08-18,UA-56,23.2,0.0,65,2.83
2023-08-18,UA-59,23.2,0.0,71,3.06
2023-08-18,UA-61,23.3,0.0,65,3.39
2023-08-18,UA-63,23.9,0.0,67,3.12
2023-08-18,UA-65,26.0,0.0,52,3.66
2023-08-18,UA-68,23.0,0.0,63,2.58
2023-08-18,UA-71,23.7,0.0,67,2.49
2023-08-18,UA-74,23.2,0.0,67,2.58
2023-08-18,UA-77,24.8,0.0,60,2.71
2023-08-19,UA-05,24.3,0.0,61,1.74
2023-08-19,UA-07,24.1,0.0,65,2.76
2023-08-19,UA-09,28.0,0.0,38,3.24
2023-08-19,UA-12,26.6,0.0,59,2.94
2023-08-19,UA-14,26.3,0.0,46,3.01
2023-08-19,UA-18,23.7,0.0,65,1.8
2023-08-19,UA-21,26.4,0.8,66,1.61
2023-08-19,UA-23,27.0,0.0,56,3.6
2023-08-19,UA-26,25.0,0.5,62,2.86
2023-08-19,UA-30,24.7,0.0,65,1.96
2023-08-19,UA-32,24.0,0.1,69,1.62
2023-08-19,UA-35,26.0,0.0,65,2.62
2023-08-19,UA-40,26.0,0.0,68,4.16
2023-08-19,UA-43,24.8,0.0,64,3.48
2023-08-19,UA-46,23.9,0.8,70,2.57
2023-08-19,UA-48,28.3,0.0,49,3.25
2023-08-19,UA-51,27.5,0.0,49,3.02
2023-08-19,UA-53,25.5,0.0,64,3.05
2023-08-19,UA-56,23.9,0.0,64,2.51
2023-08-19,UA-59,25.2,0.0,66,3.1
2023-08-19,UA-61,23.8,0.0,63,3.07
2023-08-19,UA-63,25.7,0.0,63,3.16
2023-08-19,UA-65,27.8,0.0,50,3.39
2023-08-19,UA-68,23.4,0.0,63,2.09
2023-08-19,UA-71,25.7,0.0,67,2.21
2023-08-19,UA-74,25.0,0.1,67,2.29
2023-08-19,UA-77,25.4,0.1,56,2.43
2023-08-20,UA-05,25.2,0.8,63,1.58
2023-08-20,UA-07,23.9,1.7,73,1.97
2023-08-20,UA-09,27.9,0.0,37,2.5
2023-08-20,UA-12,27.4,0.0,52,1.88
2023-08-20,UA-14,26.8,0.0,40,2.5
2023-08-20,UA-18,24.8,0.4,64,1.61
2023-08-20,UA-21,25.6,0.5,72,1.36
2023-08-20,UA-23,27.6,0.0,48,2.87
2023-08-20,UA-26,24.5,0.2,65,1.55
2023-08-20,UA-30,25.9,1.7,63,1.26
2023-08-20,UA-32,25.7,0.1,63,1.37
2023-08-20,UA-35,26.8,0.4,61,1.97
2023-08-20,UA-40,27.1,0.0,62,4.29
2023-08-20,UA-43,26.5,0.0,54,4.01
2023-08-20,UA-46,23.3,6.1,79,1.56
2023-08-20,UA-48,29.8,0.0,41,2.74
2023-08-20,UA-51,29.7,0.0,39,3.35
2023-08-20,UA-53,25.5,0.1,59,1.6
2023-08-20,UA-56,24.0,2.6,71,1.73
2023-08-20,UA-59,25.1,1.3,69,1.51
2023-08-20,UA-61,24.1,1.2,67,1.38
2023-08-20,UA-63,25.1,0.1,63,1.75
2023-08-20,UA-65,28.9,0.0,42,2.8
2023-08-20,UA-68,24.2,0.5,66,1.57
2023-08-20,UA-71,27.0,0.6,64,1.58
2023-08-20,UA-74,24.7,2.7,70,1.29
2023-08-20,UA-77,26.2,0.0,53,1.44
2023-08-21,UA-05,24.9,0.2,66,2.88
2023-08-21,UA-07,24.0,0.6,74,3.07
2023-08-21,UA-09,26.5,0.1,46,1.84
2023-08-21,UA-12,25.3,0.8,68,2.25
2023-08-21,UA-14,25.6,0.0,50,1.84
2023-08-21,UA-18,24.2,0.6,70,2.65
2023-08-21,UA-21,26.8,0.0,66,2.33
2023-08-21,UA-23,25.8,0.0,62,2.89
2023-08-21,UA-26,24.6,0.1,70,2.81
2023-08-21,UA-30,24.7,0.2,67,2.22
2023-08-21,UA-32,24.7,0.4,68,2.29
2023-08-21,UA-35,25.8,0.6,64,2.29
2023-08-21,UA-40,27.2,0.0,59,4.46
2023-08-21,UA-43,26.5,0.0,47,2.79
2023-08-21,UA-46,23.9,0.8,76,2.64
2023-08-21,UA-48,28.6,0.0,51,2.62
2023-08-21,UA-51,29.3,0.0,40,3.38
2023-08-21,UA-53,23.0,4.4,76,2.33
2023-08-21,UA-56,24.6,0.1,71,3.09
2023-08-21,UA-59,21.2,0.3,80,2.76
2023-08-21,UA-61,24.3,0.1,72,2.94
2023-08-21,UA-63,22.2,2.2,75,2.24
2023-08-21,UA-65,28.3,0.3,50,2.39
2023-08-21,UA-68,24.3,0.0,68,2.92
2023-08-21,UA-71,25.5,0.3,68,2.22
2023-08-21,UA-74,23.0,0.1,71,2.51
2023-08-21,UA-77,26.3,0.2,60,3.29
2023-08-22,UA-05,22.3,0.0,64,3.68
2023-08-22,UA-07,20.9,0.0,66,2.57
2023-08-22,UA-09,23.3,0.0,66,3.64
2023-08-22,UA-12,22.3,1.3,67,3.36
2023-08-22,UA-14,23.0,0.0,65,3.09
2023-08-22,UA-18,20.9,0.0,66,4.33
2023-08-22,UA-21,26.8,0.0,67,1.55
2023-08-22,UA-23,23.4,0.5,67,3.72
2023-08-22,UA-26,23.4,0.1,70,2.26
2023-08-22,UA-30,21.6,0.1,59,4.81
2023-08-22,UA-32,21.7,0.0,63,4.1
2023-08-22,UA-35,23.1,0.5,61,3.42
2023-08-22,UA-40,26.5,0.0,70,3.96
2023-08-22,UA-43,25.8,0.0,59,2.1
2023-08-22,UA-46,22.4,0.0,71,2.21
2023-08-22,UA-48,26.9,0.0,53,3.27
2023-08-22,UA-51,28.0,0.0,46,3.05
2023-08-22,UA-53,20.6,1.0,68,3.55
2023-08-22,UA-56,21.4,0.0,63,3.1
2023-08-22,UA-59,19.4,1.1,80,4.23
2023-08-22,UA-61,22.2,0.0,65,2.7
2023-08-22,UA-63,20.2,1.6,78,3.62
2023-08-22,UA-65,27.1,0.0,49,2.91
2023-08-22,UA-68,21.9,0.0,66,3.35
2023-08-22,UA-71,22.4,0.1,64,4.06
2023-08-22,UA-74,20.5,0.3,65,4.97
2023-08-22,UA-77,25.7,0.0,58,3.08
2023-08-23,UA-05,20.8,0.0,66,1.61
2023-08-23,UA-07,20.1,4.5,74,2.27
2023-08-23,UA-09,21.2,0.0,61,3.98
2023-08-23,UA-12,19.9,0.0,67,3.19
2023-08-23,UA-14,20.1,0.0,62,3.15
2023-08-23,UA-18,19.5,0.0,66,2.1
2023-08-23,UA-21,23.6,13.2,83,1.86
2023-08-23,UA-23,21.5,0.0,61,3.45
2023-08-23,UA-26,21.3,5.7,86,1.5
2023-08-23,UA-30,19.5,0.0,64,2.8
2023-08-23,UA-32,20.0,0.0,62,2.17
2023-08-23,UA-35,20.9,0.0,59,1.84
2023-08-23,UA-40,25.4,0.0,65,2.53
2023-08-23,UA-43,23.5,0.0,57,2.05
2023-08-23,UA-46,21.0,3.7,80,2.13
2023-08-23,UA-48,25.0,0.0,50,1.88
2023-08-23,UA-51,25.6,0.0,55,1.93
2023-08-23,UA-53,18.6,0.0,67,3.16
2023-08-23,UA-56,20.4,0.8,69,2.16
2023-08-23,UA-59,18.1,0.0,71,3.76
2023-08-23,UA-61,19.9,3.4,77,1.36
2023-08-23,UA-63,19.0,0.0,69,3.89
2023-08-23,UA-65,24.9,0.0,47,1.89
2023-08-23,UA-68,20.2,0.7,72,1.57
2023-08-23,UA-71,20.9,0.0,63,2.31
2023-08-23,UA-74,18.9,0.3,62,3.17
2023-08-23,UA-77,21.8,12.9,79,1.42
2023-08-24,UA-05,20.9,0.0,60,1.91
2023-08-24,UA-07,19.7,0.0,69,1.57
2023-08-24,UA-09,20.1,0.0,55,3.04
2023-08-24,UA-12,20.7,0.0,63,1.88
2023-08-24,UA-14,18.7,0.0,60,2.28
2023-08-24,UA-18,19.5,0.0,61,1.8
2023-08-24,UA-21,23.7,0.0,71,2.18
2023-08-24,UA-23,22.1,0.0,58,2.18
2023-08-24,UA-26,21.6,0.0,73,1.46
2023-08-24,UA-30,19.8,0.0,63,2.11
2023-08-24,UA-32,19.8,0.0,61,1.72
2023-08-24,UA-35,21.7,0.0,58,1.35
2023-08-24,UA-40,24.9,0.0,68,1.58
2023-08-24,UA-43,23.4,0.0,59,1.7
2023-08-24,UA-46,20.2,0.1,74,1.35
2023-08-24,UA-48,24.9,0.0,58,2.77
2023-08-24,UA-51,24.6,1.8,75,2.66
2023-08-24,UA-53,18.9,0.0,65,2.17
2023-08-24,UA-56,19.9,0.0,64,1.61
2023-08-24,UA-59,18.1,0.1,72,2.92
2023-08-24,UA-61,20.4,0.0,65,1.9
2023-08-24,UA-63,18.8,0.0,68,2.78
2023-08-24,UA-65,24.5,0.0,55,2.33
2023-08-24,UA-68,20.5,0.0,62,1.83
2023-08-24,UA-71,21.0,0.0,64,1.66
2023-08-24,UA-74,19.1,0.2,63,2.68
2023-08-24,UA-77,23.1,0.3,72,1.67
2023-08-25,UA-05,22.1,0.0,55,1.16
2023-08-25,UA-07,20.5,0.2,72,2.01
2023-08-25,UA-09,19.7,0.4,61,2.97
2023-08-25,UA-12,21.3,0.0,62,2.21
2023-08-25,UA-14,19.2,0.1,63,2.13
2023-08-25,UA-18,20.7,0.0,62,1.49
2023-08-25,UA-21,23.9,0.0,68,2.03
2023-08-25,UA-23,23.0,0.0,56,2.48
2023-08-25,UA-26,22.5,0.0,68,1.4
2023-08-25,UA-30,21.0,0.0,62,2.34
2023-08-25,UA-32,21.2,0.0,60,1.76
2023-08-25,UA-35,22.0,0.0,56,1.77
2023-08-25,UA-40,24.7,0.1,72,2.79
2023-08-25,UA-43,23.1,0.2,71,2.39
2023-08-25,UA-46,21.0,0.1,75,2.26
2023-08-25,UA-48,25.0,0.0,57,1.68
2023-08-25,UA-51,24.8,0.1,72,2.29
2023-08-25,UA-53,19.3,0.1,68,2.2
2023-08-25,UA-56,20.8,0.0,66,1.58
2023-08-25,UA-59,18.5,0.2,77,1.77
2023-08-25,UA-61,21.4,0.0,67,1.89
2023-08-25,UA-63,19.0,0.4,74,2.17
2023-08-25,UA-65,24.7,0.0,56,1.67
2023-08-25,UA-68,21.5,0.0,60,1.77
2023-08-25,UA-71,21.6,0.0,64,2.18
2023-08-25,UA-74,20.6,0.0,62,1.54
2023-08-25,UA-77,24.4,0.0,64,1.72
2023-08-26,UA-05,25.2,0.0,57,2.12
2023-08-26,UA-07,24.1,5.9,74,2.82
2023-08-26,UA-09,19.3,0.0,56,1.88
2023-08-26,UA-12,23.5,0.0,59,2.22
2023-08-26,UA-14,19.5,0.0,63,1.43
2023-08-26,UA-18,23.9,0.0,64,2.13
2023-08-26,UA-21,26.3,0.2,65,2.45
2023-08-26,UA-23,24.0,0.0,57,2.03
2023-08-26,UA-26,25.3,0.0,66,1.72
2023-08-26,UA-30,23.7,0.0,61,1.94
2023-08-26,UA-32,25.1,0.1,58,2.0
2023-08-26,UA-35,24.1,4.0,65,3.3
2023-08-26,UA-40,25.1,0.0,66,1.83
2023-08-26,UA-43,23.5,0.0,59,2.02
2023-08-26,UA-46,24.2,0.0,72,2.26
2023-08-26,UA-48,26.0,0.0,65,3.67
2023-08-26,UA-51,25.7,0.0,71,4.27
2023-08-26,UA-53,22.1,0.5,62,2.69
2023-08-26,UA-56,24.5,0.0,68,2.8
2023-08-26,UA-59,20.6,0.3,71,2.85
2023-08-26,UA-61,24.7,0.0,67,2.49
2023-08-26,UA-63,20.4,0.0,67,2.06
2023-08-26,UA-65,25.5,0.0,55,2.71
2023-08-26,UA-68,24.6,0.0,61,2.46
2023-08-26,UA-71,24.4,0.6,66,2.81
2023-08-26,UA-74,22.7,0.0,62,2.13
2023-08-26,UA-77,26.5,0.0,57,1.43
2023-08-27,UA-05,27.0,0.1,57,1.53
2023-08-27,UA-07,23.3,1.0,82,2.08
2023-08-27,UA-09,22.3,0.1,60,3.51
2023-08-27,UA-12,25.6,0.2,66,3.47
2023-08-27,UA-14,22.0,0.2,65,2.84
2023-08-27,UA-18,24.8,0.1,70,1.73
2023-08-27,UA-21,27.9,0.2,61,3.01
2023-08-27,UA-23,25.2,0.0,68,3.83
2023-08-27,UA-26,26.4,0.0,65,2.41
2023-08-27,UA-30,25.2,0.0,68,1.74
2023-08-27,UA-32,25.8,0.4,67,1.7
2023-08-27,UA-35,26.2,0.7,67,2.2
2023-08-27,UA-40,25.3,0.0,66,1.85
2023-08-27,UA-43,23.8,0.0,57,2.79
2023-08-27,UA-46,25.2,0.1,71,2.83
2023-08-27,UA-48,27.6,0.0,61,3.77
2023-08-27,UA-51,27.3,0.0,57,4.33
2023-08-27,UA-53,24.0,1.1,73,2.45
2023-08-27,UA-56,24.7,0.1,73,2.08
2023-08-27,UA-59,22.8,0.1,75,1.54
2023-08-27,UA-61,25.4,0.0,69,2.04
2023-08-27,UA-63,24.1,0.3,68,2.14
2023-08-27,UA-65,26.6,0.0,61,3.37
2023-08-27,UA-68,25.9,0.0,64,1.83
2023-08-27,UA-71,26.3,0.4,67,1.88
2023-08-27,UA-74,24.2,0.0,68,1.77
2023-08-27,UA-77,27.6,1.9,59,2.03
2023-08-28,UA-05,28.2,0.0,51,1.73
2023-08-28,UA-07,25.0,0.0,78,3.36
2023-08-28,UA-09,24.0,0.0,61,2.64
2023-08-28,UA-12,26.2,0.0,65,2.34
2023-08-28,UA-14,23.8,0.0,65,2.14
2023-08-28,UA-18,27.3,0.0,61,2.02
2023-08-28,UA-21,28.4,0.0,59,2.68
2023-08-28,UA-23,26.7,0.0,64,3.05
2023-08-28,UA-26,27.2,0.0,58,2.14
2023-08-28,UA-30,27.1,0.4,62,1.65
2023-08-28,UA-32,27.8,0.9,60,1.71
2023-08-28,UA-35,27.7,0.2,61,1.74
2023-08-28,UA-40,26.2,0.4,68,4.0
2023-08-28,UA-43,25.2,1.1,58,2.37
2023-08-28,UA-46,25.2,0.0,73,2.61
2023-08-28,UA-48,29.5,1.4,49,1.85
2023-08-28,UA-51,29.5,0.0,43,3.19
2023-08-28,UA-53,25.0,0.0,69,1.72
2023-08-28,UA-56,26.6,0.8,70,2.78
2023-08-28,UA-59,23.8,0.1,75,2.08
2023-08-28,UA-61,27.1,0.0,62,2.42
2023-08-28,UA-63,23.7,0.0,72,2.43
2023-08-28,UA-65,28.8,0.3,55,1.61
2023-08-28,UA-68,27.4,0.2,58,2.08
2023-08-28,UA-71,27.8,0.2,68,1.48
2023-08-28,UA-74,26.6,0.1,63,1.9
2023-08-28,UA-77,28.4,0.0,53,1.93
2023-08-29,UA-05,28.9,0.7,50,2.94
2023-08-29,UA-07,27.4,0.4,58,4.25
2023-08-29,UA-09,19.6,0.0,48,2.78
2023-08-29,UA-12,25.6,0.0,61,2.59
2023-08-29,UA-14,20.9,0.0,55,2.76
2023-08-29,UA-18,28.0,0.8,55,3.37
2023-08-29,UA-21,26.1,2.7,60,2.42
2023-08-29,UA-23,26.2,0.0,58,3.03
2023-08-29,UA-26,27.2,0.3,53,3.69
2023-08-29,UA-30,27.5,0.0,58,2.77
2023-08-29,UA-32,28.0,1.0,58,2.51
2023-08-29,UA-35,26.9,0.1,65,2.18
2023-08-29,UA-40,26.4,0.2,73,2.35
2023-08-29,UA-43,25.2,0.2,62,3.5
2023-08-29,UA-46,25.4,1.0,64,3.0
2023-08-29,UA-48,29.3,0.4,53,3.36
2023-08-29,UA-51,28.8,0.0,55,3.8
2023-08-29,UA-53,24.1,1.4,70,2.43
2023-08-29,UA-56,28.2,0.1,54,4.31
2023-08-29,UA-59,22.2,1.7,78,3.0
2023-08-29,UA-61,27.3,1.3,49,4.79
2023-08-29,UA-63,21.6,0.0,67,2.88
2023-08-29,UA-65,28.5,0.6,54,3.38
2023-08-29,UA-68,28.4,0.2,47,4.11
2023-08-29,UA-71,27.8,0.2,68,1.98
2023-08-29,UA-74,25.8,0.0,69,3.63
2023-08-29,UA-77,27.9,1.6,46,4.12
2023-08-30,UA-05,23.2,1.6,65,2.99
2023-08-30,UA-07,22.0,3.9,73,3.55
2023-08-30,UA-09,19.5,0.0,41,2.39
2023-08-30,UA-12,23.4,0.0,44,3.36
2023-08-30,UA-14,19.4,0.0,42,2.9
2023-08-30,UA-18,24.2,0.5,62,3.35
2023-08-30,UA-21,21.1,9.7,83,2.38
2023-08-30,UA-23,23.2,0.0,42,4.21
2023-08-30,UA-26,21.0,7.4,76,1.4
2023-08-30,UA-30,25.7,0.2,60,4.37
2023-08-30,UA-32,25.3,0.3,56,3.97
2023-08-30,UA-35,24.1,0.0,53,3.69
2023-08-30,UA-40,25.0,0.0,63,2.95
2023-08-30,UA-43,23.5,0.0,64,3.46
2023-08-30,UA-46,20.5,10.1,81,2.07
2023-08-30,UA-48,25.6,0.0,48,4.45
2023-08-30,UA-51,25.4,0.0,59,5.43
2023-08-30,UA-53,22.4,0.0,54,3.39
2023-08-30,UA-56,21.9,8.7,76,4.38
2023-08-30,UA-59,22.3,0.0,66,3.32
2023-08-30,UA-61,20.5,16.6,78,3.77
2023-08-30,UA-63,21.4,0.0,54,2.67
2023-08-30,UA-65,24.8,0.0,47,4.44
2023-08-30,UA-68,21.0,9.3,77,4.89
2023-08-30,UA-71,24.9,0.0,61,3.73
2023-08-30,UA-74,26.0,0.1,65,4.33
2023-08-30,UA-77,21.3,3.9,75,4.04
2023-08-31,UA-05,20.8,0.1,72,2.5
2023-08-31,UA-07,17.8,15.1,90,2.82
2023-08-31,UA-09,21.5,0.0,37,2.81
2023-08-31,UA-12,24.3,0.0,44,3.18
2023-08-31,UA-14,21.5,0.0,38,3.16
2023-08-31,UA-18,20.1,0.5,78,2.49
2023-08-31,UA-21,18.9,4.6,84,2.42
2023-08-31,UA-23,24.4,0.0,46,3.62
2023-08-31,UA-26,19.3,0.9,76,2.03
2023-08-31,UA-30,22.7,0.4,56,3.22
2023-08-31,UA-32,22.6,0.5,60,2.63
2023-08-31,UA-35,24.1,0.0,52,2.19
2023-08-31,UA-40,24.8,0.0,86,2.82
2023-08-31,UA-43,24.8,0.1,75,1.71
2023-08-31,UA-46,17.9,10.7,86,2.76
2023-08-31,UA-48,25.5,0.0,61,2.71
2023-08-31,UA-51,25.7,1.6,62,2.48
2023-08-31,UA-53,22.0,0.0,49,3.2
2023-08-31,UA-56,18.9,10.8,82,3.11
2023-08-31,UA-59,21.5,0.0,51,3.52
2023-08-31,UA-61,18.7,1.3,79,2.71
2023-08-31,UA-63,21.6,0.0,47,3.14
2023-08-31,UA-65,25.5,0.0,60,2.35
2023-08-31,UA-68,19.8,1.1,76,2.73
2023-08-31,UA-71,23.4,0.0,61,2.61
2023-08-31,UA-74,23.2,0.3,54,3.78
2023-08-31,UA-77,20.9,0.0,64,1.84
2023-09-01,UA-05,19.2,0.2,72,2.63
2023-09-01,UA-07,16.7,0.1,77,2.6
2023-09-01,UA-09,24.0,0.0,43,2.4
2023-09-01,UA-12,22.0,9.6,72,2.49
2023-09-01,UA-14,22.1,0.4,53,2.45
2023-09-01,UA-18,17.9,0.5,74,2.59
2023-09-01,UA-21,19.3,0.4,73,1.67
2023-09-01,UA-23,22.4,8.9,75,2.01
2023-09-01,UA-26,18.9,0.1,70,2.26
2023-09-01,UA-30,19.6,3.0,75,3.26
2023-09-01,UA-32,19.5,1.3,75,2.87
2023-09-01,UA-35,21.5,7.1,76,3.29
2023-09-01,UA-40,24.5,0.7,83,3.31
2023-09-01,UA-43,23.3,2.6,79,1.63
2023-09-01,UA-46,17.3,0.1,76,2.31
2023-09-01,UA-48,24.8,1.5,63,3.38
2023-09-01,UA-51,24.1,1.0,59,4.02
2023-09-01,UA-53,20.3,10.3,75,2.52
2023-09-01,UA-56,17.3,0.0,76,2.47
2023-09-01,UA-59,19.6,6.7,72,2.88
2023-09-01,UA-61,17.7,0.5,74,2.41
2023-09-01,UA-63,21.2,1.3,63,2.71
2023-09-01,UA-65,24.9,0.1,64,2.66
2023-09-01,UA-68,18.0,0.1,74,2.39
2023-09-01,UA-71,20.2,19.5,84,3.25
2023-09-01,UA-74,19.5,0.0,73,3.45
2023-09-01,UA-77,20.0,0.2,67,2.6
2023-09-02,UA-05,19.3,0.0,67,1.66
2023-09-02,UA-07,16.1,4.3,87,1.71
2023-09-02,UA-09,22.2,0.0,67,3.15
2023-09-02,UA-12,20.1,0.0,69,3.99
2023-09-02,UA-14,20.4,0.2,74,3.34
2023-09-02,UA-18,18.0,0.8,70,1.4
2023-09-02,UA-21,21.0,4.3,72,2.3
2023-09-02,UA-23,21.0,0.0,69,4.88
2023-09-02,UA-26,19.7,5.0,75,1.97
2023-09-02,UA-30,18.5,0.1,65,1.53
2023-09-02,UA-32,18.9,0.1,63,1.41
2023-09-02,UA-35,19.9,0.0,60,2.73
2023-09-02,UA-40,24.7,0.0,66,5.55
2023-09-02,UA-43,22.3,0.0,67,3.3
2023-09-02,UA-46,17.3,6.8,85,2.06
2023-09-02,UA-48,23.1,0.0,53,3.05
2023-09-02,UA-51,23.3,0.0,51,2.78
2023-09-02,UA-53,18.9,0.0,68,3.56
2023-09-02,UA-56,16.6,2.5,83,1.66
2023-09-02,UA-59,18.0,0.0,74,3.5
2023-09-02,UA-61,17.7,2.3,81,2.22
2023-09-02,UA-63,19.4,0.0,72,3.82
2023-09-02,UA-65,23.1,0.0,52,3.26
2023-09-02,UA-68,18.0,0.2,76,2.14
2023-09-02,UA-71,19.3,0.0,68,2.29
2023-09-02,UA-74,17.5,0.0,62,2.16
2023-09-02,UA-77,21.4,0.5,64,1.84
2023-09-03,UA-05,19.2,0.6,71,2.53
2023-09-03,UA-07,16.7,3.0,84,1.71
2023-09-03,UA-09,22.1,0.0,61,2.56
2023-09-03,UA-12,20.0,0.0,59,3.34
2023-09-03,UA-14,20.8,0.0,63,3.22
2023-09-03,UA-18,18.3,1.5,72,2.31
2023-09-03,UA-21,17.5,5.6,85,2.64
2023-09-03,UA-23,21.3,0.0,60,4.41
2023-09-03,UA-26,16.8,8.2,88,2.28
2023-09-03,UA-30,19.0,1.4,64,2.67
2023-09-03,UA-32,19.8,0.2,63,2.02
2023-09-03,UA-35,20.3,0.0,56,1.83
2023-09-03,UA-40,23.7,0.0,58,6.21
2023-09-03,UA-43,20.9,0.0,60,3.65
2023-09-03,UA-46,15.6,8.9,91,1.88
2023-09-03,UA-48,23.0,0.0,46,2.41
2023-09-03,UA-51,23.4,0.0,50,1.98
2023-09-03,UA-53,18.5,0.0,60,2.73
2023-09-03,UA-56,17.0,2.7,82,1.63
2023-09-03,UA-59,17.2,0.0,68,2.5
2023-09-03,UA-61,16.4,1.8,86,2.07
2023-09-03,UA-63,18.9,0.0,62,3.12
2023-09-03,UA-65,22.5,0.0,43,3.03
2023-09-03,UA-68,17.1,3.0,81,2.53
2023-09-03,UA-71,19.6,0.1,69,2.29
2023-09-03,UA-74,18.2,0.3,67,1.78
2023-09-03,UA-77,18.0,6.0,87,2.31
2023-09-04,UA-05,16.1,16.7,85,3.97
2023-09-04,UA-07,16.1,0.2,74,2.96
2023-09-04,UA-09,21.3,0.0,57,3.08
2023-09-04,UA-12,21.1,0.1,62,3.61
2023-09-04,UA-14,20.6,0.1,63,3.05
2023-09-04,UA-18,16.7,2.6,75,3.72
2023-09-04,UA-21,19.3,0.0,63,4.36
2023-09-04,UA-23,21.9,0.5,64,4.26
2023-09-04,UA-26,16.4,3.1,83,2.69
2023-09-04,UA-30,18.7,0.1,65,4.19
2023-09-04,UA-32,18.6,1.2,66,3.87
2023-09-04,UA-35,20.7,0.0,56,4.66
2023-09-04,UA-40,23.9,0.5,64,4.82
2023-09-04,UA-43,21.8,0.1,66,3.93
2023-09-04,UA-46,16.0,0.6,75,3.4
2023-09-04,UA-48,23.3,0.0,50,4.92
2023-09-04,UA-51,23.5,0.0,50,5.24
2023-09-04,UA-53,19.7,0.0,59,4.99
2023-09-04,UA-56,16.6,0.1,74,3.0
2023-09-04,UA-59,18.4,0.0,64,4.64
2023-09-04,UA-61,16.3,1.0,80,3.41
2023-09-04,UA-63,20.2,0.1,65,4.31
2023-09-04,UA-65,23.1,0.0,49,4.59
2023-09-04,UA-68,15.7,10.9,86,3.57
2023-09-04,UA-71,19.7,0.0,63,4.24
2023-09-04,UA-74,18.3,0.0,65,3.92
2023-09-04,UA-77,16.4,4.9,88,3.5
2023-09-05,UA-05,17.2,0.0,61,3.53
2023-09-05,UA-07,16.3,0.0,72,1.6
2023-09-05,UA-09,17.2,1.6,72,2.73
2023-09-05,UA-12,21.1,0.6,70,3.38
2023-09-05,UA-14,17.8,0.0,69,3.15
2023-09-05,UA-18,16.4,0.0,63,3.21
2023-09-05,UA-21,19.4,0.0,63,2.36
2023-09-05,UA-23,22.2,0.0,62,3.84
2023-09-05,UA-26,16.7,0.0,70,1.34
2023-09-05,UA-30,17.6,0.0,64,3.55
2023-09-05,UA-32,17.9,0.0,59,3.68
2023-09-05,UA-35,20.0,0.0,65,4.73
2023-09-05,UA-40,21.8,0.0,69,6.09
2023-09-05,UA-43,18.8,0.2,76,5.16
2023-09-05,UA-46,16.1,0.0,70,1.89
2023-09-05,UA-48,23.1,0.0,55,5.06
2023-09-05,UA-51,22.8,0.1,53,6.09
2023-09-05,UA-53,19.3,0.2,70,3.87
2023-09-05,UA-56,16.5,0.0,69,2.03
2023-09-05,UA-59,18.4,0.0,68,3.76
2023-09-05,UA-61,16.3,0.0,66,2.3
2023-09-05,UA-63,19.0,1.7,77,3.5
2023-09-05,UA-65,23.1,0.0,54,4.73
2023-09-05,UA-68,16.0,0.0,66,3.02
2023-09-05,UA-71,18.8,0.0,68,4.24
2023-09-05,UA-74,17.4,0.0,60,3.15
2023-09-05,UA-77,17.6,0.0,66,2.55
2023-09-06,UA-05,17.9,0.0,64,2.23
2023-09-06,UA-07,17.4,0.0,74,2.17
2023-09-06,UA-09,19.1,0.0,63,2.06
2023-09-06,UA-12,20.1,0.0,65,2.92
2023-09-06,UA-14,18.8,0.0,62,2.1
2023-09-06,UA-18,17.5,0.0,68,2.3
2023-09-06,UA-21,18.6,0.0,68,1.39
2023-09-06,UA-23,21.5,0.0,63,3.47
2023-09-06,UA-26,17.1,0.0,66,1.4
2023-09-06,UA-30,18.4,0.0,69,2.74
2023-09-06,UA-32,18.5,0.0,63,2.47
2023-09-06,UA-35,19.5,0.0,58,3.01
2023-09-06,UA-40,23.0,0.0,60,5.04
2023-09-06,UA-43,19.8,0.0,63,3.62
2023-09-06,UA-46,17.3,0.0,71,1.34
2023-09-06,UA-48,22.8,0.0,52,3.74
2023-09-06,UA-51,22.9,0.0,48,4.42
2023-09-06,UA-53,19.0,0.0,62,2.97
2023-09-06,UA-56,17.5,0.0,71,2.25
2023-09-06,UA-59,17.8,0.0,67,3.11
2023-09-06,UA-61,17.4,0.0,67,1.2
2023-09-06,UA-63,19.2,0.0,65,2.81
2023-09-06,UA-65,22.9,0.0,51,3.56
2023-09-06,UA-68,17.0,0.0,70,1.84
2023-09-06,UA-71,19.4,0.0,63,2.77
2023-09-06,UA-74,18.8,0.0,64,3.68
2023-09-06,UA-77,17.6,0.0,63,1.47
2023-09-07,UA-05,18.4,0.2,64,2.9
2023-09-07,UA-07,17.8,0.2,75,2.3
2023-09-07,UA-09,17.3,0.4,55,3.5
2023-09-07,UA-12,18.5,0.0,58,3.92
2023-09-07,UA-14,17.3,0.0,57,3.32
2023-09-07,UA-18,17.1,0.0,65,2.88
2023-09-07,UA-21,20.0,0.0,65,1.69
2023-09-07,UA-23,19.9,0.0,57,4.78
2023-09-07,UA-26,18.3,0.0,70,1.34
2023-09-07,UA-30,17.0,0.0,64,3.16
2023-09-07,UA-32,17.7,0.0,62,2.95
2023-09-07,UA-35,19.0,0.0,57,3.76
2023-09-07,UA-40,23.1,0.0,55,5.1
2023-09-07,UA-43,20.6,0.0,56,3.14
2023-09-07,UA-46,18.2,0.0,76,1.75
2023-09-07,UA-48,21.6,0.0,48,4.21
2023-09-07,UA-51,22.2,0.0,45,4.57
2023-09-07,UA-53,16.5,0.0,58,4.0
2023-09-07,UA-56,17.7,0.2,73,2.17
2023-09-07,UA-59,14.7,0.0,62,3.98
2023-09-07,UA-61,17.9,0.0,75,1.93
2023-09-07,UA-63,15.9,0.0,59,3.86
2023-09-07,UA-65,21.5,0.0,46,4.02
2023-09-07,UA-68,17.9,0.7,71,2.47
2023-09-07,UA-71,17.9,0.0,63,3.54
2023-09-07,UA-74,15.6,0.0,62,3.3
2023-09-07,UA-77,19.1,0.0,66,1.96
2023-09-08,UA-05,16.4,0.0,59,1.75
2023-09-08,UA-07,16.7,0.0,75,1.56
2023-09-08,UA-09,14.7,0.0,53,2.95
2023-09-08,UA-12,16.0,0.0,56,2.92
2023-09-08,UA-14,14.1,0.0,53,2.49
2023-09-08,UA-18,15.5,0.0,61,2.04
2023-09-08,UA-21,20.2,0.0,68,1.38
2023-09-08,UA-23,17.3,0.0,51,3.59
2023-09-08,UA-26,18.7,0.0,68,1.7
2023-09-08,UA-30,16.2,0.0,62,2.58
2023-09-08,UA-32,16.1,0.0,58,2.14
2023-09-08,UA-35,16.5,0.0,54,2.55
2023-09-08,UA-40,21.4,0.0,54,4.93
2023-09-08,UA-43,18.0,0.0,54,3.46
2023-09-08,UA-46,18.6,0.0,74,1.54
2023-09-08,UA-48,18.9,0.0,42,3.2
2023-09-08,UA-51,19.5,0.0,39,3.68
2023-09-08,UA-53,14.7,0.0,57,2.9
2023-09-08,UA-56,16.6,0.0,69,1.85
2023-09-08,UA-59,14.3,0.0,64,3.61
2023-09-08,UA-61,17.4,0.0,70,1.43
2023-09-08,UA-63,14.8,0.0,58,3.48
2023-09-08,UA-65,18.6,0.0,39,3.28
2023-09-08,UA-68,16.5,0.0,65,1.69
2023-09-08,UA-71,16.2,0.0,63,2.57
2023-09-08,UA-74,15.1,0.0,62,3.07
2023-09-08,UA-77,19.0,0.0,61,1.46
2023-09-09,UA-05,16.6,0.0,62,2.88
2023-09-09,UA-07,17.5,0.0,73,2.4
2023-09-09,UA-09,12.4,0.3,63,4.66
2023-09-09,UA-12,14.1,0.0,59,4.08
2023-09-09,UA-14,11.9,0.1,62,3.91
2023-09-09,UA-18,15.6,0.0,62,2.72
2023-09-09,UA-21,20.2,0.0,73,1.64
2023-09-09,UA-23,15.8,0.0,56,4.92
2023-09-09,UA-26,18.5,0.0,70,2.05
2023-09-09,UA-30,14.9,0.0,64,2.97
2023-09-09,UA-32,15.5,0.0,60,2.87
2023-09-09,UA-35,15.3,0.0,56,3.7
2023-09-09,UA-40,21.1,0.0,47,5.65
2023-09-09,UA-43,17.7,0.0,49,3.39
2023-09-09,UA-46,18.5,0.0,75,2.11
2023-09-09,UA-48,18.7,0.0,46,4.43
2023-09-09,UA-51,20.1,0.0,41,5.11
2023-09-09,UA-53,12.8,0.0,59,3.93
2023-09-09,UA-56,17.1,0.0,71,2.32
2023-09-09,UA-59,11.9,0.0,67,4.09
2023-09-09,UA-61,18.0,0.0,72,2.53
2023-09-09,UA-63,12.0,0.0,66,4.16
2023-09-09,UA-65,18.2,0.0,45,4.2
2023-09-09,UA-68,16.9,0.0,69,2.5
2023-09-09,UA-71,14.8,0.0,66,3.23
2023-09-09,UA-74,13.7,0.0,66,3.13
2023-09-09,UA-77,19.5,0.0,65,2.41
2023-09-10,UA-05,15.5,0.0,59,1.55
2023-09-10,UA-07,17.2,0.0,72,2.11
2023-09-10,UA-09,14.6,0.0,66,3.86
2023-09-10,UA-12,14.1,0.0,66,3.05
2023-09-10,UA-14,12.9,0.0,67,3.22
2023-09-10,UA-18,14.5,0.0,60,1.85
2023-09-10,UA-21,21.1,0.0,69,1.11
2023-09-10,UA-23,15.8,0.0,58,3.93
2023-09-10,UA-26,18.9,0.0,67,2.17
2023-09-10,UA-30,13.4,0.0,65,1.44
2023-09-10,UA-32,13.9,0.0,61,1.28
2023-09-10,UA-35,13.6,0.0,61,2.26
2023-09-10,UA-40,18.1,0.0,53,3.86
2023-09-10,UA-43,13.9,0.0,57,3.06
2023-09-10,UA-46,18.1,0.0,75,1.71
2023-09-10,UA-48,15.9,0.0,50,2.43
2023-09-10,UA-51,16.8,0.0,45,2.55
2023-09-10,UA-53,12.8,0.0,68,2.93
2023-09-10,UA-56,17.1,0.0,67,2.24
2023-09-10,UA-59,13.0,0.0,75,2.79
2023-09-10,UA-61,18.0,0.0,66,2.3
2023-09-10,UA-63,13.6,0.2,73,2.99
2023-09-10,UA-65,15.4,0.0,48,2.51
2023-09-10,UA-68,16.9,0.0,63,2.05
2023-09-10,UA-71,14.0,0.0,71,1.6
2023-09-10,UA-74,13.4,0.0,68,1.29
2023-09-10,UA-77,19.5,0.0,62,2.39
2023-09-11,UA-05,16.6,0.0,59,1.49
2023-09-11,UA-07,18.4,0.0,71,2.33
2023-09-11,UA-09,15.2,0.1,68,2.73
2023-09-11,UA-12,16.5,0.0,65,2.02
2023-09-11,UA-14,14.6,0.0,72,1.94
2023-09-11,UA-18,16.6,0.0,59,1.75
2023-09-11,UA-21,21.5,0.0,71,1.61
2023-09-11,UA-23,17.9,0.0,59,2.43
2023-09-11,UA-26,19.3,0.0,66,1.87
2023-09-11,UA-30,14.6,0.0,66,1.64
2023-09-11,UA-32,15.3,0.2,61,1.39
2023-09-11,UA-35,15.6,0.0,64,1.61
2023-09-11,UA-40,19.5,0.0,55,3.32
2023-09-11,UA-43,15.4,0.0,64,2.13
2023-09-11,UA-46,19.3,0.0,72,2.06
2023-09-11,UA-48,17.9,0.0,57,1.78
2023-09-11,UA-51,18.1,0.0,54,2.3
2023-09-11,UA-53,15.4,0.0,69,1.79
2023-09-11,UA-56,18.1,0.0,67,2.46
2023-09-11,UA-59,15.2,0.0,73,2.26
2023-09-11,UA-61,18.4,0.0,62,2.8
2023-09-11,UA-63,15.6,0.0,73,1.94
2023-09-11,UA-65,17.3,0.0,56,1.74
2023-09-11,UA-68,17.4,0.0,57,2.34
2023-09-11,UA-71,15.9,0.0,73,1.0
2023-09-11,UA-74,14.4,0.0,68,1.51
2023-09-11,UA-77,19.3,0.0,59,2.5
2023-09-12,UA-05,18.3,0.0,53,2.02
2023-09-12,UA-07,19.7,0.0,72,1.78
2023-09-12,UA-09,14.9,0.0,63,1.94
2023-09-12,UA-12,17.9,0.0,61,1.7
2023-09-12,UA-14,14.7,0.0,68,1.64
2023-09-12,UA-18,18.2,0.0,56,2.1
2023-09-12,UA-21,22.6,0.0,65,1.94
2023-09-12,UA-23,19.1,0.0,58,1.58
2023-09-12,UA-26,21.0,0.3,67,1.68
2023-09-12,UA-30,17.3,0.0,64,1.84
2023-09-12,UA-32,17.9,0.0,58,1.38
2023-09-12,UA-35,17.7,0.0,58,1.32
2023-09-12,UA-40,20.6,0.0,57,2.88
2023-09-12,UA-43,17.5,0.1,59,1.47
2023-09-12,UA-46,20.8,0.1,76,1.8
2023-09-12,UA-48,20.0,0.0,55,2.16
2023-09-12,UA-51,20.2,0.0,53,3.0
2023-09-12,UA-53,17.0,0.0,62,1.75
2023-09-12,UA-56,19.9,0.0,62,2.56
2023-09-12,UA-59,15.1,0.0,70,1.94
2023-09-12,UA-61,20.1,0.1,62,2.75
2023-09-12,UA-63,15.1,0.1,73,1.87
2023-09-12,UA-65,19.6,0.0,60,2.19
2023-09-12,UA-68,19.2,0.0,53,2.68
2023-09-12,UA-71,17.8,0.0,67,1.09
2023-09-12,UA-74,16.1,0.0,66,2.27
2023-09-12,UA-77,20.3,0.0,63,2.14
2023-09-13,UA-05,19.9,0.0,59,2.26
2023-09-13,UA-07,21.2,0.0,74,1.64
2023-09-13,UA-09,14.9,0.0,63,1.49
2023-09-13,UA-12,17.7,0.0,62,1.89
2023-09-13,UA-14,15.3,0.0,62,1.89
2023-09-13,UA-18,18.7,1.5,62,2.28
2023-09-13,UA-21,23.1,0.0,62,2.22
2023-09-13,UA-23,20.0,0.0,55,2.22
2023-09-13,UA-26,22.0,0.0,65,2.0
2023-09-13,UA-30,19.2,0.0,57,3.12
2023-09-13,UA-32,20.0,0.0,55,1.85
2023-09-13,UA-35,19.8,0.0,51,1.33
2023-09-13,UA-40,21.0,0.0,62,2.89
2023-09-13,UA-43,18.0,0.2,67,1.81
2023-09-13,UA-46,21.6,0.0,69,2.51
2023-09-13,UA-48,20.8,0.0,61,3.04
2023-09-13,UA-51,20.7,0.0,63,3.42
2023-09-13,UA-53,16.3,0.0,58,2.42
2023-09-13,UA-56,21.5,0.1,67,2.05
2023-09-13,UA-59,14.5,0.0,65,2.33
2023-09-13,UA-61,21.3,0.6,66,2.45
2023-09-13,UA-63,14.5,0.0,65,2.07
2023-09-13,UA-65,20.4,0.0,62,3.0
2023-09-13,UA-68,20.7,0.3,62,2.71
2023-09-13,UA-71,19.1,0.0,65,2.48
2023-09-13,UA-74,17.7,0.0,60,3.76
2023-09-13,UA-77,22.1,0.0,64,1.37
2023-09-14,UA-05,21.0,3.9,71,2.44
2023-09-14,UA-07,18.1,2.9,88,3.34
2023-09-14,UA-09,14.8,0.0,60,1.82
2023-09-14,UA-12,18.6,0.0,57,2.66
2023-09-14,UA-14,15.7,0.0,56,1.55
2023-09-14,UA-18,20.5,3.1,74,2.34
2023-09-14,UA-21,19.9,23.1,79,3.06
2023-09-14,UA-23,19.7,0.0,61,2.83
2023-09-14,UA-26,19.0,10.8,85,2.83
2023-09-14,UA-30,19.7,8.5,73,2.6
2023-09-14,UA-32,21.0,3.0,66,1.96
2023-09-14,UA-35,19.7,5.8,72,2.54
2023-09-14,UA-40,21.8,0.0,60,1.87
2023-09-14,UA-43,18.7,0.0,64,1.88
2023-09-14,UA-46,17.6,17.1,90,2.94
2023-09-14,UA-48,21.4,1.6,73,4.07
2023-09-14,UA-51,22.3,0.0,70,5.24
2023-09-14,UA-53,17.5,0.0,51,3.72
2023-09-14,UA-56,19.4,7.0,82,3.26
2023-09-14,UA-59,15.6,0.0,59,3.91
2023-09-14,UA-61,19.2,4.7,81,2.91
2023-09-14,UA-63,15.1,0.0,61,2.73
2023-09-14,UA-65,20.8,0.8,71,3.5
2023-09-14,UA-68,20.0,5.2,77,2.99
2023-09-14,UA-71,19.7,5.6,73,2.66
2023-09-14,UA-74,18.4,2.0,61,3.75
2023-09-14,UA-77,21.6,0.4,70,2.48
2023-09-15,UA-05,17.3,0.9,87,3.66
2023-09-15,UA-07,14.8,0.2,79,2.9
2023-09-15,UA-09,14.3,11.2,74,2.42
2023-09-15,UA-12,16.1,21.8,94,3.16
2023-09-15,UA-14,14.3,34.9,84,3.16
2023-09-15,UA-18,16.4,0.4,87,4.07
2023-09-15,UA-21,19.5,0.8,70,3.76
2023-09-15,UA-23,17.7,16.8,90,4.1
2023-09-15,UA-26,17.1,0.8,80,2.87
2023-09-15,UA-30,16.7,3.4,90,4.37
2023-09-15,UA-32,17.6,0.5,86,4.07
2023-09-15,UA-35,19.2,6.0,82,3.42
2023-09-15,UA-40,21.8,0.0,66,2.52
2023-09-15,UA-43,20.0,0.0,64,2.12
2023-09-15,UA-46,15.5,0.1,80,3.1
2023-09-15,UA-48,22.2,0.2,71,3.68
2023-09-15,UA-51,23.0,0.1,64,3.49
2023-09-15,UA-53,14.4,19.8,89,2.83
2023-09-15,UA-56,15.4,0.4,81,3.0
2023-09-15,UA-59,12.6,11.4,84,3.37
2023-09-15,UA-61,15.8,0.6,83,3.17
2023-09-15,UA-63,13.0,6.8,79,3.29
2023-09-15,UA-65,21.4,1.3,75,4.01
2023-09-15,UA-68,16.0,1.2,87,3.69
2023-09-15,UA-71,17.9,6.2,87,3.34
2023-09-15,UA-74,16.3,3.2,83,2.77
2023-09-15,UA-77,18.1,1.1,82,2.95
2023-09-16,UA-05,16.6,0.5,80,2.38
2023-09-16,UA-07,14.8,0.0,77,3.1
2023-09-16,UA-09,15.5,0.0,69,2.99
2023-09-16,UA-12,16.0,0.0,70,3.29
2023-09-16,UA-14,14.7,0.0,75,3.46
2023-09-16,UA-18,15.9,0.6,82,2.44
2023-09-16,UA-21,19.6,0.0,72,1.94
2023-09-16,UA-23,16.8,0.0,71,4.34
2023-09-16,UA-26,16.7,0.0,75,4.25
2023-09-16,UA-30,16.4,0.0,78,1.92
2023-09-16,UA-32,16.4,0.2,80,2.15
2023-09-16,UA-35,17.3,0.0,67,3.17
2023-09-16,UA-40,21.3,0.0,69,4.42
2023-09-16,UA-43,18.1,0.0,74,3.12
2023-09-16,UA-46,15.4,0.0,77,4.28
2023-09-16,UA-48,19.5,0.0,61,3.79
2023-09-16,UA-51,21.0,0.0,58,4.21
2023-09-16,UA-53,15.5,0.0,67,3.08
2023-09-16,UA-56,15.2,0.4,79,2.75
2023-09-16,UA-59,14.1,0.0,76,2.45
2023-09-16,UA-61,15.5,0.0,75,3.27
2023-09-16,UA-63,15.2,0.0,67,2.7
2023-09-16,UA-65,19.0,0.0,62,3.79
2023-09-16,UA-68,15.8,0.2,81,2.29
2023-09-16,UA-71,16.7,0.2,74,2.43
2023-09-16,UA-74,15.3,0.2,83,1.96
2023-09-16,UA-77,18.0,0.7,75,2.76
2023-09-17,UA-05,17.8,0.0,62,2.58
2023-09-17,UA-07,18.7,0.0,73,3.36
2023-09-17,UA-09,16.2,0.0,66,2.58
2023-09-17,UA-12,16.9,0.0,68,2.58
2023-09-17,UA-14,15.0,0.0,72,2.72
2023-09-17,UA-18,17.7,0.0,64,2.92
2023-09-17,UA-21,20.9,1.4,75,2.12
2023-09-17,UA-23,18.1,0.0,63,3.31
2023-09-17,UA-26,19.1,0.0,75,2.59
2023-09-17,UA-30,17.1,0.0,68,2.5
2023-09-17,UA-32,16.8,0.0,68,2.04
2023-09-17,UA-35,16.8,0.0,62,1.97
2023-09-17,UA-40,19.7,0.0,58,3.79
2023-09-17,UA-43,16.7,0.0,63,3.81
2023-09-17,UA-46,18.5,0.8,82,2.86
2023-09-17,UA-48,18.9,0.0,55,2.56
2023-09-17,UA-51,19.3,0.0,51,2.65
2023-09-17,UA-53,15.9,0.0,66,1.92
2023-09-17,UA-56,19.0,0.0,70,3.61
2023-09-17,UA-59,14.8,0.0,73,1.59
2023-09-17,UA-61,18.9,0.0,68,3.88
2023-09-17,UA-63,15.5,0.0,70,2.44
2023-09-17,UA-65,18.6,0.0,53,2.81
2023-09-17,UA-68,18.3,0.0,67,3.25
2023-09-17,UA-71,16.7,0.0,74,1.91
2023-09-17,UA-74,15.8,0.0,73,2.46
2023-09-17,UA-77,20.0,0.0,66,3.9
2023-09-18,UA-05,17.6,0.0,59,2.69
2023-09-18,UA-07,20.1,0.0,65,3.44
2023-09-18,UA-09,16.4,0.0,64,1.83
2023-09-18,UA-12,17.3,0.0,68,1.87
2023-09-18,UA-14,15.6,0.0,68,2.07
2023-09-18,UA-18,17.6,0.0,59,2.79
2023-09-18,UA-21,21.4,0.1,72,2.58
2023-09-18,UA-23,19.0,0.0,60,2.04
2023-09-18,UA-26,19.6,0.0,70,2.28
2023-09-18,UA-30,17.9,0.0,60,2.57
2023-09-18,UA-32,18.0,0.0,57,2.33
2023-09-18,UA-35,17.8,0.0,58,1.94
2023-09-18,UA-40,20.0,0.0,58,3.71
2023-09-18,UA-43,17.0,0.0,64,3.99
2023-09-18,UA-46,19.4,0.2,80,2.68
2023-09-18,UA-48,19.4,0.0,56,1.9
2023-09-18,UA-51,20.1,0.0,53,2.37
2023-09-18,UA-53,16.7,0.0,65,1.62
2023-09-18,UA-56,19.6,0.0,60,3.93
2023-09-18,UA-59,15.6,0.0,71,1.79
2023-09-18,UA-61,19.2,0.0,62,3.59
2023-09-18,UA-63,16.6,0.0,65,1.24
2023-09-18,UA-65,18.7,0.0,55,1.65
2023-09-18,UA-68,18.1,0.0,58,3.84
2023-09-18,UA-71,18.1,0.0,65,2.22
2023-09-18,UA-74,17.9,0.0,62,3.04
2023-09-18,UA-77,19.9,0.0,60,3.58
2023-09-19,UA-05,18.1,3.7,60,4.79
2023-09-19,UA-07,18.2,6.6,77,4.05
2023-09-19,UA-09,17.5,0.0,57,1.62
2023-09-19,UA-12,18.2,0.0,62,2.55
2023-09-19,UA-14,16.5,0.0,64,2.05
2023-09-19,UA-18,18.5,0.0,57,4.78
2023-09-19,UA-21,18.8,21.6,86,2.81
2023-09-19,UA-23,19.6,0.0,58,2.81
2023-09-19,UA-26,16.9,6.3,86,3.11
2023-09-19,UA-30,18.9,0.0,52,4.3
2023-09-19,UA-32,19.3,0.0,51,4.22
2023-09-19,UA-35,19.3,0.0,49,3.33
2023-09-19,UA-40,20.6,0.0,61,2.11
2023-09-19,UA-43,17.8,0.0,59,3.3
2023-09-19,UA-46,16.9,14.2,88,4.43
2023-09-19,UA-48,19.9,0.0,55,2.97
2023-09-19,UA-51,19.9,0.0,60,3.04
2023-09-19,UA-53,17.2,0.0,61,2.8
2023-09-19,UA-56,18.3,4.6,73,4.49
2023-09-19,UA-59,16.9,0.0,65,3.15
2023-09-19,UA-61,16.5,8.1,82,4.06
2023-09-19,UA-63,17.5,0.0,62,2.19
2023-09-19,UA-65,19.3,0.0,53,3.11
2023-09-19,UA-68,17.1,4.6,73,5.08
2023-09-19,UA-71,19.2,0.0,56,3.44
2023-09-19,UA-74,18.4,0.0,56,4.59
2023-09-19,UA-77,17.2,3.6,81,3.15
2023-09-20,UA-05,17.9,4.2,80,2.04
2023-09-20,UA-07,17.6,0.7,78,3.39
2023-09-20,UA-09,17.8,0.0,54,2.94
2023-09-20,UA-12,18.9,0.0,55,3.04
2023-09-20,UA-14,17.2,0.0,55,3.16
2023-09-20,UA-18,16.6,1.7,82,2.84
2023-09-20,UA-21,18.9,0.2,80,1.79
2023-09-20,UA-23,19.8,0.0,53,3.6
2023-09-20,UA-26,18.6,0.3,77,2.17
2023-09-20,UA-30,17.6,2.6,77,3.21
2023-09-20,UA-32,17.8,7.1,82,2.81
2023-09-20,UA-35,19.9,0.0,47,2.97
2023-09-20,UA-40,21.0,0.0,67,3.14
2023-09-20,UA-43,17.5,0.0,63,1.77
2023-09-20,UA-46,17.6,0.6,83,2.69
2023-09-20,UA-48,20.2,0.0,62,2.41
2023-09-20,UA-51,21.3,0.0,66,2.32
2023-09-20,UA-53,18.0,0.0,57,3.29
2023-09-20,UA-56,17.9,0.3,76,3.21
2023-09-20,UA-59,18.1,0.0,58,3.9
2023-09-20,UA-61,17.5,0.3,81,2.75
2023-09-20,UA-63,17.9,0.0,58,2.97
2023-09-20,UA-65,19.8,0.0,58,2.2
2023-09-20,UA-68,17.7,0.0,76,2.46
2023-09-20,UA-71,19.5,0.0,58,2.88
2023-09-20,UA-74,17.9,0.4,72,3.8
2023-09-20,UA-77,19.2,1.1,71,2.25
2023-09-21,UA-05,18.0,1.7,80,2.18
2023-09-21,UA-07,18.1,0.0,71,3.33
2023-09-21,UA-09,17.8,0.0,55,3.62
2023-09-21,UA-12,19.1,0.0,58,2.94
2023-09-21,UA-14,17.2,0.0,62,3.42
2023-09-21,UA-18,17.8,0.0,74,2.15
2023-09-21,UA-21,19.9,0.0,70,2.78
2023-09-21,UA-23,19.8,0.0,58,3.48
2023-09-21,UA-26,18.3,0.0,71,2.96
2023-09-21,UA-30,18.8,0.0,72,2.28
2023-09-21,UA-32,18.7,0.2,77,1.83
2023-09-21,UA-35,20.1,0.0,45,2.44
2023-09-21,UA-40,20.3,0.0,69,1.49
2023-09-21,UA-43,17.6,0.0,64,1.35
2023-09-21,UA-46,17.4,0.0,74,3.33
2023-09-21,UA-48,21.1,0.0,55,1.91
2023-09-21,UA-51,21.3,1.2,62,1.93
2023-09-21,UA-53,18.3,0.0,56,2.89
2023-09-21,UA-56,18.4,0.0,68,2.95
2023-09-21,UA-59,18.3,0.0,57,3.27
2023-09-21,UA-61,18.2,0.0,69,3.19
2023-09-21,UA-63,17.9,0.0,57,2.87
2023-09-21,UA-65,20.5,0.0,54,2.27
2023-09-21,UA-68,18.2,0.0,69,2.64
2023-09-21,UA-71,20.0,0.0,58,2.72
2023-09-21,UA-74,18.4,0.1,74,2.04
2023-09-21,UA-77,19.3,0.0,70,2.94
2023-09-22,UA-05,19.9,1.1,61,3.83
2023-09-22,UA-07,20.2,0.0,71,4.57
2023-09-22,UA-09,18.8,0.0,49,4.59
2023-09-22,UA-12,20.1,0.0,61,3.6
2023-09-22,UA-14,18.2,0.0,57,4.37
2023-09-22,UA-18,20.3,0.0,55,4.17
2023-09-22,UA-21,21.7,0.8,71,3.65
2023-09-22,UA-23,20.5,0.0,62,4.04
2023-09-22,UA-26,19.8,0.0,72,2.68
2023-09-22,UA-30,19.4,0.0,59,4.0
2023-09-22,UA-32,20.1,0.3,52,3.37
2023-09-22,UA-35,20.7,0.0,53,2.98
2023-09-22,UA-40,20.2,0.0,74,1.22
2023-09-22,UA-43,18.0,0.0,70,1.4
2023-09-22,UA-46,19.5,0.1,74,4.04
2023-09-22,UA-48,20.2,0.0,69,2.51
2023-09-22,UA-51,19.9,0.0,74,3.01
2023-09-22,UA-53,19.0,0.0,61,3.85
2023-09-22,UA-56,20.4,0.2,71,4.87
2023-09-22,UA-59,18.5,0.0,59,4.33
2023-09-22,UA-61,19.7,0.0,74,4.14
2023-09-22,UA-63,18.5,0.0,54,4.01
2023-09-22,UA-65,20.0,0.0,65,2.19
2023-09-22,UA-68,19.8,0.0,68,4.83
2023-09-22,UA-71,19.8,0.0,63,3.5
2023-09-22,UA-74,18.8,0.0,61,4.15
2023-09-22,UA-77,20.7,0.1,74,3.4
2023-09-23,UA-05,21.1,0.1,69,3.68
2023-09-23,UA-07,21.9,2.0,74,3.44
2023-09-23,UA-09,19.0,0.0,42,4.51
2023-09-23,UA-12,20.5,0.0,51,3.76
2023-09-23,UA-14,18.6,0.0,47,4.15
2023-09-23,UA-18,21.5,0.0,61,4.06
2023-09-23,UA-21,21.9,1.8,74,2.89
2023-09-23,UA-23,20.9,0.0,53,4.14
2023-09-23,UA-26,21.8,0.1,71,2.79
2023-09-23,UA-30,20.4,0.0,62,4.07
2023-09-23,UA-32,20.6,0.0,56,3.33
2023-09-23,UA-35,21.3,0.0,59,3.03
2023-09-23,UA-40,20.9,0.0,75,1.81
2023-09-23,UA-43,19.5,0.0,71,1.62
2023-09-23,UA-46,20.7,7.5,77,3.31
2023-09-23,UA-48,20.9,0.0,70,1.89
2023-09-23,UA-51,20.5,0.0,74,2.56
2023-09-23,UA-53,19.5,0.0,52,3.96
2023-09-23,UA-56,21.8,0.0,72,4.11
2023-09-23,UA-59,19.2,0.0,51,4.49
2023-09-23,UA-61,21.2,0.1,75,3.81
2023-09-23,UA-63,18.8,0.0,47,3.95
2023-09-23,UA-65,20.8,0.0,68,1.86
2023-09-23,UA-68,21.0,0.0,73,4.35
2023-09-23,UA-71,20.6,0.0,67,3.63
2023-09-23,UA-74,20.4,0.0,67,4.75
2023-09-23,UA-77,21.9,0.0,73,3.72
2023-09-24,UA-05,20.5,0.0,66,2.07
2023-09-24,UA-07,17.3,2.5,90,3.85
2023-09-24,UA-09,19.2,0.0,44,4.17
2023-09-24,UA-12,20.0,0.0,50,3.53
2023-09-24,UA-14,18.8,0.0,47,4.2
2023-09-24,UA-18,20.6,0.0,62,2.39
2023-09-24,UA-21,17.9,9.8,82,4.07
2023-09-24,UA-23,20.5,0.0,51,4.31
2023-09-24,UA-26,17.2,2.0,95,2.97
2023-09-24,UA-30,20.3,0.0,63,2.49
2023-09-24,UA-32,20.7,0.0,62,2.15
2023-09-24,UA-35,21.1,0.0,52,2.48
2023-09-24,UA-40,21.7,0.0,76,2.46
2023-09-24,UA-43,20.0,0.0,70,3.06
2023-09-24,UA-46,16.3,2.5,90,3.77
2023-09-24,UA-48,22.2,0.0,57,2.6
2023-09-24,UA-51,21.8,0.0,65,2.38
2023-09-24,UA-53,18.8,0.0,51,3.16
2023-09-24,UA-56,18.8,0.2,88,2.75
2023-09-24,UA-59,18.3,0.0,56,3.22
2023-09-24,UA-61,18.1,1.0,90,3.19
2023-09-24,UA-63,18.4,0.0,49,3.29
2023-09-24,UA-65,21.5,0.0,56,2.69
2023-09-24,UA-68,19.9,0.1,82,2.69
2023-09-24,UA-71,20.1,0.0,65,2.58
2023-09-24,UA-74,20.1,0.0,60,2.92
2023-09-24,UA-77,19.9,0.1,84,2.37
2023-09-25,UA-05,19.9,0.0,64,2.44
2023-09-25,UA-07,17.2,0.5,85,3.55
2023-09-25,UA-09,17.9,0.0,49,2.95
2023-09-25,UA-12,19.4,0.0,48,3.07
2023-09-25,UA-14,18.2,0.0,50,3.33
2023-09-25,UA-18,19.5,0.0,72,2.95
2023-09-25,UA-21,20.7,0.2,79,2.33
2023-09-25,UA-23,20.1,0.0,48,4.7
2023-09-25,UA-26,18.8,0.3,85,2.14
2023-09-25,UA-30,19.4,0.0,72,2.5
2023-09-25,UA-32,19.5,0.0,64,2.21
2023-09-25,UA-35,20.6,0.0,46,2.96
2023-09-25,UA-40,21.9,0.0,65,4.83
2023-09-25,UA-43,19.2,0.0,66,5.31
2023-09-25,UA-46,17.1,0.0,90,3.51
2023-09-25,UA-48,22.4,0.0,41,4.5
2023-09-25,UA-51,22.6,0.0,45,4.99
2023-09-25,UA-53,18.6,0.0,50,2.47
2023-09-25,UA-56,18.2,0.0,85,3.34
2023-09-25,UA-59,18.2,0.0,61,1.93
2023-09-25,UA-61,18.3,0.0,86,3.46
2023-09-25,UA-63,17.9,0.0,54,2.26
2023-09-25,UA-65,22.0,0.0,40,4.54
2023-09-25,UA-68,19.6,0.0,77,3.31
2023-09-25,UA-71,19.7,0.0,62,2.11
2023-09-25,UA-74,18.3,0.0,79,3.14
2023-09-25,UA-77,20.2,0.0,79,2.18
2023-09-26,UA-05,19.2,0.0,66,2.58
2023-09-26,UA-07,18.0,0.0,85,2.72
2023-09-26,UA-09,18.9,0.0,49,2.94
2023-09-26,UA-12,19.7,0.0,49,2.99
2023-09-26,UA-14,18.7,0.0,49,3.32
2023-09-26,UA-18,17.9,0.0,82,2.56
2023-09-26,UA-21,20.3,0.0,73,1.56
2023-09-26,UA-23,20.4,0.0,49,4.44
2023-09-26,UA-26,18.3,0.0,71,2.22
2023-09-26,UA-30,17.7,0.0,82,2.64
2023-09-26,UA-32,18.6,0.0,74,2.54
2023-09-26,UA-35,20.3,0.0,46,3.22
2023-09-26,UA-40,21.8,0.0,56,5.92
2023-09-26,UA-43,19.5,0.0,56,6.59
2023-09-26,UA-46,18.0,0.0,78,2.69
2023-09-26,UA-48,22.2,0.0,40,4.54
2023-09-26,UA-51,22.2,0.0,40,5.02
2023-09-26,UA-53,18.7,0.0,52,2.72
2023-09-26,UA-56,18.1,0.0,84,2.55
2023-09-26,UA-59,17.4,0.0,74,2.69
2023-09-26,UA-61,18.8,0.0,69,2.59
2023-09-26,UA-63,18.6,0.0,57,2.59
2023-09-26,UA-65,21.8,0.0,40,4.47
2023-09-26,UA-68,19.0,0.0,70,2.46
2023-09-26,UA-71,19.2,0.0,65,2.56
2023-09-26,UA-74,15.5,0.0,82,2.95
2023-09-26,UA-77,19.6,0.0,61,1.47
2023-09-27,UA-05,18.7,0.0,69,2.38
2023-09-27,UA-07,18.5,0.0,78,2.09
2023-09-27,UA-09,18.7,0.0,48,2.89
2023-09-27,UA-12,19.9,0.0,50,3.35
2023-09-27,UA-14,18.6,0.0,46,3.63
2023-09-27,UA-18,16.5,0.0,75,2.07
2023-09-27,UA-21,19.4,0.0,70,1.41
2023-09-27,UA-23,20.3,0.0,48,4.86
2023-09-27,UA-26,17.5,0.0,66,2.47
2023-09-27,UA-30,16.0,0.0,75,2.07
2023-09-27,UA-32,17.6,0.0,72,2.23
2023-09-27,UA-35,20.6,0.0,49,3.35
2023-09-27,UA-40,21.3,0.0,60,5.36
2023-09-27,UA-43,18.9,0.0,59,5.97
2023-09-27,UA-46,17.6,0.0,69,2.93
2023-09-27,UA-48,21.9,0.0,40,4.8
2023-09-27,UA-51,21.9,0.0,40,5.41
2023-09-27,UA-53,19.1,0.0,54,2.73
2023-09-27,UA-56,18.2,0.0,79,1.98
2023-09-27,UA-59,16.6,0.0,72,2.49
2023-09-27,UA-61,18.2,0.0,67,2.41
2023-09-27,UA-63,18.4,0.0,60,2.58
2023-09-27,UA-65,21.5,0.0,38,4.83
2023-09-27,UA-68,18.4,0.0,69,2.11
2023-09-27,UA-71,18.9,0.0,67,2.52
2023-09-27,UA-74,14.8,0.0,77,2.26
2023-09-27,UA-77,19.4,0.0,55,1.31
2023-09-28,UA-05,18.3,0.0,60,2.24
2023-09-28,UA-07,17.7,0.0,72,2.2
2023-09-28,UA-09,19.0,0.0,49,2.92
2023-09-28,UA-12,20.0,0.0,48,4.07
2023-09-28,UA-14,19.1,0.0,47,3.9
2023-09-28,UA-18,16.7,0.0,66,1.9
2023-09-28,UA-21,18.6,0.0,68,1.6
2023-09-28,UA-23,20.3,0.0,47,5.85
2023-09-28,UA-26,17.0,0.0,67,2.52
2023-09-28,UA-30,16.7,0.0,69,1.86
2023-09-28,UA-32,17.4,0.0,65,2.0
2023-09-28,UA-35,20.5,0.0,46,3.81
2023-09-28,UA-40,20.7,0.0,68,2.7
2023-09-28,UA-43,18.8,0.0,62,4.1
2023-09-28,UA-46,16.7,0.0,72,2.92
2023-09-28,UA-48,21.9,0.0,39,5.22
2023-09-28,UA-51,21.7,0.0,40,5.51
2023-09-28,UA-53,18.9,0.0,53,3.4
2023-09-28,UA-56,17.2,0.0,72,1.86
2023-09-28,UA-59,16.3,0.0,67,2.59
2023-09-28,UA-61,17.4,0.0,67,2.17
2023-09-28,UA-63,17.8,0.0,60,3.05
2023-09-28,UA-65,21.4,0.0,38,5.21
2023-09-28,UA-68,17.9,0.0,63,1.9
2023-09-28,UA-71,18.9,0.0,62,2.62
2023-09-28,UA-74,16.0,0.0,72,1.92
2023-09-28,UA-77,19.1,0.0,57,1.22
2023-09-29,UA-05,17.7,0.0,60,1.51
2023-09-29,UA-07,17.0,0.0,70,2.27
2023-09-29,UA-09,17.4,0.0,51,2.75
2023-09-29,UA-12,19.4,0.0,51,3.21
2023-09-29,UA-14,18.1,0.0,51,3.22
2023-09-29,UA-18,17.0,0.0,63,1.75
2023-09-29,UA-21,18.0,0.0,74,1.29
2023-09-29,UA-23,20.1,0.0,49,4.78
2023-09-29,UA-26,16.7,0.0,66,2.1
2023-09-29,UA-30,16.6,0.0,65,1.87
2023-09-29,UA-32,16.9,0.0,64,1.68
2023-09-29,UA-35,19.8,0.0,48,2.95
2023-09-29,UA-40,20.7,0.0,76,1.85
2023-09-29,UA-43,18.7,0.0,66,3.81
2023-09-29,UA-46,16.3,0.0,71,2.53
2023-09-29,UA-48,21.7,0.0,40,4.67
2023-09-29,UA-51,21.9,0.0,39,5.38
2023-09-29,UA-53,18.2,0.0,54,2.65
2023-09-29,UA-56,17.1,0.0,67,2.0
2023-09-29,UA-59,15.0,0.0,71,1.84
2023-09-29,UA-61,16.9,0.0,64,2.19
2023-09-29,UA-63,16.8,0.0,61,2.3
2023-09-29,UA-65,21.4,0.0,39,4.7
2023-09-29,UA-68,17.7,0.0,60,1.47
2023-09-29,UA-71,18.3,0.0,65,2.13
2023-09-29,UA-74,16.3,0.0,67,1.63
2023-09-29,UA-77,17.8,0.0,60,1.58
2023-09-30,UA-05,17.8,0.0,59,1.67
2023-09-30,UA-07,17.2,0.4,74,3.41
2023-09-30,UA-09,17.1,0.0,54,2.37
2023-09-30,UA-12,18.3,0.0,53,2.34
2023-09-30,UA-14,17.2,0.0,53,2.36
2023-09-30,UA-18,16.9,0.0,60,2.23
2023-09-30,UA-21,17.4,0.8,75,2.13
2023-09-30,UA-23,20.1,0.0,50,3.2
2023-09-30,UA-26,17.1,0.3,69,2.44
2023-09-30,UA-30,16.9,0.0,62,2.14
2023-09-30,UA-32,17.6,0.0,59,1.61
2023-09-30,UA-35,19.1,0.0,48,2.0
2023-09-30,UA-40,20.4,0.0,80,2.1
2023-09-30,UA-43,18.8,0.9,67,3.84
2023-09-30,UA-46,16.3,3.4,79,3.32
2023-09-30,UA-48,20.7,0.0,42,3.26
2023-09-30,UA-51,20.7,0.0,43,3.45
2023-09-30,UA-53,16.9,0.0,55,1.82
2023-09-30,UA-56,17.5,0.2,68,2.9
2023-09-30,UA-59,15.6,0.0,68,1.94
2023-09-30,UA-61,17.1,0.0,67,2.75
2023-09-30,UA-63,16.1,0.0,60,1.86
2023-09-30,UA-65,20.4,0.0,40,3.54
2023-09-30,UA-68,17.2,0.0,62,2.32
2023-09-30,UA-71,18.2,0.0,67,1.49
2023-09-30,UA-74,16.7,0.0,63,2.57
2023-09-30,UA-77,18.2,0.0,57,1.83
2023-10-01,UA-05,14.1,0.0,73,3.87
2023-10-01,UA-07,13.5,0.1,76,3.6
2023-10-01,UA-09,16.6,0.0,58,2.24
2023-10-01,UA-12,18.4,0.0,57,2.11
2023-10-01,UA-14,16.3,0.0,62,1.95
2023-10-01,UA-18,14.1,0.3,71,4.13
2023-10-01,UA-21,15.5,0.0,71,3.27
2023-10-01,UA-23,19.6,0.0,55,2.4
2023-10-01,UA-26,14.0,2.8,76,3.67
2023-10-01,UA-30,14.2,1.0,74,3.58
2023-10-01,UA-32,14.4,0.0,70,3.55
2023-10-01,UA-35,18.1,0.0,55,2.94
2023-10-01,UA-40,20.6,0.2,67,4.43
2023-10-01,UA-43,18.2,0.7,67,3.31
2023-10-01,UA-46,12.9,0.0,82,3.11
2023-10-01,UA-48,20.0,0.0,49,3.89
2023-10-01,UA-51,20.1,0.0,46,4.84
2023-10-01,UA-53,16.8,0.0,58,2.43
2023-10-01,UA-56,14.1,1.5,74,4.04
2023-10-01,UA-59,16.0,1.3,67,3.08
2023-10-01,UA-61,13.6,2.2,75,3.84
2023-10-01,UA-63,17.0,0.0,60,1.6
2023-10-01,UA-65,20.0,0.0,45,3.45
2023-10-01,UA-68,14.2,0.5,72,4.27
2023-10-01,UA-71,16.0,0.0,71,3.37
2023-10-01,UA-74,14.1,1.1,75,3.48
2023-10-01,UA-77,15.3,0.1,70,4.3
2023-10-02,UA-05,12.1,0.0,71,3.66
2023-10-02,UA-07,13.0,0.3,77,2.75
2023-10-02,UA-09,15.9,1.8,66,2.58
2023-10-02,UA-12,14.4,0.0,66,5.29
2023-10-02,UA-14,15.0,0.4,67,2.93
2023-10-02,UA-18,11.4,0.0,74,3.68
2023-10-02,UA-21,13.9,0.0,78,1.34
2023-10-02,UA-23,16.0,0.0,66,6.23
2023-10-02,UA-26,13.1,0.1,75,2.56
2023-10-02,UA-30,12.1,0.4,78,3.96
2023-10-02,UA-32,11.8,0.1,74,3.63
2023-10-02,UA-35,14.5,0.3,64,4.75
2023-10-02,UA-40,18.7,0.0,66,7.44
2023-10-02,UA-43,15.9,0.0,65,3.17
2023-10-02,UA-46,12.6,0.1,82,2.32
2023-10-02,UA-48,16.0,0.0,56,5.59
2023-10-02,UA-51,16.2,0.0,50,6.06
2023-10-02,UA-53,13.4,0.0,67,4.85
2023-10-02,UA-56,12.7,0.0,77,3.06
2023-10-02,UA-59,12.0,0.8,78,4.05
2023-10-02,UA-61,12.2,0.0,77,2.87
2023-10-02,UA-63,13.3,0.3,69,4.44
2023-10-02,UA-65,16.2,0.0,55,5.41
2023-10-02,UA-68,12.2,0.1,76,3.4
2023-10-02,UA-71,13.8,0.6,71,4.32
2023-10-02,UA-74,11.9,0.0,78,3.99
2023-10-02,UA-77,13.9,0.1,68,3.33
2023-10-03,UA-05,13.3,0.0,67,2.67
2023-10-03,UA-07,16.0,0.0,73,4.53
2023-10-03,UA-09,11.9,1.1,75,3.53
2023-10-03,UA-12,12.3,0.0,68,3.3
2023-10-03,UA-14,11.3,0.0,69,3.13
2023-10-03,UA-18,14.0,0.0,63,3.44
2023-10-03,UA-21,16.4,0.0,69,3.1
2023-10-03,UA-23,13.5,0.0,66,3.8
2023-10-03,UA-26,15.1,0.0,71,2.36
2023-10-03,UA-30,12.8,0.0,72,2.67
2023-10-03,UA-32,12.3,0.0,70,2.24
2023-10-03,UA-35,12.7,0.0,66,2.19
2023-10-03,UA-40,16.6,0.0,60,5.41
2023-10-03,UA-43,12.8,0.0,67,2.57
2023-10-03,UA-46,15.8,0.0,71,3.96
2023-10-03,UA-48,14.6,0.0,64,2.69
2023-10-03,UA-51,15.3,0.0,57,2.86
2023-10-03,UA-53,10.8,0.0,71,2.6
2023-10-03,UA-56,15.7,0.0,71,4.07
2023-10-03,UA-59,10.1,0.0,78,2.39
2023-10-03,UA-61,14.8,0.0,71,3.17
2023-10-03,UA-63,10.6,0.0,70,2.81
2023-10-03,UA-65,14.3,0.0,62,2.78
2023-10-03,UA-68,14.1,0.0,68,3.28
2023-10-03,UA-71,12.6,0.0,73,2.18
2023-10-03,UA-74,12.6,0.0,75,3.41
2023-10-03,UA-77,14.6,0.0,66,1.93
2023-10-04,UA-05,14.0,0.0,67,3.7
2023-10-04,UA-07,14.8,0.4,68,5.69
2023-10-04,UA-09,12.1,0.0,67,2.28
2023-10-04,UA-12,15.7,0.4,60,3.89
2023-10-04,UA-14,12.2,0.0,64,2.11
2023-10-04,UA-18,14.2,0.0,65,4.84
2023-10-04,UA-21,15.6,0.0,68,2.44
2023-10-04,UA-23,15.5,0.0,64,3.8
2023-10-04,UA-26,14.9,0.0,67,4.11
2023-10-04,UA-30,13.9,0.0,66,4.24
2023-10-04,UA-32,14.3,0.1,65,3.79
2023-10-04,UA-35,16.5,0.1,60,3.83
2023-10-04,UA-40,17.3,0.0,58,1.61
2023-10-04,UA-43,13.0,0.0,67,1.76
2023-10-04,UA-46,14.7,0.0,69,5.11
2023-10-04,UA-48,17.3,0.1,69,4.01
2023-10-04,UA-51,18.6,0.0,59,4.69
2023-10-04,UA-53,14.3,0.2,67,3.98
2023-10-04,UA-56,14.8,0.3,68,5.3
2023-10-04,UA-59,13.3,0.0,74,4.69
2023-10-04,UA-61,14.2,0.0,70,4.55
2023-10-04,UA-63,14.1,0.0,63,3.75
2023-10-04,UA-65,16.5,0.0,71,3.69
2023-10-04,UA-68,13.8,0.0,69,4.29
2023-10-04,UA-71,15.0,0.0,68,3.8
2023-10-04,UA-74,13.4,0.9,72,5.08
2023-10-04,UA-77,15.1,0.0,65,3.59
2023-10-05,UA-05,12.5,0.0,69,3.04
2023-10-05,UA-07,12.8,0.6,73,4.89
2023-10-05,UA-09,13.3,0.3,69,3.1
2023-10-05,UA-12,14.6,0.0,68,3.05
2023-10-05,UA-14,12.2,0.6,75,2.66
2023-10-05,UA-18,12.5,0.0,67,3.99
2023-10-05,UA-21,13.7,0.0,71,1.49
2023-10-05,UA-23,16.1,0.3,68,3.0
2023-10-05,UA-26,13.2,0.0,67,2.58
2023-10-05,UA-30,12.7,0.0,68,3.93
2023-10-05,UA-32,12.8,0.0,67,3.32
2023-10-05,UA-35,14.5,0.0,59,2.81
2023-10-05,UA-40,18.2,0.2,75,2.47
2023-10-05,UA-43,14.9,1.5,81,2.19
2023-10-05,UA-46,12.5,0.0,73,4.0
2023-10-05,UA-48,16.2,0.0,60,2.97
2023-10-05,UA-51,17.4,0.0,52,3.54
2023-10-05,UA-53,13.0,0.0,68,3.26
2023-10-05,UA-56,12.9,0.6,71,4.53
2023-10-05,UA-59,12.1,0.1,73,3.87
2023-10-05,UA-61,12.5,0.0,70,3.61
2023-10-05,UA-63,12.7,0.1,73,3.21
2023-10-05,UA-65,16.3,0.0,63,2.66
2023-10-05,UA-68,12.3,0.0,69,3.34
2023-10-05,UA-71,13.8,0.0,67,3.25
2023-10-05,UA-74,12.8,0.1,70,4.68
2023-10-05,UA-77,14.3,0.0,63,1.86
2023-10-06,UA-05,11.7,0.1,66,4.27
2023-10-06,UA-07,11.9,0.1,74,4.63
2023-10-06,UA-09,12.3,0.4,66,4.32
2023-10-06,UA-12,12.6,0.6,59,4.85
2023-10-06,UA-14,11.4,1.4,66,3.76
2023-10-06,UA-18,11.3,0.0,64,5.03
2023-10-06,UA-21,13.3,0.0,69,2.18
2023-10-06,UA-23,14.1,0.0,63,4.7
2023-10-06,UA-26,11.9,0.1,72,3.95
2023-10-06,UA-30,11.4,0.0,62,5.36
2023-10-06,UA-32,11.9,0.0,61,4.59
2023-10-06,UA-35,13.0,0.0,54,4.25
2023-10-06,UA-40,17.6,1.0,71,4.41
2023-10-06,UA-43,13.3,1.2,80,2.25
2023-10-06,UA-46,11.6,0.5,76,4.1
2023-10-06,UA-48,15.0,0.1,60,3.66
2023-10-06,UA-51,16.2,0.0,57,4.75
2023-10-06,UA-53,11.2,0.7,59,5.21
2023-10-06,UA-56,11.8,0.1,73,4.66
2023-10-06,UA-59,9.6,0.9,65,6.07
2023-10-06,UA-61,11.4,0.1,75,4.35
2023-10-06,UA-63,10.6,3.4,64,5.34
2023-10-06,UA-65,14.9,0.5,61,3.3
2023-10-06,UA-68,11.2,0.9,73,4.4
2023-10-06,UA-71,12.5,0.2,60,4.92
2023-10-06,UA-74,10.5,0.0,63,6.11
2023-10-06,UA-77,12.9,0.0,64,4.04
2023-10-07,UA-05,14.1,1.2,65,6.18
2023-10-07,UA-07,13.9,6.5,77,7.66
2023-10-07,UA-09,12.1,1.0,53,6.64
2023-10-07,UA-12,13.2,1.8,59,5.96
2023-10-07,UA-14,11.8,0.1,55,5.3
2023-10-07,UA-18,12.9,5.9,74,7.26
2023-10-07,UA-21,15.8,0.2,66,3.22
2023-10-07,UA-23,14.1,0.0,61,6.81
2023-10-07,UA-26,15.9,0.1,59,7.01
2023-10-07,UA-30,12.1,7.7,74,6.88
2023-10-07,UA-32,13.3,3.7,69,6.26
2023-10-07,UA-35,14.8,0.5,52,5.92
2023-10-07,UA-40,17.0,0.0,59,4.58
2023-10-07,UA-43,13.8,0.0,64,4.02
2023-10-07,UA-46,15.0,3.5,69,7.53
2023-10-07,UA-48,15.9,0.0,57,5.34
2023-10-07,UA-51,16.7,0.0,49,5.3
2023-10-07,UA-53,10.4,8.6,74,6.22
2023-10-07,UA-56,13.9,6.6,75,7.61
2023-10-07,UA-59,8.5,7.6,81,7.27
2023-10-07,UA-61,14.5,1.6,66,7.36
2023-10-07,UA-63,9.4,7.1,76,6.78
2023-10-07,UA-65,15.5,0.0,60,5.39
2023-10-07,UA-68,14.0,2.4,67,7.01
2023-10-07,UA-71,12.9,5.0,70,5.85
2023-10-07,UA-74,10.9,5.2,78,7.91
2023-10-07,UA-77,16.0,0.0,55,5.52
2023-10-08,UA-05,8.4,5.4,72,5.83
2023-10-08,UA-07,8.2,2.7,69,6.57
2023-10-08,UA-09,9.7,17.0,83,6.05
2023-10-08,UA-12,9.8,9.7,76,5.26
2023-10-08,UA-14,8.7,15.2,89,5.25
2023-10-08,UA-18,8.0,2.1,62,7.32
2023-10-08,UA-21,12.7,1.3,62,3.99
2023-10-08,UA-23,11.0,15.9,79,6.27
2023-10-08,UA-26,10.0,6.0,71,5.9
2023-10-08,UA-30,8.5,0.7,56,7.57
2023-10-08,UA-32,8.8,3.1,63,6.63
2023-10-08,UA-35,10.1,5.7,68,5.64
2023-10-08,UA-40,17.2,1.9,79,8.01
2023-10-08,UA-43,14.5,5.3,82,5.71
2023-10-08,UA-46,8.6,8.6,74,5.6
2023-10-08,UA-48,11.5,6.9,75,4.78
2023-10-08,UA-51,12.5,3.7,66,5.57
2023-10-08,UA-53,8.7,4.2,65,6.46
2023-10-08,UA-56,8.2,3.0,69,6.7
2023-10-08,UA-59,7.4,0.0,56,8.02
2023-10-08,UA-61,8.3,8.1,75,6.07
2023-10-08,UA-63,8.4,2.2,62,6.61
2023-10-08,UA-65,11.8,6.1,74,4.56
2023-10-08,UA-68,8.0,6.9,75,6.18
2023-10-08,UA-71,9.5,3.6,65,6.57
2023-10-08,UA-74,7.7,0.4,54,8.49
2023-10-08,UA-77,10.9,4.2,71,5.81
2023-10-09,UA-05,5.4,0.0,67,4.45
2023-10-09,UA-07,5.0,0.0,77,4.1
2023-10-09,UA-09,5.5,0.1,68,6.19
2023-10-09,UA-12,5.8,0.6,70,5.81
2023-10-09,UA-14,4.7,0.7,70,5.22
2023-10-09,UA-18,5.4,0.0,65,5.3
2023-10-09,UA-21,6.3,1.0,76,1.67
2023-10-09,UA-23,7.7,0.5,60,6.42
2023-10-09,UA-26,5.8,0.0,69,2.88
2023-10-09,UA-30,5.7,0.0,65,5.96
2023-10-09,UA-32,5.8,0.0,62,5.25
2023-10-09,UA-35,6.5,0.0,57,5.38
2023-10-09,UA-40,12.3,0.8,58,6.65
2023-10-09,UA-43,8.0,0.0,68,3.43
2023-10-09,UA-46,4.6,0.7,80,3.24
2023-10-09,UA-48,8.0,0.0,59,4.8
2023-10-09,UA-51,8.8,0.0,54,5.03
2023-10-09,UA-53,4.9,0.0,64,5.91
2023-10-09,UA-56,5.2,0.0,74,4.42
2023-10-09,UA-59,4.6,0.1,66,6.52
2023-10-09,UA-61,4.4,0.0,77,3.72
2023-10-09,UA-63,4.8,0.5,68,6.17
2023-10-09,UA-65,7.9,0.0,57,4.63
2023-10-09,UA-68,4.5,0.0,74,4.21
2023-10-09,UA-71,6.3,0.5,66,5.86
2023-10-09,UA-74,5.6,0.0,64,6.72
2023-10-09,UA-77,7.0,0.0,59,3.02
2023-10-10,UA-05,4.8,0.0,71,2.82
2023-10-10,UA-07,5.3,0.0,77,2.7
2023-10-10,UA-09,6.2,0.0,65,4.02
2023-10-10,UA-12,5.6,0.0,70,3.5
2023-10-10,UA-14,5.1,0.0,67,2.99
2023-10-10,UA-18,4.3,0.1,71,3.58
2023-10-10,UA-21,10.1,0.0,73,0.91
2023-10-10,UA-23,7.7,0.1,63,3.52
2023-10-10,UA-26,6.5,0.0,74,1.67
2023-10-10,UA-30,4.1,0.5,73,3.82
2023-10-10,UA-32,4.8,0.1,68,3.23
2023-10-10,UA-35,5.5,0.0,61,3.03
2023-10-10,UA-40,12.2,0.8,62,3.32
2023-10-10,UA-43,7.8,0.7,74,1.7
2023-10-10,UA-46,5.7,0.0,78,1.85
2023-10-10,UA-48,7.6,0.0,60,2.51
2023-10-10,UA-51,9.4,0.0,50,3.32
2023-10-10,UA-53,4.1,0.6,73,3.79
2023-10-10,UA-56,5.2,0.2,77,2.88
2023-10-10,UA-59,3.2,2.1,78,4.28
2023-10-10,UA-61,5.1,0.0,76,2.08
2023-10-10,UA-63,4.1,1.6,74,4.26
2023-10-10,UA-65,7.5,0.0,56,2.15
2023-10-10,UA-68,4.7,0.0,77,2.7
2023-10-10,UA-71,5.1,0.7,71,3.61
2023-10-10,UA-74,3.2,0.5,75,4.19
2023-10-10,UA-77,6.9,0.0,68,1.98
2023-10-11,UA-05,7.9,0.0,61,3.87
2023-10-11,UA-07,9.8,0.0,76,5.38
2023-10-11,UA-09,2.7,0.0,72,3.18
2023-10-11,UA-12,5.0,0.0,65,2.34
2023-10-11,UA-14,2.6,0.0,70,2.46
2023-10-11,UA-18,7.7,0.0,61,4.67
2023-10-11,UA-21,12.3,0.1,74,3.08
2023-10-11,UA-23,6.5,0.0,60,2.79
2023-10-11,UA-26,10.5,0.0,74,3.18
2023-10-11,UA-30,8.1,0.0,56,4.34
2023-10-11,UA-32,7.9,0.0,55,3.89
2023-10-11,UA-35,6.6,0.0,59,2.99
2023-10-11,UA-40,11.8,0.0,52,3.73
2023-10-11,UA-43,6.6,0.0,65,2.32
2023-10-11,UA-46,10.8,0.3,79,4.88
2023-10-11,UA-48,8.0,0.0,61,2.44
2023-10-11,UA-51,10.4,0.0,57,3.32
2023-10-11,UA-53,4.0,0.0,62,2.85
2023-10-11,UA-56,9.1,0.0,72,5.11
2023-10-11,UA-59,3.9,0.0,64,3.95
2023-10-11,UA-61,8.9,0.0,73,4.17
2023-10-11,UA-63,3.5,0.0,63,3.06
2023-10-11,UA-65,7.3,0.0,58,2.04
2023-10-11,UA-68,8.2,0.0,66,4.45
2023-10-11,UA-71,7.2,0.0,64,3.24
2023-10-11,UA-74,7.1,0.0,60,4.86
2023-10-11,UA-77,10.2,0.0,69,2.39
2023-10-12,UA-05,14.8,0.2,59,4.31
2023-10-12,UA-07,16.8,2.3,73,5.76
2023-10-12,UA-09,7.0,0.0,53,4.96
2023-10-12,UA-12,10.5,0.0,62,6.15
2023-10-12,UA-14,5.9,0.0,63,3.77
2023-10-12,UA-18,16.0,1.7,62,5.56
2023-10-12,UA-21,16.4,0.1,69,3.02
2023-10-12,UA-23,10.2,0.0,64,5.62
2023-10-12,UA-26,17.5,0.5,62,4.47
2023-10-12,UA-30,15.7,1.3,56,5.86
2023-10-12,UA-32,15.4,0.2,54,5.25
2023-10-12,UA-35,13.7,0.0,62,6.11
2023-10-12,UA-40,13.4,0.0,62,3.7
2023-10-12,UA-43,9.5,0.0,70,1.55
2023-10-12,UA-46,17.0,2.6,68,6.26
2023-10-12,UA-48,13.8,0.0,69,5.34
2023-10-12,UA-51,15.6,0.0,65,5.84
2023-10-12,UA-53,11.2,0.0,61,6.74
2023-10-12,UA-56,17.0,2.9,71,5.59
2023-10-12,UA-59,13.0,0.0,58,7.96
2023-10-12,UA-61,16.3,1.9,69,4.98
2023-10-12,UA-63,10.2,0.0,59,6.88
2023-10-12,UA-65,12.1,0.0,70,4.39
2023-10-12,UA-68,15.3,2.2,68,4.46
2023-10-12,UA-71,14.7,0.0,57,6.13
2023-10-12,UA-74,15.1,5.3,65,6.28
2023-10-12,UA-77,15.5,0.0,69,1.98
2023-10-13,UA-05,14.1,4.0,82,2.5
2023-10-13,UA-07,14.5,0.0,86,2.63
2023-10-13,UA-09,11.4,0.0,73,3.52
2023-10-13,UA-12,12.1,0.9,87,2.72
2023-10-13,UA-14,10.5,0.0,77,2.64
2023-10-13,UA-18,13.5,0.8,76,2.87
2023-10-13,UA-21,16.8,4.7,80,2.4
2023-10-13,UA-23,12.8,0.0,83,3.01
2023-10-13,UA-26,16.1,2.2,80,1.8
2023-10-13,UA-30,12.3,0.8,77,2.58
2023-10-13,UA-32,13.5,2.9,81,2.24
2023-10-13,UA-35,13.5,2.4,84,1.85
2023-10-13,UA-40,15.3,0.0,69,1.82
2023-10-13,UA-43,11.6,0.0,76,1.81
2023-10-13,UA-46,15.9,0.4,82,2.61
2023-10-13,UA-48,14.3,0.0,82,2.46
2023-10-13,UA-51,15.2,0.6,76,1.88
2023-10-13,UA-53,11.9,3.1,86,2.54
2023-10-13,UA-56,14.6,0.3,83,2.82
2023-10-13,UA-59,10.7,3.4,76,2.9
2023-10-13,UA-61,15.0,1.7,83,2.64
2023-10-13,UA-63,10.8,1.3,87,3.12
2023-10-13,UA-65,14.2,0.0,85,2.83
2023-10-13,UA-68,14.2,3.3,86,2.89
2023-10-13,UA-71,12.9,3.5,84,2.24
2023-10-13,UA-74,10.6,0.1,79,2.99
2023-10-13,UA-77,15.7,1.1,79,1.74
2023-10-14,UA-05,15.9,0.0,72,4.08
2023-10-14,UA-07,18.3,0.7,71,5.44
2023-10-14,UA-09,13.1,0.0,82,1.68
2023-10-14,UA-12,12.8,0.0,84,2.74
2023-10-14,UA-14,12.2,0.0,83,2.13
2023-10-14,UA-18,16.3,0.0,69,5.09
2023-10-14,UA-21,17.9,0.0,73,3.18
2023-10-14,UA-23,13.8,0.0,84,3.29
2023-10-14,UA-26,17.4,0.0,70,2.87
2023-10-14,UA-30,15.4,0.0,68,5.0
2023-10-14,UA-32,15.6,0.0,70,4.42
2023-10-14,UA-35,14.4,0.0,79,3.28
2023-10-14,UA-40,16.2,0.0,72,3.1
2023-10-14,UA-43,13.3,0.0,78,1.24
2023-10-14,UA-46,18.4,0.0,69,4.98
2023-10-14,UA-48,14.1,0.0,85,2.5
2023-10-14,UA-51,16.2,0.0,80,3.63
2023-10-14,UA-53,12.2,0.0,84,3.46
2023-10-14,UA-56,17.9,0.0,71,4.85
2023-10-14,UA-59,12.1,0.0,77,4.93
2023-10-14,UA-61,17.1,0.0,72,3.73
2023-10-14,UA-63,12.0,0.0,85,3.35
2023-10-14,UA-65,14.2,0.0,85,2.05
2023-10-14,UA-68,16.2,0.0,74,4.25
2023-10-14,UA-71,14.5,0.0,77,3.87
2023-10-14,UA-74,15.4,0.0,67,5.83
2023-10-14,UA-77,17.0,0.0,71,2.28
2023-10-15,UA-05,11.0,13.0,88,3.32
2023-10-15,UA-07,10.1,4.1,79,3.93
2023-10-15,UA-09,13.9,0.0,59,3.2
2023-10-15,UA-12,13.7,0.0,74,3.31
2023-10-15,UA-14,11.4,0.0,70,2.42
2023-10-15,UA-18,10.7,8.7,90,3.35
2023-10-15,UA-21,11.7,7.8,80,3.06
2023-10-15,UA-23,14.1,0.0,78,3.05
2023-10-15,UA-26,10.2,9.5,91,3.2
2023-10-15,UA-30,12.1,9.7,85,3.67
2023-10-15,UA-32,12.4,10.9,87,3.65
2023-10-15,UA-35,16.3,3.3,78,3.42
2023-10-15,UA-40,16.4,0.0,76,2.8
2023-10-15,UA-43,12.8,0.0,81,1.44
2023-10-15,UA-46,9.9,8.0,85,3.47
2023-10-15,UA-48,15.9,0.0,84,3.79
2023-10-15,UA-51,17.7,0.0,79,4.8
2023-10-15,UA-53,13.9,0.5,75,3.73
2023-10-15,UA-56,10.6,4.9,83,3.63
2023-10-15,UA-59,13.1,2.6,87,5.08
2023-10-15,UA-61,9.7,8.7,91,3.19
2023-10-15,UA-63,13.7,0.0,69,3.63
2023-10-15,UA-65,14.6,0.0,83,2.81
2023-10-15,UA-68,9.9,9.6,92,3.25
2023-10-15,UA-71,14.1,2.8,85,3.8
2023-10-15,UA-74,11.6,5.3,87,3.37
2023-10-15,UA-77,10.7,13.4,90,3.34
2023-10-16,UA-05,6.0,3.2,86,5.45
2023-10-16,UA-07,5.8,2.3,85,5.59
2023-10-16,UA-09,11.2,1.9,71,5.71
2023-10-16,UA-12,7.5,10.2,92,5.73
2023-10-16,UA-14,8.1,3.8,82,4.8
2023-10-16,UA-18,5.7,1.9,87,5.78
2023-10-16,UA-21,8.3,0.1,70,2.15
2023-10-16,UA-23,9.1,9.5,88,6.92
2023-10-16,UA-26,6.6,1.1,77,5.39
2023-10-16,UA-30,6.5,6.4,84,5.49
2023-10-16,UA-32,6.6,6.9,83,5.48
2023-10-16,UA-35,7.4,16.7,84,5.98
2023-10-16,UA-40,14.0,5.0,77,7.69
2023-10-16,UA-43,9.3,4.1,87,3.81
2023-10-16,UA-46,5.8,0.7,82,5.75
2023-10-16,UA-48,9.4,8.8,79,6.28
2023-10-16,UA-51,9.5,3.4,71,7.64
2023-10-16,UA-53,6.5,15.8,92,5.29
2023-10-16,UA-56,5.8,1.5,85,5.48
2023-10-16,UA-59,5.9,24.9,92,5.67
2023-10-16,UA-61,5.5,1.1,86,5.72
2023-10-16,UA-63,7.3,12.1,91,5.42
2023-10-16,UA-65,9.2,7.6,79,5.58
2023-10-16,UA-68,5.4,2.2,89,5.55
2023-10-16,UA-71,7.1,16.5,85,6.0
2023-10-16,UA-74,6.1,4.4,87,5.0
2023-10-16,UA-77,7.3,0.5,75,5.11
2023-10-17,UA-05,5.2,0.0,79,3.15
2023-10-17,UA-07,5.1,0.0,80,3.16
2023-10-17,UA-09,6.2,0.6,75,5.45
2023-10-17,UA-12,5.6,0.7,81,4.31
2023-10-17,UA-14,4.8,0.2,79,4.23
2023-10-17,UA-18,5.0,0.1,76,4.05
2023-10-17,UA-21,6.7,0.0,77,1.39
2023-10-17,UA-23,7.5,0.5,73,4.74
2023-10-17,UA-26,5.5,0.0,76,1.99
2023-10-17,UA-30,5.6,0.1,72,4.65
2023-10-17,UA-32,5.2,0.1,75,3.69
2023-10-17,UA-35,5.7,0.1,73,3.92
2023-10-17,UA-40,12.2,0.0,61,4.42
2023-10-17,UA-43,7.3,0.0,74,1.95
2023-10-17,UA-46,4.7,0.1,83,2.29
2023-10-17,UA-48,7.6,0.0,74,3.4
2023-10-17,UA-51,7.9,0.0,67,3.43
2023-10-17,UA-53,4.8,0.3,76,4.74
2023-10-17,UA-56,5.4,0.0,79,3.42
2023-10-17,UA-59,4.5,0.4,76,5.75
2023-10-17,UA-61,4.6,0.0,82,2.72
2023-10-17,UA-63,5.0,0.2,77,5.32
2023-10-17,UA-65,7.3,0.0,71,3.15
2023-10-17,UA-68,5.2,0.0,79,3.08
2023-10-17,UA-71,6.1,0.3,76,4.21
2023-10-17,UA-74,5.0,0.3,75,5.36
2023-10-17,UA-77,6.6,0.0,72,1.64
2023-10-18,UA-05,5.5,0.1,75,2.74
2023-10-18,UA-07,4.7,0.0,76,3.75
2023-10-18,UA-09,4.5,0.0,70,2.53
2023-10-18,UA-12,6.0,0.0,70,2.84
2023-10-18,UA-14,3.0,0.0,76,1.85
2023-10-18,UA-18,5.0,0.2,75,3.59
2023-10-18,UA-21,7.2,0.0,75,1.76
2023-10-18,UA-23,8.0,0.0,69,2.5
2023-10-18,UA-26,5.2,0.0,77,2.2
2023-10-18,UA-30,5.4,0.0,75,3.69
2023-10-18,UA-32,5.3,0.0,76,2.83
2023-10-18,UA-35,6.1,0.0,71,2.77
2023-10-18,UA-40,12.4,0.0,61,3.22
2023-10-18,UA-43,7.0,0.0,72,1.95
2023-10-18,UA-46,5.2,0.0,76,2.64
2023-10-18,UA-48,8.2,0.0,72,2.15
2023-10-18,UA-51,9.8,0.1,66,2.66
2023-10-18,UA-53,5.3,0.4,71,3.49
2023-10-18,UA-56,4.9,0.0,75,3.47
2023-10-18,UA-59,5.4,1.1,74,4.77
2023-10-18,UA-61,5.3,0.0,75,2.6
2023-10-18,UA-63,5.6,0.0,68,3.98
2023-10-18,UA-65,7.3,0.0,69,2.01
2023-10-18,UA-68,5.1,0.0,75,2.72
2023-10-18,UA-71,6.2,0.0,72,3.16
2023-10-18,UA-74,5.5,1.3,77,4.65
2023-10-18,UA-77,6.6,0.0,73,1.47
2023-10-19,UA-05,7.9,0.6,75,2.42
2023-10-19,UA-07,6.5,7.7,83,3.16
2023-10-19,UA-09,8.1,0.0,61,4.34
2023-10-19,UA-12,10.4,0.5,70,4.68
2023-10-19,UA-14,7.6,0.0,68,3.76
2023-10-19,UA-18,7.3,0.9,72,2.69
2023-10-19,UA-21,8.5,11.3,85,3.63
2023-10-19,UA-23,10.8,0.2,70,5.63
2023-10-19,UA-26,7.4,3.1,78,2.83
2023-10-19,UA-30,7.4,1.3,72,2.95
2023-10-19,UA-32,8.0,0.6,73,2.62
2023-10-19,UA-35,10.3,0.1,73,3.69
2023-10-19,UA-40,13.4,0.0,61,4.85
2023-10-19,UA-43,9.1,0.0,74,2.35
2023-10-19,UA-46,7.0,1.6,81,3.38
2023-10-19,UA-48,13.3,0.5,73,4.73
2023-10-19,UA-51,14.6,0.0,69,6.59
2023-10-19,UA-53,7.9,0.3,73,3.83
2023-10-19,UA-56,6.9,5.3,81,2.99
2023-10-19,UA-59,6.3,0.8,80,3.42
2023-10-19,UA-61,7.1,1.4,80,3.18
2023-10-19,UA-63,7.6,1.9,73,3.57
2023-10-19,UA-65,12.6,0.5,73,4.44
2023-10-19,UA-68,7.2,0.6,77,2.77
2023-10-19,UA-71,8.6,0.4,75,3.04
2023-10-19,UA-74,6.7,1.1,79,3.34
2023-10-19,UA-77,9.0,0.2,71,2.45
2023-10-20,UA-05,13.7,7.6,86,3.61
2023-10-20,UA-07,12.2,7.3,93,2.75
2023-10-20,UA-09,12.6,0.0,74,6.11
2023-10-20,UA-12,14.6,0.3,76,6.44
2023-10-20,UA-14,12.5,0.0,80,5.15
2023-10-20,UA-18,11.9,8.8,93,2.62
2023-10-20,UA-21,17.6,7.0,77,3.65
2023-10-20,UA-23,14.0,0.0,78,6.63
2023-10-20,UA-26,16.5,8.4,79,2.88
2023-10-20,UA-30,10.7,9.6,95,2.02
2023-10-20,UA-32,12.7,5.8,89,2.99
2023-10-20,UA-35,17.3,2.2,80,5.63
2023-10-20,UA-40,17.2,0.0,81,6.87
2023-10-20,UA-43,15.1,0.0,76,4.95
2023-10-20,UA-46,15.5,9.7,83,3.64
2023-10-20,UA-48,17.8,0.0,82,6.81
2023-10-20,UA-51,18.8,0.0,75,6.94
2023-10-20,UA-53,13.5,8.0,87,5.65
2023-10-20,UA-56,12.7,5.5,91,3.07
2023-10-20,UA-59,10.2,22.2,97,2.55
2023-10-20,UA-61,14.4,9.8,87,3.84
2023-10-20,UA-63,12.0,25.5,89,5.6
2023-10-20,UA-65,17.5,0.0,79,6.34
2023-10-20,UA-68,13.6,10.4,88,4.11
2023-10-20,UA-71,14.4,9.0,86,3.42
2023-10-20,UA-74,6.9,9.4,98,3.62
2023-10-20,UA-77,16.9,4.3,75,3.27
2023-10-21,UA-05,18.4,0.0,68,2.55
2023-10-21,UA-07,16.9,0.0,77,2.91
2023-10-21,UA-09,13.5,0.0,82,4.84
2023-10-21,UA-12,16.6,0.0,82,4.13
2023-10-21,UA-14,15.0,0.0,83,3.73
2023-10-21,UA-18,14.8,0.2,87,2.72
2023-10-21,UA-21,20.2,3.1,68,2.89
2023-10-21,UA-23,16.6,0.0,85,4.14
2023-10-21,UA-26,21.1,0.0,56,4.46
2023-10-21,UA-30,10.4,0.3,95,3.43
2023-10-21,UA-32,16.0,0.0,82,2.61
2023-10-21,UA-35,18.7,0.0,77,3.04
2023-10-21,UA-40,18.4,0.0,88,4.15
2023-10-21,UA-43,19.5,0.0,73,4.46
2023-10-21,UA-46,19.7,0.5,64,5.41
2023-10-21,UA-48,19.2,0.0,73,2.85
2023-10-21,UA-51,20.6,0.0,61,2.82
2023-10-21,UA-53,13.1,0.1,86,4.25
2023-10-21,UA-56,17.2,0.0,76,2.56
2023-10-21,UA-59,6.9,8.9,94,5.29
2023-10-21,UA-61,19.5,0.0,62,4.17
2023-10-21,UA-63,10.2,2.7,92,4.12
2023-10-21,UA-65,18.8,0.0,77,3.11
2023-10-21,UA-68,18.0,0.0,70,2.72
2023-10-21,UA-71,14.6,0.0,84,3.11
2023-10-21,UA-74,6.5,6.3,94,5.71
2023-10-21,UA-77,22.8,0.0,49,3.68
2023-10-22,UA-05,17.0,0.1,71,3.45
2023-10-22,UA-07,15.8,1.1,82,5.19
2023-10-22,UA-09,8.7,0.0,77,4.42
2023-10-22,UA-12,13.2,0.0,87,4.79
2023-10-22,UA-14,9.6,0.0,83,4.05
2023-10-22,UA-18,15.4,0.0,81,4.05
2023-10-22,UA-21,17.3,2.5,77,3.81
2023-10-22,UA-23,14.2,0.0,89,5.24
2023-10-22,UA-26,17.3,0.0,69,3.32
2023-10-22,UA-30,12.5,0.1,89,4.13
2023-10-22,UA-32,15.6,0.1,81,3.46
2023-10-22,UA-35,16.3,0.0,84,4.25
2023-10-22,UA-40,18.6,0.0,82,3.44
2023-10-22,UA-43,20.1,0.0,54,2.71
2023-10-22,UA-46,16.7,1.0,75,5.69
2023-10-22,UA-48,18.0,0.0,83,3.7
2023-10-22,UA-51,19.1,0.0,70,3.35
2023-10-22,UA-53,11.1,0.8,89,4.73
2023-10-22,UA-56,16.1,0.7,79,4.27
2023-10-22,UA-59,8.0,0.6,92,4.92
2023-10-22,UA-61,16.8,0.0,71,4.29
2023-10-22,UA-63,7.9,0.1,90,4.5
2023-10-22,UA-65,17.9,0.0,83,3.36
2023-10-22,UA-68,16.8,0.0,70,3.94
2023-10-22,UA-71,13.7,0.2,87,4.07
2023-10-22,UA-74,10.0,0.1,94,4.46
2023-10-22,UA-77,18.4,0.0,59,2.87
2023-10-23,UA-05,13.2,0.0,77,4.5
2023-10-23,UA-07,12.1,0.8,86,4.33
2023-10-23,UA-09,15.3,0.0,74,4.55
2023-10-23,UA-12,15.8,0.1,75,3.94
2023-10-23,UA-14,14.8,0.0,79,3.67
2023-10-23,UA-18,12.8,0.0,77,6.05
2023-10-23,UA-21,12.7,0.0,85,1.51
2023-10-23,UA-23,15.8,0.0,79,4.12
2023-10-23,UA-26,12.8,0.0,73,3.42
2023-10-23,UA-30,13.3,0.2,74,6.24
2023-10-23,UA-32,13.9,0.0,72,5.18
2023-10-23,UA-35,15.8,0.0,68,4.16
2023-10-23,UA-40,18.2,0.0,81,3.15
2023-10-23,UA-43,18.6,0.0,66,2.89
2023-10-23,UA-46,12.1,0.0,80,3.88
2023-10-23,UA-48,17.6,0.0,64,3.25
2023-10-23,UA-51,17.9,0.0,56,3.66
2023-10-23,UA-53,14.5,0.2,74,5.2
2023-10-23,UA-56,12.3,0.7,86,4.9
2023-10-23,UA-59,12.5,0.4,82,6.6
2023-10-23,UA-61,11.9,0.0,80,4.26
2023-10-23,UA-63,14.1,1.5,78,5.46
2023-10-23,UA-65,17.6,0.0,67,3.04
2023-10-23,UA-68,12.2,0.1,82,4.4
2023-10-23,UA-71,14.6,0.0,71,4.8
2023-10-23,UA-74,12.1,1.0,84,6.86
2023-10-23,UA-77,14.4,0.0,68,2.62
2023-10-24,UA-05,11.5,0.0,78,2.23
2023-10-24,UA-07,11.5,0.2,85,2.76
2023-10-24,UA-09,12.0,0.4,75,4.58
2023-10-24,UA-12,11.2,0.0,76,3.5
2023-10-24,UA-14,11.1,0.0,74,3.75
2023-10-24,UA-18,10.0,0.0,81,2.57
2023-10-24,UA-21,14.4,4.5,79,3.3
2023-10-24,UA-23,12.5,0.0,74,3.33
2023-10-24,UA-26,11.5,3.2,82,2.83
2023-10-24,UA-30,9.5,0.0,81,3.14
2023-10-24,UA-32,10.5,0.0,79,2.46
2023-10-24,UA-35,11.4,0.0,74,2.79
2023-10-24,UA-40,16.8,0.0,74,3.09
2023-10-24,UA-43,14.3,0.0,72,1.23
2023-10-24,UA-46,11.2,2.8,84,3.3
2023-10-24,UA-48,14.1,0.0,71,2.19
2023-10-24,UA-51,15.0,0.0,70,2.32
2023-10-24,UA-53,10.3,0.0,78,3.83
2023-10-24,UA-56,11.6,0.0,83,2.66
2023-10-24,UA-59,8.3,1.5,87,3.57
2023-10-24,UA-61,11.2,0.7,82,3.0
2023-10-24,UA-63,9.8,1.4,82,4.19
2023-10-24,UA-65,13.6,0.0,73,2.15
2023-10-24,UA-68,11.4,0.0,80,2.6
2023-10-24,UA-71,10.9,0.0,77,3.0
2023-10-24,UA-74,8.8,0.5,86,3.62
2023-10-24,UA-77,12.6,1.6,79,2.52
2023-10-25,UA-05,13.2,13.0,92,3.84
2023-10-25,UA-07,12.5,13.3,94,3.89
2023-10-25,UA-09,8.5,6.8,81,2.76
2023-10-25,UA-12,9.8,17.2,88,4.75
2023-10-25,UA-14,8.0,7.7,90,3.05
2023-10-25,UA-18,11.4,13.3,94,3.84
2023-10-25,UA-21,14.9,16.4,91,3.06
2023-10-25,UA-23,11.3,14.9,85,5.26
2023-10-25,UA-26,14.1,12.1,86,3.42
2023-10-25,UA-30,8.8,22.8,94,4.56
2023-10-25,UA-32,11.5,14.9,92,4.03
2023-10-25,UA-35,11.8,16.6,89,4.9
2023-10-25,UA-40,17.3,0.7,83,6.32
2023-10-25,UA-43,16.3,1.4,75,3.73
2023-10-25,UA-46,12.9,20.2,91,4.63
2023-10-25,UA-48,15.6,4.0,84,4.66
2023-10-25,UA-51,17.8,2.1,80,5.68
2023-10-25,UA-53,7.2,24.7,95,4.9
2023-10-25,UA-56,12.7,15.5,92,4.04
2023-10-25,UA-59,5.3,18.6,91,4.69
2023-10-25,UA-61,13.0,17.7,92,4.19
2023-10-25,UA-63,5.7,16.8,92,3.76
2023-10-25,UA-65,15.4,2.8,82,4.26
2023-10-25,UA-68,13.1,14.2,92,3.99
2023-10-25,UA-71,10.4,22.8,92,4.6
2023-10-25,UA-74,6.4,12.8,95,6.17
2023-10-25,UA-77,15.4,3.7,82,2.74
2023-10-26,UA-05,13.2,0.8,85,3.01
2023-10-26,UA-07,11.8,3.4,90,3.06
2023-10-26,UA-09,10.7,8.4,95,3.53
2023-10-26,UA-12,13.4,0.6,94,2.62
2023-10-26,UA-14,11.6,2.4,96,3.04
2023-10-26,UA-18,11.9,5.3,90,3.31
2023-10-26,UA-21,13.9,7.6,88,2.84
2023-10-26,UA-23,14.1,0.7,94,3.31
2023-10-26,UA-26,13.6,3.4,83,2.71
2023-10-26,UA-30,11.7,3.0,89,2.97
2023-10-26,UA-32,13.2,1.1,84,3.18
2023-10-26,UA-35,14.6,2.3,85,2.6
2023-10-26,UA-40,18.1,4.7,87,4.45
2023-10-26,UA-43,17.6,4.0,77,3.95
2023-10-26,UA-46,12.5,3.7,87,3.34
2023-10-26,UA-48,16.5,2.9,83,2.99
2023-10-26,UA-51,17.6,0.0,74,3.97
2023-10-26,UA-53,11.3,3.7,94,2.84
2023-10-26,UA-56,11.9,4.0,90,3.17
2023-10-26,UA-59,6.9,7.3,98,4.15
2023-10-26,UA-61,12.2,5.2,89,3.03
2023-10-26,UA-63,8.9,5.8,97,3.22
2023-10-26,UA-65,16.5,1.5,83,2.91
2023-10-26,UA-68,12.2,7.5,91,3.28
2023-10-26,UA-71,13.3,1.9,86,2.92
2023-10-26,UA-74,8.2,6.6,97,2.69
2023-10-26,UA-77,14.1,1.8,81,2.28
2023-10-27,UA-05,14.1,4.5,83,3.59
2023-10-27,UA-07,12.0,15.8,92,2.97
2023-10-27,UA-09,13.3,1.9,93,3.47
2023-10-27,UA-12,14.7,7.7,86,3.62
2023-10-27,UA-14,13.4,0.6,93,3.44
2023-10-27,UA-18,13.4,7.8,85,3.46
2023-10-27,UA-21,14.2,29.7,91,4.46
2023-10-27,UA-23,15.3,1.2,87,4.44
2023-10-27,UA-26,13.4,12.9,86,3.89
2023-10-27,UA-30,13.6,6.5,84,3.52
2023-10-27,UA-32,14.5,3.8,80,3.3
2023-10-27,UA-35,16.0,0.0,79,3.68
2023-10-27,UA-40,18.4,11.4,89,6.35
2023-10-27,UA-43,18.6,11.0,83,5.21
2023-10-27,UA-46,12.6,21.8,90,4.47
2023-10-27,UA-48,17.8,0.0,79,4.03
2023-10-27,UA-51,18.1,0.8,72,5.03
2023-10-27,UA-53,12.7,2.4,87,3.83
2023-10-27,UA-56,12.7,13.3,89,3.53
2023-10-27,UA-59,10.4,6.7,92,3.97
2023-10-27,UA-61,12.6,12.4,89,4.44
2023-10-27,UA-63,11.0,3.6,94,3.39
2023-10-27,UA-65,17.9,0.0,80,3.83
2023-10-27,UA-68,13.2,11.1,87,4.17
2023-10-27,UA-71,14.8,1.4,80,3.37
2023-10-27,UA-74,11.9,11.8,88,3.8
2023-10-27,UA-77,14.2,8.4,82,3.48
2023-10-28,UA-05,12.1,0.0,70,7.02
2023-10-28,UA-07,9.9,9.5,89,5.85
2023-10-28,UA-09,15.7,4.1,74,7.59
2023-10-28,UA-12,15.1,0.8,69,7.44
2023-10-28,UA-14,14.9,4.9,74,6.38
2023-10-28,UA-18,10.9,2.2,79,7.95
2023-10-28,UA-21,12.9,0.6,79,2.86
2023-10-28,UA-23,15.6,0.7,71,7.64
2023-10-28,UA-26,12.8,0.2,67,5.31
2023-10-28,UA-30,10.8,8.3,81,7.91
2023-10-28,UA-32,12.4,1.1,71,7.5
2023-10-28,UA-35,14.6,0.5,64,7.12
2023-10-28,UA-40,18.0,0.1,87,5.04
2023-10-28,UA-43,16.9,0.0,82,4.88
2023-10-28,UA-46,11.2,4.1,80,5.8
2023-10-28,UA-48,16.9,0.6,61,5.26
2023-10-28,UA-51,17.5,0.0,49,4.86
2023-10-28,UA-53,13.2,2.9,71,8.79
2023-10-28,UA-56,10.5,6.3,87,6.47
2023-10-28,UA-59,10.3,16.7,90,8.7
2023-10-28,UA-61,11.2,1.3,77,6.43
2023-10-28,UA-63,13.2,5.5,77,8.89
2023-10-28,UA-65,16.9,0.0,62,5.12
2023-10-28,UA-68,11.1,0.3,75,7.07
2023-10-28,UA-71,13.1,1.2,70,7.44
2023-10-28,UA-74,9.5,14.0,92,6.98
2023-10-28,UA-77,13.6,0.0,60,4.58
2023-10-29,UA-05,11.7,0.0,71,3.23
2023-10-29,UA-07,11.8,0.0,81,3.6
2023-10-29,UA-09,11.7,0.0,71,4.78
2023-10-29,UA-12,11.0,0.0,78,3.23
2023-10-29,UA-14,10.9,0.0,74,3.42
2023-10-29,UA-18,10.9,0.3,78,3.61
2023-10-29,UA-21,13.9,0.6,80,3.44
2023-10-29,UA-23,12.4,0.0,77,3.34
2023-10-29,UA-26,13.6,0.0,69,2.86
2023-10-29,UA-30,9.4,0.0,84,2.89
2023-10-29,UA-32,11.0,0.0,76,3.38
2023-10-29,UA-35,11.4,0.0,74,2.95
2023-10-29,UA-40,16.7,0.0,87,2.19
2023-10-29,UA-43,14.5,0.0,77,1.97
2023-10-29,UA-46,12.9,0.0,74,4.14
2023-10-29,UA-48,13.9,0.0,70,2.31
2023-10-29,UA-51,15.8,0.0,58,1.97
2023-10-29,UA-53,9.2,0.1,81,3.58
2023-10-29,UA-56,12.0,0.0,79,3.58
2023-10-29,UA-59,7.2,0.0,80,4.27
2023-10-29,UA-61,12.5,0.0,72,3.72
2023-10-29,UA-63,9.2,0.0,75,4.41
2023-10-29,UA-65,13.6,0.0,70,2.1
2023-10-29,UA-68,11.8,0.0,73,3.55
2023-10-29,UA-71,10.6,0.0,79,3.03
2023-10-29,UA-74,6.6,0.0,85,3.69
2023-10-29,UA-77,13.3,0.0,67,2.2
2023-10-30,UA-05,14.1,0.0,62,3.8
2023-10-30,UA-07,14.2,0.0,73,4.67
2023-10-30,UA-09,11.2,0.0,76,3.53
2023-10-30,UA-12,13.1,0.0,71,4.45
2023-10-30,UA-14,10.6,0.0,79,2.93
2023-10-30,UA-18,14.5,0.0,64,4.61
2023-10-30,UA-21,16.8,0.0,64,3.77
2023-10-30,UA-23,13.3,0.0,79,4.09
2023-10-30,UA-26,15.1,0.0,65,3.01
2023-10-30,UA-30,13.3,0.0,68,4.36
2023-10-30,UA-32,13.9,0.0,63,4.0
2023-10-30,UA-35,14.7,0.0,68,4.76
2023-10-30,UA-40,16.8,0.0,79,3.21
2023-10-30,UA-43,14.0,0.0,76,1.53
2023-10-30,UA-46,15.3,0.0,67,4.34
2023-10-30,UA-48,15.6,0.0,80,4.21
2023-10-30,UA-51,17.1,0.0,75,5.09
2023-10-30,UA-53,12.5,0.0,69,5.02
2023-10-30,UA-56,14.9,0.0,68,4.68
2023-10-30,UA-59,12.2,0.0,75,5.57
2023-10-30,UA-61,14.9,0.0,64,4.22
2023-10-30,UA-63,12.2,0.0,72,4.68
2023-10-30,UA-65,14.3,0.0,79,3.22
2023-10-30,UA-68,14.6,0.0,64,4.49
2023-10-30,UA-71,14.2,0.0,67,4.46
2023-10-30,UA-74,12.3,0.0,75,4.76
2023-10-30,UA-77,15.5,0.0,59,3.08
2023-10-31,UA-05,15.5,0.0,62,4.36
2023-10-31,UA-07,15.1,2.0,69,4.58
2023-10-31,UA-09,13.6,0.0,70,3.46
2023-10-31,UA-12,14.1,0.0,77,4.15
2023-10-31,UA-14,12.7,0.0,76,2.84
2023-10-31,UA-18,15.4,0.0,61,4.48
2023-10-31,UA-21,15.6,3.8,71,4.06
2023-10-31,UA-23,13.6,0.0,83,3.81
2023-10-31,UA-26,15.9,0.9,62,3.37
2023-10-31,UA-30,14.6,0.0,70,4.37
2023-10-31,UA-32,15.4,0.0,68,4.35
2023-10-31,UA-35,16.1,0.0,76,4.91
2023-10-31,UA-40,17.9,0.0,69,4.95
2023-10-31,UA-43,16.0,0.0,65,2.12
2023-10-31,UA-46,15.0,3.6,65,4.5
2023-10-31,UA-48,17.3,0.0,80,4.62
2023-10-31,UA-51,17.8,0.0,84,5.98
2023-10-31,UA-53,13.6,0.0,78,4.28
2023-10-31,UA-56,15.4,2.1,67,4.51
2023-10-31,UA-59,13.3,0.0,80,4.54
2023-10-31,UA-61,15.5,0.5,63,4.22
2023-10-31,UA-63,13.4,0.0,77,3.88
2023-10-31,UA-65,16.4,0.0,77,3.28
2023-10-31,UA-68,15.1,0.0,61,4.47
2023-10-31,UA-71,15.6,0.0,73,4.41
2023-10-31,UA-74,13.6,0.0,76,4.44
2023-10-31,UA-77,16.6,1.0,52,3.13
2023-11-01,UA-05,11.4,5.6,85,3.23
2023-11-01,UA-07,10.7,0.1,82,4.23
2023-11-01,UA-09,14.3,0.5,74,4.13
2023-11-01,UA-12,14.0,6.2,83,4.15
2023-11-01,UA-14,13.0,3.1,80,3.67
2023-11-01,UA-18,11.1,4.4,82,3.89
2023-11-01,UA-21,11.9,0.5,82,2.4
2023-11-01,UA-23,14.4,2.9,83,4.15
2023-11-01,UA-26,10.6,1.0,81,3.42
2023-11-01,UA-30,11.6,4.1,90,4.2
2023-11-01,UA-32,12.0,4.8,89,3.77
2023-11-01,UA-35,13.8,3.7,90,4.33
2023-11-01,UA-40,17.1,1.0,84,4.47
2023-11-01,UA-43,15.9,0.5,77,3.31
2023-11-01,UA-46,10.0,1.0,84,4.21
2023-11-01,UA-48,15.6,2.4,91,4.46
2023-11-01,UA-51,15.3,1.8,87,4.66
2023-11-01,UA-53,13.0,5.6,85,4.68
2023-11-01,UA-56,11.1,0.9,81,4.12
2023-11-01,UA-59,13.2,12.9,84,4.82
2023-11-01,UA-61,10.3,0.7,83,4.09
2023-11-01,UA-63,13.5,8.3,80,3.8
2023-11-01,UA-65,15.3,2.6,90,3.98
2023-11-01,UA-68,10.7,2.1,82,3.63
2023-11-01,UA-71,13.4,3.9,89,3.91
2023-11-01,UA-74,12.0,2.7,92,4.8
2023-11-01,UA-77,11.5,2.2,79,3.13
2023-11-02,UA-05,9.0,0.0,80,2.92
2023-11-02,UA-07,9.2,0.0,78,4.16
2023-11-02,UA-09,10.8,1.3,81,3.48
2023-11-02,UA-12,9.5,0.1,82,3.08
2023-11-02,UA-14,9.6,0.4,83,2.9
2023-11-02,UA-18,8.3,0.0,80,3.0
2023-11-02,UA-21,11.4,0.0,72,4.18
2023-11-02,UA-23,10.4,0.0,79,3.33
2023-11-02,UA-26,8.4,0.0,79,3.37
2023-11-02,UA-30,8.7,0.1,77,3.05
2023-11-02,UA-32,8.7,0.0,77,2.62
2023-11-02,UA-35,8.8,0.0,76,2.57
2023-11-02,UA-40,15.9,5.8,81,2.12
2023-11-02,UA-43,13.5,2.4,86,2.3
2023-11-02,UA-46,9.0,0.0,78,4.35
2023-11-02,UA-48,10.4,0.0,81,2.28
2023-11-02,UA-51,10.7,0.0,81,2.73
2023-11-02,UA-53,8.0,0.2,85,3.67
2023-11-02,UA-56,9.2,0.0,79,3.93
2023-11-02,UA-59,7.7,1.2,87,4.02
2023-11-02,UA-61,8.4,0.0,80,4.25
2023-11-02,UA-63,9.0,0.8,89,3.9
2023-11-02,UA-65,10.1,0.0,80,2.21
2023-11-02,UA-68,8.5,0.0,81,3.86
2023-11-02,UA-71,9.0,0.0,77,2.94
2023-11-02,UA-74,7.6,0.6,85,3.4
2023-11-02,UA-77,8.7,0.0,79,3.85
2023-11-03,UA-05,10.5,0.0,77,5.8
2023-11-03,UA-07,11.5,0.8,82,7.41
2023-11-03,UA-09,8.1,1.3,86,3.53
2023-11-03,UA-12,8.5,5.3,92,4.04
2023-11-03,UA-14,8.3,3.0,85,4.17
2023-11-03,UA-18,9.4,0.1,76,6.24
2023-11-03,UA-21,13.3,7.2,73,5.17
2023-11-03,UA-23,9.7,9.9,87,4.95
2023-11-03,UA-26,11.3,0.4,79,5.74
2023-11-03,UA-30,7.7,0.0,82,5.11
2023-11-03,UA-32,8.7,0.0,79,4.74
2023-11-03,UA-35,8.7,0.2,84,3.84
2023-11-03,UA-40,15.7,16.7,89,3.45
2023-11-03,UA-43,13.9,7.4,93,2.58
2023-11-03,UA-46,11.1,1.7,78,6.32
2023-11-03,UA-48,11.7,0.2,85,3.82
2023-11-03,UA-51,13.8,0.1,82,5.0
2023-11-03,UA-53,6.6,0.9,90,4.23
2023-11-03,UA-56,11.8,0.6,80,7.26
2023-11-03,UA-59,5.2,1.4,91,3.71
2023-11-03,UA-61,11.0,1.7,87,7.69
2023-11-03,UA-63,6.3,3.8,91,3.55
2023-11-03,UA-65,11.4,0.3,86,3.54
2023-11-03,UA-68,11.5,1.1,80,7.2
2023-11-03,UA-71,8.3,0.1,87,4.25
2023-11-03,UA-74,6.9,0.0,83,5.08
2023-11-03,UA-77,12.1,0.3,85,6.77
2023-11-04,UA-05,12.9,21.8,97,4.26
2023-11-04,UA-07,10.9,0.0,84,3.14
2023-11-04,UA-09,11.3,0.6,89,5.42
2023-11-04,UA-12,15.1,0.7,89,6.67
2023-11-04,UA-14,12.2,0.2,95,5.43
2023-11-04,UA-18,11.6,34.0,96,4.16
2023-11-04,UA-21,10.9,1.3,87,1.97
2023-11-04,UA-23,15.0,0.7,88,7.51
2023-11-04,UA-26,10.0,0.0,85,1.91
2023-11-04,UA-30,12.7,11.6,96,5.8
2023-11-04,UA-32,13.8,10.0,96,5.17
2023-11-04,UA-35,15.6,2.0,90,6.2
2023-11-04,UA-40,18.6,0.0,78,8.0
2023-11-04,UA-43,18.6,0.0,70,4.59
2023-11-04,UA-46,9.9,0.1,82,2.48
2023-11-04,UA-48,17.9,1.5,81,6.55
2023-11-04,UA-51,18.6,1.0,82,7.85
2023-11-04,UA-53,13.6,0.4,91,6.69
2023-11-04,UA-56,11.6,0.9,87,3.15
2023-11-04,UA-59,11.4,3.2,94,7.0
2023-11-04,UA-61,10.3,1.0,91,1.96
2023-11-04,UA-63,11.7,0.7,93,6.31
2023-11-04,UA-65,18.0,0.9,77,5.77
2023-11-04,UA-68,11.7,16.4,93,3.12
2023-11-04,UA-71,14.3,5.7,92,5.74
2023-11-04,UA-74,12.2,15.0,95,6.6
2023-11-04,UA-77,11.3,2.9,90,2.02
2023-11-05,UA-05,11.2,3.0,84,4.01
2023-11-05,UA-07,9.7,10.4,85,5.31
2023-11-05,UA-09,13.3,0.7,82,5.46
2023-11-05,UA-12,14.6,3.3,82,5.89
2023-11-05,UA-14,12.8,0.2,86,4.87
2023-11-05,UA-18,10.6,5.2,85,4.36
2023-11-05,UA-21,10.8,17.0,86,4.78
2023-11-05,UA-23,14.5,2.6,82,6.48
2023-11-05,UA-26,10.6,4.6,77,4.31
2023-11-05,UA-30,11.4,13.2,84,4.28
2023-11-05,UA-32,11.7,10.4,83,3.98
2023-11-05,UA-35,14.4,3.4,81,5.11
2023-11-05,UA-40,17.2,0.8,83,6.7
2023-11-05,UA-43,16.3,0.7,75,5.18
2023-11-05,UA-46,9.4,13.3,82,5.0
2023-11-05,UA-48,16.0,0.1,82,5.4
2023-11-05,UA-51,15.5,0.6,79,5.8
2023-11-05,UA-53,13.1,4.4,86,5.56
2023-11-05,UA-56,10.5,7.9,82,4.98
2023-11-05,UA-59,12.8,4.3,87,5.96
2023-11-05,UA-61,9.9,3.4,80,4.96
2023-11-05,UA-63,12.8,6.2,88,5.71
2023-11-05,UA-65,16.0,0.5,81,5.25
2023-11-05,UA-68,10.6,4.0,83,4.72
2023-11-05,UA-71,13.3,7.3,82,4.51
2023-11-05,UA-74,11.2,8.2,86,4.76
2023-11-05,UA-77,10.9,2.1,76,3.87
2023-11-06,UA-05,11.2,0.1,70,4.55
2023-11-06,UA-07,10.6,0.2,72,6.6
2023-11-06,UA-09,12.9,10.6,91,4.61
2023-11-06,UA-12,13.3,4.8,80,4.53
2023-11-06,UA-14,12.1,8.4,95,4.1
2023-11-06,UA-18,10.4,0.8,76,5.47
2023-11-06,UA-21,11.1,0.0,76,2.85
2023-11-06,UA-23,13.5,6.2,82,4.99
2023-11-06,UA-26,12.1,0.0,61,5.18
2023-11-06,UA-30,10.9,0.8,77,5.27
2023-11-06,UA-32,11.4,0.0,73,4.51
2023-11-06,UA-35,13.2,1.3,74,4.11
2023-11-06,UA-40,16.7,1.0,85,5.69
2023-11-06,UA-43,15.1,0.5,86,4.68
2023-11-06,UA-46,10.8,0.2,69,5.68
2023-11-06,UA-48,14.8,0.6,70,3.4
2023-11-06,UA-51,15.1,0.6,61,4.23
2023-11-06,UA-53,12.4,2.0,79,4.91
2023-11-06,UA-56,10.6,0.0,72,6.28
2023-11-06,UA-59,11.7,3.7,83,5.52
2023-11-06,UA-61,10.7,0.0,68,5.55
2023-11-06,UA-63,12.1,4.8,86,4.48
2023-11-06,UA-65,14.9,1.0,73,3.44
2023-11-06,UA-68,10.5,0.0,71,5.08
2023-11-06,UA-71,12.7,0.8,75,4.8
2023-11-06,UA-74,10.9,1.5,81,6.19
2023-11-06,UA-77,12.4,0.0,57,3.88
2023-11-07,UA-05,10.3,0.0,69,3.33
2023-11-07,UA-07,9.2,0.0,79,3.71
2023-11-07,UA-09,10.6,0.0,74,4.65
2023-11-07,UA-12,10.1,0.0,75,3.55
2023-11-07,UA-14,9.1,0.0,77,3.62
2023-11-07,UA-18,9.9,0.0,72,3.99
2023-11-07,UA-21,10.7,4.7,85,2.6
2023-11-07,UA-23,10.9,0.0,77,3.72
2023-11-07,UA-26,10.0,0.4,74,2.34
2023-11-07,UA-30,9.8,0.0,72,4.11
2023-11-07,UA-32,10.4,0.0,69,3.59
2023-11-07,UA-35,10.6,0.0,69,3.5
2023-11-07,UA-40,15.8,0.0,82,2.11
2023-11-07,UA-43,12.5,0.0,79,2.02
2023-11-07,UA-46,9.3,0.6,81,3.08
2023-11-07,UA-48,12.2,0.0,72,2.55
2023-11-07,UA-51,13.2,0.0,64,2.61
2023-11-07,UA-53,9.1,0.0,76,4.23
2023-11-07,UA-56,9.6,0.9,78,3.69
2023-11-07,UA-59,9.2,0.0,75,5.3
2023-11-07,UA-61,9.3,0.3,77,2.94
2023-11-07,UA-63,9.5,0.0,76,4.6
2023-11-07,UA-65,11.4,0.0,72,2.27
2023-11-07,UA-68,9.5,0.3,75,3.34
2023-11-07,UA-71,10.8,0.0,70,3.94
2023-11-07,UA-74,9.4,0.0,76,4.8
2023-11-07,UA-77,10.1,0.1,74,2.09
2023-11-08,UA-05,7.8,5.2,93,2.52
2023-11-08,UA-07,7.0,0.0,92,2.57
2023-11-08,UA-09,10.2,2.2,77,3.99
2023-11-08,UA-12,10.6,12.6,85,4.49
2023-11-08,UA-14,9.8,4.3,83,3.55
2023-11-08,UA-18,6.6,12.0,95,2.41
2023-11-08,UA-21,9.3,12.9,93,1.64
2023-11-08,UA-23,11.4,11.5,84,4.83
2023-11-08,UA-26,8.3,22.8,91,2.79
2023-11-08,UA-30,6.5,11.7,95,2.82
2023-11-08,UA-32,7.3,11.7,93,2.66
2023-11-08,UA-35,10.6,5.0,90,4.16
2023-11-08,UA-40,15.9,0.5,85,5.85
2023-11-08,UA-43,14.3,0.4,74,3.63
2023-11-08,UA-46,7.3,4.6,93,2.91
2023-11-08,UA-48,13.8,5.4,88,4.64
2023-11-08,UA-51,15.5,1.4,83,5.41
2023-11-08,UA-53,8.7,11.1,86,4.39
2023-11-08,UA-56,7.5,0.4,92,2.27
2023-11-08,UA-59,7.0,17.9,91,3.4
2023-11-08,UA-61,7.8,14.2,92,2.43
2023-11-08,UA-63,9.1,11.4,85,4.16
2023-11-08,UA-65,13.2,6.7,85,4.22
2023-11-08,UA-68,7.7,16.4,94,2.42
2023-11-08,UA-71,8.9,12.8,90,3.56
2023-11-08,UA-74,5.9,4.9,97,2.54
2023-11-08,UA-77,8.7,12.2,93,2.78
2023-11-09,UA-05,6.7,0.0,85,3.44
2023-11-09,UA-07,6.8,0.0,82,3.56
2023-11-09,UA-09,9.0,15.3,85,5.83
2023-11-09,UA-12,8.2,0.4,83,5.57
2023-11-09,UA-14,8.4,15.1,86,4.98
2023-11-09,UA-18,5.7,0.4,90,3.77
2023-11-09,UA-21,7.3,0.0,82,2.86
2023-11-09,UA-23,9.2,0.9,80,5.87
2023-11-09,UA-26,7.1,0.0,75,2.8
2023-11-09,UA-30,6.1,0.0,90,4.0
2023-11-09,UA-32,6.2,0.0,90,3.62
2023-11-09,UA-35,7.7,0.2,84,4.1
2023-11-09,UA-40,12.6,8.2,79,5.86
2023-11-09,UA-43,9.3,10.0,89,2.91
2023-11-09,UA-46,7.0,0.0,75,3.64
2023-11-09,UA-48,9.1,0.1,78,4.08
2023-11-09,UA-51,9.3,0.0,71,4.52
2023-11-09,UA-53,6.9,0.3,83,5.48
2023-11-09,UA-56,6.5,0.0,85,3.57
2023-11-09,UA-59,6.3,0.1,88,5.68
2023-11-09,UA-61,6.6,0.0,80,3.18
2023-11-09,UA-63,7.8,0.6,85,5.95
2023-11-09,UA-65,9.1,0.1,78,3.81
2023-11-09,UA-68,6.5,0.0,83,3.6
2023-11-09,UA-71,7.2,0.4,88,4.45
2023-11-09,UA-74,6.1,0.1,90,4.41
2023-11-09,UA-77,7.5,0.0,73,2.64
2023-11-10,UA-05,7.6,0.0,76,5.39
2023-11-10,UA-07,6.3,0.0,75,4.31
2023-11-10,UA-09,5.4,0.0,85,3.15
2023-11-10,UA-12,5.8,0.0,86,2.8
2023-11-10,UA-14,4.3,0.0,87,2.59
2023-11-10,UA-18,6.8,0.0,78,5.06
2023-11-10,UA-21,8.2,0.8,68,3.57
2023-11-10,UA-23,7.1,0.0,80,2.87
2023-11-10,UA-26,4.8,0.0,83,2.8
2023-11-10,UA-30,6.3,0.0,81,4.74
2023-11-10,UA-32,7.0,0.0,76,4.72
2023-11-10,UA-35,6.9,0.0,77,3.83
2023-11-10,UA-40,12.3,0.0,70,6.2
2023-11-10,UA-43,7.6,0.0,81,2.33
2023-11-10,UA-46,6.3,0.0,72,3.99
2023-11-10,UA-48,8.6,0.0,78,4.03
2023-11-10,UA-51,11.4,0.0,63,5.47
2023-11-10,UA-53,4.8,0.0,87,3.11
2023-11-10,UA-56,6.2,0.0,80,4.3
2023-11-10,UA-59,4.8,0.3,88,3.67
2023-11-10,UA-61,5.0,0.0,83,3.54
2023-11-10,UA-63,4.6,0.2,89,2.99
2023-11-10,UA-65,8.1,0.0,75,3.35
2023-11-10,UA-68,6.8,0.0,80,5.18
2023-11-10,UA-71,7.0,0.0,81,4.06
2023-11-10,UA-74,5.6,0.0,87,4.94
2023-11-10,UA-77,6.5,0.0,74,3.48
2023-11-11,UA-05,8.9,5.2,92,4.08
2023-11-11,UA-07,5.3,2.2,94,2.31
2023-11-11,UA-09,6.1,0.0,78,5.49
2023-11-11,UA-12,8.0,6.7,88,6.58
2023-11-11,UA-14,5.5,2.3,84,5.36
2023-11-11,UA-18,8.3,3.5,89,4.53
2023-11-11,UA-21,8.0,9.2,91,2.36
2023-11-11,UA-23,9.5,7.5,85,7.86
2023-11-11,UA-26,7.0,1.3,86,1.62
2023-11-11,UA-30,7.5,9.5,90,5.06
2023-11-11,UA-32,8.3,8.0,91,4.15
2023-11-11,UA-35,9.6,26.4,94,5.71
2023-11-11,UA-40,16.1,5.9,82,9.21
2023-11-11,UA-43,14.1,3.3,81,5.45
2023-11-11,UA-46,6.3,2.6,90,1.74
2023-11-11,UA-48,12.1,30.4,90,5.66
2023-11-11,UA-51,14.2,11.2,87,6.28
2023-11-11,UA-53,6.0,11.9,89,6.21
2023-11-11,UA-56,7.5,6.7,94,2.93
2023-11-11,UA-59,5.2,8.0,88,6.37
2023-11-11,UA-61,6.2,2.7,91,2.37
2023-11-11,UA-63,5.3,2.2,85,5.39
2023-11-11,UA-65,12.2,32.3,89,5.85
2023-11-11,UA-68,8.3,7.3,91,3.96
2023-11-11,UA-71,8.8,19.3,92,5.69
2023-11-11,UA-74,6.9,6.2,88,6.0
2023-11-11,UA-77,8.6,3.1,86,2.36
2023-11-12,UA-05,6.8,2.8,88,5.27
2023-11-12,UA-07,5.9,1.9,88,5.86
2023-11-12,UA-09,11.7,1.6,71,7.53
2023-11-12,UA-12,10.6,3.3,85,8.09
2023-11-12,UA-14,11.0,2.0,76,6.63
2023-11-12,UA-18,6.8,5.5,91,6.31
2023-11-12,UA-21,7.5,2.6,84,3.06
2023-11-12,UA-23,10.7,1.8,82,8.98
2023-11-12,UA-26,6.3,2.7,87,4.92
2023-11-12,UA-30,7.0,12.6,92,5.9
2023-11-12,UA-32,7.8,12.9,90,5.5
2023-11-12,UA-35,9.2,13.6,90,5.57
2023-11-12,UA-40,14.4,0.4,65,9.25
2023-11-12,UA-43,11.9,0.6,71,7.5
2023-11-12,UA-46,5.9,2.4,89,5.2
2023-11-12,UA-48,9.4,1.5,86,6.79
2023-11-12,UA-51,9.2,0.5,77,7.5
2023-11-12,UA-53,9.5,12.4,87,7.72
2023-11-12,UA-56,6.3,2.1,88,6.22
2023-11-12,UA-59,8.3,16.8,91,8.02
2023-11-12,UA-61,5.6,1.5,87,5.54
2023-11-12,UA-63,9.9,6.4,85,7.82
2023-11-12,UA-65,9.7,1.7,82,6.68
2023-11-12,UA-68,5.8,1.8,87,5.68
2023-11-12,UA-71,9.0,16.6,89,5.5
2023-11-12,UA-74,6.2,23.5,95,6.13
2023-11-12,UA-77,6.8,3.3,85,4.19
2023-11-13,UA-05,6.1,0.5,73,4.01
2023-11-13,UA-07,5.0,0.7,80,4.61
2023-11-13,UA-09,7.8,0.0,77,4.03
2023-11-13,UA-12,7.3,0.0,79,4.04
2023-11-13,UA-14,6.0,0.0,83,3.23
2023-11-13,UA-18,5.2,0.2,79,5.18
2023-11-13,UA-21,5.1,0.3,89,1.97
2023-11-13,UA-23,7.7,0.0,81,4.06
2023-11-13,UA-26,5.7,0.4,73,2.83
2023-11-13,UA-30,5.6,0.3,80,5.39
2023-11-13,UA-32,6.2,0.0,75,4.53
2023-11-13,UA-35,6.7,0.0,76,3.89
2023-11-13,UA-40,12.4,5.8,65,3.58
2023-11-13,UA-43,8.8,11.6,79,2.18
2023-11-13,UA-46,5.0,0.8,80,3.88
2023-11-13,UA-48,7.4,0.0,84,2.33
2023-11-13,UA-51,7.5,0.0,71,1.48
2023-11-13,UA-53,6.5,0.8,78,4.68
2023-11-13,UA-56,5.4,0.3,77,4.71
2023-11-13,UA-59,5.8,1.3,85,5.95
2023-11-13,UA-61,5.1,0.6,78,3.84
2023-11-13,UA-63,6.7,0.9,81,4.83
2023-11-13,UA-65,6.8,0.0,83,2.19
2023-11-13,UA-68,5.5,1.4,76,3.92
2023-11-13,UA-71,6.9,0.2,77,4.69
2023-11-13,UA-74,5.5,0.5,83,6.0
2023-11-13,UA-77,6.3,0.0,68,1.96
2023-11-14,UA-05,5.3,5.9,86,4.03
2023-11-14,UA-07,6.9,7.6,88,5.83
2023-11-14,UA-09,6.4,3.2,80,3.32
2023-11-14,UA-12,6.4,3.3,84,3.94
2023-11-14,UA-14,5.8,6.3,83,3.34
2023-11-14,UA-18,4.9,6.8,89,4.84
2023-11-14,UA-21,9.5,8.6,87,2.93
2023-11-14,UA-23,7.7,4.2,84,4.52
2023-11-14,UA-26,8.7,3.6,73,4.81
2023-11-14,UA-30,4.5,3.8,88,4.37
2023-11-14,UA-32,5.3,4.0,85,4.34
2023-11-14,UA-35,5.3,2.3,88,3.87
2023-11-14,UA-40,12.7,0.2,70,5.82
2023-11-14,UA-43,9.6,0.8,78,4.18
2023-11-14,UA-46,8.2,5.0,81,5.89
2023-11-14,UA-48,8.8,1.0,86,3.56
2023-11-14,UA-51,9.6,1.4,74,4.29
2023-11-14,UA-53,5.2,3.1,85,3.98
2023-11-14,UA-56,6.7,7.2,87,5.55
2023-11-14,UA-59,4.5,3.0,86,4.33
2023-11-14,UA-61,7.0,4.6,82,5.24
2023-11-14,UA-63,5.1,3.9,83,3.79
2023-11-14,UA-65,8.7,2.0,85,3.64
2023-11-14,UA-68,5.8,6.2,86,4.82
2023-11-14,UA-71,5.6,2.9,85,4.3
2023-11-14,UA-74,3.4,2.7,92,3.9
2023-11-14,UA-77,8.2,3.7,75,3.13
2023-11-15,UA-05,8.0,4.1,87,3.35
2023-11-15,UA-07,8.1,1.9,86,5.18
2023-11-15,UA-09,8.4,0.6,86,3.8
2023-11-15,UA-12,7.2,0.1,90,3.17
2023-11-15,UA-14,7.0,0.1,93,2.86
2023-11-15,UA-18,8.2,1.0,85,4.12
2023-11-15,UA-21,9.7,9.8,88,2.72
2023-11-15,UA-23,8.3,0.1,91,3.05
2023-11-15,UA-26,9.1,4.0,82,4.28
2023-11-15,UA-30,8.3,0.5,86,3.93
2023-11-15,UA-32,8.3,0.6,84,3.55
2023-11-15,UA-35,8.0,0.0,88,3.1
2023-11-15,UA-40,14.7,12.2,87,4.84
2023-11-15,UA-43,12.2,16.0,94,2.47
2023-11-15,UA-46,8.0,4.1,87,4.92
2023-11-15,UA-48,9.0,2.5,94,1.5
2023-11-15,UA-51,9.4,2.3,90,1.76
2023-11-15,UA-53,7.3,0.0,88,3.83
2023-11-15,UA-56,8.3,1.9,86,5.1
2023-11-15,UA-59,5.1,5.1,94,2.35
2023-11-15,UA-61,7.7,5.1,88,4.38
2023-11-15,UA-63,7.5,2.4,90,3.91
2023-11-15,UA-65,9.2,2.4,94,1.2
2023-11-15,UA-68,7.7,3.1,88,3.86
2023-11-15,UA-71,8.4,0.4,84,3.61
2023-11-15,UA-74,6.0,5.0,95,2.03
2023-11-15,UA-77,9.0,2.9,84,2.72
2023-11-16,UA-05,3.7,0.6,82,4.98
2023-11-16,UA-07,2.3,0.1,81,3.88
2023-11-16,UA-09,7.3,2.2,92,2.44
2023-11-16,UA-12,7.0,2.3,91,3.47
2023-11-16,UA-14,6.9,4.5,95,2.63
2023-11-16,UA-18,3.3,2.2,88,5.83
2023-11-16,UA-21,7.2,0.6,85,1.96
2023-11-16,UA-23,7.8,1.4,89,4.26
2023-11-16,UA-26,4.8,0.0,74,4.7
2023-11-16,UA-30,4.1,3.1,92,5.19
2023-11-16,UA-32,4.6,2.5,85,5.13
2023-11-16,UA-35,6.4,2.9,85,4.43
2023-11-16,UA-40,11.6,2.8,81,6.29
2023-11-16,UA-43,8.5,3.3,92,2.96
2023-11-16,UA-46,3.6,1.6,80,3.93
2023-11-16,UA-48,7.3,0.2,81,4.41
2023-11-16,UA-51,7.0,0.2,75,5.45
2023-11-16,UA-53,5.9,5.2,93,3.25
2023-11-16,UA-56,2.8,0.5,79,4.47
2023-11-16,UA-59,6.1,4.6,97,2.33
2023-11-16,UA-61,2.6,1.4,85,4.58
2023-11-16,UA-63,6.4,9.6,97,2.39
2023-11-16,UA-65,7.3,0.3,83,4.11
2023-11-16,UA-68,2.9,1.3,80,4.77
2023-11-16,UA-71,5.9,4.8,88,4.7
2023-11-16,UA-74,4.0,6.4,98,3.88
2023-11-16,UA-77,5.3,0.0,71,4.26
2023-11-17,UA-05,0.3,0.0,87,2.56
2023-11-17,UA-07,0.7,5.7,88,4.78
2023-11-17,UA-09,5.6,0.8,88,4.1
2023-11-17,UA-12,4.5,0.0,89,3.7
2023-11-17,UA-14,4.1,1.0,92,3.46
2023-11-17,UA-18,0.7,0.0,90,2.75
2023-11-17,UA-21,7.3,15.2,89,4.1
2023-11-17,UA-23,5.2,0.6,80,4.09
2023-11-17,UA-26,3.7,5.5,88,4.6
2023-11-17,UA-30,1.6,0.0,90,2.67
2023-11-17,UA-32,1.7,0.0,85,2.46
2023-11-17,UA-35,3.2,0.0,86,2.74
2023-11-17,UA-40,10.4,2.2,69,3.95
2023-11-17,UA-43,6.3,0.3,81,2.42
2023-11-17,UA-46,3.0,12.7,93,4.35
2023-11-17,UA-48,2.8,0.0,84,2.84
2023-11-17,UA-51,4.2,0.3,80,3.89
2023-11-17,UA-53,3.6,0.4,91,3.39
2023-11-17,UA-56,0.8,2.1,84,4.13
2023-11-17,UA-59,2.5,0.8,90,4.01
2023-11-17,UA-61,1.8,4.1,89,4.72
2023-11-17,UA-63,3.9,5.6,94,3.37
2023-11-17,UA-65,2.8,0.0,81,2.57
2023-11-17,UA-68,0.5,0.7,84,3.61
2023-11-17,UA-71,3.2,0.4,92,3.28
2023-11-17,UA-74,1.5,0.0,94,2.89
2023-11-17,UA-77,4.4,0.9,81,4.46
2023-11-18,UA-05,1.5,0.2,86,4.41
2023-11-18,UA-07,1.3,3.0,92,2.93
2023-11-18,UA-09,2.5,0.0,88,4.65
2023-11-18,UA-12,3.0,0.0,86,6.11
2023-11-18,UA-14,2.4,0.0,91,4.54
2023-11-18,UA-18,1.1,0.0,87,4.14
2023-11-18,UA-21,4.0,5.0,81,5.19
2023-11-18,UA-23,4.4,0.0,83,7.27
2023-11-18,UA-26,2.1,4.0,93,2.37
2023-11-18,UA-30,0.9,0.0,82,4.33
2023-11-18,UA-32,1.7,0.0,84,4.54
2023-11-18,UA-35,2.6,0.4,90,5.56
2023-11-18,UA-40,12.1,21.6,84,6.89
2023-11-18,UA-43,7.6,12.7,96,6.42
2023-11-18,UA-46,1.4,5.9,96,2.14
2023-11-18,UA-48,4.1,2.2,84,7.69
2023-11-18,UA-51,5.0,9.8,85,9.82
2023-11-18,UA-53,1.2,0.0,84,5.19
2023-11-18,UA-56,1.6,1.4,90,3.42
2023-11-18,UA-59,-0.9,0.0,81,4.6
2023-11-18,UA-61,1.3,2.6,91,3.05
2023-11-18,UA-63,0.5,0.0,82,4.96
2023-11-18,UA-65,4.0,3.9,85,7.26
2023-11-18,UA-68,1.5,0.4,85,4.17
2023-11-18,UA-71,2.2,0.4,86,5.36
2023-11-18,UA-74,-0.6,0.0,79,3.96
2023-11-18,UA-77,2.2,8.2,92,2.9
2023-11-19,UA-05,-1.7,0.0,77,3.21
2023-11-19,UA-07,0.3,1.1,85,2.67
2023-11-19,UA-09,2.1,12.4,95,6.82
2023-11-19,UA-12,1.3,12.5,92,6.6
2023-11-19,UA-14,1.7,11.2,96,6.27
2023-11-19,UA-18,-2.7,0.0,83,2.55
2023-11-19,UA-21,2.6,2.9,86,2.58
2023-11-19,UA-23,2.7,18.4,92,8.92
2023-11-19,UA-26,1.6,1.9,88,1.98
2023-11-19,UA-30,-2.1,0.0,74,3.53
2023-11-19,UA-32,-1.4,0.0,76,3.65
2023-11-19,UA-35,-0.3,1.5,87,6.23
2023-11-19,UA-40,9.7,27.4,86,7.56
2023-11-19,UA-43,5.8,25.6,97,5.96
2023-11-19,UA-46,1.2,3.8,93,2.42
2023-11-19,UA-48,0.7,14.0,95,7.85
2023-11-19,UA-51,1.3,6.5,83,9.6
2023-11-19,UA-53,-0.7,5.0,86,5.66
2023-11-19,UA-56,-0.4,0.2,78,1.96
2023-11-19,UA-59,-3.1,0.1,85,4.58
2023-11-19,UA-61,-0.0,2.2,84,1.71
2023-11-19,UA-63,-0.4,6.3,89,5.49
2023-11-19,UA-65,0.6,25.3,98,7.84
2023-11-19,UA-68,-1.5,0.3,78,1.97
2023-11-19,UA-71,-1.2,0.0,83,4.93
2023-11-19,UA-74,-3.6,0.0,75,3.25
2023-11-19,UA-77,0.6,0.7,84,1.89
2023-11-20,UA-05,-1.5,0.1,80,1.3
2023-11-20,UA-07,-0.6,4.0,93,3.32
2023-11-20,UA-09,0.1,5.3,96,3.61
2023-11-20,UA-12,-1.0,2.0,92,4.83
2023-11-20,UA-14,-0.8,5.0,96,3.57
2023-11-20,UA-18,-3.5,0.0,84,1.61
2023-11-20,UA-21,4.3,3.7,96,2.71
2023-11-20,UA-23,0.5,2.2,88,6.18
2023-11-20,UA-26,3.7,6.9,90,1.85
2023-11-20,UA-30,-2.3,0.0,85,2.62
2023-11-20,UA-32,-2.3,0.0,84,2.21
2023-11-20,UA-35,-0.4,2.3,85,4.52
2023-11-20,UA-40,6.4,5.2,79,8.38
2023-11-20,UA-43,1.0,2.8,89,3.77
2023-11-20,UA-46,3.9,10.7,94,3.47
2023-11-20,UA-48,-0.2,0.5,87,4.29
2023-11-20,UA-51,1.9,0.0,74,4.59
2023-11-20,UA-53,-2.3,7.8,93,4.38
2023-11-20,UA-56,-1.3,2.3,88,2.86
2023-11-20,UA-59,-2.1,4.6,84,4.9
2023-11-20,UA-61,0.9,11.1,98,2.67
2023-11-20,UA-63,-2.7,10.7,92,4.58
2023-11-20,UA-65,-0.4,1.3,89,4.2
2023-11-20,UA-68,-1.2,2.4,91,1.54
2023-11-20,UA-71,-0.8,1.3,85,4.22
2023-11-20,UA-74,-2.7,0.0,81,3.13
2023-11-20,UA-77,1.2,4.6,94,1.22
2023-11-21,UA-05,0.5,3.6,92,2.22
2023-11-21,UA-07,-0.9,5.9,97,3.66
2023-11-21,UA-09,-4.3,0.0,79,5.61
2023-11-21,UA-12,-2.5,0.0,85,2.5
2023-11-21,UA-14,-4.5,0.0,83,4.1
2023-11-21,UA-18,-1.7,4.5,88,2.94
2023-11-21,UA-21,6.0,0.5,95,1.49
2023-11-21,UA-23,-1.1,0.0,80,3.53
2023-11-21,UA-26,5.6,4.7,92,1.7
2023-11-21,UA-30,-2.0,0.5,86,1.67
2023-11-21,UA-32,-1.0,1.2,87,1.88
2023-11-21,UA-35,0.2,0.2,81,1.64
2023-11-21,UA-40,9.5,0.6,75,3.09
2023-11-21,UA-43,4.4,1.0,87,2.26
2023-11-21,UA-46,4.9,6.9,95,2.93
2023-11-21,UA-48,0.8,0.1,87,2.59
2023-11-21,UA-51,5.6,0.0,83,3.03
2023-11-21,UA-53,-5.4,0.0,85,2.47
2023-11-21,UA-56,-0.6,6.7,95,3.5
2023-11-21,UA-59,-3.8,0.0,69,3.15
2023-11-21,UA-61,3.6,6.3,97,2.14
2023-11-21,UA-63,-6.6,0.0,80,3.47
2023-11-21,UA-65,0.5,0.6,85,2.49
2023-11-21,UA-68,2.3,6.7,99,1.96
2023-11-21,UA-71,-0.3,0.0,85,1.59
2023-11-21,UA-74,-3.0,0.0,80,1.65
2023-11-21,UA-77,5.3,2.2,93,1.17
2023-11-22,UA-05,-1.8,1.6,91,3.44
2023-11-22,UA-07,-3.8,0.6,83,3.35
2023-11-22,UA-09,-5.2,0.0,68,3.38
2023-11-22,UA-12,-4.0,0.8,89,2.31
2023-11-22,UA-14,-5.0,0.3,71,2.01
2023-11-22,UA-18,-4.5,2.3,93,3.52
2023-11-22,UA-21,3.0,0.0,80,4.41
2023-11-22,UA-23,-1.6,0.2,74,3.96
2023-11-22,UA-26,-0.3,0.6,87,3.26
2023-11-22,UA-30,-4.5,4.1,88,3.66
2023-11-22,UA-32,-2.9,4.1,91,3.28
2023-11-22,UA-35,-1.4,1.8,89,2.74
2023-11-22,UA-40,11.5,6.8,90,4.62
2023-11-22,UA-43,6.3,13.9,98,3.07
2023-11-22,UA-46,-2.2,0.4,84,3.32
2023-11-22,UA-48,0.9,0.3,94,3.92
2023-11-22,UA-51,3.9,0.4,90,4.84
2023-11-22,UA-53,-6.8,1.8,91,1.59
2023-11-22,UA-56,-3.9,0.0,88,3.63
2023-11-22,UA-59,-4.7,0.2,69,2.92
2023-11-22,UA-61,-2.2,0.0,86,3.67
2023-11-22,UA-63,-6.0,0.0,79,2.2
2023-11-22,UA-65,0.6,1.2,94,3.96
2023-11-22,UA-68,-2.1,0.7,88,3.89
2023-11-22,UA-71,-1.5,3.5,90,3.3
2023-11-22,UA-74,-5.1,1.0,70,3.27
2023-11-22,UA-77,1.8,0.0,88,3.87
2023-11-23,UA-05,-1.7,0.1,78,5.19
2023-11-23,UA-07,-0.7,3.2,86,7.9
2023-11-23,UA-09,-4.5,0.2,71,4.99
2023-11-23,UA-12,-3.9,1.7,85,5.26
2023-11-23,UA-14,-4.7,0.3,76,4.42
2023-11-23,UA-18,-3.1,2.0,91,6.47
2023-11-23,UA-21,0.6,0.0,83,3.2
2023-11-23,UA-23,-1.4,1.1,78,6.2
2023-11-23,UA-26,0.8,0.0,74,5.18
2023-11-23,UA-30,-3.7,4.0,88,5.96
2023-11-23,UA-32,-2.4,1.0,79,5.53
2023-11-23,UA-35,-2.5,0.3,77,5.3
2023-11-23,UA-40,5.9,1.3,82,6.25
2023-11-23,UA-43,1.8,0.4,90,3.59
2023-11-23,UA-46,0.1,0.0,78,6.61
2023-11-23,UA-48,0.9,0.0,82,4.66
2023-11-23,UA-51,2.1,0.0,78,5.24
2023-11-23,UA-53,-5.6,1.5,87,5.19
2023-11-23,UA-56,-1.2,2.5,86,7.25
2023-11-23,UA-59,-5.1,2.9,74,6.31
2023-11-23,UA-61,-0.5,0.1,78,6.18
2023-11-23,UA-63,-5.8,1.2,83,5.24
2023-11-23,UA-65,0.9,0.0,87,4.27
2023-11-23,UA-68,-1.1,0.3,78,6.0
2023-11-23,UA-71,-2.7,1.0,77,5.61
2023-11-23,UA-74,-4.1,7.7,85,6.55
2023-11-23,UA-77,1.4,0.0,73,3.5
2023-11-24,UA-05,3.3,0.9,80,5.73
2023-11-24,UA-07,2.7,4.0,84,6.99
2023-11-24,UA-09,4.7,2.2,84,6.6
2023-11-24,UA-12,3.6,1.5,84,5.76
2023-11-24,UA-14,3.5,2.3,91,5.37
2023-11-24,UA-18,2.6,3.2,84,6.8
2023-11-24,UA-21,4.0,6.2,88,2.43
2023-11-24,UA-23,5.3,1.8,86,6.18
2023-11-24,UA-26,4.1,1.2,70,6.12
2023-11-24,UA-30,3.0,1.8,81,6.83
2023-11-24,UA-32,3.5,1.1,81,6.06
2023-11-24,UA-35,4.4,0.5,75,5.06
2023-11-24,UA-40,11.9,3.7,82,8.03
2023-11-24,UA-43,9.4,0.5,86,6.27
2023-11-24,UA-46,3.1,3.4,83,6.72
2023-11-24,UA-48,5.9,0.0,78,4.04
2023-11-24,UA-51,6.7,0.0,72,4.74
2023-11-24,UA-53,2.9,1.4,83,6.02
2023-11-24,UA-56,2.9,2.6,83,7.1
2023-11-24,UA-59,2.5,3.4,88,6.71
2023-11-24,UA-61,3.0,1.9,82,6.76
2023-11-24,UA-63,2.5,1.3,88,6.45
2023-11-24,UA-65,6.2,0.1,83,4.07
2023-11-24,UA-68,2.8,1.9,83,6.32
2023-11-24,UA-71,4.1,1.1,78,5.63
2023-11-24,UA-74,2.9,2.2,84,7.17
2023-11-24,UA-77,5.5,0.2,61,5.31
2023-11-25,UA-05,-0.2,0.3,84,1.53
2023-11-25,UA-07,-0.1,0.2,88,3.58
2023-11-25,UA-09,4.4,8.6,92,3.1
2023-11-25,UA-12,2.1,13.1,90,3.36
2023-11-25,UA-14,2.9,15.2,96,3.13
2023-11-25,UA-18,-0.8,0.0,88,2.51
2023-11-25,UA-21,0.7,0.9,88,2.24
2023-11-25,UA-23,4.1,14.5,90,4.3
2023-11-25,UA-26,0.5,0.4,87,2.03
2023-11-25,UA-30,-0.5,0.0,86,2.42
2023-11-25,UA-32,-0.3,0.0,86,1.76
2023-11-25,UA-35,1.3,1.7,87,2.92
2023-11-25,UA-40,13.3,14.4,87,6.41
2023-11-25,UA-43,10.9,14.0,88,2.69
2023-11-25,UA-46,0.0,0.5,87,3.1
2023-11-25,UA-48,3.3,20.8,89,4.94
2023-11-25,UA-51,4.2,18.5,87,6.19
2023-11-25,UA-53,0.6,2.5,87,2.78
2023-11-25,UA-56,-0.1,0.3,89,3.18
2023-11-25,UA-59,0.3,0.0,83,3.14
2023-11-25,UA-61,-0.4,0.0,89,2.68
2023-11-25,UA-63,1.0,3.9,88,2.91
2023-11-25,UA-65,3.6,24.0,92,4.95
2023-11-25,UA-68,-0.5,0.0,91,2.29
2023-11-25,UA-71,1.0,0.0,86,2.27
2023-11-25,UA-74,-0.1,0.0,83,3.06
2023-11-25,UA-77,0.9,0.2,88,1.85
2023-11-26,UA-05,-1.6,2.0,81,6.79
2023-11-26,UA-07,-1.0,1.7,84,5.18
2023-11-26,UA-09,10.0,8.9,84,6.79
2023-11-26,UA-12,4.0,12.1,96,4.42
2023-11-26,UA-14,8.6,8.7,90,6.29
2023-11-26,UA-18,-2.1,0.7,83,6.1
2023-11-26,UA-21,-0.1,0.1,72,3.99
2023-11-26,UA-23,7.9,12.7,89,5.65
2023-11-26,UA-26,-0.8,1.1,81,6.26
2023-11-26,UA-30,-1.4,3.4,90,5.89
2023-11-26,UA-32,-1.3,4.8,86,6.02
2023-11-26,UA-35,-0.1,29.7,96,8.26
2023-11-26,UA-40,9.6,8.6,83,11.98
2023-11-26,UA-43,7.7,5.8,83,8.06
2023-11-26,UA-46,-1.0,1.0,82,5.56
2023-11-26,UA-48,1.0,25.6,98,8.6
2023-11-26,UA-51,0.2,33.9,96,12.88
2023-11-26,UA-53,-0.2,22.9,97,4.72
2023-11-26,UA-56,-1.4,0.9,83,5.05
2023-11-26,UA-59,-0.5,21.2,94,5.95
2023-11-26,UA-61,-1.3,1.0,82,6.41
2023-11-26,UA-63,3.1,20.0,96,5.37
2023-11-26,UA-65,3.0,15.7,95,6.46
2023-11-26,UA-68,-1.8,0.8,80,6.34
2023-11-26,UA-71,-0.3,26.4,94,6.84
2023-11-26,UA-74,-1.3,2.8,88,5.0
2023-11-26,UA-77,-0.4,1.1,78,7.08
2023-11-27,UA-05,-3.0,0.0,72,6.93
2023-11-27,UA-07,-3.3,1.7,85,5.46
2023-11-27,UA-09,1.5,0.0,66,9.15
2023-11-27,UA-12,-1.5,4.9,82,7.92
2023-11-27,UA-14,-0.7,0.5,74,7.69
2023-11-27,UA-18,-4.3,0.0,73,8.07
2023-11-27,UA-21,-1.3,0.9,80,2.2
2023-11-27,UA-23,0.1,3.1,77,10.55
2023-11-27,UA-26,-1.6,0.5,70,5.98
2023-11-27,UA-30,-3.3,6.0,77,8.79
2023-11-27,UA-32,-3.3,1.7,72,7.79
2023-11-27,UA-35,-3.1,6.4,85,7.41
2023-11-27,UA-40,4.5,6.5,78,9.36
2023-11-27,UA-43,0.5,4.4,89,5.77
2023-11-27,UA-46,-2.4,0.6,81,5.79
2023-11-27,UA-48,-1.2,1.5,81,6.81
2023-11-27,UA-51,-0.9,0.1,78,7.29
2023-11-27,UA-53,-2.8,5.4,87,7.53
2023-11-27,UA-56,-4.0,0.3,81,5.88
2023-11-27,UA-59,-1.7,7.1,93,6.59
2023-11-27,UA-61,-2.7,1.3,82,6.86
2023-11-27,UA-63,-0.8,5.8,84,7.98
2023-11-27,UA-65,-0.7,1.4,74,6.71
2023-11-27,UA-68,-3.4,2.5,86,6.31
2023-11-27,UA-71,-3.0,11.4,84,7.89
2023-11-27,UA-74,-3.7,16.6,89,9.61
2023-11-27,UA-77,-1.3,0.0,64,5.69
2023-11-28,UA-05,-1.5,4.0,79,3.8
2023-11-28,UA-07,-2.3,7.3,89,3.46
2023-11-28,UA-09,-0.1,0.0,79,4.56
2023-11-28,UA-12,0.5,0.3,77,5.03
2023-11-28,UA-14,-0.7,0.0,83,3.82
2023-11-28,UA-18,-2.1,4.1,79,4.22
2023-11-28,UA-21,1.0,18.3,95,3.58
2023-11-28,UA-23,2.2,0.3,78,5.61
2023-11-28,UA-26,-0.8,7.2,84,3.61
2023-11-28,UA-30,-2.1,3.7,76,4.78
2023-11-28,UA-32,-1.2,4.6,77,4.22
2023-11-28,UA-35,-1.1,3.7,84,4.98
2023-11-28,UA-40,8.5,3.8,67,8.51
2023-11-28,UA-43,4.6,2.1,78,4.35
2023-11-28,UA-46,-1.3,11.7,91,3.27
2023-11-28,UA-48,2.9,6.8,81,5.07
2023-11-28,UA-51,3.7,10.2,81,6.53
2023-11-28,UA-53,-1.8,0.3,79,4.7
2023-11-28,UA-56,-2.1,3.2,85,3.61
2023-11-28,UA-59,-3.9,0.4,83,4.8
2023-11-28,UA-61,-2.1,5.4,89,3.52
2023-11-28,UA-63,-1.9,0.4,75,4.44
2023-11-28,UA-65,3.2,5.4,77,4.63
2023-11-28,UA-68,-3.1,3.1,88,3.83
2023-11-28,UA-71,-1.4,3.0,81,4.87
2023-11-28,UA-74,-5.2,1.3,85,4.45
2023-11-28,UA-77,-0.3,2.0,78,3.4
2023-11-29,UA-05,-1.7,3.6,83,5.26
2023-11-29,UA-07,-4.0,3.5,89,5.88
2023-11-29,UA-09,4.3,6.5,86,6.87
2023-11-29,UA-12,4.8,19.6,88,7.33
2023-11-29,UA-14,3.8,11.0,92,6.23
2023-11-29,UA-18,-2.4,6.5,88,5.69
2023-11-29,UA-21,-1.3,0.1,81,3.44
2023-11-29,UA-23,6.2,18.6,87,8.69
2023-11-29,UA-26,-3.8,1.9,83,5.37
2023-11-29,UA-30,-1.1,9.3,88,6.36
2023-11-29,UA-32,-0.1,5.8,81,5.88
2023-11-29,UA-35,1.9,10.4,88,5.88
2023-11-29,UA-40,10.0,12.7,86,6.67
2023-11-29,UA-43,7.8,6.6,91,5.0
2023-11-29,UA-46,-4.6,2.2,88,4.98
2023-11-29,UA-48,4.8,6.5,84,5.45
2023-11-29,UA-51,4.8,2.9,81,5.39
2023-11-29,UA-53,2.7,19.5,88,7.2
2023-11-29,UA-56,-3.5,3.2,87,5.89
2023-11-29,UA-59,0.8,14.5,92,8.09
2023-11-29,UA-61,-4.0,2.9,88,5.39
2023-11-29,UA-63,2.3,13.1,92,7.26
2023-11-29,UA-65,5.3,8.1,84,5.44
2023-11-29,UA-68,-3.6,2.6,90,5.31
2023-11-29,UA-71,1.0,9.3,86,6.16
2023-11-29,UA-74,-1.0,17.1,93,7.1
2023-11-29,UA-77,-1.3,0.7,78,5.13
2023-11-30,UA-05,-2.5,0.3,75,4.03
2023-11-30,UA-07,-3.7,0.3,85,4.31
2023-11-30,UA-09,1.5,1.9,84,2.45
2023-11-30,UA-12,-0.9,0.0,77,2.98
2023-11-30,UA-14,-0.6,0.5,87,2.17
2023-11-30,UA-18,-3.7,0.3,79,4.71
2023-11-30,UA-21,-0.2,12.8,89,3.56
2023-11-30,UA-23,0.1,0.0,75,3.34
2023-11-30,UA-26,-3.7,3.6,80,3.34
2023-11-30,UA-30,-2.5,0.0,71,5.14
2023-11-30,UA-32,-1.9,0.0,68,4.58
2023-11-30,UA-35,-1.6,0.0,75,3.51
2023-11-30,UA-40,7.6,0.0,75,3.59
2023-11-30,UA-43,3.8,0.5,88,1.84
2023-11-30,UA-46,-2.3,4.3,83,3.82
2023-11-30,UA-48,-0.2,0.0,82,2.83
2023-11-30,UA-51,1.7,0.3,75,3.52
2023-11-30,UA-53,-1.9,0.0,72,4.08
2023-11-30,UA-56,-3.2,2.2,81,4.48
2023-11-30,UA-59,-2.9,0.2,78,5.65
2023-11-30,UA-61,-3.7,5.5,81,3.99
2023-11-30,UA-63,-1.5,0.0,73,4.14
2023-11-30,UA-65,0.0,0.0,78,2.47
2023-11-30,UA-68,-4.8,2.0,84,4.3
2023-11-30,UA-71,-2.4,0.0,76,3.96
2023-11-30,UA-74,-3.9,0.3,82,5.85
2023-11-30,UA-77,-0.8,0.3,67,3.08
2023-12-01,UA-05,0.5,7.3,93,1.89
2023-12-01,UA-07,-2.1,0.6,96,1.29
2023-12-01,UA-09,3.1,12.0,93,4.81
2023-12-01,UA-12,4.2,10.7,92,4.54
2023-12-01,UA-14,3.5,10.0,95,4.34
2023-12-01,UA-18,-1.2,3.0,94,1.96
2023-12-01,UA-21,1.7,17.7,96,1.8
2023-12-01,UA-23,6.3,9.2,91,5.28
2023-12-01,UA-26,-0.1,23.5,97,1.8
2023-12-01,UA-30,-1.1,3.9,90,2.43
2023-12-01,UA-32,0.4,4.4,90,2.09
2023-12-01,UA-35,3.8,6.8,95,3.93
2023-12-01,UA-40,12.4,0.7,88,7.9
2023-12-01,UA-43,11.3,0.2,86,6.15
2023-12-01,UA-46,-0.3,8.6,96,1.76
2023-12-01,UA-48,8.7,1.6,86,4.58
2023-12-01,UA-51,10.0,0.7,79,5.55
2023-12-01,UA-53,0.8,9.2,92,4.56
2023-12-01,UA-56,-0.4,1.8,94,1.42
2023-12-01,UA-59,-1.2,9.8,91,4.67
2023-12-01,UA-61,-0.3,12.3,96,1.59
2023-12-01,UA-63,0.3,8.6,92,4.61
2023-12-01,UA-65,9.4,0.2,85,5.04
2023-12-01,UA-68,-0.3,8.3,95,1.72
2023-12-01,UA-71,1.4,6.8,93,2.62
2023-12-01,UA-74,-2.3,2.3,92,2.72
2023-12-01,UA-77,0.8,10.9,93,1.65
2023-12-02,UA-05,0.8,2.8,97,3.23
2023-12-02,UA-07,-1.6,20.9,97,3.96
2023-12-02,UA-09,2.8,8.2,95,3.11
2023-12-02,UA-12,3.5,2.0,94,3.73
2023-12-02,UA-14,5.5,2.4,99,2.72
2023-12-02,UA-18,-1.2,7.6,97,3.37
2023-12-02,UA-21,3.3,13.9,94,1.52
2023-12-02,UA-23,7.2,0.2,96,3.72
2023-12-02,UA-26,0.3,10.8,98,4.3
2023-12-02,UA-30,-1.6,3.1,94,2.98
2023-12-02,UA-32,-0.1,2.9,95,3.12
2023-12-02,UA-35,3.1,1.1,97,3.36
2023-12-02,UA-40,13.9,0.0,85,7.39
2023-12-02,UA-43,13.9,0.0,86,6.63
2023-12-02,UA-46,-0.2,22.6,97,4.5
2023-12-02,UA-48,7.9,0.0,96,2.46
2023-12-02,UA-51,8.8,0.0,92,2.77
2023-12-02,UA-53,0.2,1.7,90,3.6
2023-12-02,UA-56,-0.6,18.0,97,3.56
2023-12-02,UA-59,-2.2,1.5,91,2.93
2023-12-02,UA-61,0.3,14.0,98,4.5
2023-12-02,UA-63,-0.2,1.9,88,2.98
2023-12-02,UA-65,10.0,0.0,94,2.84
2023-12-02,UA-68,0.4,9.4,98,3.71
2023-12-02,UA-71,0.2,1.8,95,3.37
2023-12-02,UA-74,-2.6,5.4,95,2.77
2023-12-02,UA-77,1.8,0.4,100,3.08
2023-12-03,UA-05,-0.6,0.7,83,5.39
2023-12-03,UA-07,-2.4,3.5,91,5.31
2023-12-03,UA-09,9.2,0.6,88,5.03
2023-12-03,UA-12,6.5,0.3,85,5.12
2023-12-03,UA-14,8.9,0.0,88,4.65
2023-12-03,UA-18,-1.8,2.4,90,5.58
2023-12-03,UA-21,0.3,0.5,80,2.74
2023-12-03,UA-23,8.2,0.0,84,5.83
2023-12-03,UA-26,-1.7,0.7,86,5.62
2023-12-03,UA-30,-1.5,1.4,89,5.13
2023-12-03,UA-32,-0.5,0.5,82,4.9
2023-12-03,UA-35,3.7,0.0,82,4.5
2023-12-03,UA-40,12.5,0.0,86,5.32
2023-12-03,UA-43,11.8,0.0,85,4.51
2023-12-03,UA-46,-2.4,1.2,91,6.49
2023-12-03,UA-48,7.0,0.0,79,4.49
2023-12-03,UA-51,6.5,0.1,77,5.28
2023-12-03,UA-53,2.4,0.6,85,5.54
2023-12-03,UA-56,-1.8,2.4,91,5.25
2023-12-03,UA-59,-0.7,1.5,92,6.13
2023-12-03,UA-61,-2.2,0.3,89,6.32
2023-12-03,UA-63,2.4,2.6,89,5.53
2023-12-03,UA-65,7.9,0.2,79,4.47
2023-12-03,UA-68,-1.8,0.3,89,5.73
2023-12-03,UA-71,0.8,0.3,84,4.66
2023-12-03,UA-74,-2.1,6.8,90,5.73
2023-12-03,UA-77,0.5,0.0,79,4.58
2023-12-04,UA-05,-2.7,0.0,78,3.58
2023-12-04,UA-07,-4.6,0.2,87,4.36
2023-12-04,UA-09,-0.5,0.0,71,4.12
2023-12-04,UA-12,-1.1,0.0,74,3.79
2023-12-04,UA-14,-1.3,0.1,71,3.72
2023-12-04,UA-18,-3.8,0.0,88,4.21
2023-12-04,UA-21,-1.7,0.1,88,2.04
2023-12-04,UA-23,-0.1,0.0,68,4.5
2023-12-04,UA-26,-4.7,0.0,84,2.35
2023-12-04,UA-30,-3.4,0.1,85,4.09
2023-12-04,UA-32,-2.3,0.1,76,3.82
2023-12-04,UA-35,-1.4,0.0,75,3.26
2023-12-04,UA-40,4.6,1.9,80,6.89
2023-12-04,UA-43,0.6,2.4,88,2.57
2023-12-04,UA-46,-5.1,0.0,86,3.32
2023-12-04,UA-48,-0.1,0.0,76,2.86
2023-12-04,UA-51,-1.0,0.0,79,3.37
2023-12-04,UA-53,-2.6,0.0,76,3.83
2023-12-04,UA-56,-4.3,0.0,87,4.13
2023-12-04,UA-59,-4.8,0.0,88,4.22
2023-12-04,UA-61,-6.0,0.0,88,3.33
2023-12-04,UA-63,-2.5,0.0,70,4.41
2023-12-04,UA-65,0.1,0.0,71,3.0
2023-12-04,UA-68,-5.3,0.0,88,3.5
2023-12-04,UA-71,-1.8,0.0,78,3.57
2023-12-04,UA-74,-4.0,0.4,88,4.29
2023-12-04,UA-77,-2.0,0.0,81,2.0
2023-12-05,UA-05,-2.2,1.3,84,3.73
2023-12-05,UA-07,-4.7,0.0,91,3.03
2023-12-05,UA-09,-2.8,0.0,77,2.25
2023-12-05,UA-12,-1.6,0.0,79,1.99
2023-12-05,UA-14,-2.7,0.0,74,1.78
2023-12-05,UA-18,-4.9,0.5,90,3.68
2023-12-05,UA-21,-0.2,0.0,79,2.09
2023-12-05,UA-23,-0.2,0.0,71,2.73
2023-12-05,UA-26,-4.1,0.0,93,2.79
2023-12-05,UA-30,-4.4,1.2,88,3.16
2023-12-05,UA-32,-2.9,2.3,83,3.15
2023-12-05,UA-35,-3.1,0.0,84,2.33
2023-12-05,UA-40,4.9,0.0,72,4.35
2023-12-05,UA-43,-0.2,0.0,82,3.2
2023-12-05,UA-46,-4.7,0.0,91,3.45
2023-12-05,UA-48,-1.0,0.0,82,2.97
2023-12-05,UA-51,0.6,0.0,81,3.64
2023-12-05,UA-53,-3.7,0.0,78,2.32
2023-12-05,UA-56,-4.0,0.0,91,2.99
2023-12-05,UA-59,-5.0,0.3,92,2.73
2023-12-05,UA-61,-4.3,0.0,94,3.03
2023-12-05,UA-63,-2.8,0.0,78,2.53
2023-12-05,UA-65,-1.0,0.0,78,2.81
2023-12-05,UA-68,-3.2,0.3,93,3.26
2023-12-05,UA-71,-3.5,0.0,83,2.58
2023-12-05,UA-74,-5.6,0.0,90,3.25
2023-12-05,UA-77,-2.6,0.0,91,2.72
2023-12-06,UA-05,-1.4,0.2,84,3.4
2023-12-06,UA-07,-2.5,0.0,94,3.19
2023-12-06,UA-09,-2.8,0.1,79,5.11
2023-12-06,UA-12,-1.8,0.0,78,4.31
2023-12-06,UA-14,-2.7,0.0,76,4.74
2023-12-06,UA-18,-2.5,0.1,90,3.89
2023-12-06,UA-21,1.1,0.1,83,1.76
2023-12-06,UA-23,-0.7,0.1,72,5.69
2023-12-06,UA-26,-1.8,0.0,94,4.15
2023-12-06,UA-30,-3.9,1.1,88,3.62
2023-12-06,UA-32,-2.0,1.2,80,3.56
2023-12-06,UA-35,-2.5,0.0,84,3.42
2023-12-06,UA-40,6.8,1.2,81,2.94
2023-12-06,UA-43,2.0,2.1,93,3.86
2023-12-06,UA-46,-2.7,0.0,93,3.95
2023-12-06,UA-48,-0.6,0.0,82,4.31
2023-12-06,UA-51,0.7,0.0,86,5.47
2023-12-06,UA-53,-3.4,0.0,75,4.09
2023-12-06,UA-56,-1.8,0.0,95,2.97
2023-12-06,UA-59,-5.6,0.0,90,3.6
2023-12-06,UA-61,-1.9,0.0,95,3.73
2023-12-06,UA-63,-2.9,0.0,75,4.24
2023-12-06,UA-65,-0.4,0.0,81,4.18
2023-12-06,UA-68,-1.4,0.0,95,3.17
2023-12-06,UA-71,-2.6,0.0,85,3.47
2023-12-06,UA-74,-5.8,0.0,90,4.15
2023-12-06,UA-77,-0.4,0.2,97,3.43
2023-12-07,UA-05,-3.5,0.0,83,3.16
2023-12-07,UA-07,-3.5,0.0,90,4.42
2023-12-07,UA-09,-2.4,0.6,85,5.97
2023-12-07,UA-12,-1.2,5.5,89,5.22
2023-12-07,UA-14,-2.1,0.0,87,5.54
2023-12-07,UA-18,-5.8,0.0,95,3.39
2023-12-07,UA-21,0.8,5.7,97,1.01
2023-12-07,UA-23,0.0,9.3,88,6.69
2023-12-07,UA-26,-1.9,2.3,92,4.79
2023-12-07,UA-30,-6.1,1.0,94,3.36
2023-12-07,UA-32,-4.0,0.1,87,3.2
2023-12-07,UA-35,-2.2,2.7,93,3.82
2023-12-07,UA-40,8.6,5.9,87,2.92
2023-12-07,UA-43,4.5,3.1,98,3.1
2023-12-07,UA-46,-1.6,0.8,90,4.86
2023-12-07,UA-48,-0.1,5.8,94,4.6
2023-12-07,UA-51,-0.3,5.0,91,5.76
2023-12-07,UA-53,-2.7,4.2,85,5.05
2023-12-07,UA-56,-4.4,0.0,91,3.99
2023-12-07,UA-59,-4.9,0.8,92,5.43
2023-12-07,UA-61,-3.1,0.5,92,4.19
2023-12-07,UA-63,-2.6,0.6,79,5.79
2023-12-07,UA-65,0.3,3.9,93,4.55
2023-12-07,UA-68,-4.4,0.0,92,3.19
2023-12-07,UA-71,-3.2,2.1,93,3.8
2023-12-07,UA-74,-6.7,1.6,92,4.52
2023-12-07,UA-77,-1.7,2.0,87,3.69
2023-12-08,UA-05,-2.5,1.4,89,2.08
2023-12-08,UA-07,-4.7,0.0,91,1.76
2023-12-08,UA-09,-3.1,0.4,86,6.61
2023-12-08,UA-12,-0.8,12.7,94,5.49
2023-12-08,UA-14,-2.3,2.0,89,6.03
2023-12-08,UA-18,-3.6,0.4,96,1.91
2023-12-08,UA-21,0.9,0.0,94,1.08
2023-12-08,UA-23,0.6,11.6,91,6.49
2023-12-08,UA-26,-4.6,0.0,91,2.25
2023-12-08,UA-30,-3.3,2.5,95,2.74
2023-12-08,UA-32,-2.3,2.3,93,2.4
2023-12-08,UA-35,-0.9,7.2,96,3.4
2023-12-08,UA-40,11.0,6.6,92,2.98
2023-12-08,UA-43,7.8,4.4,98,2.59
2023-12-08,UA-46,-4.2,0.0,90,2.75
2023-12-08,UA-48,0.9,8.1,99,4.31
2023-12-08,UA-51,0.6,2.9,96,5.5
2023-12-08,UA-53,-2.9,11.2,92,5.73
2023-12-08,UA-56,-4.2,0.0,93,1.3
2023-12-08,UA-59,-4.4,7.6,91,6.15
2023-12-08,UA-61,-5.7,0.0,94,1.58
2023-12-08,UA-63,-3.4,6.3,81,6.17
2023-12-08,UA-65,1.7,9.3,99,4.25
2023-12-08,UA-68,-4.8,0.0,96,1.53
2023-12-08,UA-71,-1.7,5.8,95,3.67
2023-12-08,UA-74,-3.9,4.9,93,4.47
2023-12-08,UA-77,-2.5,0.0,86,1.2
2023-12-09,UA-05,-3.3,0.0,92,1.74
2023-12-09,UA-07,-4.9,0.0,95,2.98
2023-12-09,UA-09,-2.2,1.6,90,5.44
2023-12-09,UA-12,-0.6,1.3,95,3.61
2023-12-09,UA-14,-1.4,4.1,98,4.75
2023-12-09,UA-18,-3.7,0.0,94,1.35
2023-12-09,UA-21,1.3,0.0,91,1.91
2023-12-09,UA-23,1.4,0.3,90,5.06
2023-12-09,UA-26,-5.5,0.0,95,2.8
2023-12-09,UA-30,-3.7,0.0,93,1.58
2023-12-09,UA-32,-3.0,0.0,91,1.67
2023-12-09,UA-35,-1.9,0.0,95,3.22
2023-12-09,UA-40,9.0,6.8,89,5.84
2023-12-09,UA-43,5.1,5.9,98,4.35
2023-12-09,UA-46,-5.1,0.0,94,3.27
2023-12-09,UA-48,0.6,0.0,94,4.68
2023-12-09,UA-51,-0.2,0.0,94,5.75
2023-12-09,UA-53,-2.9,0.7,91,3.15
2023-12-09,UA-56,-4.2,0.0,96,2.58
2023-12-09,UA-59,-4.8,1.1,89,3.5
2023-12-09,UA-61,-5.5,0.0,97,2.53
2023-12-09,UA-63,-3.7,6.2,91,3.98
2023-12-09,UA-65,1.4,0.0,92,4.43
2023-12-09,UA-68,-4.2,0.0,98,1.52
2023-12-09,UA-71,-2.9,0.0,92,2.33
2023-12-09,UA-74,-4.6,0.0,91,2.5
2023-12-09,UA-77,-3.3,0.0,93,2.05
2023-12-10,UA-05,-3.2,0.0,96,2.38
2023-12-10,UA-07,-4.1,0.4,95,3.64
2023-12-10,UA-09,-3.8,0.3,83,4.79
2023-12-10,UA-12,-1.1,0.4,95,3.21
2023-12-10,UA-14,-3.1,0.1,90,4.08
2023-12-10,UA-18,-3.2,0.0,95,2.71
2023-12-10,UA-21,1.9,1.7,88,2.89
2023-12-10,UA-23,1.1,0.3,86,4.23
2023-12-10,UA-26,-4.3,0.2,95,3.02
2023-12-10,UA-30,-3.5,0.6,95,2.31
2023-12-10,UA-32,-2.5,0.3,93,2.01
2023-12-10,UA-35,-1.2,0.5,99,2.35
2023-12-10,UA-40,7.3,0.1,87,4.01
2023-12-10,UA-43,4.6,0.8,99,1.56
2023-12-10,UA-46,-4.2,0.6,92,3.84
2023-12-10,UA-48,1.1,0.7,97,2.08
2023-12-10,UA-51,-0.1,0.0,93,1.74
2023-12-10,UA-53,-2.6,2.6,95,3.11
2023-12-10,UA-56,-3.9,0.1,95,3.48
2023-12-10,UA-59,-3.9,0.3,93,3.59
2023-12-10,UA-61,-4.9,0.0,98,3.23
2023-12-10,UA-63,-3.9,1.4,93,3.67
2023-12-10,UA-65,1.6,0.9,96,2.21
2023-12-10,UA-68,-4.2,0.0,97,2.91
2023-12-10,UA-71,-2.1,0.5,96,2.2
2023-12-10,UA-74,-4.4,0.6,95,2.85
2023-12-10,UA-77,-4.1,0.0,97,2.94
2023-12-11,UA-05,-2.2,0.0,93,2.99
2023-12-11,UA-07,0.1,0.5,89,4.98
2023-12-11,UA-09,-2.5,8.8,95,5.68
2023-12-11,UA-12,-0.6,4.4,96,2.84
2023-12-11,UA-14,-2.1,3.2,97,4.29
2023-12-11,UA-18,-2.3,0.3,92,3.64
2023-12-11,UA-21,2.5,5.1,94,3.43
2023-12-11,UA-23,1.7,6.1,94,2.86
2023-12-11,UA-26,-1.1,0.0,88,2.82
2023-12-11,UA-30,-1.4,0.4,94,3.33
2023-12-11,UA-32,-1.3,0.0,92,2.98
2023-12-11,UA-35,1.0,1.0,99,3.49
2023-12-11,UA-40,8.4,0.0,81,0.77
2023-12-11,UA-43,5.1,0.0,97,0.89
2023-12-11,UA-46,1.0,0.4,85,4.48
2023-12-11,UA-48,3.4,0.2,98,2.86
2023-12-11,UA-51,2.8,0.0,92,2.22
2023-12-11,UA-53,-2.0,5.2,96,3.54
2023-12-11,UA-56,-1.6,0.3,90,4.54
2023-12-11,UA-59,-3.0,5.4,94,4.58
2023-12-11,UA-61,-2.6,0.0,92,3.95
2023-12-11,UA-63,-2.6,5.5,94,3.64
2023-12-11,UA-65,3.8,1.8,97,3.1
2023-12-11,UA-68,-3.0,0.0,95,3.89
2023-12-11,UA-71,0.6,2.1,96,3.26
2023-12-11,UA-74,-1.2,1.6,96,4.35
2023-12-11,UA-77,-2.0,0.0,93,2.4
2023-12-12,UA-05,-0.9,0.7,96,2.81
2023-12-12,UA-07,2.2,3.7,96,4.18
2023-12-12,UA-09,-3.8,8.5,90,6.68
2023-12-12,UA-12,1.1,3.0,97,3.57
2023-12-12,UA-14,-2.5,3.4,98,5.12
2023-12-12,UA-18,-0.6,1.0,95,3.45
2023-12-12,UA-21,4.3,3.4,94,2.15
2023-12-12,UA-23,3.4,3.3,93,4.27
2023-12-12,UA-26,1.9,1.0,85,2.85
2023-12-12,UA-30,-1.6,1.0,95,3.29
2023-12-12,UA-32,-1.5,0.1,95,2.87
2023-12-12,UA-35,0.7,0.3,97,2.23
2023-12-12,UA-40,8.9,3.6,84,2.24
2023-12-12,UA-43,5.6,1.9,95,1.65
2023-12-12,UA-46,3.0,3.7,89,4.7
2023-12-12,UA-48,3.8,0.0,96,1.52
2023-12-12,UA-51,2.8,0.3,93,2.01
2023-12-12,UA-53,0.0,3.8,98,3.98
2023-12-12,UA-56,1.7,3.6,94,3.88
2023-12-12,UA-59,-0.7,5.4,95,5.3
2023-12-12,UA-61,1.1,2.4,91,3.79
2023-12-12,UA-63,-1.3,7.0,95,4.82
2023-12-12,UA-65,4.7,0.0,97,1.69
2023-12-12,UA-68,-0.0,1.8,95,3.7
2023-12-12,UA-71,0.0,0.6,96,2.47
2023-12-12,UA-74,-0.6,1.0,96,4.21
2023-12-12,UA-77,0.5,1.0,92,1.49
2023-12-13,UA-05,1.0,8.2,95,3.74
2023-12-13,UA-07,2.0,0.6,94,3.68
2023-12-13,UA-09,-7.8,1.2,89,4.74
2023-12-13,UA-12,-2.4,0.1,91,3.89
2023-12-13,UA-14,-6.6,1.1,86,3.95
2023-12-13,UA-18,1.1,4.7,96,3.7
2023-12-13,UA-21,5.3,11.1,93,2.88
2023-12-13,UA-23,-0.3,1.1,88,4.58
2023-12-13,UA-26,0.9,5.0,94,3.42
2023-12-13,UA-30,0.4,1.9,96,3.89
2023-12-13,UA-32,0.8,4.7,96,3.49
2023-12-13,UA-35,1.6,4.0,100,3.35
2023-12-13,UA-40,8.3,1.4,80,3.32
2023-12-13,UA-43,5.2,1.6,89,1.4
2023-12-13,UA-46,1.2,3.7,93,3.47
2023-12-13,UA-48,4.4,1.0,95,3.39
2023-12-13,UA-51,3.6,0.9,93,4.48
2023-12-13,UA-53,-3.3,0.2,94,4.24
2023-12-13,UA-56,2.2,1.8,93,3.97
2023-12-13,UA-59,-5.3,0.0,91,5.64
2023-12-13,UA-61,0.7,2.6,95,4.04
2023-12-13,UA-63,-6.9,1.1,90,4.25
2023-12-13,UA-65,4.8,0.3,95,3.34
2023-12-13,UA-68,1.0,5.1,94,4.26
2023-12-13,UA-71,0.4,2.0,97,3.54
2023-12-13,UA-74,-0.3,1.7,97,4.69
2023-12-13,UA-77,0.5,7.7,96,3.68
2023-12-14,UA-05,1.4,7.7,96,3.04
2023-12-14,UA-07,1.0,0.6,96,3.54
2023-12-14,UA-09,-5.3,0.0,91,5.96
2023-12-14,UA-12,0.7,13.7,94,7.18
2023-12-14,UA-14,-4.2,0.1,91,5.57
2023-12-14,UA-18,-0.4,8.9,95,3.82
2023-12-14,UA-21,4.5,1.4,88,2.98
2023-12-14,UA-23,3.2,6.6,94,8.26
2023-12-14,UA-26,1.0,4.0,97,3.41
2023-12-14,UA-30,-1.4,14.0,95,5.09
2023-12-14,UA-32,0.6,15.7,95,4.03
2023-12-14,UA-35,3.7,13.2,96,6.21
2023-12-14,UA-40,11.4,0.3,82,7.74
2023-12-14,UA-43,9.9,0.0,74,4.44
2023-12-14,UA-46,1.0,1.1,97,3.04
2023-12-14,UA-48,8.0,6.5,91,6.33
2023-12-14,UA-51,8.9,5.0,91,6.91
2023-12-14,UA-53,-1.4,26.1,94,7.46
2023-12-14,UA-56,0.8,1.5,95,3.4
2023-12-14,UA-59,-3.8,26.5,93,8.13
2023-12-14,UA-61,0.6,2.5,96,3.17
2023-12-14,UA-63,-3.8,20.8,93,7.21
2023-12-14,UA-65,8.3,4.1,88,5.81
2023-12-14,UA-68,0.6,3.8,96,3.07
2023-12-14,UA-71,1.1,23.5,94,5.69
2023-12-14,UA-74,-3.2,15.1,94,5.81
2023-12-14,UA-77,1.7,4.6,94,3.62
2023-12-15,UA-05,0.4,0.0,83,3.78
2023-12-15,UA-07,0.5,0.3,88,3.68
2023-12-15,UA-09,-2.2,8.1,92,5.23
2023-12-15,UA-12,-0.8,3.1,87,4.96
2023-12-15,UA-14,-2.2,5.1,95,4.76
2023-12-15,UA-18,-1.3,0.0,89,4.17
2023-12-15,UA-21,2.4,0.0,80,3.06
2023-12-15,UA-23,0.6,4.8,88,5.84
2023-12-15,UA-26,0.8,1.1,94,3.58
2023-12-15,UA-30,-2.6,0.0,87,4.4
2023-12-15,UA-32,-0.6,0.0,81,4.03
2023-12-15,UA-35,-0.2,0.0,83,4.5
2023-12-15,UA-40,7.6,1.1,89,6.25
2023-12-15,UA-43,5.2,0.2,93,3.52
2023-12-15,UA-46,0.6,1.7,93,3.52
2023-12-15,UA-48,2.2,0.3,82,4.78
2023-12-15,UA-51,2.5,0.0,81,5.62
2023-12-15,UA-53,-2.6,0.2,88,4.88
2023-12-15,UA-56,0.6,0.3,88,3.84
2023-12-15,UA-59,-4.0,0.7,87,6.49
2023-12-15,UA-61,-0.3,0.8,94,3.48
2023-12-15,UA-63,-2.6,2.7,89,4.8
2023-12-15,UA-65,2.1,0.8,83,4.45
2023-12-15,UA-68,-0.3,0.2,92,3.63
2023-12-15,UA-71,-1.7,0.0,84,4.61
2023-12-15,UA-74,-3.0,0.0,85,6.1
2023-12-15,UA-77,1.6,0.8,92,3.76
2023-12-16,UA-05,0.9,0.0,90,3.85
2023-12-16,UA-07,2.2,0.3,93,4.89
2023-12-16,UA-09,-2.9,0.0,89,2.89
2023-12-16,UA-12,-1.0,0.4,82,2.8
2023-12-16,UA-14,-2.7,0.0,83,2.37
2023-12-16,UA-18,0.5,0.7,93,4.47
2023-12-16,UA-21,0.4,0.0,87,1.54
2023-12-16,UA-23,-0.4,0.0,76,3.51
2023-12-16,UA-26,2.1,0.0,85,4.04
2023-12-16,UA-30,-0.0,3.2,93,4.17
2023-12-16,UA-32,1.1,0.9,88,3.88
2023-12-16,UA-35,0.6,0.0,76,3.3
2023-12-16,UA-40,2.6,0.6,74,7.21
2023-12-16,UA-43,-1.0,0.3,80,3.39
2023-12-16,UA-46,2.0,0.1,91,4.72
2023-12-16,UA-48,0.7,0.0,80,2.7
2023-12-16,UA-51,1.5,0.0,77,3.55
2023-12-16,UA-53,-2.5,0.9,90,2.94
2023-12-16,UA-56,2.0,0.6,93,4.72
2023-12-16,UA-59,-2.9,0.4,88,4.77
2023-12-16,UA-61,0.8,0.2,95,4.56
2023-12-16,UA-63,-3.0,0.0,88,3.21
2023-12-16,UA-65,0.1,0.0,80,2.43
2023-12-16,UA-68,0.5,0.1,95,4.31
2023-12-16,UA-71,0.1,1.1,86,3.33
2023-12-16,UA-74,-0.9,1.8,93,4.65
2023-12-16,UA-77,1.9,0.0,79,3.76
2023-12-17,UA-05,2.8,2.3,93,5.3
2023-12-17,UA-07,4.6,2.2,94,6.87
2023-12-17,UA-09,-1.0,0.5,89,4.53
2023-12-17,UA-12,1.8,1.3,92,4.56
2023-12-17,UA-14,-1.0,0.8,93,3.68
2023-12-17,UA-18,3.0,3.1,94,6.07
2023-12-17,UA-21,0.7,0.5,94,2.82
2023-12-17,UA-23,2.4,1.0,89,5.64
2023-12-17,UA-26,4.1,0.8,72,5.49
2023-12-17,UA-30,2.5,5.5,94,5.3
2023-12-17,UA-32,3.1,3.8,93,5.06
2023-12-17,UA-35,2.9,2.0,92,4.7
2023-12-17,UA-40,5.6,1.6,73,5.53
2023-12-17,UA-43,2.1,1.4,85,3.23
2023-12-17,UA-46,4.1,0.8,78,6.91
2023-12-17,UA-48,3.7,0.9,86,4.39
2023-12-17,UA-51,4.3,0.1,79,4.86
2023-12-17,UA-53,0.8,2.1,96,4.68
2023-12-17,UA-56,4.3,3.3,94,6.87
2023-12-17,UA-59,1.0,3.5,97,6.83
2023-12-17,UA-61,2.9,1.5,88,6.88
2023-12-17,UA-63,0.4,1.4,95,4.98
2023-12-17,UA-65,3.5,0.8,85,4.27
2023-12-17,UA-68,2.6,2.5,92,6.29
2023-12-17,UA-71,2.5,3.2,93,4.68
2023-12-17,UA-74,2.2,5.6,96,6.45
2023-12-17,UA-77,4.6,0.4,68,3.76
2023-12-18,UA-05,4.2,1.3,91,4.73
2023-12-18,UA-07,5.4,3.3,90,5.86
2023-12-18,UA-09,2.5,0.5,95,4.27
2023-12-18,UA-12,3.8,2.6,96,3.79
2023-12-18,UA-14,1.8,1.7,99,3.46
2023-12-18,UA-18,4.2,3.7,96,5.31
2023-12-18,UA-21,2.3,0.3,92,2.57
2023-12-18,UA-23,4.3,4.5,96,4.36
2023-12-18,UA-26,6.7,0.0,61,5.31
2023-12-18,UA-30,3.8,3.6,96,4.59
2023-12-18,UA-32,4.3,3.8,95,4.48
2023-12-18,UA-35,4.9,3.2,94,4.24
2023-12-18,UA-40,8.8,4.0,83,6.71
2023-12-18,UA-43,5.9,5.2,94,4.3
2023-12-18,UA-46,5.7,0.0,68,6.4
2023-12-18,UA-48,6.2,1.9,86,4.06
2023-12-18,UA-51,7.1,0.1,72,4.88
2023-12-18,UA-53,2.1,3.9,98,3.79
2023-12-18,UA-56,5.3,3.4,91,5.86
2023-12-18,UA-59,2.2,2.8,98,5.22
2023-12-18,UA-61,5.4,0.2,73,6.46
2023-12-18,UA-63,2.2,1.5,98,3.85
2023-12-18,UA-65,5.7,2.1,86,3.84
2023-12-18,UA-68,4.5,1.1,86,5.62
2023-12-18,UA-71,4.0,3.5,95,3.97
2023-12-18,UA-74,3.3,3.9,98,4.67
2023-12-18,UA-77,7.5,0.0,62,3.46
2023-12-19,UA-05,5.8,0.2,78,3.66
2023-12-19,UA-07,6.3,0.5,72,5.71
2023-12-19,UA-09,3.2,0.0,95,3.55
2023-12-19,UA-12,4.4,0.0,96,3.55
2023-12-19,UA-14,2.2,0.1,98,2.69
2023-12-19,UA-18,5.7,1.2,79,4.67
2023-12-19,UA-21,2.5,0.1,89,2.7
2023-12-19,UA-23,4.7,1.1,96,3.6
2023-12-19,UA-26,6.5,0.0,63,3.59
2023-12-19,UA-30,4.6,0.7,87,4.21
2023-12-19,UA-32,5.3,0.4,83,3.79
2023-12-19,UA-35,5.0,0.0,95,3.53
2023-12-19,UA-40,8.7,1.0,81,3.21
2023-12-19,UA-43,5.6,1.7,92,1.63
2023-12-19,UA-46,6.1,0.0,63,5.22
2023-12-19,UA-48,5.6,0.0,93,2.84
2023-12-19,UA-51,6.4,0.0,85,2.91
2023-12-19,UA-53,2.8,0.0,97,3.85
2023-12-19,UA-56,6.5,0.5,72,5.38
2023-12-19,UA-59,2.1,0.5,97,5.3
2023-12-19,UA-61,6.1,0.0,65,4.5
2023-12-19,UA-63,2.9,0.1,97,4.23
2023-12-19,UA-65,5.4,0.1,94,2.65
2023-12-19,UA-68,5.9,0.0,73,3.91
2023-12-19,UA-71,4.6,0.3,91,3.53
2023-12-19,UA-74,3.8,1.4,96,4.7
2023-12-19,UA-77,6.9,0.0,71,2.15
2023-12-20,UA-05,4.9,0.0,75,3.17
2023-12-20,UA-07,4.4,2.9,79,5.47
2023-12-20,UA-09,5.8,0.0,91,6.43
2023-12-20,UA-12,6.5,0.0,89,5.78
2023-12-20,UA-14,4.7,0.0,96,4.94
2023-12-20,UA-18,5.3,0.0,70,4.47
2023-12-20,UA-21,0.9,0.0,89,1.76
2023-12-20,UA-23,6.2,0.0,91,5.62
2023-12-20,UA-26,6.8,0.0,63,3.61
2023-12-20,UA-30,5.1,0.0,71,4.24
2023-12-20,UA-32,5.7,0.0,71,3.51
2023-12-20,UA-35,5.7,0.0,89,4.41
2023-12-20,UA-40,10.0,0.0,84,5.51
2023-12-20,UA-43,7.8,0.0,84,2.93
2023-12-20,UA-46,4.9,0.4,71,5.11
2023-12-20,UA-48,7.8,0.0,92,5.08
2023-12-20,UA-51,7.4,0.0,88,4.85
2023-12-20,UA-53,4.9,0.0,90,4.96
2023-12-20,UA-56,5.2,0.6,72,5.27
2023-12-20,UA-59,2.9,0.2,89,5.29
2023-12-20,UA-61,5.0,0.0,72,3.99
2023-12-20,UA-63,5.3,0.0,90,5.52
2023-12-20,UA-65,7.8,0.0,91,4.71
2023-12-20,UA-68,4.6,0.0,74,3.53
2023-12-20,UA-71,5.1,0.0,80,3.86
2023-12-20,UA-74,5.0,0.9,79,4.73
2023-12-20,UA-77,6.2,0.0,70,2.52
2023-12-21,UA-05,2.6,0.0,82,3.91
2023-12-21,UA-07,3.8,2.1,79,6.46
2023-12-21,UA-09,6.3,0.3,89,5.08
2023-12-21,UA-12,5.1,0.2,93,2.64
2023-12-21,UA-14,6.3,0.0,97,4.05
2023-12-21,UA-18,3.2,0.0,77,5.1
2023-12-21,UA-21,1.8,7.7,94,4.65
2023-12-21,UA-23,6.0,2.1,95,3.26
2023-12-21,UA-26,4.2,0.5,66,5.49
2023-12-21,UA-30,2.5,0.0,81,4.36
2023-12-21,UA-32,2.7,0.0,81,3.99
2023-12-21,UA-35,3.2,0.0,90,2.52
2023-12-21,UA-40,10.9,0.8,87,4.43
2023-12-21,UA-43,9.4,0.1,84,3.94
2023-12-21,UA-46,3.7,1.2,72,7.05
2023-12-21,UA-48,4.8,0.0,92,2.64
2023-12-21,UA-51,3.8,0.0,87,3.43
2023-12-21,UA-53,3.2,0.0,92,2.58
2023-12-21,UA-56,4.1,0.9,75,5.79
2023-12-21,UA-59,1.6,0.0,93,3.39
2023-12-21,UA-61,3.4,0.3,71,5.17
2023-12-21,UA-63,4.3,0.3,95,2.91
2023-12-21,UA-65,5.6,0.0,93,2.31
2023-12-21,UA-68,2.9,0.1,75,4.63
2023-12-21,UA-71,2.3,0.0,86,2.99
2023-12-21,UA-74,2.6,0.1,83,5.01
2023-12-21,UA-77,3.5,0.0,72,2.77
2023-12-22,UA-05,1.8,2.5,83,4.55
2023-12-22,UA-07,2.6,4.5,85,7.0
2023-12-22,UA-09,7.5,2.2,93,4.74
2023-12-22,UA-12,3.9,2.1,90,4.17
2023-12-22,UA-14,5.6,3.6,97,3.83
2023-12-22,UA-18,2.0,2.9,84,5.43
2023-12-22,UA-21,4.3,4.8,79,3.95
2023-12-22,UA-23,5.2,3.9,90,4.38
2023-12-22,UA-26,3.8,4.3,71,5.56
2023-12-22,UA-30,1.4,2.5,88,4.69
2023-12-22,UA-32,1.7,2.5,87,4.39
2023-12-22,UA-35,1.9,3.4,94,4.7
2023-12-22,UA-40,9.1,3.1,83,6.3
2023-12-22,UA-43,7.2,1.8,87,4.14
2023-12-22,UA-46,2.6,4.6,79,7.33
2023-12-22,UA-48,4.0,1.4,90,4.39
2023-12-22,UA-51,4.1,1.1,84,4.87
2023-12-22,UA-53,1.8,2.7,92,4.92
2023-12-22,UA-56,2.5,5.7,86,6.44
2023-12-22,UA-59,0.6,3.5,94,5.63
2023-12-22,UA-61,2.1,6.7,83,6.01
2023-12-22,UA-63,2.5,2.3,94,3.93
2023-12-22,UA-65,4.0,1.0,90,4.04
2023-12-22,UA-68,1.9,2.9,82,5.47
2023-12-22,UA-71,1.3,4.7,90,4.47
2023-12-22,UA-74,1.1,2.0,91,5.18
2023-12-22,UA-77,3.6,2.7,75,3.43
2023-12-23,UA-05,-0.2,0.7,80,4.96
2023-12-23,UA-07,0.2,1.4,76,7.11
2023-12-23,UA-09,3.5,6.6,95,3.59
2023-12-23,UA-12,1.4,0.3,87,3.28
2023-12-23,UA-14,1.7,8.4,97,3.26
2023-12-23,UA-18,-0.2,0.5,82,5.75
2023-12-23,UA-21,2.1,3.0,79,3.79
2023-12-23,UA-23,2.1,2.3,88,4.59
2023-12-23,UA-26,0.7,0.8,68,6.6
2023-12-23,UA-30,-0.0,0.4,85,4.76
2023-12-23,UA-32,0.3,0.7,81,4.55
2023-12-23,UA-35,-0.3,0.7,87,3.86
2023-12-23,UA-40,5.6,18.8,84,7.93
2023-12-23,UA-43,2.6,8.3,91,3.76
2023-12-23,UA-46,0.0,1.6,77,7.42
2023-12-23,UA-48,0.6,1.0,88,3.87
2023-12-23,UA-51,0.6,0.0,81,5.02
2023-12-23,UA-53,0.0,0.2,89,3.17
2023-12-23,UA-56,0.1,1.7,80,6.59
2023-12-23,UA-59,-0.1,0.2,91,3.53
2023-12-23,UA-61,-0.6,2.4,80,6.88
2023-12-23,UA-63,1.2,0.6,89,2.8
2023-12-23,UA-65,0.6,0.8,88,3.61
2023-12-23,UA-68,-0.7,2.1,82,6.03
2023-12-23,UA-71,-0.2,0.9,88,3.85
2023-12-23,UA-74,-0.1,0.5,89,4.77
2023-12-23,UA-77,0.7,0.3,65,5.06
2023-12-24,UA-05,-0.6,1.2,80,4.8
2023-12-24,UA-07,-0.0,2.7,82,5.3
2023-12-24,UA-09,-0.4,8.8,93,4.23
2023-12-24,UA-12,-0.4,0.6,85,4.82
2023-12-24,UA-14,-1.5,4.9,91,4.52
2023-12-24,UA-18,-0.7,0.1,78,5.63
2023-12-24,UA-21,2.1,3.2,93,2.39
2023-12-24,UA-23,0.1,0.8,82,6.4
2023-12-24,UA-26,2.0,3.0,74,4.53
2023-12-24,UA-30,-0.4,0.5,79,5.63
2023-12-24,UA-32,-0.3,0.1,75,4.96
2023-12-24,UA-35,-0.2,0.3,78,4.96
2023-12-24,UA-40,5.2,5.7,71,8.17
2023-12-24,UA-43,0.2,2.8,85,4.08
2023-12-24,UA-46,1.3,3.6,83,5.49
2023-12-24,UA-48,0.1,0.0,75,5.12
2023-12-24,UA-51,1.2,0.0,67,5.32
2023-12-24,UA-53,-0.8,1.6,86,4.95
2023-12-24,UA-56,-0.2,2.6,81,5.44
2023-12-24,UA-59,-0.7,1.1,90,5.12
2023-12-24,UA-61,-0.0,4.0,83,5.38
2023-12-24,UA-63,-0.3,0.7,88,4.48
2023-12-24,UA-65,-0.1,0.0,73,4.92
2023-12-24,UA-68,-0.8,2.3,83,5.15
2023-12-24,UA-71,0.1,0.2,78,5.02
2023-12-24,UA-74,-0.2,0.8,84,5.95
2023-12-24,UA-77,1.9,1.1,70,3.4
2023-12-25,UA-05,5.6,3.8,83,6.48
2023-12-25,UA-07,7.2,7.2,86,8.29
2023-12-25,UA-09,0.3,2.5,91,5.59
2023-12-25,UA-12,1.0,5.9,91,5.38
2023-12-25,UA-14,-0.2,5.4,91,4.75
2023-12-25,UA-18,5.0,9.9,87,7.45
2023-12-25,UA-21,8.9,2.7,84,3.64
2023-12-25,UA-23,2.0,7.3,89,6.09
2023-12-25,UA-26,9.2,3.2,69,7.76
2023-12-25,UA-30,3.3,11.9,87,6.14
2023-12-25,UA-32,4.5,8.1,86,6.1
2023-12-25,UA-35,3.1,5.4,87,5.3
2023-12-25,UA-40,10.5,0.0,79,6.57
2023-12-25,UA-43,7.1,0.0,85,4.87
2023-12-25,UA-46,8.1,8.4,81,8.26
2023-12-25,UA-48,5.5,1.9,82,4.32
2023-12-25,UA-51,7.6,0.1,74,5.08
2023-12-25,UA-53,0.3,5.3,90,5.35
2023-12-25,UA-56,7.0,9.2,86,8.15
2023-12-25,UA-59,0.1,5.4,91,5.69
2023-12-25,UA-61,7.4,8.0,82,8.0
2023-12-25,UA-63,0.4,3.5,89,5.33
2023-12-25,UA-65,4.8,1.6,84,3.99
2023-12-25,UA-68,6.3,6.7,84,7.44
2023-12-25,UA-71,2.9,12.3,87,5.17
2023-12-25,UA-74,2.3,6.6,86,6.24
2023-12-25,UA-77,9.0,0.1,66,5.86
2023-12-26,UA-05,8.7,0.5,75,5.4
2023-12-26,UA-07,7.9,2.6,82,6.59
2023-12-26,UA-09,4.9,2.4,79,6.39
2023-12-26,UA-12,6.5,1.0,78,5.61
2023-12-26,UA-14,4.8,1.0,85,5.46
2023-12-26,UA-18,7.1,1.7,79,6.4
2023-12-26,UA-21,7.6,0.3,87,2.44
2023-12-26,UA-23,6.6,0.0,83,6.38
2023-12-26,UA-26,10.5,1.2,65,6.0
2023-12-26,UA-30,6.1,2.8,76,5.99
2023-12-26,UA-32,7.7,0.3,75,5.53
2023-12-26,UA-35,8.4,1.8,78,5.48
2023-12-26,UA-40,11.5,0.0,85,4.49
2023-12-26,UA-43,10.3,0.0,78,3.98
2023-12-26,UA-46,9.5,1.3,74,6.73
2023-12-26,UA-48,9.5,0.0,75,4.14
2023-12-26,UA-51,10.1,0.0,73,3.98
2023-12-26,UA-53,4.9,1.2,77,6.12
2023-12-26,UA-56,8.1,2.0,81,6.37
2023-12-26,UA-59,3.3,2.3,80,6.83
2023-12-26,UA-61,9.3,0.8,75,6.44
2023-12-26,UA-63,4.1,2.7,78,6.41
2023-12-26,UA-65,8.9,0.0,77,4.19
2023-12-26,UA-68,8.6,1.5,77,5.93
2023-12-26,UA-71,6.9,0.4,74,5.51
2023-12-26,UA-74,5.0,3.2,73,6.87
2023-12-26,UA-77,11.0,0.0,63,3.85
2023-12-27,UA-05,4.5,0.3,71,6.37
2023-12-27,UA-07,3.9,0.9,72,7.12
2023-12-27,UA-09,6.1,0.6,81,6.67
2023-12-27,UA-12,5.6,0.2,78,6.44
2023-12-27,UA-14,4.9,1.1,84,5.58
2023-12-27,UA-18,4.0,1.2,74,7.35
2023-12-27,UA-21,4.1,0.0,84,1.47
2023-12-27,UA-23,5.9,0.0,77,6.69
2023-12-27,UA-26,5.0,0.4,67,5.53
2023-12-27,UA-30,3.9,2.2,78,7.54
2023-12-27,UA-32,4.9,0.9,70,6.75
2023-12-27,UA-35,5.8,0.2,71,6.41
2023-12-27,UA-40,10.6,0.9,80,6.72
2023-12-27,UA-43,8.6,0.7,82,4.34
2023-12-27,UA-46,3.7,0.5,73,6.07
2023-12-27,UA-48,6.8,0.0,69,4.82
2023-12-27,UA-51,7.2,0.0,66,5.29
2023-12-27,UA-53,4.5,0.5,78,7.15
2023-12-27,UA-56,4.1,1.1,72,7.26
2023-12-27,UA-59,3.0,2.5,86,7.26
2023-12-27,UA-61,3.6,0.9,75,6.58
2023-12-27,UA-63,4.6,1.9,83,6.96
2023-12-27,UA-65,6.7,0.0,71,4.6
2023-12-27,UA-68,3.8,0.7,75,6.63
2023-12-27,UA-71,5.1,0.6,72,6.9
2023-12-27,UA-74,3.3,4.0,81,7.71
2023-12-27,UA-77,5.9,0.0,64,4.23
2023-12-28,UA-05,1.6,0.0,81,3.33
2023-12-28,UA-07,4.2,0.1,79,4.5
2023-12-28,UA-09,1.5,0.5,75,6.02
2023-12-28,UA-12,1.5,0.0,78,4.55
2023-12-28,UA-14,0.7,0.1,77,4.86
2023-12-28,UA-18,2.5,0.0,76,4.23
2023-12-28,UA-21,5.5,0.0,83,3.05
2023-12-28,UA-23,2.2,0.0,77,4.98
2023-12-28,UA-26,4.6,0.0,73,2.81
2023-12-28,UA-30,2.3,0.0,76,4.26
2023-12-28,UA-32,2.3,0.0,77,3.76
2023-12-28,UA-35,2.0,0.0,80,3.77
2023-12-28,UA-40,7.1,0.0,66,3.75
2023-12-28,UA-43,2.6,0.0,73,2.53
2023-12-28,UA-46,5.2,0.0,73,4.68
2023-12-28,UA-48,3.4,0.0,80,3.28
2023-12-28,UA-51,4.2,0.0,78,3.43
2023-12-28,UA-53,1.0,0.0,78,4.8
2023-12-28,UA-56,3.7,0.0,80,4.19
2023-12-28,UA-59,0.7,0.3,79,5.12
2023-12-28,UA-61,2.9,0.0,79,3.53
2023-12-28,UA-63,1.1,0.2,78,5.14
2023-12-28,UA-65,2.9,0.0,80,3.18
2023-12-28,UA-68,1.5,0.0,81,3.54
2023-12-28,UA-71,2.2,0.0,76,4.03
2023-12-28,UA-74,1.8,0.1,77,4.65
2023-12-28,UA-77,1.6,0.0,80,1.77
2023-12-29,UA-05,4.5,0.0,80,3.47
2023-12-29,UA-07,6.4,0.0,79,5.36
2023-12-29,UA-09,4.4,0.0,84,5.1
2023-12-29,UA-12,3.6,0.0,92,3.78
2023-12-29,UA-14,3.8,0.0,89,4.18
2023-12-29,UA-18,5.6,0.0,80,4.3
2023-12-29,UA-21,5.5,0.4,88,3.09
2023-12-29,UA-23,4.6,0.5,93,4.01
2023-12-29,UA-26,7.9,0.0,67,4.83
2023-12-29,UA-30,5.0,0.0,83,4.12
2023-12-29,UA-32,4.9,0.0,81,3.61
2023-12-29,UA-35,3.4,0.0,89,3.05
2023-12-29,UA-40,9.5,0.0,85,4.65
2023-12-29,UA-43,7.4,0.0,79,4.02
2023-12-29,UA-46,7.5,0.0,72,5.7
2023-12-29,UA-48,3.9,0.0,98,1.36
2023-12-29,UA-51,2.6,0.0,96,1.71
2023-12-29,UA-53,2.3,0.0,89,3.79
2023-12-29,UA-56,6.8,0.0,77,5.07
2023-12-29,UA-59,3.0,0.0,88,4.84
2023-12-29,UA-61,6.9,0.0,73,4.87
2023-12-29,UA-63,2.8,0.0,88,4.42
2023-12-29,UA-65,5.1,0.0,96,1.7
2023-12-29,UA-68,5.8,0.0,77,3.96
2023-12-29,UA-71,4.4,0.0,82,3.7
2023-12-29,UA-74,4.9,0.0,84,4.79
2023-12-29,UA-77,3.8,0.0,83,1.75
2023-12-30,UA-05,6.0,0.0,76,4.3
2023-12-30,UA-07,5.8,0.2,77,6.09
2023-12-30,UA-09,5.1,0.0,88,4.16
2023-12-30,UA-12,3.8,0.0,87,3.73
2023-12-30,UA-14,4.4,0.0,90,3.06
2023-12-30,UA-18,5.7,0.0,77,5.56
2023-12-30,UA-21,4.8,0.4,92,2.61
2023-12-30,UA-23,2.8,0.0,96,3.63
2023-12-30,UA-26,8.5,0.0,66,5.05
2023-12-30,UA-30,5.7,0.1,78,5.37
2023-12-30,UA-32,6.0,0.0,77,4.55
2023-12-30,UA-35,4.6,0.0,83,3.5
2023-12-30,UA-40,8.7,0.0,89,2.85
2023-12-30,UA-43,6.1,0.0,87,2.61
2023-12-30,UA-46,6.8,0.0,75,5.69
2023-12-30,UA-48,2.7,0.0,95,2.19
2023-12-30,UA-51,3.6,0.0,92,1.87
2023-12-30,UA-53,3.7,0.3,86,4.01
2023-12-30,UA-56,6.2,0.0,76,5.87
2023-12-30,UA-59,4.6,0.5,86,5.49
2023-12-30,UA-61,6.7,0.0,75,5.14
2023-12-30,UA-63,4.0,0.1,88,4.38
2023-12-30,UA-65,2.5,0.0,96,1.95
2023-12-30,UA-68,5.9,0.0,78,4.63
2023-12-30,UA-71,5.4,0.0,80,4.14
2023-12-30,UA-74,5.4,1.5,82,5.97
2023-12-30,UA-77,6.0,0.0,76,2.53
2023-12-31,UA-05,3.4,0.0,81,3.33
2023-12-31,UA-07,3.0,1.7,86,3.24
2023-12-31,UA-09,3.9,0.0,81,5.48
2023-12-31,UA-12,3.2,0.0,82,3.99
2023-12-31,UA-14,2.4,0.0,86,4.29
2023-12-31,UA-18,2.7,0.0,78,4.02
2023-12-31,UA-21,4.8,0.2,93,2.76
2023-12-31,UA-23,3.2,0.0,88,4.02
2023-12-31,UA-26,6.4,0.3,77,2.45
2023-12-31,UA-30,2.6,0.2,78,4.5
2023-12-31,UA-32,2.9,0.0,76,3.71
2023-12-31,UA-35,2.9,0.0,81,3.62
2023-12-31,UA-40,8.7,0.0,86,2.65
2023-12-31,UA-43,5.6,0.0,90,1.96
2023-12-31,UA-46,5.3,0.3,82,3.01
2023-12-31,UA-48,3.6,0.0,85,2.71
2023-12-31,UA-51,4.8,0.0,81,2.92
2023-12-31,UA-53,3.1,0.1,78,5.13
2023-12-31,UA-56,3.0,0.9,83,3.62
2023-12-31,UA-59,3.1,0.6,82,6.45
2023-12-31,UA-61,4.5,0.0,82,3.21
2023-12-31,UA-63,3.7,0.6,80,5.99
2023-12-31,UA-65,3.3,0.0,87,2.44
2023-12-31,UA-68,3.2,0.0,83,3.39
2023-12-31,UA-71,3.6,0.0,75,4.26
2023-12-31,UA-74,3.0,0.2,80,5.72
2023-12-31,UA-77,5.2,0.0,79,2.11
